from	to	source	database
CXCL1	CXCR2	kegg_cytokines	kegg
CXCL2	CXCR2	kegg_cytokines	kegg
CXCL3	CXCR2	kegg_cytokines	kegg
CXCL5	CXCR2	kegg_cytokines	kegg
PPBP	CXCR2	kegg_cytokines	kegg
CXCL6	CXCR2	kegg_cytokines	kegg
CXCL8	CXCR2	kegg_cytokines	kegg
CXCL6	CXCR1	kegg_cytokines	kegg
CXCL8	CXCR1	kegg_cytokines	kegg
CXCL9	CXCR3	kegg_cytokines	kegg
CXCL10	CXCR3	kegg_cytokines	kegg
CXCL11	CXCR3	kegg_cytokines	kegg
CXCL12	CXCR4	kegg_cytokines	kegg
CXCL13	CXCR5	kegg_cytokines	kegg
CXCL16	CXCR6	kegg_cytokines	kegg
XCL1	XCR1	kegg_cytokines	kegg
XCL2	XCR1	kegg_cytokines	kegg
CX3CL1	CX3CR1	kegg_cytokines	kegg
CCL20	CCR6	kegg_cytokines	kegg
CCL25	CCR9	kegg_cytokines	kegg
CCL17	CCR4	kegg_cytokines	kegg
CCL22	CCR4	kegg_cytokines	kegg
CCL19	CCR7	kegg_cytokines	kegg
CCL21	CCR7	kegg_cytokines	kegg
CCL2	CCR2	kegg_cytokines	kegg
CCL4L1	CCR5	kegg_cytokines	kegg
CCL3L3	CCR5	kegg_cytokines	kegg
CCL13	CCR2	kegg_cytokines	kegg
CCL13	CCR3	kegg_cytokines	kegg
CCL7	CCR2	kegg_cytokines	kegg
CCL7	CCR1	kegg_cytokines	kegg
CCL5	CCR5	kegg_cytokines	kegg
CCL5	CCR1	kegg_cytokines	kegg
CCL5	CCR3	kegg_cytokines	kegg
CCL14	CCR1	kegg_cytokines	kegg
CCL16	CCR1	kegg_cytokines	kegg
CCL23	CCR1	kegg_cytokines	kegg
CCL15	CCR1	kegg_cytokines	kegg
CCL15	CCR3	kegg_cytokines	kegg
CCL8	CCR3	kegg_cytokines	kegg
CCL11	CCR3	kegg_cytokines	kegg
CCL24	CCR3	kegg_cytokines	kegg
CCL26	CCR3	kegg_cytokines	kegg
CCL28	CCR3	kegg_cytokines	kegg
CCL28	CCR10	kegg_cytokines	kegg
CCL27	CCR10	kegg_cytokines	kegg
IL6	IL6ST	kegg_cytokines	kegg
IL6	IL6R	kegg_cytokines	kegg
IL11	IL11RA	kegg_cytokines	kegg
IL11	IL6ST	kegg_cytokines	kegg
OSM	LIFR	kegg_cytokines	kegg
OSM	IL6ST	kegg_cytokines	kegg
OSM	OSMR	kegg_cytokines	kegg
LIF	LIFR	kegg_cytokines	kegg
LIF	IL6ST	kegg_cytokines	kegg
CNTF	CNTFR	kegg_cytokines	kegg
CNTF	LIFR	kegg_cytokines	kegg
CNTF	IL6ST	kegg_cytokines	kegg
CLCF1	CNTFR	kegg_cytokines	kegg
CLCF1	LIFR	kegg_cytokines	kegg
CLCF1	IL6ST	kegg_cytokines	kegg
CTF1	LIFR	kegg_cytokines	kegg
CTF1	IL6ST	kegg_cytokines	kegg
CSF3	CSF3R	kegg_cytokines	kegg
LEP	LEPR	kegg_cytokines	kegg
IL4	IL13RA1	kegg_cytokines	kegg
IL4	IL4R	kegg_cytokines	kegg
IL13	IL13RA1	kegg_cytokines	kegg
IL13	IL4R	kegg_cytokines	kegg
IL12A	IL12RB2	kegg_cytokines	kegg
IL12A	IL12RB1	kegg_cytokines	kegg
IL23A	IL12RB1	kegg_cytokines	kegg
IL23A	IL23R	kegg_cytokines	kegg
CSF2	CSF2RB	kegg_cytokines	kegg
CSF2	CSF2RA	kegg_cytokines	kegg
IL3	IL3RA	kegg_cytokines	kegg
IL3	CSF2RB	kegg_cytokines	kegg
IL5	IL5RA	kegg_cytokines	kegg
IL5	CSF2RB	kegg_cytokines	kegg
IL2	IL2RG	kegg_cytokines	kegg
IL2	IL2RB	kegg_cytokines	kegg
IL2	IL2RA	kegg_cytokines	kegg
IL4	IL2RG	kegg_cytokines	kegg
IL7	IL7R	kegg_cytokines	kegg
IL7	IL2RG	kegg_cytokines	kegg
IL9	IL9R	kegg_cytokines	kegg
IL9	IL2RG	kegg_cytokines	kegg
IL15	IL2RG	kegg_cytokines	kegg
IL15	IL15RA	kegg_cytokines	kegg
IL15	IL2RB	kegg_cytokines	kegg
IL21	IL2RG	kegg_cytokines	kegg
IL21	IL21R	kegg_cytokines	kegg
TSLP	CRLF2	kegg_cytokines	kegg
TSLP	IL7R	kegg_cytokines	kegg
EPO	EPOR	kegg_cytokines	kegg
GH1	GHR	kegg_cytokines	kegg
GH2	GHR	kegg_cytokines	kegg
PRL	PRLR	kegg_cytokines	kegg
THPO	MPL	kegg_cytokines	kegg
PDGFC	PDGFRA	kegg_cytokines	kegg
PDGFA	PDGFRA	kegg_cytokines	kegg
PDGFA	PDGFRB	kegg_cytokines	kegg
PDGFB	PDGFRA	kegg_cytokines	kegg
PDGFB	PDGFRB	kegg_cytokines	kegg
PLEKHO2	PDGFRB	kegg_cytokines	kegg
VEGFB	FLT1	kegg_cytokines	kegg
VEGFA	FLT1	kegg_cytokines	kegg
VEGFA	KDR	kegg_cytokines	kegg
VEGFD	KDR	kegg_cytokines	kegg
VEGFD	FLT4	kegg_cytokines	kegg
HGF	MET	kegg_cytokines	kegg
EGF	EGFR	kegg_cytokines	kegg
CSF1	CSF1R	kegg_cytokines	kegg
KITLG	KIT	kegg_cytokines	kegg
FLT3LG	FLT3	kegg_cytokines	kegg
IFNA1	IFNAR2	kegg_cytokines	kegg
IFNA1	IFNAR1	kegg_cytokines	kegg
IFNB1	IFNAR2	kegg_cytokines	kegg
IFNB1	IFNAR1	kegg_cytokines	kegg
IFNW1	IFNAR2	kegg_cytokines	kegg
IFNW1	IFNAR1	kegg_cytokines	kegg
IFNK	IFNAR2	kegg_cytokines	kegg
IFNK	IFNAR1	kegg_cytokines	kegg
IFNE	IFNAR2	kegg_cytokines	kegg
IFNE	IFNAR1	kegg_cytokines	kegg
IFNG	IFNGR2	kegg_cytokines	kegg
IFNG	IFNGR1	kegg_cytokines	kegg
IL10	IL10RB	kegg_cytokines	kegg
IL10	IL10RA	kegg_cytokines	kegg
IL19	IL20RA	kegg_cytokines	kegg
IL20	IL20RA	kegg_cytokines	kegg
IL20	IL22RA1	kegg_cytokines	kegg
IL24	IL20RA	kegg_cytokines	kegg
IL24	IL22RA1	kegg_cytokines	kegg
IL22	IL10RB	kegg_cytokines	kegg
IL22	IL22RA1	kegg_cytokines	kegg
IL22	IL22RA2	kegg_cytokines	kegg
IFNL2	IL10RB	kegg_cytokines	kegg
IFNL2	IFNLR1	kegg_cytokines	kegg
IFNL3	IL10RB	kegg_cytokines	kegg
IFNL3	IFNLR1	kegg_cytokines	kegg
IFNL1	IL10RB	kegg_cytokines	kegg
IFNL1	IFNLR1	kegg_cytokines	kegg
TNFSF10	TNFRSF10A	kegg_cytokines	kegg
TNFSF10	TNFRSF10B	kegg_cytokines	kegg
TNFSF10	TNFRSF10C	kegg_cytokines	kegg
TNFSF10	TNFRSF10D	kegg_cytokines	kegg
TNFSF10	TNFRSF11B	kegg_cytokines	kegg
TNFSF11	TNFRSF11B	kegg_cytokines	kegg
TNFSF11	TNFRSF11A	kegg_cytokines	kegg
TNFSF12	TNFRSF12A	kegg_cytokines	kegg
TNF	TNFRSF1B	kegg_cytokines	kegg
TNF	TNFRSF1A	kegg_cytokines	kegg
LTA	TNFRSF1B	kegg_cytokines	kegg
LTA	TNFRSF1A	kegg_cytokines	kegg
LTA	LTBR	kegg_cytokines	kegg
LTA	TNFRSF14	kegg_cytokines	kegg
LTB	LTBR	kegg_cytokines	kegg
TNFSF14	LTBR	kegg_cytokines	kegg
TNFSF14	TNFRSF14	kegg_cytokines	kegg
TNFSF14	TNFRSF6B	kegg_cytokines	kegg
FASLG	TNFRSF6B	kegg_cytokines	kegg
FASLG	FAS	kegg_cytokines	kegg
CD40LG	CD40	kegg_cytokines	kegg
CD70	CD27	kegg_cytokines	kegg
TNFSF8	TNFRSF8	kegg_cytokines	kegg
TNFSF9	TNFRSF9	kegg_cytokines	kegg
TNFSF4	TNFRSF4	kegg_cytokines	kegg
TNFSF18	TNFRSF18	kegg_cytokines	kegg
TNFSF13	TNFRSF17	kegg_cytokines	kegg
TNFSF13	TNFRSF13B	kegg_cytokines	kegg
TNFSF13B	TNFRSF17	kegg_cytokines	kegg
TNFSF13B	TNFRSF13B	kegg_cytokines	kegg
TNFSF13B	TNFRSF13C	kegg_cytokines	kegg
EDA	EDAR	kegg_cytokines	kegg
EDA	EDA2R	kegg_cytokines	kegg
TGFB1	TGFBR1	kegg_cytokines	kegg
TGFB1	TGFBR2	kegg_cytokines	kegg
TGFB2	TGFBR1	kegg_cytokines	kegg
TGFB2	TGFBR2	kegg_cytokines	kegg
TGFB3	TGFBR1	kegg_cytokines	kegg
TGFB3	TGFBR2	kegg_cytokines	kegg
INHBA	ACVR1	kegg_cytokines	kegg
INHBA	ACVR2A	kegg_cytokines	kegg
INHBA	ACVR1B	kegg_cytokines	kegg
INHBA	ACVR2B	kegg_cytokines	kegg
INHBB	ACVR1	kegg_cytokines	kegg
INHBB	ACVR2A	kegg_cytokines	kegg
INHBB	ACVR1B	kegg_cytokines	kegg
INHBB	ACVR2B	kegg_cytokines	kegg
INHBC	ACVR1	kegg_cytokines	kegg
INHBC	ACVR2A	kegg_cytokines	kegg
INHBC	ACVR1B	kegg_cytokines	kegg
INHBC	ACVR2B	kegg_cytokines	kegg
INHBE	ACVR1	kegg_cytokines	kegg
INHBE	ACVR2A	kegg_cytokines	kegg
INHBE	ACVR1B	kegg_cytokines	kegg
INHBE	ACVR2B	kegg_cytokines	kegg
AMH	ACVR1	kegg_cytokines	kegg
AMH	AMHR2	kegg_cytokines	kegg
BMP2	ACVR1	kegg_cytokines	kegg
BMP2	BMPR2	kegg_cytokines	kegg
BMP2	BMPR1B	kegg_cytokines	kegg
BMP2	BMPR1A	kegg_cytokines	kegg
BMP7	BMPR1B	kegg_cytokines	kegg
BMP7	ACVR2A	kegg_cytokines	kegg
GDF5	BMPR1A	kegg_cytokines	kegg
GDF5	ACVR2A	kegg_cytokines	kegg
IL1A	IL1RAP	kegg_cytokines	kegg
IL1A	IL1R1	kegg_cytokines	kegg
IL1A	IL1R2	kegg_cytokines	kegg
IL1B	IL1RAP	kegg_cytokines	kegg
IL1B	IL1R1	kegg_cytokines	kegg
IL1B	IL1R2	kegg_cytokines	kegg
IL18	IL18RAP	kegg_cytokines	kegg
IL18	IL18R1	kegg_cytokines	kegg
CXCL11	ACKR3	kegg_cytokines	kegg
CXCL12	ACKR3	kegg_cytokines	kegg
CCL1	CCR8	kegg_cytokines	kegg
IL25	IL17RB	kegg_cytokines	kegg
IL25	IL17RA	kegg_cytokines	kegg
IL17A	IL17RA	kegg_cytokines	kegg
IL17A	IL17RC	kegg_cytokines	kegg
IL17F	IL17RA	kegg_cytokines	kegg
IL17F	IL17RC	kegg_cytokines	kegg
IL17C	IL17RA	kegg_cytokines	kegg
IL17C	IL17RE	kegg_cytokines	kegg
IL17B	IL17RB	kegg_cytokines	kegg
AREG	EGFR	kegg_cytokines	kegg
EREG	EGFR	kegg_cytokines	kegg
CD58	CD2	kegg_cams	kegg
CD80	CD28	kegg_cams	kegg
CD80	CTLA4	kegg_cams	kegg
CD86	CD28	kegg_cams	kegg
CD86	CTLA4	kegg_cams	kegg
HLA-DMA	CD4	kegg_cams	kegg
HLA-A	CD8A	kegg_cams	kegg
CD274	PDCD1	kegg_cams	kegg
PDCD1LG2	PDCD1	kegg_cams	kegg
ITGB2	CD226	kegg_cams	kegg
ITGAL	CD226	kegg_cams	kegg
ITGB2	ICAM1	kegg_cams	kegg
ITGAL	ICAM1	kegg_cams	kegg
ICAM1	ITGB2	kegg_cams	kegg
ICAM1	ITGAL	kegg_cams	kegg
CD28	CD80	kegg_cams	kegg
ITGAM	ICAM1	kegg_cams	kegg
ITGB1	VCAM1	kegg_cams	kegg
ITGA4	VCAM1	kegg_cams	kegg
ITGA9	VCAM1	kegg_cams	kegg
SELPLG	SELP	kegg_cams	kegg
SELPLG	SELE	kegg_cams	kegg
PECAM1	PECAM1	kegg_cams	kegg
PVR	CD226	kegg_cams	kegg
NECTIN2	CD226	kegg_cams	kegg
CDH2	CDH2	kegg_cams	kegg
NRXN3	NLGN4Y	kegg_cams	kegg
CNTN1	NRCAM	kegg_cams	kegg
NCAM1	NCAM1	kegg_cams	kegg
L1CAM	L1CAM	kegg_cams	kegg
NECTIN1	NECTIN1	kegg_cams	kegg
CDH1	CDH1	kegg_cams	kegg
CDH4	CDH4	kegg_cams	kegg
ALCAM	CD6	kegg_cams	kegg
PTPRC	CD22	kegg_cams	kegg
CD40	CD40LG	kegg_cams	kegg
CLDN24	CLDN24	kegg_cams	kegg
OCLN	OCLN	kegg_cams	kegg
F11R	F11R	kegg_cams	kegg
JAM2	JAM2	kegg_cams	kegg
JAM3	JAM2	kegg_cams	kegg
JAM2	JAM3	kegg_cams	kegg
JAM3	JAM3	kegg_cams	kegg
ESAM	ESAM	kegg_cams	kegg
CDH5	CDH5	kegg_cams	kegg
CD99	CD99	kegg_cams	kegg
JAM3	ITGB2	kegg_cams	kegg
JAM3	ITGAM	kegg_cams	kegg
SELP	SELPLG	kegg_cams	kegg
ICAM2	ITGB2	kegg_cams	kegg
ICAM2	ITGAL	kegg_cams	kegg
F11R	ITGB2	kegg_cams	kegg
F11R	ITGAL	kegg_cams	kegg
ICAM3	ITGB2	kegg_cams	kegg
ICAM3	ITGAL	kegg_cams	kegg
ICAM2	ITGAM	kegg_cams	kegg
JAM2	ITGB1	kegg_cams	kegg
JAM2	ITGA4	kegg_cams	kegg
VCAM1	ITGB7	kegg_cams	kegg
VCAM1	ITGA4	kegg_cams	kegg
MADCAM1	ITGB7	kegg_cams	kegg
MADCAM1	ITGA4	kegg_cams	kegg
SELL	MADCAM1	kegg_cams	kegg
CD34	SELL	kegg_cams	kegg
SELE	GLG1	kegg_cams	kegg
NECTIN3	NECTIN1	kegg_cams	kegg
L1CAM	NCAM1	kegg_cams	kegg
CADM1	CADM1	kegg_cams	kegg
NEGR1	NEGR1	kegg_cams	kegg
CADM3	CADM3	kegg_cams	kegg
PTPRM	PTPRM	kegg_cams	kegg
CNTN2	CNTN2	kegg_cams	kegg
CNTN2	L1CAM	kegg_cams	kegg
NFASC	CNTNAP1	kegg_cams	kegg
NFASC	CNTN1	kegg_cams	kegg
CNTN2	CNTNAP2	kegg_cams	kegg
MPZ	MPZ	kegg_cams	kegg
MAG	MAG	kegg_cams	kegg
CLDN11	CLDN11	kegg_cams	kegg
NECTIN2	NECTIN3	kegg_cams	kegg
CDH3	CDH3	kegg_cams	kegg
CDH15	CDH15	kegg_cams	kegg
CD80	CD274	kegg_cams	kegg
PVR	TIGIT	kegg_cams	kegg
NECTIN2	TIGIT	kegg_cams	kegg
CD274	CD80	kegg_cams	kegg
NECTIN3	TIGIT	kegg_cams	kegg
F11R	JAM2	kegg_cams	kegg
F11R	JAM3	kegg_cams	kegg
LRRC4C	NTNG1	kegg_cams	kegg
LRRC4	NTNG2	kegg_cams	kegg
LRRC4B	PTPRF	kegg_cams	kegg
CTSG	F2R	kegg_neuroactive	kegg
CGA	FSHR	kegg_neuroactive	kegg
CGA	LHCGR	kegg_neuroactive	kegg
CGA	TSHR	kegg_neuroactive	kegg
CSH1	GHR	kegg_neuroactive	kegg
COL1A1	ITGB1	kegg_ecm	kegg
COL1A1	ITGA1	kegg_ecm	kegg
LAMC3	ITGB1	kegg_ecm	kegg
LAMC3	ITGA1	kegg_ecm	kegg
COL1A1	ITGA2	kegg_ecm	kegg
LAMC3	ITGA2	kegg_ecm	kegg
CHAD	ITGA2	kegg_ecm	kegg
CHAD	ITGB1	kegg_ecm	kegg
LAMC3	ITGA3	kegg_ecm	kegg
RELN	ITGA3	kegg_ecm	kegg
RELN	ITGB1	kegg_ecm	kegg
COMP	ITGA3	kegg_ecm	kegg
COMP	ITGB1	kegg_ecm	kegg
COL1A1	ITGA3	kegg_ecm	kegg
FN1	ITGA3	kegg_ecm	kegg
FN1	ITGB1	kegg_ecm	kegg
FN1	ITGA4	kegg_ecm	kegg
SPP1	ITGA4	kegg_ecm	kegg
SPP1	ITGB1	kegg_ecm	kegg
FN1	ITGA5	kegg_ecm	kegg
LAMC3	ITGA6	kegg_ecm	kegg
LAMC3	ITGA7	kegg_ecm	kegg
FN1	ITGA8	kegg_ecm	kegg
VTN	ITGB1	kegg_ecm	kegg
VTN	ITGA8	kegg_ecm	kegg
TNC	ITGB1	kegg_ecm	kegg
TNC	ITGA8	kegg_ecm	kegg
TNC	ITGA9	kegg_ecm	kegg
SPP1	ITGA9	kegg_ecm	kegg
COL1A1	ITGA9	kegg_ecm	kegg
LAMC3	ITGA9	kegg_ecm	kegg
COL1A1	ITGA10	kegg_ecm	kegg
COL1A1	ITGA11	kegg_ecm	kegg
FN1	ITGAV	kegg_ecm	kegg
SPP1	ITGAV	kegg_ecm	kegg
VTN	ITGAV	kegg_ecm	kegg
FN1	ITGB7	kegg_ecm	kegg
VTN	ITGB3	kegg_ecm	kegg
FN1	ITGB3	kegg_ecm	kegg
VWF	ITGAV	kegg_ecm	kegg
VWF	ITGB3	kegg_ecm	kegg
SPP1	ITGB3	kegg_ecm	kegg
TNC	ITGAV	kegg_ecm	kegg
TNC	ITGB3	kegg_ecm	kegg
IBSP	ITGAV	kegg_ecm	kegg
IBSP	ITGB3	kegg_ecm	kegg
COMP	ITGAV	kegg_ecm	kegg
COMP	ITGB3	kegg_ecm	kegg
VTN	ITGA2B	kegg_ecm	kegg
FN1	ITGA2B	kegg_ecm	kegg
VWF	ITGA2B	kegg_ecm	kegg
COMP	ITGA2B	kegg_ecm	kegg
VTN	ITGB5	kegg_ecm	kegg
IBSP	ITGB5	kegg_ecm	kegg
SPP1	ITGB5	kegg_ecm	kegg
FN1	ITGB6	kegg_ecm	kegg
TNC	ITGB6	kegg_ecm	kegg
COL1A1	ITGAV	kegg_ecm	kegg
COL1A1	ITGB8	kegg_ecm	kegg
FN1	ITGB8	kegg_ecm	kegg
LAMC3	ITGAV	kegg_ecm	kegg
LAMC3	ITGB8	kegg_ecm	kegg
VTN	ITGB8	kegg_ecm	kegg
LAMC3	ITGB4	kegg_ecm	kegg
COL1A1	CD44	kegg_ecm	kegg
FN1	CD44	kegg_ecm	kegg
LAMC3	CD44	kegg_ecm	kegg
COL1A1	SDC1	kegg_ecm	kegg
FN1	SDC1	kegg_ecm	kegg
COMP	SDC1	kegg_ecm	kegg
TNC	SDC1	kegg_ecm	kegg
LAMC3	SV2C	kegg_ecm	kegg
COMP	CD36	kegg_ecm	kegg
VWF	GP9	kegg_ecm	kegg
VWF	GP1BB	kegg_ecm	kegg
VWF	GP1BA	kegg_ecm	kegg
VWF	GP5	kegg_ecm	kegg
COL1A1	GP6	kegg_ecm	kegg
LAMC3	DAG1	kegg_ecm	kegg
AGRN	DAG1	kegg_ecm	kegg
HSPG2	DAG1	kegg_ecm	kegg
COMP	CD47	kegg_ecm	kegg
C3	C3AR1	pharmacology	guide2pharmacology
ADM2	CALCR	pharmacology	guide2pharmacology
CALCB	CALCR	pharmacology	guide2pharmacology
IAPP	CALCR	pharmacology	guide2pharmacology
CALCA	CALCR	pharmacology	guide2pharmacology
ADM	MRGPRX2	pharmacology	guide2pharmacology
ADM	GPR182	pharmacology	guide2pharmacology
ADM	CALCR	pharmacology	guide2pharmacology
CORT	SSTR1	pharmacology	guide2pharmacology
CORT	SSTR4	pharmacology	guide2pharmacology
CORT	SSTR5	pharmacology	guide2pharmacology
CORT	SSTR3	pharmacology	guide2pharmacology
CORT	SSTR2	pharmacology	guide2pharmacology
CORT	MRGPRX2	pharmacology	guide2pharmacology
SST	SSTR1	pharmacology	guide2pharmacology
SST	SSTR4	pharmacology	guide2pharmacology
SST	SSTR5	pharmacology	guide2pharmacology
SST	SSTR3	pharmacology	guide2pharmacology
SST	SSTR2	pharmacology	guide2pharmacology
RSPO1	LGR4	pharmacology	guide2pharmacology
RSPO1	LGR6	pharmacology	guide2pharmacology
RSPO1	LGR5	pharmacology	guide2pharmacology
RSPO4	LGR4	pharmacology	guide2pharmacology
RSPO4	LGR6	pharmacology	guide2pharmacology
RSPO4	LGR5	pharmacology	guide2pharmacology
RSPO3	LGR4	pharmacology	guide2pharmacology
RSPO3	LGR6	pharmacology	guide2pharmacology
RSPO3	LGR5	pharmacology	guide2pharmacology
RSPO2	LGR4	pharmacology	guide2pharmacology
RSPO2	LGR6	pharmacology	guide2pharmacology
RSPO2	LGR5	pharmacology	guide2pharmacology
CALM1	CNGA2	pharmacology	guide2pharmacology
CALM1	PDE1C	pharmacology	guide2pharmacology
CALM1	PDE1B	pharmacology	guide2pharmacology
CALM1	KCNH1	pharmacology	guide2pharmacology
CALM1	MYLK	pharmacology	guide2pharmacology
CALM1	MYLK2	pharmacology	guide2pharmacology
CALM1	PDE1A	pharmacology	guide2pharmacology
CALM3	CNGA2	pharmacology	guide2pharmacology
CALM3	PDE1C	pharmacology	guide2pharmacology
CALM3	PDE1B	pharmacology	guide2pharmacology
CALM3	KCNH1	pharmacology	guide2pharmacology
CALM3	MYLK	pharmacology	guide2pharmacology
CALM3	MYLK2	pharmacology	guide2pharmacology
CALM3	PDE1A	pharmacology	guide2pharmacology
CALM2	CNGA2	pharmacology	guide2pharmacology
CALM2	PDE1C	pharmacology	guide2pharmacology
CALM2	PDE1B	pharmacology	guide2pharmacology
CALM2	KCNH1	pharmacology	guide2pharmacology
CALM2	MYLK	pharmacology	guide2pharmacology
CALM2	MYLK2	pharmacology	guide2pharmacology
CALM2	PDE1A	pharmacology	guide2pharmacology
INSL3	RXFP2	pharmacology	guide2pharmacology
RLN1	RXFP1	pharmacology	guide2pharmacology
RLN1	RXFP2	pharmacology	guide2pharmacology
RLN2	RXFP1	pharmacology	guide2pharmacology
RLN2	RXFP2	pharmacology	guide2pharmacology
RLN3	RXFP3	pharmacology	guide2pharmacology
RLN3	RXFP4	pharmacology	guide2pharmacology
RLN3	RXFP1	pharmacology	guide2pharmacology
RLN3	RXFP2	pharmacology	guide2pharmacology
INSL5	RXFP3	pharmacology	guide2pharmacology
INSL5	RXFP4	pharmacology	guide2pharmacology
RARRES2	CMKLR1	pharmacology	guide2pharmacology
RARRES2	GPR1	pharmacology	guide2pharmacology
QRFP	QRFPR	pharmacology	guide2pharmacology
ALOX5AP	ALOX5	pharmacology	guide2pharmacology
APLN	APLNR	pharmacology	guide2pharmacology
LHB	LHCGR	pharmacology	guide2pharmacology
TSHB	TSHR	pharmacology	guide2pharmacology
FSHB	FSHR	pharmacology	guide2pharmacology
ANXA1	FPR1	pharmacology	guide2pharmacology
ANXA1	FPR3	pharmacology	guide2pharmacology
ANXA1	FPR2	pharmacology	guide2pharmacology
HEBP1	FPR3	pharmacology	guide2pharmacology
HEBP1	FPR2	pharmacology	guide2pharmacology
CAMP	FPR2	pharmacology	guide2pharmacology
SAA1	FPR2	pharmacology	guide2pharmacology
APP	FPR2	pharmacology	guide2pharmacology
CXCL1	CXCR1	pharmacology	guide2pharmacology
YARS	CXCR1	pharmacology	guide2pharmacology
RPS19	C5AR1	pharmacology	guide2pharmacology
C5	C5AR1	pharmacology	guide2pharmacology
C5	C5AR2	pharmacology	guide2pharmacology
CCL19	CXCR3	pharmacology	guide2pharmacology
CCL19	CCRL2	pharmacology	guide2pharmacology
CCL19	ACKR4	pharmacology	guide2pharmacology
CCL21	ACKR4	pharmacology	guide2pharmacology
CCL25	ACKR4	pharmacology	guide2pharmacology
DEFB4A	CCR6	pharmacology	guide2pharmacology
DEFB4B	CCR6	pharmacology	guide2pharmacology
CCL20	CXCR3	pharmacology	guide2pharmacology
CXCL12	CXCR3	pharmacology	guide2pharmacology
CXCL11	CCR3	pharmacology	guide2pharmacology
CXCL9	CCR3	pharmacology	guide2pharmacology
CXCL10	CCR3	pharmacology	guide2pharmacology
CCL5	GPR75	pharmacology	guide2pharmacology
CCL5	CXCR3	pharmacology	guide2pharmacology
CCL8	CCR8	pharmacology	guide2pharmacology
CCL8	CCR1	pharmacology	guide2pharmacology
CCL8	CCR5	pharmacology	guide2pharmacology
CCL8	CCR2	pharmacology	guide2pharmacology
CCL13	CCR1	pharmacology	guide2pharmacology
CCL13	CCR5	pharmacology	guide2pharmacology
CCL13	CXCR3	pharmacology	guide2pharmacology
CCL7	CCR5	pharmacology	guide2pharmacology
CCL7	CCR3	pharmacology	guide2pharmacology
CCL7	CXCR3	pharmacology	guide2pharmacology
CCL11	CCR5	pharmacology	guide2pharmacology
CCL11	CCR2	pharmacology	guide2pharmacology
CCL11	CXCR3	pharmacology	guide2pharmacology
CCL24	CCR2	pharmacology	guide2pharmacology
CCL26	CCR2	pharmacology	guide2pharmacology
CCL2	CCR5	pharmacology	guide2pharmacology
CCL2	CCR3	pharmacology	guide2pharmacology
CCL16	HRH4	pharmacology	guide2pharmacology
CCL16	CCR5	pharmacology	guide2pharmacology
CCL16	CCR2	pharmacology	guide2pharmacology
CCL14	CCR5	pharmacology	guide2pharmacology
CCL4	CCR1	pharmacology	guide2pharmacology
CCL4	CCR5	pharmacology	guide2pharmacology
CCL3	CCR1	pharmacology	guide2pharmacology
CCL3	CCR5	pharmacology	guide2pharmacology
CSF3	CSF1R	pharmacology	guide2pharmacology
CSF2	CSF1R	pharmacology	guide2pharmacology
ANGPT4	TEK	pharmacology	guide2pharmacology
ANGPT1	TEK	pharmacology	guide2pharmacology
EDN2	EDNRA	pharmacology	guide2pharmacology
EDN1	EDNRA	pharmacology	guide2pharmacology
EDN3	EDNRB	pharmacology	guide2pharmacology
GALP	GALR1	pharmacology	guide2pharmacology
GALP	GALR3	pharmacology	guide2pharmacology
GALP	GALR2	pharmacology	guide2pharmacology
GAL	GALR1	pharmacology	guide2pharmacology
GAL	GALR3	pharmacology	guide2pharmacology
GAL	GALR2	pharmacology	guide2pharmacology
GAST	CCKAR	pharmacology	guide2pharmacology
GAST	CCKBR	pharmacology	guide2pharmacology
CCK	CCKAR	pharmacology	guide2pharmacology
CCK	CCKBR	pharmacology	guide2pharmacology
GCG	GCGR	pharmacology	guide2pharmacology
GCG	GLP2R	pharmacology	guide2pharmacology
GCG	GLP1R	pharmacology	guide2pharmacology
GHRL	GHSR	pharmacology	guide2pharmacology
GIP	GIPR	pharmacology	guide2pharmacology
GNRH2	GNRHR	pharmacology	guide2pharmacology
GNRH1	GNRHR	pharmacology	guide2pharmacology
HCRT	HCRTR1	pharmacology	guide2pharmacology
HCRT	HCRTR2	pharmacology	guide2pharmacology
IGF2	IGF1R	pharmacology	guide2pharmacology
IGF1	TRPV2	pharmacology	guide2pharmacology
IGF1	IGF1R	pharmacology	guide2pharmacology
INS	INSR	pharmacology	guide2pharmacology
KISS1	KISS1R	pharmacology	guide2pharmacology
KNG1	BDKRB1	pharmacology	guide2pharmacology
KNG1	BDKRB2	pharmacology	guide2pharmacology
MLN	MLNR	pharmacology	guide2pharmacology
MST1	MST1R	pharmacology	guide2pharmacology
NDP	FZD4	pharmacology	guide2pharmacology
NMB	GRPR	pharmacology	guide2pharmacology
NMB	NMBR	pharmacology	guide2pharmacology
GRP	GRPR	pharmacology	guide2pharmacology
GRP	NMBR	pharmacology	guide2pharmacology
NMU	NMUR1	pharmacology	guide2pharmacology
NMU	NMUR2	pharmacology	guide2pharmacology
NMS	NMUR1	pharmacology	guide2pharmacology
NMS	NMUR2	pharmacology	guide2pharmacology
NPPC	NPR2	pharmacology	guide2pharmacology
NPS	NPSR1	pharmacology	guide2pharmacology
NPW	NPBWR1	pharmacology	guide2pharmacology
NPW	NPBWR2	pharmacology	guide2pharmacology
NPB	NPBWR1	pharmacology	guide2pharmacology
NPB	NPBWR2	pharmacology	guide2pharmacology
NTF3	NGFR	pharmacology	guide2pharmacology
NTF3	NTRK3	pharmacology	guide2pharmacology
NGF	NGFR	pharmacology	guide2pharmacology
NTF4	NGFR	pharmacology	guide2pharmacology
BDNF	NGFR	pharmacology	guide2pharmacology
NTS	NTSR1	pharmacology	guide2pharmacology
NTS	NTSR2	pharmacology	guide2pharmacology
COPA	NTSR2	pharmacology	guide2pharmacology
OSTN	NPR3	pharmacology	guide2pharmacology
OXT	AVPR2	pharmacology	guide2pharmacology
OXT	AVPR1B	pharmacology	guide2pharmacology
OXT	OXTR	pharmacology	guide2pharmacology
OXT	AVPR1A	pharmacology	guide2pharmacology
AVP	AVPR2	pharmacology	guide2pharmacology
AVP	AVPR1B	pharmacology	guide2pharmacology
AVP	OXTR	pharmacology	guide2pharmacology
AVP	AVPR1A	pharmacology	guide2pharmacology
PMCH	MCHR1	pharmacology	guide2pharmacology
PMCH	MCHR2	pharmacology	guide2pharmacology
PNOC	OPRL1	pharmacology	guide2pharmacology
ARF1	PLD2	pharmacology	guide2pharmacology
NPPB	NPR1	pharmacology	guide2pharmacology
NPPA	NPR1	pharmacology	guide2pharmacology
CSH2	PRLR	pharmacology	guide2pharmacology
CSHL1	PRLR	pharmacology	guide2pharmacology
CSH1	PRLR	pharmacology	guide2pharmacology
PROK2	PROKR1	pharmacology	guide2pharmacology
PROK2	PROKR2	pharmacology	guide2pharmacology
PROK1	PROKR1	pharmacology	guide2pharmacology
PROK1	PROKR2	pharmacology	guide2pharmacology
PROS1	TYRO3	pharmacology	guide2pharmacology
PROS1	AXL	pharmacology	guide2pharmacology
GAS6	MERTK	pharmacology	guide2pharmacology
GAS6	TYRO3	pharmacology	guide2pharmacology
GAS6	AXL	pharmacology	guide2pharmacology
PSAP	GPR37	pharmacology	guide2pharmacology
PSAP	GPR37L1	pharmacology	guide2pharmacology
PTH2	PTH2R	pharmacology	guide2pharmacology
PTH2	PTH1R	pharmacology	guide2pharmacology
PTHLH	PRLHR	pharmacology	guide2pharmacology
PTHLH	PTH2R	pharmacology	guide2pharmacology
PTHLH	PTH1R	pharmacology	guide2pharmacology
PRLH	PRLHR	pharmacology	guide2pharmacology
NPY	NPY1R	pharmacology	guide2pharmacology
NPY	NPY5R	pharmacology	guide2pharmacology
NPY	NPY4R	pharmacology	guide2pharmacology
NPY	NPY2R	pharmacology	guide2pharmacology
NPY	PRLHR	pharmacology	guide2pharmacology
PYY	NPY1R	pharmacology	guide2pharmacology
PYY	NPY5R	pharmacology	guide2pharmacology
PYY	NPY4R	pharmacology	guide2pharmacology
PYY	NPY2R	pharmacology	guide2pharmacology
PPY	NPFFR1	pharmacology	guide2pharmacology
PPY	NPFFR2	pharmacology	guide2pharmacology
PPY	NPY1R	pharmacology	guide2pharmacology
PPY	NPY5R	pharmacology	guide2pharmacology
PPY	NPY4R	pharmacology	guide2pharmacology
NPVF	NPFFR1	pharmacology	guide2pharmacology
NPVF	NPFFR2	pharmacology	guide2pharmacology
NPFF	MAS1	pharmacology	guide2pharmacology
NPFF	NPFFR1	pharmacology	guide2pharmacology
NPFF	NPFFR2	pharmacology	guide2pharmacology
AGT	AGTR1	pharmacology	guide2pharmacology
AGT	AGTR2	pharmacology	guide2pharmacology
AGT	MAS1	pharmacology	guide2pharmacology
TAC3	TACR2	pharmacology	guide2pharmacology
TAC3	TACR3	pharmacology	guide2pharmacology
TAC3	TACR1	pharmacology	guide2pharmacology
TAC4	TACR2	pharmacology	guide2pharmacology
TAC4	TACR3	pharmacology	guide2pharmacology
TAC4	TACR1	pharmacology	guide2pharmacology
TAC1	TACR2	pharmacology	guide2pharmacology
TAC1	TACR3	pharmacology	guide2pharmacology
TAC1	TACR1	pharmacology	guide2pharmacology
BTLA	TNFRSF14	pharmacology	guide2pharmacology
TNFSF15	TNFRSF25	pharmacology	guide2pharmacology
TRH	TRHR	pharmacology	guide2pharmacology
NRG1	ERBB4	pharmacology	guide2pharmacology
NRG1	ERBB3	pharmacology	guide2pharmacology
NRG2	ERBB4	pharmacology	guide2pharmacology
NRG2	ERBB3	pharmacology	guide2pharmacology
NRG4	ERBB4	pharmacology	guide2pharmacology
NRG3	ERBB4	pharmacology	guide2pharmacology
BTC	EGFR	pharmacology	guide2pharmacology
BTC	ERBB4	pharmacology	guide2pharmacology
HBEGF	EGFR	pharmacology	guide2pharmacology
HBEGF	ERBB4	pharmacology	guide2pharmacology
EREG	EGFR	pharmacology	guide2pharmacology
EREG	ERBB4	pharmacology	guide2pharmacology
EPGN	EGFR	pharmacology	guide2pharmacology
TGFA	EGFR	pharmacology	guide2pharmacology
AREG	EGFR	pharmacology	guide2pharmacology
CRH	CRHR2	pharmacology	guide2pharmacology
CRH	CRHR1	pharmacology	guide2pharmacology
CRH	MC2R	pharmacology	guide2pharmacology
UCN2	CRHR2	pharmacology	guide2pharmacology
UCN2	CRHR1	pharmacology	guide2pharmacology
UCN	CRHR2	pharmacology	guide2pharmacology
UCN	CRHR1	pharmacology	guide2pharmacology
UCN3	CRHR2	pharmacology	guide2pharmacology
PENK	OPRD1	pharmacology	guide2pharmacology
PENK	OPRM1	pharmacology	guide2pharmacology
PENK	OPRK1	pharmacology	guide2pharmacology
PENK	MRGPRX1	pharmacology	guide2pharmacology
PDYN	OPRD1	pharmacology	guide2pharmacology
PDYN	OPRM1	pharmacology	guide2pharmacology
PDYN	OPRK1	pharmacology	guide2pharmacology
POMC	MC2R	pharmacology	guide2pharmacology
POMC	MC1R	pharmacology	guide2pharmacology
POMC	MC4R	pharmacology	guide2pharmacology
POMC	MC5R	pharmacology	guide2pharmacology
POMC	MC3R	pharmacology	guide2pharmacology
POMC	OPRD1	pharmacology	guide2pharmacology
POMC	OPRM1	pharmacology	guide2pharmacology
POMC	OPRK1	pharmacology	guide2pharmacology
ASIP	MC1R	pharmacology	guide2pharmacology
ASIP	MC4R	pharmacology	guide2pharmacology
ASIP	MC5R	pharmacology	guide2pharmacology
ASIP	MC3R	pharmacology	guide2pharmacology
AGRP	MC4R	pharmacology	guide2pharmacology
AGRP	MC5R	pharmacology	guide2pharmacology
AGRP	MC3R	pharmacology	guide2pharmacology
UTS2B	UTS2R	pharmacology	guide2pharmacology
UTS2	UTS2R	pharmacology	guide2pharmacology
PDGFC	KDR	pharmacology	guide2pharmacology
PDGFC	FLT4	pharmacology	guide2pharmacology
VEGFC	KDR	pharmacology	guide2pharmacology
VEGFC	FLT4	pharmacology	guide2pharmacology
SCT	SCTR	pharmacology	guide2pharmacology
SCT	ADCYAP1R1	pharmacology	guide2pharmacology
SCT	VIPR2	pharmacology	guide2pharmacology
SCT	VIPR1	pharmacology	guide2pharmacology
VIP	SCTR	pharmacology	guide2pharmacology
VIP	ADCYAP1R1	pharmacology	guide2pharmacology
VIP	VIPR2	pharmacology	guide2pharmacology
VIP	VIPR1	pharmacology	guide2pharmacology
ADCYAP1	ADCYAP1R1	pharmacology	guide2pharmacology
ADCYAP1	VIPR2	pharmacology	guide2pharmacology
ADCYAP1	VIPR1	pharmacology	guide2pharmacology
GHRH	VIPR1	pharmacology	guide2pharmacology
WNT4	FZD6	pharmacology	guide2pharmacology
WNT5A	FZD6	pharmacology	guide2pharmacology
WNT3A	FZD6	pharmacology	guide2pharmacology
A2M	LRP1	ramilowski_known	ramilowski
AANAT	MTNR1A	ramilowski_known	ramilowski
AANAT	MTNR1B	ramilowski_known	ramilowski
ADAM12	ITGA9	ramilowski_known	ramilowski
ADAM12	ITGB1	ramilowski_known	ramilowski
ADAM12	SDC4	ramilowski_known	ramilowski
ADAM15	ITGA5	ramilowski_known	ramilowski
ADAM15	ITGA9	ramilowski_known	ramilowski
ADAM15	ITGB1	ramilowski_known	ramilowski
ADAM15	ITGB3	ramilowski_known	ramilowski
ADAM17	ITGA5	ramilowski_known	ramilowski
ADAM17	ITGB1	ramilowski_known	ramilowski
ADAM23	ITGA5	ramilowski_known	ramilowski
ADAM23	ITGB3	ramilowski_known	ramilowski
ADAM2	ITGA6	ramilowski_known	ramilowski
ADAM2	ITGB1	ramilowski_known	ramilowski
ADAM9	ITGA6	ramilowski_known	ramilowski
ADAM9	ITGAV	ramilowski_known	ramilowski
ADAM9	ITGB1	ramilowski_known	ramilowski
ADAM9	ITGB5	ramilowski_known	ramilowski
ADIPOQ	ADIPOR1	ramilowski_known	ramilowski
ADIPOQ	ADIPOR2	ramilowski_known	ramilowski
ADM2	CALCRL	ramilowski_known	ramilowski
ADM2	RAMP1	ramilowski_known	ramilowski
ADM	CALCRL	ramilowski_known	ramilowski
ADM	RAMP2	ramilowski_known	ramilowski
AGRN	MUSK	ramilowski_known	ramilowski
AGT	LRP2	ramilowski_known	ramilowski
ANGPT1	TIE1	ramilowski_known	ramilowski
ANGPT2	TEK	ramilowski_known	ramilowski
ANGPTL1	TEK	ramilowski_known	ramilowski
APOB	LDLR	ramilowski_known	ramilowski
APOE	LDLR	ramilowski_known	ramilowski
APOE	LRP5	ramilowski_known	ramilowski
APOE	LRP8	ramilowski_known	ramilowski
APOE	SORL1	ramilowski_known	ramilowski
APOE	VLDLR	ramilowski_known	ramilowski
ARTN	GFRA3	ramilowski_known	ramilowski
ARTN	RET	ramilowski_known	ramilowski
ASIP	ATRN	ramilowski_known	ramilowski
ASIP	MGRN1	ramilowski_known	ramilowski
BDNF	NTRK2	ramilowski_known	ramilowski
BMP10	ACVR1	ramilowski_known	ramilowski
BMP10	ACVR2A	ramilowski_known	ramilowski
BMP10	ACVR2B	ramilowski_known	ramilowski
BMP10	ACVRL1	ramilowski_known	ramilowski
BMP10	BMPR1A	ramilowski_known	ramilowski
BMP10	BMPR1B	ramilowski_known	ramilowski
BMP10	BMPR2	ramilowski_known	ramilowski
BMP15	ACVR1	ramilowski_known	ramilowski
BMP15	ACVR2A	ramilowski_known	ramilowski
BMP15	ACVR2B	ramilowski_known	ramilowski
BMP15	BMPR1A	ramilowski_known	ramilowski
BMP15	BMPR1B	ramilowski_known	ramilowski
BMP15	BMPR2	ramilowski_known	ramilowski
BMP2	ACVR2A	ramilowski_known	ramilowski
BMP2	ACVR2B	ramilowski_known	ramilowski
BMP3	ACVR1	ramilowski_known	ramilowski
BMP3	ACVR2A	ramilowski_known	ramilowski
BMP3	ACVR2B	ramilowski_known	ramilowski
BMP3	BMPR1A	ramilowski_known	ramilowski
BMP3	BMPR1B	ramilowski_known	ramilowski
BMP3	BMPR2	ramilowski_known	ramilowski
BMP4	ACVR1	ramilowski_known	ramilowski
BMP4	ACVR2A	ramilowski_known	ramilowski
BMP4	ACVR2B	ramilowski_known	ramilowski
BMP4	BMPR1A	ramilowski_known	ramilowski
BMP4	BMPR1B	ramilowski_known	ramilowski
BMP4	BMPR2	ramilowski_known	ramilowski
BMP5	ACVR1	ramilowski_known	ramilowski
BMP5	ACVR2A	ramilowski_known	ramilowski
BMP5	ACVR2B	ramilowski_known	ramilowski
BMP5	BMPR1A	ramilowski_known	ramilowski
BMP5	BMPR1B	ramilowski_known	ramilowski
BMP5	BMPR2	ramilowski_known	ramilowski
BMP6	ACVR1	ramilowski_known	ramilowski
BMP6	ACVR2A	ramilowski_known	ramilowski
BMP6	ACVR2B	ramilowski_known	ramilowski
BMP6	BMPR1A	ramilowski_known	ramilowski
BMP6	BMPR1B	ramilowski_known	ramilowski
BMP6	BMPR2	ramilowski_known	ramilowski
BMP7	ACVR1	ramilowski_known	ramilowski
BMP7	ACVR2B	ramilowski_known	ramilowski
BMP7	BMPR1A	ramilowski_known	ramilowski
BMP7	BMPR2	ramilowski_known	ramilowski
BMP8B	ACVR1	ramilowski_known	ramilowski
BMP8B	ACVR2A	ramilowski_known	ramilowski
BMP8B	ACVR2B	ramilowski_known	ramilowski
BMP8B	BMPR1A	ramilowski_known	ramilowski
BMP8B	BMPR1B	ramilowski_known	ramilowski
BMP8B	BMPR2	ramilowski_known	ramilowski
BTC	ERBB3	ramilowski_known	ramilowski
C3	ITGAX	ramilowski_known	ramilowski
C3	ITGB2	ramilowski_known	ramilowski
C3	LRP1	ramilowski_known	ramilowski
CALCA	CALCRL	ramilowski_known	ramilowski
CALCA	RAMP1	ramilowski_known	ramilowski
CALCB	CALCRL	ramilowski_known	ramilowski
CALCB	RAMP1	ramilowski_known	ramilowski
CALR	SCARF1	ramilowski_known	ramilowski
CCL11	ACKR2	ramilowski_known	ramilowski
CCL13	ACKR2	ramilowski_known	ramilowski
CCL14	ACKR2	ramilowski_known	ramilowski
CCL17	CCR8	ramilowski_known	ramilowski
CCL21	CXCR3	ramilowski_known	ramilowski
CCL2	ACKR2	ramilowski_known	ramilowski
CCL2	CCR1	ramilowski_known	ramilowski
CCL2	CCR4	ramilowski_known	ramilowski
CCL4	ACKR2	ramilowski_known	ramilowski
CCL4	CCR8	ramilowski_known	ramilowski
CCL5	ACKR2	ramilowski_known	ramilowski
CCL5	CCR4	ramilowski_known	ramilowski
CCL7	ACKR2	ramilowski_known	ramilowski
CCL8	ACKR2	ramilowski_known	ramilowski
CD24	SELP	ramilowski_known	ramilowski
CDH1	ITGAE	ramilowski_known	ramilowski
CDH1	ITGB7	ramilowski_known	ramilowski
CFH	SELL	ramilowski_known	ramilowski
CLCF1	CRLF1	ramilowski_known	ramilowski
CLEC11A	KIT	ramilowski_known	ramilowski
COL18A1	GPC1	ramilowski_known	ramilowski
COL18A1	ITGA5	ramilowski_known	ramilowski
COL18A1	ITGB1	ramilowski_known	ramilowski
COL1A1	DDR1	ramilowski_known	ramilowski
COL1A1	DDR2	ramilowski_known	ramilowski
COL2A1	ITGA10	ramilowski_known	ramilowski
COL2A1	ITGA2	ramilowski_known	ramilowski
COL2A1	ITGB1	ramilowski_known	ramilowski
COL4A1	ITGA1	ramilowski_known	ramilowski
COL4A1	ITGB1	ramilowski_known	ramilowski
COL4A1	ITGB8	ramilowski_known	ramilowski
COL5A3	SDC3	ramilowski_known	ramilowski
CORT	GHSR	ramilowski_known	ramilowski
CSF2	CSF3R	ramilowski_known	ramilowski
CTGF	ITGAM	ramilowski_known	ramilowski
CTGF	ITGB2	ramilowski_known	ramilowski
CTGF	LRP6	ramilowski_known	ramilowski
CXCL2	CXCR1	ramilowski_known	ramilowski
CXCL2	XCR1	ramilowski_known	ramilowski
CXCL3	CXCR1	ramilowski_known	ramilowski
CXCL5	CXCR1	ramilowski_known	ramilowski
CYR61	ITGA5	ramilowski_known	ramilowski
CYR61	ITGAM	ramilowski_known	ramilowski
CYR61	ITGB2	ramilowski_known	ramilowski
CYR61	ITGB3	ramilowski_known	ramilowski
DHH	HHIP	ramilowski_known	ramilowski
DHH	PTCH2	ramilowski_known	ramilowski
DKK1	KREMEN1	ramilowski_known	ramilowski
DKK1	KREMEN2	ramilowski_known	ramilowski
DKK1	LRP6	ramilowski_known	ramilowski
DKK2	LRP6	ramilowski_known	ramilowski
DLK1	NOTCH1	ramilowski_known	ramilowski
DLK1	NOTCH2	ramilowski_known	ramilowski
DLK1	NOTCH3	ramilowski_known	ramilowski
DLK1	NOTCH4	ramilowski_known	ramilowski
DLL1	NOTCH1	ramilowski_known	ramilowski
DLL1	NOTCH2	ramilowski_known	ramilowski
DLL1	NOTCH3	ramilowski_known	ramilowski
DLL1	NOTCH4	ramilowski_known	ramilowski
DLL3	NOTCH1	ramilowski_known	ramilowski
DLL3	NOTCH2	ramilowski_known	ramilowski
DLL3	NOTCH3	ramilowski_known	ramilowski
DLL3	NOTCH4	ramilowski_known	ramilowski
DLL4	NOTCH1	ramilowski_known	ramilowski
DLL4	NOTCH2	ramilowski_known	ramilowski
DLL4	NOTCH3	ramilowski_known	ramilowski
DLL4	NOTCH4	ramilowski_known	ramilowski
DUSP18	CD151	ramilowski_known	ramilowski
DUSP18	ITGA1	ramilowski_known	ramilowski
DUSP18	ITGA2	ramilowski_known	ramilowski
DUSP18	ITGA3	ramilowski_known	ramilowski
DUSP18	ITGA6	ramilowski_known	ramilowski
DUSP18	ITGA7	ramilowski_known	ramilowski
DUSP18	ITGB1	ramilowski_known	ramilowski
DUSP18	ITGB4	ramilowski_known	ramilowski
DUSP18	RPSA	ramilowski_known	ramilowski
EFNA1	EPHA1	ramilowski_known	ramilowski
EFNA1	EPHA2	ramilowski_known	ramilowski
EFNA1	EPHA3	ramilowski_known	ramilowski
EFNA1	EPHA4	ramilowski_known	ramilowski
EFNA1	EPHA5	ramilowski_known	ramilowski
EFNA1	EPHA6	ramilowski_known	ramilowski
EFNA1	EPHA7	ramilowski_known	ramilowski
EFNA1	EPHA8	ramilowski_known	ramilowski
EFNA2	EPHA1	ramilowski_known	ramilowski
EFNA2	EPHA2	ramilowski_known	ramilowski
EFNA2	EPHA3	ramilowski_known	ramilowski
EFNA2	EPHA4	ramilowski_known	ramilowski
EFNA2	EPHA5	ramilowski_known	ramilowski
EFNA2	EPHA6	ramilowski_known	ramilowski
EFNA2	EPHA7	ramilowski_known	ramilowski
EFNA2	EPHA8	ramilowski_known	ramilowski
EFNA3	EPHA1	ramilowski_known	ramilowski
EFNA3	EPHA2	ramilowski_known	ramilowski
EFNA3	EPHA3	ramilowski_known	ramilowski
EFNA3	EPHA4	ramilowski_known	ramilowski
EFNA3	EPHA5	ramilowski_known	ramilowski
EFNA3	EPHA6	ramilowski_known	ramilowski
EFNA3	EPHA7	ramilowski_known	ramilowski
EFNA3	EPHA8	ramilowski_known	ramilowski
EFNA3	EPHB1	ramilowski_known	ramilowski
EFNA4	EPHA1	ramilowski_known	ramilowski
EFNA4	EPHA2	ramilowski_known	ramilowski
EFNA4	EPHA3	ramilowski_known	ramilowski
EFNA4	EPHA4	ramilowski_known	ramilowski
EFNA4	EPHA5	ramilowski_known	ramilowski
EFNA4	EPHA6	ramilowski_known	ramilowski
EFNA4	EPHA7	ramilowski_known	ramilowski
EFNA4	EPHA8	ramilowski_known	ramilowski
EFNA5	EPHA1	ramilowski_known	ramilowski
EFNA5	EPHA2	ramilowski_known	ramilowski
EFNA5	EPHA3	ramilowski_known	ramilowski
EFNA5	EPHA4	ramilowski_known	ramilowski
EFNA5	EPHA5	ramilowski_known	ramilowski
EFNA5	EPHA6	ramilowski_known	ramilowski
EFNA5	EPHA7	ramilowski_known	ramilowski
EFNA5	EPHA8	ramilowski_known	ramilowski
EFNA5	EPHB2	ramilowski_known	ramilowski
EFNB1	EPHA4	ramilowski_known	ramilowski
EFNB1	EPHB1	ramilowski_known	ramilowski
EFNB1	EPHB2	ramilowski_known	ramilowski
EFNB1	EPHB3	ramilowski_known	ramilowski
EFNB1	EPHB4	ramilowski_known	ramilowski
EFNB1	EPHB6	ramilowski_known	ramilowski
EFNB2	EPHA4	ramilowski_known	ramilowski
EFNB2	EPHB1	ramilowski_known	ramilowski
EFNB2	EPHB2	ramilowski_known	ramilowski
EFNB2	EPHB3	ramilowski_known	ramilowski
EFNB2	EPHB4	ramilowski_known	ramilowski
EFNB2	EPHB6	ramilowski_known	ramilowski
EFNB3	EPHA4	ramilowski_known	ramilowski
EFNB3	EPHB1	ramilowski_known	ramilowski
EFNB3	EPHB2	ramilowski_known	ramilowski
EFNB3	EPHB3	ramilowski_known	ramilowski
EFNB3	EPHB4	ramilowski_known	ramilowski
EFNB3	EPHB6	ramilowski_known	ramilowski
F2	F2R	ramilowski_known	ramilowski
F2	F2RL1	ramilowski_known	ramilowski
F2	F2RL2	ramilowski_known	ramilowski
F2	F2RL3	ramilowski_known	ramilowski
F7	F3	ramilowski_known	ramilowski
F8	LRP1	ramilowski_known	ramilowski
F9	LRP1	ramilowski_known	ramilowski
FGA	ITGAX	ramilowski_known	ramilowski
FGA	ITGB2	ramilowski_known	ramilowski
FGF10	FGFR1	ramilowski_known	ramilowski
FGF10	FGFR2	ramilowski_known	ramilowski
FGF10	FGFR3	ramilowski_known	ramilowski
FGF10	FGFR4	ramilowski_known	ramilowski
FGF11	FGFR1	ramilowski_known	ramilowski
FGF11	FGFR2	ramilowski_known	ramilowski
FGF11	FGFR3	ramilowski_known	ramilowski
FGF11	FGFR4	ramilowski_known	ramilowski
FGF12	FGFR1	ramilowski_known	ramilowski
FGF12	FGFR2	ramilowski_known	ramilowski
FGF12	FGFR3	ramilowski_known	ramilowski
FGF12	FGFR4	ramilowski_known	ramilowski
FGF13	FGFR1	ramilowski_known	ramilowski
FGF13	FGFR2	ramilowski_known	ramilowski
FGF13	FGFR3	ramilowski_known	ramilowski
FGF13	FGFR4	ramilowski_known	ramilowski
FGF14	FGFR1	ramilowski_known	ramilowski
FGF14	FGFR2	ramilowski_known	ramilowski
FGF14	FGFR3	ramilowski_known	ramilowski
FGF14	FGFR4	ramilowski_known	ramilowski
FGF16	FGFR1	ramilowski_known	ramilowski
FGF16	FGFR2	ramilowski_known	ramilowski
FGF16	FGFR3	ramilowski_known	ramilowski
FGF16	FGFR4	ramilowski_known	ramilowski
FGF17	FGFR1	ramilowski_known	ramilowski
FGF17	FGFR2	ramilowski_known	ramilowski
FGF17	FGFR3	ramilowski_known	ramilowski
FGF17	FGFR4	ramilowski_known	ramilowski
FGF18	FGFR1	ramilowski_known	ramilowski
FGF18	FGFR2	ramilowski_known	ramilowski
FGF18	FGFR3	ramilowski_known	ramilowski
FGF18	FGFR4	ramilowski_known	ramilowski
FGF19	FGFR1	ramilowski_known	ramilowski
FGF19	FGFR2	ramilowski_known	ramilowski
FGF19	FGFR3	ramilowski_known	ramilowski
FGF19	FGFR4	ramilowski_known	ramilowski
FGF1	FGFR1	ramilowski_known	ramilowski
FGF1	FGFR2	ramilowski_known	ramilowski
FGF1	FGFR3	ramilowski_known	ramilowski
FGF1	FGFR4	ramilowski_known	ramilowski
FGF22	FGFR2	ramilowski_known	ramilowski
FGF23	FGFR1	ramilowski_known	ramilowski
FGF23	FGFR2	ramilowski_known	ramilowski
FGF23	FGFR4	ramilowski_known	ramilowski
FGF2	FGFR1	ramilowski_known	ramilowski
FGF2	FGFR2	ramilowski_known	ramilowski
FGF2	FGFR3	ramilowski_known	ramilowski
FGF2	FGFR4	ramilowski_known	ramilowski
FGF2	SDC2	ramilowski_known	ramilowski
FGF2	SDC4	ramilowski_known	ramilowski
FGF3	FGFR1	ramilowski_known	ramilowski
FGF3	FGFR2	ramilowski_known	ramilowski
FGF4	FGFR1	ramilowski_known	ramilowski
FGF4	FGFR2	ramilowski_known	ramilowski
FGF4	FGFR3	ramilowski_known	ramilowski
FGF4	FGFR4	ramilowski_known	ramilowski
FGF5	FGFR1	ramilowski_known	ramilowski
FGF5	FGFR2	ramilowski_known	ramilowski
FGF5	FGFR3	ramilowski_known	ramilowski
FGF5	FGFR4	ramilowski_known	ramilowski
FGF6	FGFR1	ramilowski_known	ramilowski
FGF6	FGFR2	ramilowski_known	ramilowski
FGF6	FGFR4	ramilowski_known	ramilowski
FGF7	FGFR2	ramilowski_known	ramilowski
FGF8	FGFR1	ramilowski_known	ramilowski
FGF8	FGFR2	ramilowski_known	ramilowski
FGF8	FGFR3	ramilowski_known	ramilowski
FGF8	FGFR4	ramilowski_known	ramilowski
FGF9	FGFR1	ramilowski_known	ramilowski
FGF9	FGFR2	ramilowski_known	ramilowski
FGF9	FGFR3	ramilowski_known	ramilowski
FGF9	FGFR4	ramilowski_known	ramilowski
FN1	ITGA2	ramilowski_known	ramilowski
FN1	SDC2	ramilowski_known	ramilowski
GAD1	GRM4	ramilowski_known	ramilowski
GDF11	ACVR1B	ramilowski_known	ramilowski
GDF11	ACVR2A	ramilowski_known	ramilowski
GDF11	ACVR2B	ramilowski_known	ramilowski
GDF2	ACVRL1	ramilowski_known	ramilowski
GDF5	BMPR1B	ramilowski_known	ramilowski
GDF5	BMPR2	ramilowski_known	ramilowski
GDF5	ROR2	ramilowski_known	ramilowski
GDF6	BMPR1A	ramilowski_known	ramilowski
GDF6	BMPR2	ramilowski_known	ramilowski
GDF7	ACVR2A	ramilowski_known	ramilowski
GDF7	BMPR1A	ramilowski_known	ramilowski
GDF7	BMPR2	ramilowski_known	ramilowski
GDF9	BMPR2	ramilowski_known	ramilowski
GDF9	TGFBR1	ramilowski_known	ramilowski
GDNF	GFRA1	ramilowski_known	ramilowski
GDNF	GFRA2	ramilowski_known	ramilowski
GDNF	RET	ramilowski_known	ramilowski
GHRH	GHRHR	ramilowski_known	ramilowski
GHRL	GPR39	ramilowski_known	ramilowski
GPHA2	TSHR	ramilowski_known	ramilowski
GPI	AMFR	ramilowski_known	ramilowski
GSTP1	TRAF2	ramilowski_known	ramilowski
GUCA2A	GUCY2C	ramilowski_known	ramilowski
GUCA2B	GUCY2C	ramilowski_known	ramilowski
GZMB	IGF2R	ramilowski_known	ramilowski
HAS2	CD44	ramilowski_known	ramilowski
HAS2	HMMR	ramilowski_known	ramilowski
HDC	HRH1	ramilowski_known	ramilowski
HDC	HRH2	ramilowski_known	ramilowski
HDC	HRH3	ramilowski_known	ramilowski
HDC	HRH4	ramilowski_known	ramilowski
HLA-A	KIR3DL2	ramilowski_known	ramilowski
HLA-B	KIR3DL1	ramilowski_known	ramilowski
HLA-C	KIR2DL1	ramilowski_known	ramilowski
HLA-C	KIR2DL3	ramilowski_known	ramilowski
HLA-C	KIR2DS4	ramilowski_known	ramilowski
HLA-E	KLRC1	ramilowski_known	ramilowski
HLA-E	KLRC2	ramilowski_known	ramilowski
HLA-E	KLRD1	ramilowski_known	ramilowski
HLA-G	KIR2DL4	ramilowski_known	ramilowski
HLA-G	KLRC1	ramilowski_known	ramilowski
HLA-G	KLRD1	ramilowski_known	ramilowski
HLA-G	LILRB1	ramilowski_known	ramilowski
HSP90B1	LRP1	ramilowski_known	ramilowski
HSPG2	PTPRS	ramilowski_known	ramilowski
ICAM1	ITGAX	ramilowski_known	ramilowski
ICAM4	ITGA2B	ramilowski_known	ramilowski
ICAM4	ITGAL	ramilowski_known	ramilowski
ICAM4	ITGAM	ramilowski_known	ramilowski
ICAM4	ITGAV	ramilowski_known	ramilowski
ICAM4	ITGB2	ramilowski_known	ramilowski
ICAM4	ITGB3	ramilowski_known	ramilowski
ICAM5	ITGAL	ramilowski_known	ramilowski
ICAM5	ITGB2	ramilowski_known	ramilowski
IFNA10	IFNAR1	ramilowski_known	ramilowski
IFNA10	IFNAR2	ramilowski_known	ramilowski
IFNA13	IFNAR1	ramilowski_known	ramilowski
IFNA13	IFNAR2	ramilowski_known	ramilowski
IFNA14	IFNAR1	ramilowski_known	ramilowski
IFNA14	IFNAR2	ramilowski_known	ramilowski
IFNA16	IFNAR1	ramilowski_known	ramilowski
IFNA16	IFNAR2	ramilowski_known	ramilowski
IFNA17	IFNAR1	ramilowski_known	ramilowski
IFNA17	IFNAR2	ramilowski_known	ramilowski
IFNA21	IFNAR1	ramilowski_known	ramilowski
IFNA21	IFNAR2	ramilowski_known	ramilowski
IFNA2	IFNAR1	ramilowski_known	ramilowski
IFNA2	IFNAR2	ramilowski_known	ramilowski
IFNA4	IFNAR1	ramilowski_known	ramilowski
IFNA4	IFNAR2	ramilowski_known	ramilowski
IFNA5	IFNAR1	ramilowski_known	ramilowski
IFNA5	IFNAR2	ramilowski_known	ramilowski
IFNA6	IFNAR1	ramilowski_known	ramilowski
IFNA6	IFNAR2	ramilowski_known	ramilowski
IFNA7	IFNAR1	ramilowski_known	ramilowski
IFNA7	IFNAR2	ramilowski_known	ramilowski
IFNA8	IFNAR1	ramilowski_known	ramilowski
IFNA8	IFNAR2	ramilowski_known	ramilowski
IGF2	IGF2R	ramilowski_known	ramilowski
IGF2	INSR	ramilowski_known	ramilowski
IHH	HHIP	ramilowski_known	ramilowski
IHH	PTCH1	ramilowski_known	ramilowski
IL12B	IL12RB1	ramilowski_known	ramilowski
IL12B	IL12RB2	ramilowski_known	ramilowski
IL13	IL13RA2	ramilowski_known	ramilowski
IL13	IL2RG	ramilowski_known	ramilowski
IL16	CD4	ramilowski_known	ramilowski
IL18	IL1RAPL1	ramilowski_known	ramilowski
IL19	IL20RB	ramilowski_known	ramilowski
IL1RN	IL1R1	ramilowski_known	ramilowski
IL1RN	IL1R2	ramilowski_known	ramilowski
IL20	IL20RB	ramilowski_known	ramilowski
IL22	IL10RA	ramilowski_known	ramilowski
IL24	IL20RB	ramilowski_known	ramilowski
IL31	IL31RA	ramilowski_known	ramilowski
IL31	OSMR	ramilowski_known	ramilowski
INHA	ACVR1	ramilowski_known	ramilowski
INHA	ACVR1B	ramilowski_known	ramilowski
INHA	ACVR2A	ramilowski_known	ramilowski
INHA	ACVR2B	ramilowski_known	ramilowski
INHA	TGFBR3	ramilowski_known	ramilowski
INHBA	BAMBI	ramilowski_known	ramilowski
JAG1	NOTCH1	ramilowski_known	ramilowski
JAG1	NOTCH2	ramilowski_known	ramilowski
JAG1	NOTCH3	ramilowski_known	ramilowski
JAG1	NOTCH4	ramilowski_known	ramilowski
JAG2	NOTCH1	ramilowski_known	ramilowski
JAG2	NOTCH2	ramilowski_known	ramilowski
JAG2	NOTCH3	ramilowski_known	ramilowski
JAG2	NOTCH4	ramilowski_known	ramilowski
KNG1	GPR135	ramilowski_known	ramilowski
LAMA1	ITGA7	ramilowski_known	ramilowski
LAMA1	ITGB1	ramilowski_known	ramilowski
LAMA1	ITGB8	ramilowski_known	ramilowski
LAMA1	RPSA	ramilowski_known	ramilowski
LAMA2	ITGA7	ramilowski_known	ramilowski
LAMA2	ITGB1	ramilowski_known	ramilowski
LAMA2	RPSA	ramilowski_known	ramilowski
LAMB1	ITGA6	ramilowski_known	ramilowski
LAMB1	ITGB1	ramilowski_known	ramilowski
LAMB2	RPSA	ramilowski_known	ramilowski
LAMC2	ITGA3	ramilowski_known	ramilowski
LAMC2	ITGA6	ramilowski_known	ramilowski
LAMC2	ITGB1	ramilowski_known	ramilowski
LAMC2	ITGB4	ramilowski_known	ramilowski
LEFTY2	ACVR2B	ramilowski_known	ramilowski
LIPH	LPAR1	ramilowski_known	ramilowski
LIPH	LPAR2	ramilowski_known	ramilowski
LIPH	LPAR4	ramilowski_known	ramilowski
LRPAP1	LRP1	ramilowski_known	ramilowski
LTB	CD40	ramilowski_known	ramilowski
LTF	LRP1	ramilowski_known	ramilowski
LTF	LRP11	ramilowski_known	ramilowski
MDK	ALK	ramilowski_known	ramilowski
MDK	PTPRB	ramilowski_known	ramilowski
MDK	PTPRZ1	ramilowski_known	ramilowski
MMP13	LRP1	ramilowski_known	ramilowski
MMP9	LRP1	ramilowski_known	ramilowski
NAMPT	INSR	ramilowski_known	ramilowski
NCAM1	ROBO1	ramilowski_known	ramilowski
NCAM1	ROBO3	ramilowski_known	ramilowski
NDP	LGR4	ramilowski_known	ramilowski
NGF	NTRK1	ramilowski_known	ramilowski
NGF	SORT1	ramilowski_known	ramilowski
NID1	PTPRF	ramilowski_known	ramilowski
NLGN1	NRXN1	ramilowski_known	ramilowski
NLGN1	NRXN3	ramilowski_known	ramilowski
NLGN2	NRXN1	ramilowski_known	ramilowski
NLGN2	NRXN2	ramilowski_known	ramilowski
NLGN2	NRXN3	ramilowski_known	ramilowski
NLGN3	NRXN1	ramilowski_known	ramilowski
NLGN3	NRXN2	ramilowski_known	ramilowski
NLGN3	NRXN3	ramilowski_known	ramilowski
NODAL	ACVR1B	ramilowski_known	ramilowski
NODAL	ACVR1C	ramilowski_known	ramilowski
NODAL	ACVR2A	ramilowski_known	ramilowski
NODAL	ACVR2B	ramilowski_known	ramilowski
NOV	NOTCH1	ramilowski_known	ramilowski
NPNT	ITGA8	ramilowski_known	ramilowski
NPNT	ITGB1	ramilowski_known	ramilowski
NPPA	NPR3	ramilowski_known	ramilowski
NPPB	NPR2	ramilowski_known	ramilowski
NPPB	NPR3	ramilowski_known	ramilowski
NRG1	ERBB2	ramilowski_known	ramilowski
NRTN	GFRA1	ramilowski_known	ramilowski
NRTN	GFRA2	ramilowski_known	ramilowski
NRTN	RET	ramilowski_known	ramilowski
NTF3	NTRK1	ramilowski_known	ramilowski
NTF3	NTRK2	ramilowski_known	ramilowski
NTF4	NTRK1	ramilowski_known	ramilowski
NTF4	NTRK2	ramilowski_known	ramilowski
NTF4	NTRK3	ramilowski_known	ramilowski
NTN1	DCC	ramilowski_known	ramilowski
NTN1	UNC5C	ramilowski_known	ramilowski
NTN3	CDON	ramilowski_known	ramilowski
NTN3	NEO1	ramilowski_known	ramilowski
NTN4	DCC	ramilowski_known	ramilowski
NTN4	UNC5A	ramilowski_known	ramilowski
NTNG1	LRRC4C	ramilowski_known	ramilowski
NUCB2	ERAP1	ramilowski_known	ramilowski
NXPH1	NRXN1	ramilowski_known	ramilowski
NXPH1	NRXN2	ramilowski_known	ramilowski
NXPH1	NRXN3	ramilowski_known	ramilowski
NXPH3	NRXN1	ramilowski_known	ramilowski
NXPH3	NRXN2	ramilowski_known	ramilowski
NXPH3	NRXN3	ramilowski_known	ramilowski
OMG	LINGO1	ramilowski_known	ramilowski
OMG	TNFRSF1B	ramilowski_known	ramilowski
PDGFD	PDGFRB	ramilowski_known	ramilowski
PENK	OGFR	ramilowski_known	ramilowski
PF4	FGFR2	ramilowski_known	ramilowski
PF4	LDLR	ramilowski_known	ramilowski
PF4	PROCR	ramilowski_known	ramilowski
PF4	THBD	ramilowski_known	ramilowski
PGF	FLT1	ramilowski_known	ramilowski
PGF	NRP1	ramilowski_known	ramilowski
PLAT	LRP1	ramilowski_known	ramilowski
PLAU	LRP1	ramilowski_known	ramilowski
PLAU	PLAUR	ramilowski_known	ramilowski
PLG	ITGA9	ramilowski_known	ramilowski
PLG	ITGB1	ramilowski_known	ramilowski
PODXL2	SELL	ramilowski_known	ramilowski
PPBP	CXCR1	ramilowski_known	ramilowski
PRND	RPSA	ramilowski_known	ramilowski
PROC	PROCR	ramilowski_known	ramilowski
PSAP	LRP1	ramilowski_known	ramilowski
PSEN1	NCSTN	ramilowski_known	ramilowski
PSPN	GFRA4	ramilowski_known	ramilowski
PSPN	RET	ramilowski_known	ramilowski
PTDSS1	JMJD6	ramilowski_known	ramilowski
PTDSS1	SCARB1	ramilowski_known	ramilowski
PTGS2	PTGDR2	ramilowski_known	ramilowski
PTH	PTH1R	ramilowski_known	ramilowski
PTH	PTH2R	ramilowski_known	ramilowski
PTN	PTPRB	ramilowski_known	ramilowski
PTN	PTPRZ1	ramilowski_known	ramilowski
QRFP	P2RY14	ramilowski_known	ramilowski
RELN	LRP8	ramilowski_known	ramilowski
RELN	VLDLR	ramilowski_known	ramilowski
REN	ATP6AP2	ramilowski_known	ramilowski
RGMA	NEO1	ramilowski_known	ramilowski
RSPO1	LRP6	ramilowski_known	ramilowski
RTN4	LINGO1	ramilowski_known	ramilowski
RTN4	RTN4R	ramilowski_known	ramilowski
RTN4	TNFRSF19	ramilowski_known	ramilowski
SEMA3A	NRP1	ramilowski_known	ramilowski
SEMA3A	PLXNA1	ramilowski_known	ramilowski
SEMA3A	PLXNA2	ramilowski_known	ramilowski
SEMA3A	PLXNA4	ramilowski_known	ramilowski
SEMA3B	NRP1	ramilowski_known	ramilowski
SEMA3C	NRP2	ramilowski_known	ramilowski
SEMA3E	PLXND1	ramilowski_known	ramilowski
SEMA3F	NRP2	ramilowski_known	ramilowski
SEMA3F	PLXNA3	ramilowski_known	ramilowski
SEMA4D	MET	ramilowski_known	ramilowski
SEMA4D	PLXNB1	ramilowski_known	ramilowski
SEMA4D	PLXNB2	ramilowski_known	ramilowski
SEMA5A	MET	ramilowski_known	ramilowski
SEMA5A	PLXNB3	ramilowski_known	ramilowski
SEMA6D	KDR	ramilowski_known	ramilowski
SEMA6D	PLXNA1	ramilowski_known	ramilowski
SEMA7A	PLXNC1	ramilowski_known	ramilowski
SERPINA1	LRP1	ramilowski_known	ramilowski
SERPINC1	LRP1	ramilowski_known	ramilowski
SERPINE1	LRP1	ramilowski_known	ramilowski
SERPINE2	LRP1	ramilowski_known	ramilowski
SERPING1	LRP1	ramilowski_known	ramilowski
SHH	BOC	ramilowski_known	ramilowski
SHH	CDON	ramilowski_known	ramilowski
SHH	HHIP	ramilowski_known	ramilowski
SHH	PTCH1	ramilowski_known	ramilowski
SHH	SMO	ramilowski_known	ramilowski
SLIT1	GPC1	ramilowski_known	ramilowski
SLIT1	ROBO1	ramilowski_known	ramilowski
SLIT1	SDC1	ramilowski_known	ramilowski
SLIT2	GPC1	ramilowski_known	ramilowski
SLIT2	ROBO1	ramilowski_known	ramilowski
SLIT2	ROBO2	ramilowski_known	ramilowski
SLIT2	ROBO4	ramilowski_known	ramilowski
SLIT2	SDC1	ramilowski_known	ramilowski
SOST	LRP5	ramilowski_known	ramilowski
SOST	LRP6	ramilowski_known	ramilowski
SPP1	CD44	ramilowski_known	ramilowski
TDGF1	ACVR2A	ramilowski_known	ramilowski
TFPI	LRP1	ramilowski_known	ramilowski
TFPI	VLDLR	ramilowski_known	ramilowski
TF	TFRC	ramilowski_known	ramilowski
TGFB1	ACVRL1	ramilowski_known	ramilowski
TGFB1	TGFBR3	ramilowski_known	ramilowski
TGFB2	TGFBR3	ramilowski_known	ramilowski
TGFB3	ACVRL1	ramilowski_known	ramilowski
TGFB3	TGFBR3	ramilowski_known	ramilowski
THBS1	CD36	ramilowski_known	ramilowski
THBS1	CD47	ramilowski_known	ramilowski
THBS1	SDC1	ramilowski_known	ramilowski
THBS2	CD47	ramilowski_known	ramilowski
TNFSF12	TNFRSF25	ramilowski_known	ramilowski
TNF	LTBR	ramilowski_known	ramilowski
TNF	TNFRSF21	ramilowski_known	ramilowski
TPH1	HTR1A	ramilowski_known	ramilowski
TPH1	HTR1B	ramilowski_known	ramilowski
TPH1	HTR1D	ramilowski_known	ramilowski
TPH1	HTR1E	ramilowski_known	ramilowski
TPH1	HTR1F	ramilowski_known	ramilowski
TPH1	HTR2A	ramilowski_known	ramilowski
TPH1	HTR2B	ramilowski_known	ramilowski
TPH1	HTR2C	ramilowski_known	ramilowski
TPH1	HTR4	ramilowski_known	ramilowski
TPH1	HTR5A	ramilowski_known	ramilowski
TPH1	HTR6	ramilowski_known	ramilowski
TPH1	HTR7	ramilowski_known	ramilowski
ULBP2	KLRK1	ramilowski_known	ramilowski
VCAM1	ITGAD	ramilowski_known	ramilowski
VCAM1	ITGB1	ramilowski_known	ramilowski
VCAM1	ITGB2	ramilowski_known	ramilowski
VEGFA	NRP1	ramilowski_known	ramilowski
VEGFA	NRP2	ramilowski_known	ramilowski
VEGFB	NRP1	ramilowski_known	ramilowski
VEGFC	NRP2	ramilowski_known	ramilowski
VEGFC	VIPR2	ramilowski_known	ramilowski
VTN	ITGA5	ramilowski_known	ramilowski
WNT11	FZD7	ramilowski_known	ramilowski
WNT1	FZD3	ramilowski_known	ramilowski
WNT1	FZD8	ramilowski_known	ramilowski
WNT1	FZD9	ramilowski_known	ramilowski
WNT1	RYK	ramilowski_known	ramilowski
WNT3	FZD8	ramilowski_known	ramilowski
WNT3	LRP6	ramilowski_known	ramilowski
WNT3	RYK	ramilowski_known	ramilowski
WNT4	FZD2	ramilowski_known	ramilowski
WNT5A	FZD2	ramilowski_known	ramilowski
WNT5A	FZD4	ramilowski_known	ramilowski
WNT5A	FZD7	ramilowski_known	ramilowski
WNT5A	RYK	ramilowski_known	ramilowski
WNT7A	FZD5	ramilowski_known	ramilowski
WNT7B	FZD1	ramilowski_known	ramilowski
WNT7B	FZD10	ramilowski_known	ramilowski
WNT7B	LRP5	ramilowski_known	ramilowski
ZP3	MERTK	ramilowski_known	ramilowski
HLA-DRA	CD4	kegg_cams	kegg
HLA-F	CD8A	kegg_cams	kegg
ICOSLG	ICOS	kegg_cams	kegg
NRXN1	NLGN1	kegg_cams	kegg
SPN	SIGLEC1	kegg_cams	kegg
ICOSLG	CD28	kegg_cams	kegg
ICOSLG	CTLA4	kegg_cams	kegg
CSHL1	GHR	kegg_neuroactive	kegg
COL2A1	ITGA1	kegg_ecm	kegg
LAMA1	ITGA1	kegg_ecm	kegg
LAMA1	ITGA2	kegg_ecm	kegg
LAMA1	ITGA3	kegg_ecm	kegg
COL2A1	ITGA3	kegg_ecm	kegg
LAMA1	ITGA6	kegg_ecm	kegg
COL2A1	ITGA9	kegg_ecm	kegg
LAMA1	ITGA9	kegg_ecm	kegg
COL2A1	ITGA11	kegg_ecm	kegg
COL2A1	ITGAV	kegg_ecm	kegg
COL2A1	ITGB8	kegg_ecm	kegg
LAMA1	ITGAV	kegg_ecm	kegg
LAMA1	ITGB4	kegg_ecm	kegg
COL2A1	CD44	kegg_ecm	kegg
LAMA1	CD44	kegg_ecm	kegg
COL2A1	SDC1	kegg_ecm	kegg
LAMA1	SV2A	kegg_ecm	kegg
COL2A1	GP6	kegg_ecm	kegg
LAMA1	DAG1	kegg_ecm	kegg
CCL3L3	CCR1	pharmacology	guide2pharmacology
CCL5	SDC4	ppi_lr	ppi_prediction
EDN2	EDNRB	ppi_lr	ppi_prediction
CSF2	SDC2	ppi_lr	ppi_prediction
LAMA1	GPC1	ppi_lr	ppi_prediction
TDGF1	GPC1	ppi_lr	ppi_prediction
WNT3	FZD1	ppi_lr	ppi_prediction
NRG1	GPC1	ppi_lr	ppi_prediction
DKK1	LRP5	ppi_lr	ppi_prediction
LAMA1	SDC4	ppi_lr	ppi_prediction
CCL5	SDC1	ppi_lr	ppi_prediction
CALR	TSHR	ppi_lr	ppi_prediction
WNT1	FZD1	ppi_lr	ppi_prediction
CCL26	CCR1	ppi_lr	ppi_prediction
CCL23	FPR2	ppi_lr	ppi_prediction
CAMP	IGF1R	ppi_lr	ppi_prediction
RSPO2	JMJD6	ppi_lr	ppi_prediction
BTC	ERBB2	ppi_lr	ppi_prediction
CTGF	FGFR3	ppi_lr	ppi_prediction
IL6	HRH1	ppi_lr	ppi_prediction
CTGF	FGFR2	ppi_lr	ppi_prediction
GDF9	KIT	ppi_lr	ppi_prediction
CCL3	CXCR5	ppi_lr	ppi_prediction
CCL3	CCR3	ppi_lr	ppi_prediction
TNF	TRAF2	ppi_lr	ppi_prediction
CCL16	CCR8	ppi_lr	ppi_prediction
CCL7	ACKR4	ppi_lr	ppi_prediction
CCL16	CXCR5	ppi_lr	ppi_prediction
FGF6	FGFR3	ppi_lr	ppi_prediction
EFNA5	EPHB1	ppi_lr	ppi_prediction
FGF2	SDC1	ppi_lr	ppi_prediction
EGF	ERBB3	ppi_lr	ppi_prediction
HGF	SDC1	ppi_lr	ppi_prediction
CCL19	ACKR2	ppi_lr	ppi_prediction
WNT1	LRP5	ppi_lr	ppi_prediction
CNTF	IL6R	ppi_lr	ppi_prediction
CTGF	LRP1	ppi_lr	ppi_prediction
CCL3	ACKR2	ppi_lr	ppi_prediction
CCL3	CCR4	ppi_lr	ppi_prediction
CTGF	ERBB4	ppi_lr	ppi_prediction
PDGFB	LRP1	ppi_lr	ppi_prediction
CCL21	ACKR2	ppi_lr	ppi_prediction
HBEGF	CD44	ppi_lr	ppi_prediction
APOB	LRP2	ppi_lr	ppi_prediction
INS	LRP2	ppi_lr	ppi_prediction
EFNB2	EPHA3	ppi_lr	ppi_prediction
INS	IGF1R	ppi_lr	ppi_prediction
IAPP	RAMP1	ppi_lr	ppi_prediction
ARF1	INSR	ppi_lr	ppi_prediction
CCL27	ACKR2	ppi_lr	ppi_prediction
CCL25	ACKR2	ppi_lr	ppi_prediction
LAMA2	DAG1	ppi_lr	ppi_prediction
CCL19	CCR10	ppi_lr	ppi_prediction
EGF	ERBB2	ppi_lr	ppi_prediction
FGF2	SDC3	ppi_lr	ppi_prediction
CCL28	ACKR2	ppi_lr	ppi_prediction
GHRL	GHRHR	ppi_lr	ppi_prediction
CCL7	CCR10	ppi_lr	ppi_prediction
VEGFD	NRP1	ppi_lr	ppi_prediction
VEGFD	NRP2	ppi_lr	ppi_prediction
APOB	CALCR	ppi_lr	ppi_prediction
WNT1	ROR2	ppi_lr	ppi_prediction
CTGF	EGFR	ppi_lr	ppi_prediction
PDGFB	NRP1	ppi_lr	ppi_prediction
EFNB2	EPHA5	ppi_lr	ppi_prediction
EFNB2	SDC2	ppi_lr	ppi_prediction
DKK1	KIT	ppi_lr	ppi_prediction
FGF1	GPC1	ppi_lr	ppi_prediction
FGF1	SDC4	ppi_lr	ppi_prediction
FGF1	SDC2	ppi_lr	ppi_prediction
DLK1	FGFR1	ppi_lr	ppi_prediction
WNT3	TRAF2	ppi_lr	ppi_prediction
TNF	DAG1	ppi_lr	ppi_prediction
TNF	PTPRS	ppi_lr	ppi_prediction
TNF	NEO1	ppi_lr	ppi_prediction
GSTP1	NTRK1	ppi_lr	ppi_prediction
RTN4	NTRK1	ppi_lr	ppi_prediction
CALR	NTRK1	ppi_lr	ppi_prediction
INSL3	ALK	ppi_lr	ppi_prediction
EFNB2	SDC1	ppi_lr	ppi_prediction
IL12B	IL23R	ppi_lr	ppi_prediction
HBEGF	ERBB2	ppi_lr	ppi_prediction
FGF2	GPC1	ppi_lr	ppi_prediction
HBEGF	PRLR	ppi_lr	ppi_prediction
PRL	ERBB4	ppi_lr	ppi_prediction
EPO	KIT	ppi_lr	ppi_prediction
NRG4	EGFR	ppi_lr	ppi_prediction
FGF23	FGFR3	ppi_lr	ppi_prediction
AREG	ERBB2	ppi_lr	ppi_prediction
EREG	ERBB2	ppi_lr	ppi_prediction
NRG2	ERBB2	ppi_lr	ppi_prediction
IL6	ERBB2	ppi_lr	ppi_prediction
EFNB2	LRP6	ppi_lr	ppi_prediction
EFNB2	FZD6	ppi_lr	ppi_prediction
EFNB2	EPHA2	ppi_lr	ppi_prediction
EFNB2	INSR	ppi_lr	ppi_prediction
EFNB2	ROR2	ppi_lr	ppi_prediction
EFNB2	FZD5	ppi_lr	ppi_prediction
EFNB2	LRP8	ppi_lr	ppi_prediction
JAG2	FZD6	ppi_lr	ppi_prediction
JAG2	EPHA2	ppi_lr	ppi_prediction
JAG2	INSR	ppi_lr	ppi_prediction
JAG2	ROR2	ppi_lr	ppi_prediction
JAG2	FZD5	ppi_lr	ppi_prediction
JAG2	LRP8	ppi_lr	ppi_prediction
EFNB1	FZD5	ppi_lr	ppi_prediction
EFNB1	LRP8	ppi_lr	ppi_prediction
ANXA1	EPHA5	ppi_lr	ppi_prediction
NDP	LRP5	ppi_lr	ppi_prediction
RTN4	ROR2	ppi_lr	ppi_prediction
EFNB2	UNC5C	ppi_lr	ppi_prediction
EFNB2	LRP2	ppi_lr	ppi_prediction
JAG2	LRP2	ppi_lr	ppi_prediction
EFNB1	LRP2	ppi_lr	ppi_prediction
LAMB1	SDC2	ppi_lr	ppi_prediction
LAMB1	SDC1	ppi_lr	ppi_prediction
TF	SDC1	ppi_lr	ppi_prediction
ARF1	FAS	ppi_lr	ppi_prediction
APOB	ERBB2	ppi_lr	ppi_prediction
APOB	EGFR	ppi_lr	ppi_prediction
APOB	PTPRF	ppi_lr	ppi_prediction
APOB	MET	ppi_lr	ppi_prediction
CALR	FAS	ppi_lr	ppi_prediction
UTS2	FAS	ppi_lr	ppi_prediction
LAMB1	FAS	ppi_lr	ppi_prediction
ANXA1	HMMR	ppi_lr	ppi_prediction
ARF1	MYLK	ppi_lr	ppi_prediction
ARF1	LRP5	ppi_lr	ppi_prediction
ARF1	HMMR	ppi_lr	ppi_prediction
GSTP1	MYLK	ppi_lr	ppi_prediction
GSTP1	LRP5	ppi_lr	ppi_prediction
GSTP1	FAS	ppi_lr	ppi_prediction
GSTP1	HMMR	ppi_lr	ppi_prediction
CALR	LRP5	ppi_lr	ppi_prediction
CALR	HMMR	ppi_lr	ppi_prediction
ANXA1	LIFR	ppi_lr	ppi_prediction
ANXA1	DDR2	ppi_lr	ppi_prediction
EFNB2	EPHA7	ppi_lr	ppi_prediction
JAG2	EPHA7	ppi_lr	ppi_prediction
RTN4	EPHA2	ppi_lr	ppi_prediction
RTN4	FZD6	ppi_lr	ppi_prediction
RTN4	EPHA7	ppi_lr	ppi_prediction
EFNB1	EPHA7	ppi_lr	ppi_prediction
ARF1	CD44	ppi_lr	ppi_prediction
CALR	CD44	ppi_lr	ppi_prediction
IGF1	INSR	ppi_lr	ppi_prediction
EPGN	ERBB4	ppi_lr	ppi_prediction
PDGFC	PDGFRB	ppi_lr	ppi_prediction
APP	TGFBR2	ppi_lr	ppi_prediction
F2	LRP1	ppi_lr	ppi_prediction
WNT5A	LRP6	ppi_lr	ppi_prediction
WNT4	LRP6	ppi_lr	ppi_prediction
WNT1	LRP6	ppi_lr	ppi_prediction
WNT11	LRP6	ppi_lr	ppi_prediction
WNT3A	LRP6	ppi_lr	ppi_prediction
WNT7A	LRP6	ppi_lr	ppi_prediction
PSEN1	NOTCH1	ppi_lr	ppi_prediction
WNT1	NOTCH1	ppi_lr	ppi_prediction
ADAM17	NOTCH1	ppi_lr	ppi_prediction
RSPO2	SDC4	ppi_lr	ppi_prediction
RSPO3	SDC4	ppi_lr	ppi_prediction
EREG	ERBB3	ppi_lr	ppi_prediction
TNFSF14	TRAF2	ppi_lr	ppi_prediction
WNT5A	FZD5	ppi_lr	ppi_prediction
ADAM17	IL1R2	ppi_lr	ppi_prediction
GZMB	FGFR1	ppi_lr	ppi_prediction
IL22	IL20RA	ppi_lr	ppi_prediction
WNT5A	FZD3	ppi_lr	ppi_prediction
WNT5A	ROR2	ppi_lr	ppi_prediction
WNT4	LRP5	ppi_lr	ppi_prediction
WNT4	FZD3	ppi_lr	ppi_prediction
CSF3	CSF2RA	ppi_lr	ppi_prediction
IL22	IFNAR2	ppi_lr	ppi_prediction
CSF1	CSF3R	ppi_lr	ppi_prediction
CCL2	ACKR4	ppi_lr	ppi_prediction
TDGF1	ACVR1B	ppi_lr	ppi_prediction
WNT1	FZD6	ppi_lr	ppi_prediction
WNT3A	LRP5	ppi_lr	ppi_prediction
WNT7A	LRP5	ppi_lr	ppi_prediction
CSF1	CSF2RA	ppi_lr	ppi_prediction
WNT11	FZD3	ppi_lr	ppi_prediction
WNT11	FZD6	ppi_lr	ppi_prediction
WNT11	MUSK	ppi_lr	ppi_prediction
PTN	ALK	ppi_lr	ppi_prediction
WNT3A	FZD3	ppi_lr	ppi_prediction
WNT7A	FZD3	ppi_lr	ppi_prediction
WNT3	FZD3	ppi_lr	ppi_prediction
WNT7B	FZD3	ppi_lr	ppi_prediction
IHH	PTCH2	ppi_lr	ppi_prediction
SHH	PTCH2	ppi_lr	ppi_prediction
CCL26	CCR5	ppi_lr	ppi_prediction
DHH	PTCH1	ppi_lr	ppi_prediction
ADAM17	IL6R	ppi_lr	ppi_prediction
PLG	F2RL1	ppi_lr	ppi_prediction
WNT3A	FZD8	ppi_lr	ppi_prediction
WNT3A	FZD1	ppi_lr	ppi_prediction
WNT3A	RYK	ppi_lr	ppi_prediction
WNT3A	FZD2	ppi_lr	ppi_prediction
CCL26	CX3CR1	ppi_lr	ppi_prediction
WNT7A	FZD7	ppi_lr	ppi_prediction
MDK	NOTCH2	ppi_lr	ppi_prediction
IL10	IFNAR2	ppi_lr	ppi_prediction
PENK	OPRL1	ppi_lr	ppi_prediction
CNTF	CRLF1	ppi_lr	ppi_prediction
EDN1	EDNRB	ppi_lr	ppi_prediction
CALM1	CALCR	ppi_lr	ppi_prediction
TGFB1	ITGB6	ppi_lr	ppi_prediction
VTN	ITGB6	ppi_lr	ppi_prediction
TGFA	ERBB4	ppi_lr	ppi_prediction
ADAM17	ERBB4	ppi_lr	ppi_prediction
MDK	LRP2	ppi_lr	ppi_prediction
PLAU	LRP2	ppi_lr	ppi_prediction
APOE	LRP2	ppi_lr	ppi_prediction
SERPINE1	LRP2	ppi_lr	ppi_prediction
LRPAP1	LRP2	ppi_lr	ppi_prediction
TGFB1	ERBB2	ppi_lr	ppi_prediction
TGFA	ERBB2	ppi_lr	ppi_prediction
ANGPT2	ITGA5	ppi_lr	ppi_prediction
COL1A1	ITGA5	ppi_lr	ppi_prediction
APP	SDC1	ppi_lr	ppi_prediction
APP	LRP1	ppi_lr	ppi_prediction
APP	KDR	ppi_lr	ppi_prediction
APP	NCSTN	ppi_lr	ppi_prediction
APP	NGFR	ppi_lr	ppi_prediction
APP	PROKR1	ppi_lr	ppi_prediction
APP	GPC1	ppi_lr	ppi_prediction
KNG1	RXFP4	ppi_lr	ppi_prediction
SPP1	SDC1	ppi_lr	ppi_prediction
CTSG	SDC1	ppi_lr	ppi_prediction
CALR	LRP1	ppi_lr	ppi_prediction
THBS1	LRP1	ppi_lr	ppi_prediction
CTSG	LRP1	ppi_lr	ppi_prediction
WNT3A	LRP1	ppi_lr	ppi_prediction
MDK	LRP1	ppi_lr	ppi_prediction
APOE	LRP1	ppi_lr	ppi_prediction
TGFB1	SDC2	ppi_lr	ppi_prediction
HGF	SDC2	ppi_lr	ppi_prediction
PF4	SDC2	ppi_lr	ppi_prediction
SERPINC1	SDC2	ppi_lr	ppi_prediction
SERPINA1	SDC2	ppi_lr	ppi_prediction
TNFSF13	SDC2	ppi_lr	ppi_prediction
HSP90B1	TNFRSF1B	ppi_lr	ppi_prediction
CALM1	TNFRSF1B	ppi_lr	ppi_prediction
FGA	ITGB3	ppi_lr	ppi_prediction
GZMB	NOTCH1	ppi_lr	ppi_prediction
CALM1	HTR2C	ppi_lr	ppi_prediction
CALR	MTNR1A	ppi_lr	ppi_prediction
CSF2	IL3RA	ppi_lr	ppi_prediction
MDK	SDC4	ppi_lr	ppi_prediction
TGFB3	SDC4	ppi_lr	ppi_prediction
PSEN1	NOTCH4	ppi_lr	ppi_prediction
PSEN1	NOTCH3	ppi_lr	ppi_prediction
PSEN1	NOTCH2	ppi_lr	ppi_prediction
FN1	TSHR	ppi_lr	ppi_prediction
FN1	ITGB5	ppi_lr	ppi_prediction
FN1	MTNR1A	ppi_lr	ppi_prediction
MMP9	CD44	ppi_lr	ppi_prediction
MMP9	EPHB2	ppi_lr	ppi_prediction
FGA	ITGA2B	ppi_lr	ppi_prediction
F2	ITGA2B	ppi_lr	ppi_prediction
COL2A1	ITGA2B	ppi_lr	ppi_prediction
TNFSF9	TRAF2	ppi_lr	ppi_prediction
TNFSF4	TRAF2	ppi_lr	ppi_prediction
CALM1	TRAF2	ppi_lr	ppi_prediction
COL2A1	DDR1	ppi_lr	ppi_prediction
PPBP	IL7R	ppi_lr	ppi_prediction
TNF	PTPRZ1	ppi_lr	ppi_prediction
CCL22	CCR7	ppi_lr	ppi_prediction
GDF9	ACVR2A	ppi_lr	ppi_prediction
FGF7	FGFR3	ppi_lr	ppi_prediction
FGF7	FGFR4	ppi_lr	ppi_prediction
WNT5A	FZD1	ppi_lr	ppi_prediction
WNT1	CD36	ppi_lr	ppi_prediction
COL1A1	CD36	ppi_lr	ppi_prediction
CALM1	FAS	ppi_lr	ppi_prediction
TNFSF13	FAS	ppi_lr	ppi_prediction
NTN1	NEO1	ppi_lr	ppi_prediction
CCL3	ACKR4	ppi_lr	ppi_prediction
CTSG	CXCR4	ppi_lr	ppi_prediction
TGFB1	BMPR1A	ppi_lr	ppi_prediction
GDF9	BMPR1A	ppi_lr	ppi_prediction
VTN	PLAUR	ppi_lr	ppi_prediction
KNG1	PLAUR	ppi_lr	ppi_prediction
CCL2	CCR10	ppi_lr	ppi_prediction
TDGF1	ACVR1C	ppi_lr	ppi_prediction
CCL13	ACKR4	ppi_lr	ppi_prediction
CCL11	ACKR4	ppi_lr	ppi_prediction
CCL8	ACKR4	ppi_lr	ppi_prediction
CXCL13	ACKR4	ppi_lr	ppi_prediction
CCL5	ACKR4	ppi_lr	ppi_prediction
CCL4	ACKR4	ppi_lr	ppi_prediction
EFNA1	EPHB1	ppi_lr	ppi_prediction
EPO	EPHB4	ppi_lr	ppi_prediction
TGFB1	ITGAV	ppi_lr	ppi_prediction
TGFB1	ITGB8	ppi_lr	ppi_prediction
PROS1	RPSA	ppi_lr	ppi_prediction
TNFSF13	TNFRSF1A	ppi_lr	ppi_prediction
CALM1	TNFRSF1A	ppi_lr	ppi_prediction
CCL5	CXCR5	ppi_lr	ppi_prediction
CCL4	CXCR5	ppi_lr	ppi_prediction
PTN	PTPRS	ppi_lr	ppi_prediction
CTSG	F2RL1	ppi_lr	ppi_prediction
GDF5	ACVR1	ppi_lr	ppi_prediction
CCL1	CCR1	ppi_lr	ppi_prediction
GSTP1	IL7R	ppi_lr	ppi_prediction
CCL4	CCR3	ppi_lr	ppi_prediction
GDF5	ACVR2B	ppi_lr	ppi_prediction
FGF2	CD44	ppi_lr	ppi_prediction
VEGFA	PTPRB	ppi_lr	ppi_prediction
FGF3	FGFR3	ppi_lr	ppi_prediction
FGF3	FGFR4	ppi_lr	ppi_prediction
CCL25	CCR10	ppi_lr	ppi_prediction
TF	IL7R	ppi_lr	ppi_prediction
IL4	IL13RA2	ppi_lr	ppi_prediction
A2M	TNFRSF14	ppi_lr	ppi_prediction
CXCL13	CCR10	ppi_lr	ppi_prediction
PF4	CXCR3	ppi_lr	ppi_prediction
CXCL13	CXCR3	ppi_lr	ppi_prediction
NPY	MC4R	ppi_lr	ppi_prediction
PLAU	IGF2R	ppi_lr	ppi_prediction
BDNF	SORT1	ppi_lr	ppi_prediction
LRPAP1	SORT1	ppi_lr	ppi_prediction
NTS	SORT1	ppi_lr	ppi_prediction
SAA1	FPR1	ppi_lr	ppi_prediction
PLG	F3	ppi_lr	ppi_prediction
CALM1	OPRM1	ppi_lr	ppi_prediction
CYR61	ITGB5	ppi_lr	ppi_prediction
LRPAP1	SORL1	ppi_lr	ppi_prediction
INHBA	TGFBR3	ppi_lr	ppi_prediction
CALM1	ADCYAP1R1	ppi_lr	ppi_prediction
CALM1	SCTR	ppi_lr	ppi_prediction
CALM1	GP6	ppi_lr	ppi_prediction
CALM1	GLP1R	ppi_lr	ppi_prediction
CALM1	PTH2R	ppi_lr	ppi_prediction
CALM1	GRM4	ppi_lr	ppi_prediction
CALM1	VIPR1	ppi_lr	ppi_prediction
APOE	SCARB1	ppi_lr	ppi_prediction
CYR61	ITGAV	ppi_lr	ppi_prediction
VEGFA	EPHB2	ppi_lr	ppi_prediction
VEGFA	PTPRZ1	ppi_lr	ppi_prediction
VEGFA	GPC1	ppi_lr	ppi_prediction
PLG	F2R	ppi_lr	ppi_prediction
C3	C5AR2	ppi_lr	ppi_prediction
LRPAP1	LRP8	ppi_lr	ppi_prediction
GCG	GIPR	ppi_lr	ppi_prediction
LRPAP1	VLDLR	ppi_lr	ppi_prediction
ADCYAP1	SCTR	ppi_lr	ppi_prediction
F2	GP1BA	ppi_lr	ppi_prediction
F2	THBD	ppi_lr	ppi_prediction
F2	GP5	ppi_lr	ppi_prediction
KNG1	GP1BA	ppi_lr	ppi_prediction
TNFSF13	TNFRSF14	ppi_lr	ppi_prediction
NPPA	NPR2	ppi_lr	ppi_prediction
EDN3	EDNRA	ppi_lr	ppi_prediction
CALM1	PTH1R	ppi_lr	ppi_prediction
PROC	THBD	ppi_lr	ppi_prediction
NPY	NPFFR2	ppi_lr	ppi_prediction
SLIT1	MTNR1A	ppi_lr	ppi_prediction
LRRC4	NTNG1	ppi_lr	ppi_prediction
HCRT	NPFFR2	ppi_lr	ppi_prediction
ASIP	MC2R	ppi_lr	ppi_prediction
INHBB	ACVR1C	ppi_lr	ppi_prediction
CORT	CXCR6	ppi_lr	ppi_prediction
CORT	GALR2	ppi_lr	ppi_prediction
CORT	GALR3	ppi_lr	ppi_prediction
CORT	HTR1A	ppi_lr	ppi_prediction
CORT	FPR1	ppi_lr	ppi_prediction
CORT	C5AR1	ppi_lr	ppi_prediction
CORT	CXCR1	ppi_lr	ppi_prediction
CORT	CXCR2	ppi_lr	ppi_prediction
CORT	FPR2	ppi_lr	ppi_prediction
CORT	ACKR3	ppi_lr	ppi_prediction
CORT	NPY1R	ppi_lr	ppi_prediction
CORT	HTR1D	ppi_lr	ppi_prediction
CORT	HTR1B	ppi_lr	ppi_prediction
CORT	BDKRB2	ppi_lr	ppi_prediction
CORT	HTR1F	ppi_lr	ppi_prediction
CORT	CCR1	ppi_lr	ppi_prediction
CORT	CCR7	ppi_lr	ppi_prediction
CORT	CXCR5	ppi_lr	ppi_prediction
CORT	OPRM1	ppi_lr	ppi_prediction
CORT	APLNR	ppi_lr	ppi_prediction
CORT	OPRD1	ppi_lr	ppi_prediction
CORT	OPRK1	ppi_lr	ppi_prediction
CORT	OPRL1	ppi_lr	ppi_prediction
CORT	CCR2	ppi_lr	ppi_prediction
CORT	CCR10	ppi_lr	ppi_prediction
CORT	BDKRB1	ppi_lr	ppi_prediction
CORT	GALR1	ppi_lr	ppi_prediction
CORT	HTR5A	ppi_lr	ppi_prediction
CORT	MTNR1A	ppi_lr	ppi_prediction
CORT	NPBWR1	ppi_lr	ppi_prediction
CORT	NPY2R	ppi_lr	ppi_prediction
CORT	MTNR1B	ppi_lr	ppi_prediction
CORT	CXCR3	ppi_lr	ppi_prediction
CORT	AGTR2	ppi_lr	ppi_prediction
CORT	NPY4R	ppi_lr	ppi_prediction
CORT	CCR3	ppi_lr	ppi_prediction
CORT	CCR4	ppi_lr	ppi_prediction
CORT	CCR5	ppi_lr	ppi_prediction
CORT	CCR6	ppi_lr	ppi_prediction
CORT	CCR8	ppi_lr	ppi_prediction
CORT	CCR9	ppi_lr	ppi_prediction
CORT	CXCR4	ppi_lr	ppi_prediction
CORT	GRM4	ppi_lr	ppi_prediction
CORT	P2RY14	ppi_lr	ppi_prediction
CORT	NPY5R	ppi_lr	ppi_prediction
CORT	C3AR1	ppi_lr	ppi_prediction
CORT	RXFP4	ppi_lr	ppi_prediction
CORT	LPAR1	ppi_lr	ppi_prediction
CORT	MCHR1	ppi_lr	ppi_prediction
CORT	NMUR2	ppi_lr	ppi_prediction
CORT	HRH4	ppi_lr	ppi_prediction
CORT	NMUR1	ppi_lr	ppi_prediction
CORT	LPAR2	ppi_lr	ppi_prediction
CORT	RXFP3	ppi_lr	ppi_prediction
CORT	HRH3	ppi_lr	ppi_prediction
CORT	PTGDR2	ppi_lr	ppi_prediction
LEFTY2	ACVR2A	ppi_lr	ppi_prediction
LEFTY2	ACVR1B	ppi_lr	ppi_prediction
LEFTY2	ACVR1C	ppi_lr	ppi_prediction
AGRN	ITGAV	ppi_lr	ppi_prediction
AGRN	LRP2	ppi_lr	ppi_prediction
AGRN	LRP1	ppi_lr	ppi_prediction
AGRN	PTPRS	ppi_lr	ppi_prediction
AGRN	LRP8	ppi_lr	ppi_prediction
DLL1	MTNR1A	ppi_lr	ppi_prediction
CCL21	GALR2	ppi_lr	ppi_prediction
CCL21	GALR3	ppi_lr	ppi_prediction
CCL21	HTR1A	ppi_lr	ppi_prediction
CCL21	FPR1	ppi_lr	ppi_prediction
CCL21	C5AR1	ppi_lr	ppi_prediction
CCL21	CXCR1	ppi_lr	ppi_prediction
CCL21	CXCR2	ppi_lr	ppi_prediction
CCL21	FPR2	ppi_lr	ppi_prediction
CCL21	ACKR3	ppi_lr	ppi_prediction
CCL21	NPY1R	ppi_lr	ppi_prediction
CCL21	HTR1D	ppi_lr	ppi_prediction
CCL21	HTR1B	ppi_lr	ppi_prediction
CCL21	BDKRB2	ppi_lr	ppi_prediction
CCL21	SSTR1	ppi_lr	ppi_prediction
CCL21	SSTR2	ppi_lr	ppi_prediction
CCL21	HTR1F	ppi_lr	ppi_prediction
CCL21	SSTR4	ppi_lr	ppi_prediction
CCL21	CCR1	ppi_lr	ppi_prediction
CCL21	CXCR5	ppi_lr	ppi_prediction
CCL21	SSTR3	ppi_lr	ppi_prediction
CCL21	SSTR5	ppi_lr	ppi_prediction
CCL21	OPRM1	ppi_lr	ppi_prediction
CCL21	APLNR	ppi_lr	ppi_prediction
CCL21	OPRD1	ppi_lr	ppi_prediction
CCL21	OPRK1	ppi_lr	ppi_prediction
CCL21	OPRL1	ppi_lr	ppi_prediction
CCL21	CCR2	ppi_lr	ppi_prediction
CCL21	CCR10	ppi_lr	ppi_prediction
CCL21	BDKRB1	ppi_lr	ppi_prediction
CCL21	GALR1	ppi_lr	ppi_prediction
CCL21	HTR5A	ppi_lr	ppi_prediction
CCL21	MTNR1A	ppi_lr	ppi_prediction
CCL21	NPBWR1	ppi_lr	ppi_prediction
CCL21	NPY2R	ppi_lr	ppi_prediction
CCL21	MTNR1B	ppi_lr	ppi_prediction
CCL21	AGTR2	ppi_lr	ppi_prediction
CCL21	NPY4R	ppi_lr	ppi_prediction
CCL21	CCR3	ppi_lr	ppi_prediction
CCL21	CCR4	ppi_lr	ppi_prediction
CCL21	CCR5	ppi_lr	ppi_prediction
CCL21	CCR6	ppi_lr	ppi_prediction
CCL21	CCR8	ppi_lr	ppi_prediction
CCL21	CCR9	ppi_lr	ppi_prediction
CCL21	CXCR4	ppi_lr	ppi_prediction
CCL21	GRM4	ppi_lr	ppi_prediction
CCL21	P2RY14	ppi_lr	ppi_prediction
CCL21	NPY5R	ppi_lr	ppi_prediction
CCL21	C3AR1	ppi_lr	ppi_prediction
CCL21	RXFP4	ppi_lr	ppi_prediction
CCL21	LPAR1	ppi_lr	ppi_prediction
CCL21	MCHR1	ppi_lr	ppi_prediction
CCL21	NMUR2	ppi_lr	ppi_prediction
CCL21	HRH4	ppi_lr	ppi_prediction
CCL21	NMUR1	ppi_lr	ppi_prediction
CCL21	LPAR2	ppi_lr	ppi_prediction
CCL21	RXFP3	ppi_lr	ppi_prediction
CCL21	HRH3	ppi_lr	ppi_prediction
CCL21	PTGDR2	ppi_lr	ppi_prediction
CYR61	PLXNA3	ppi_lr	ppi_prediction
NTN3	UNC5C	ppi_lr	ppi_prediction
NTN3	ACVR1B	ppi_lr	ppi_prediction
NTN3	TGFBR1	ppi_lr	ppi_prediction
NTN3	NOTCH1	ppi_lr	ppi_prediction
NTN3	NOTCH2	ppi_lr	ppi_prediction
NTN3	PTCH1	ppi_lr	ppi_prediction
NTN3	UNC5A	ppi_lr	ppi_prediction
NTN3	ACVR1C	ppi_lr	ppi_prediction
NTN3	BOC	ppi_lr	ppi_prediction
NTN3	ROBO2	ppi_lr	ppi_prediction
NTN3	NOTCH3	ppi_lr	ppi_prediction
NTN3	PTCH2	ppi_lr	ppi_prediction
WNT7A	ROR2	ppi_lr	ppi_prediction
WNT7A	FZD4	ppi_lr	ppi_prediction
WNT7A	FZD10	ppi_lr	ppi_prediction
WNT7A	FZD1	ppi_lr	ppi_prediction
NRG2	EGFR	ppi_lr	ppi_prediction
CXCL11	GALR2	ppi_lr	ppi_prediction
CXCL11	GALR3	ppi_lr	ppi_prediction
CXCL11	HTR1A	ppi_lr	ppi_prediction
CXCL11	FPR1	ppi_lr	ppi_prediction
CXCL11	C5AR1	ppi_lr	ppi_prediction
CXCL11	CXCR1	ppi_lr	ppi_prediction
CXCL11	CXCR2	ppi_lr	ppi_prediction
CXCL11	FPR2	ppi_lr	ppi_prediction
CXCL11	NPY1R	ppi_lr	ppi_prediction
CXCL11	HTR1D	ppi_lr	ppi_prediction
CXCL11	HTR1B	ppi_lr	ppi_prediction
CXCL11	BDKRB2	ppi_lr	ppi_prediction
CXCL11	SSTR1	ppi_lr	ppi_prediction
CXCL11	SSTR2	ppi_lr	ppi_prediction
CXCL11	HTR1F	ppi_lr	ppi_prediction
CXCL11	SSTR4	ppi_lr	ppi_prediction
CXCL11	CCR1	ppi_lr	ppi_prediction
CXCL11	CCR7	ppi_lr	ppi_prediction
CXCL11	CXCR5	ppi_lr	ppi_prediction
CXCL11	SSTR3	ppi_lr	ppi_prediction
CXCL11	SSTR5	ppi_lr	ppi_prediction
CXCL11	OPRM1	ppi_lr	ppi_prediction
CXCL11	APLNR	ppi_lr	ppi_prediction
CXCL11	OPRD1	ppi_lr	ppi_prediction
CXCL11	OPRK1	ppi_lr	ppi_prediction
CXCL11	OPRL1	ppi_lr	ppi_prediction
CXCL11	CCR2	ppi_lr	ppi_prediction
CXCL11	CCR10	ppi_lr	ppi_prediction
CXCL11	BDKRB1	ppi_lr	ppi_prediction
CXCL11	GALR1	ppi_lr	ppi_prediction
CXCL11	HTR5A	ppi_lr	ppi_prediction
CXCL11	MTNR1A	ppi_lr	ppi_prediction
CXCL11	NPBWR1	ppi_lr	ppi_prediction
CXCL11	NPY2R	ppi_lr	ppi_prediction
CXCL11	MTNR1B	ppi_lr	ppi_prediction
CXCL11	AGTR2	ppi_lr	ppi_prediction
CXCL11	NPY4R	ppi_lr	ppi_prediction
CXCL11	CCR4	ppi_lr	ppi_prediction
CXCL11	CCR5	ppi_lr	ppi_prediction
CXCL11	CCR6	ppi_lr	ppi_prediction
CXCL11	CCR8	ppi_lr	ppi_prediction
CXCL11	CCR9	ppi_lr	ppi_prediction
CXCL11	CXCR4	ppi_lr	ppi_prediction
CXCL11	GRM4	ppi_lr	ppi_prediction
CXCL11	P2RY14	ppi_lr	ppi_prediction
CXCL11	NPY5R	ppi_lr	ppi_prediction
CXCL11	C3AR1	ppi_lr	ppi_prediction
CXCL11	RXFP4	ppi_lr	ppi_prediction
CXCL11	LPAR1	ppi_lr	ppi_prediction
CXCL11	MCHR1	ppi_lr	ppi_prediction
CXCL11	NMUR2	ppi_lr	ppi_prediction
CXCL11	HRH4	ppi_lr	ppi_prediction
CXCL11	NMUR1	ppi_lr	ppi_prediction
CXCL11	LPAR2	ppi_lr	ppi_prediction
CXCL11	RXFP3	ppi_lr	ppi_prediction
CXCL11	HRH3	ppi_lr	ppi_prediction
CXCL11	PTGDR2	ppi_lr	ppi_prediction
TNFSF11	TRAF2	ppi_lr	ppi_prediction
NPFF	HCRTR1	ppi_lr	ppi_prediction
NPFF	HCRTR2	ppi_lr	ppi_prediction
NPFF	NTSR2	ppi_lr	ppi_prediction
NPFF	TACR2	ppi_lr	ppi_prediction
NPFF	EDNRB	ppi_lr	ppi_prediction
NPFF	FPR2	ppi_lr	ppi_prediction
NPFF	EDNRA	ppi_lr	ppi_prediction
NPFF	TACR1	ppi_lr	ppi_prediction
NPFF	F2R	ppi_lr	ppi_prediction
NPFF	HTR2A	ppi_lr	ppi_prediction
NPFF	HTR2C	ppi_lr	ppi_prediction
NPFF	NMBR	ppi_lr	ppi_prediction
NPFF	TACR3	ppi_lr	ppi_prediction
NPFF	BDKRB2	ppi_lr	ppi_prediction
NPFF	GRPR	ppi_lr	ppi_prediction
NPFF	AGTR1	ppi_lr	ppi_prediction
NPFF	OXTR	ppi_lr	ppi_prediction
NPFF	GNRHR	ppi_lr	ppi_prediction
NPFF	NTSR1	ppi_lr	ppi_prediction
NPFF	CCKAR	ppi_lr	ppi_prediction
NPFF	CCKBR	ppi_lr	ppi_prediction
NPFF	TRHR	ppi_lr	ppi_prediction
NPFF	HRH1	ppi_lr	ppi_prediction
NPFF	AVPR1A	ppi_lr	ppi_prediction
NPFF	HTR2B	ppi_lr	ppi_prediction
NPFF	XCR1	ppi_lr	ppi_prediction
NPFF	BDKRB1	ppi_lr	ppi_prediction
NPFF	GCGR	ppi_lr	ppi_prediction
NPFF	AVPR1B	ppi_lr	ppi_prediction
NPFF	F2RL1	ppi_lr	ppi_prediction
NPFF	NPSR1	ppi_lr	ppi_prediction
NPFF	PROKR2	ppi_lr	ppi_prediction
NPFF	PROKR1	ppi_lr	ppi_prediction
NPFF	LPAR1	ppi_lr	ppi_prediction
NPFF	GHSR	ppi_lr	ppi_prediction
NPFF	KISS1R	ppi_lr	ppi_prediction
NPFF	QRFPR	ppi_lr	ppi_prediction
NPFF	F2RL3	ppi_lr	ppi_prediction
NPFF	LPAR4	ppi_lr	ppi_prediction
NPFF	MCHR1	ppi_lr	ppi_prediction
NPFF	NMUR2	ppi_lr	ppi_prediction
NPFF	NMUR1	ppi_lr	ppi_prediction
NPFF	LPAR2	ppi_lr	ppi_prediction
NPFF	UTS2R	ppi_lr	ppi_prediction
CCL25	GALR2	ppi_lr	ppi_prediction
CCL25	GALR3	ppi_lr	ppi_prediction
CCL25	HTR1A	ppi_lr	ppi_prediction
CCL25	FPR1	ppi_lr	ppi_prediction
CCL25	C5AR1	ppi_lr	ppi_prediction
CCL25	CXCR1	ppi_lr	ppi_prediction
CCL25	CXCR2	ppi_lr	ppi_prediction
CCL25	FPR2	ppi_lr	ppi_prediction
CCL25	ACKR3	ppi_lr	ppi_prediction
CCL25	NPY1R	ppi_lr	ppi_prediction
CCL25	HTR1D	ppi_lr	ppi_prediction
CCL25	HTR1B	ppi_lr	ppi_prediction
CCL25	BDKRB2	ppi_lr	ppi_prediction
CCL25	SSTR1	ppi_lr	ppi_prediction
CCL25	SSTR2	ppi_lr	ppi_prediction
CCL25	HTR1F	ppi_lr	ppi_prediction
CCL25	SSTR4	ppi_lr	ppi_prediction
CCL25	CCR1	ppi_lr	ppi_prediction
CCL25	CCR7	ppi_lr	ppi_prediction
CCL25	CXCR5	ppi_lr	ppi_prediction
CCL25	SSTR3	ppi_lr	ppi_prediction
CCL25	SSTR5	ppi_lr	ppi_prediction
CCL25	OPRM1	ppi_lr	ppi_prediction
CCL25	APLNR	ppi_lr	ppi_prediction
CCL25	OPRD1	ppi_lr	ppi_prediction
CCL25	OPRK1	ppi_lr	ppi_prediction
CCL25	OPRL1	ppi_lr	ppi_prediction
CCL25	CCR2	ppi_lr	ppi_prediction
CCL25	BDKRB1	ppi_lr	ppi_prediction
CCL25	GALR1	ppi_lr	ppi_prediction
CCL25	HTR5A	ppi_lr	ppi_prediction
CCL25	MTNR1A	ppi_lr	ppi_prediction
CCL25	NPBWR1	ppi_lr	ppi_prediction
CCL25	NPY2R	ppi_lr	ppi_prediction
CCL25	MTNR1B	ppi_lr	ppi_prediction
CCL25	CXCR3	ppi_lr	ppi_prediction
CCL25	AGTR2	ppi_lr	ppi_prediction
CCL25	NPY4R	ppi_lr	ppi_prediction
CCL25	CCR3	ppi_lr	ppi_prediction
CCL25	CCR4	ppi_lr	ppi_prediction
CCL25	CCR5	ppi_lr	ppi_prediction
CCL25	CCR6	ppi_lr	ppi_prediction
CCL25	CCR8	ppi_lr	ppi_prediction
CCL25	CXCR4	ppi_lr	ppi_prediction
CCL25	GRM4	ppi_lr	ppi_prediction
CCL25	P2RY14	ppi_lr	ppi_prediction
CCL25	NPY5R	ppi_lr	ppi_prediction
CCL25	C3AR1	ppi_lr	ppi_prediction
CCL25	RXFP4	ppi_lr	ppi_prediction
CCL25	LPAR1	ppi_lr	ppi_prediction
CCL25	MCHR1	ppi_lr	ppi_prediction
CCL25	NMUR2	ppi_lr	ppi_prediction
CCL25	HRH4	ppi_lr	ppi_prediction
CCL25	NMUR1	ppi_lr	ppi_prediction
CCL25	LPAR2	ppi_lr	ppi_prediction
CCL25	RXFP3	ppi_lr	ppi_prediction
CCL25	HRH3	ppi_lr	ppi_prediction
CCL25	PTGDR2	ppi_lr	ppi_prediction
DHH	SMO	ppi_lr	ppi_prediction
TNFSF12	TRAF2	ppi_lr	ppi_prediction
HCRT	NTSR2	ppi_lr	ppi_prediction
HCRT	TACR2	ppi_lr	ppi_prediction
HCRT	EDNRB	ppi_lr	ppi_prediction
HCRT	FPR2	ppi_lr	ppi_prediction
HCRT	EDNRA	ppi_lr	ppi_prediction
HCRT	TACR1	ppi_lr	ppi_prediction
HCRT	F2R	ppi_lr	ppi_prediction
HCRT	HTR2A	ppi_lr	ppi_prediction
HCRT	HTR2C	ppi_lr	ppi_prediction
HCRT	NMBR	ppi_lr	ppi_prediction
HCRT	TACR3	ppi_lr	ppi_prediction
HCRT	BDKRB2	ppi_lr	ppi_prediction
HCRT	GRPR	ppi_lr	ppi_prediction
HCRT	AGTR1	ppi_lr	ppi_prediction
HCRT	OXTR	ppi_lr	ppi_prediction
HCRT	GNRHR	ppi_lr	ppi_prediction
HCRT	NTSR1	ppi_lr	ppi_prediction
HCRT	CCKAR	ppi_lr	ppi_prediction
HCRT	CCKBR	ppi_lr	ppi_prediction
HCRT	TRHR	ppi_lr	ppi_prediction
HCRT	HRH1	ppi_lr	ppi_prediction
HCRT	AVPR1A	ppi_lr	ppi_prediction
HCRT	HTR2B	ppi_lr	ppi_prediction
HCRT	XCR1	ppi_lr	ppi_prediction
HCRT	BDKRB1	ppi_lr	ppi_prediction
HCRT	GCGR	ppi_lr	ppi_prediction
HCRT	AVPR1B	ppi_lr	ppi_prediction
HCRT	F2RL1	ppi_lr	ppi_prediction
HCRT	NPSR1	ppi_lr	ppi_prediction
HCRT	PROKR2	ppi_lr	ppi_prediction
HCRT	PROKR1	ppi_lr	ppi_prediction
HCRT	LPAR1	ppi_lr	ppi_prediction
HCRT	GHSR	ppi_lr	ppi_prediction
HCRT	KISS1R	ppi_lr	ppi_prediction
HCRT	QRFPR	ppi_lr	ppi_prediction
HCRT	F2RL3	ppi_lr	ppi_prediction
HCRT	LPAR4	ppi_lr	ppi_prediction
HCRT	MCHR1	ppi_lr	ppi_prediction
HCRT	NMUR2	ppi_lr	ppi_prediction
HCRT	NPFFR1	ppi_lr	ppi_prediction
HCRT	NMUR1	ppi_lr	ppi_prediction
HCRT	LPAR2	ppi_lr	ppi_prediction
HCRT	UTS2R	ppi_lr	ppi_prediction
EFNA2	EPHB2	ppi_lr	ppi_prediction
EFNA2	TGFBR1	ppi_lr	ppi_prediction
EFNA2	EPHB3	ppi_lr	ppi_prediction
EFNA2	EPHB4	ppi_lr	ppi_prediction
EFNA2	EPHB1	ppi_lr	ppi_prediction
CXCL13	GALR3	ppi_lr	ppi_prediction
CXCL13	HTR1A	ppi_lr	ppi_prediction
CXCL13	FPR1	ppi_lr	ppi_prediction
CXCL13	C5AR1	ppi_lr	ppi_prediction
CXCL13	CXCR1	ppi_lr	ppi_prediction
CXCL13	CXCR2	ppi_lr	ppi_prediction
CXCL13	FPR2	ppi_lr	ppi_prediction
CXCL13	ACKR3	ppi_lr	ppi_prediction
CXCL13	NPY1R	ppi_lr	ppi_prediction
CXCL13	HTR1D	ppi_lr	ppi_prediction
CXCL13	HTR1B	ppi_lr	ppi_prediction
CXCL13	BDKRB2	ppi_lr	ppi_prediction
CXCL13	SSTR1	ppi_lr	ppi_prediction
CXCL13	SSTR2	ppi_lr	ppi_prediction
CXCL13	HTR1F	ppi_lr	ppi_prediction
CXCL13	SSTR4	ppi_lr	ppi_prediction
CXCL13	CCR1	ppi_lr	ppi_prediction
CXCL13	CCR7	ppi_lr	ppi_prediction
CXCL13	SSTR3	ppi_lr	ppi_prediction
CXCL13	SSTR5	ppi_lr	ppi_prediction
CXCL13	OPRM1	ppi_lr	ppi_prediction
CXCL13	APLNR	ppi_lr	ppi_prediction
CXCL13	OPRD1	ppi_lr	ppi_prediction
CXCL13	OPRK1	ppi_lr	ppi_prediction
CXCL13	OPRL1	ppi_lr	ppi_prediction
CXCL13	CCR2	ppi_lr	ppi_prediction
CXCL13	BDKRB1	ppi_lr	ppi_prediction
CXCL13	GALR1	ppi_lr	ppi_prediction
CXCL13	HTR5A	ppi_lr	ppi_prediction
CXCL13	MTNR1A	ppi_lr	ppi_prediction
CXCL13	NPBWR1	ppi_lr	ppi_prediction
CXCL13	NPY2R	ppi_lr	ppi_prediction
CXCL13	MTNR1B	ppi_lr	ppi_prediction
CXCL13	AGTR2	ppi_lr	ppi_prediction
CXCL13	NPY4R	ppi_lr	ppi_prediction
CXCL13	CCR3	ppi_lr	ppi_prediction
CXCL13	CCR4	ppi_lr	ppi_prediction
CXCL13	CCR5	ppi_lr	ppi_prediction
CXCL13	CCR6	ppi_lr	ppi_prediction
CXCL13	CCR8	ppi_lr	ppi_prediction
CXCL13	CCR9	ppi_lr	ppi_prediction
CXCL13	CXCR4	ppi_lr	ppi_prediction
CXCL13	GRM4	ppi_lr	ppi_prediction
CXCL13	P2RY14	ppi_lr	ppi_prediction
CXCL13	NPY5R	ppi_lr	ppi_prediction
CXCL13	C3AR1	ppi_lr	ppi_prediction
CXCL13	RXFP4	ppi_lr	ppi_prediction
CXCL13	LPAR1	ppi_lr	ppi_prediction
CXCL13	MCHR1	ppi_lr	ppi_prediction
CXCL13	NMUR2	ppi_lr	ppi_prediction
CXCL13	HRH4	ppi_lr	ppi_prediction
CXCL13	NMUR1	ppi_lr	ppi_prediction
CXCL13	LPAR2	ppi_lr	ppi_prediction
CXCL13	RXFP3	ppi_lr	ppi_prediction
CXCL13	HRH3	ppi_lr	ppi_prediction
CXCL13	PTGDR2	ppi_lr	ppi_prediction
PSPN	GFRA3	ppi_lr	ppi_prediction
PSPN	GFRA1	ppi_lr	ppi_prediction
SLIT1	DCC	ppi_lr	ppi_prediction
SEMA7A	ITGA1	ppi_lr	ppi_prediction
SLIT2	DCC	ppi_lr	ppi_prediction
SLIT2	PTCH1	ppi_lr	ppi_prediction
SLIT2	ROBO3	ppi_lr	ppi_prediction
GDF11	TGFBR1	ppi_lr	ppi_prediction
GDF11	ACVR1C	ppi_lr	ppi_prediction
UTS2	NTSR2	ppi_lr	ppi_prediction
UTS2	TACR2	ppi_lr	ppi_prediction
UTS2	EDNRB	ppi_lr	ppi_prediction
UTS2	FPR2	ppi_lr	ppi_prediction
UTS2	EDNRA	ppi_lr	ppi_prediction
UTS2	TACR1	ppi_lr	ppi_prediction
UTS2	F2R	ppi_lr	ppi_prediction
UTS2	HTR2A	ppi_lr	ppi_prediction
UTS2	HTR2C	ppi_lr	ppi_prediction
UTS2	NMBR	ppi_lr	ppi_prediction
UTS2	TACR3	ppi_lr	ppi_prediction
UTS2	BDKRB2	ppi_lr	ppi_prediction
UTS2	GRPR	ppi_lr	ppi_prediction
UTS2	AGTR1	ppi_lr	ppi_prediction
UTS2	OXTR	ppi_lr	ppi_prediction
UTS2	GNRHR	ppi_lr	ppi_prediction
UTS2	NTSR1	ppi_lr	ppi_prediction
UTS2	CCKAR	ppi_lr	ppi_prediction
UTS2	CCKBR	ppi_lr	ppi_prediction
UTS2	TRHR	ppi_lr	ppi_prediction
UTS2	HRH1	ppi_lr	ppi_prediction
UTS2	AVPR1A	ppi_lr	ppi_prediction
UTS2	HTR2B	ppi_lr	ppi_prediction
UTS2	XCR1	ppi_lr	ppi_prediction
UTS2	BDKRB1	ppi_lr	ppi_prediction
UTS2	GCGR	ppi_lr	ppi_prediction
UTS2	AVPR1B	ppi_lr	ppi_prediction
UTS2	F2RL1	ppi_lr	ppi_prediction
UTS2	NPSR1	ppi_lr	ppi_prediction
UTS2	PROKR2	ppi_lr	ppi_prediction
UTS2	PROKR1	ppi_lr	ppi_prediction
UTS2	LPAR1	ppi_lr	ppi_prediction
UTS2	GHSR	ppi_lr	ppi_prediction
UTS2	KISS1R	ppi_lr	ppi_prediction
UTS2	QRFPR	ppi_lr	ppi_prediction
UTS2	F2RL3	ppi_lr	ppi_prediction
UTS2	LPAR4	ppi_lr	ppi_prediction
UTS2	MCHR1	ppi_lr	ppi_prediction
UTS2	NMUR2	ppi_lr	ppi_prediction
UTS2	NPFFR1	ppi_lr	ppi_prediction
UTS2	NMUR1	ppi_lr	ppi_prediction
UTS2	LPAR2	ppi_lr	ppi_prediction
UTS2	NPFFR2	ppi_lr	ppi_prediction
NTN1	ITGB4	ppi_lr	ppi_prediction
NTN1	ITGA6	ppi_lr	ppi_prediction
NTN1	ACVR1B	ppi_lr	ppi_prediction
NTN1	TGFBR1	ppi_lr	ppi_prediction
NTN1	NOTCH1	ppi_lr	ppi_prediction
NTN1	NOTCH2	ppi_lr	ppi_prediction
NTN1	PTCH1	ppi_lr	ppi_prediction
NTN1	UNC5A	ppi_lr	ppi_prediction
NTN1	ACVR1C	ppi_lr	ppi_prediction
NTN1	ROBO2	ppi_lr	ppi_prediction
NTN1	NOTCH3	ppi_lr	ppi_prediction
NTN1	PTCH2	ppi_lr	ppi_prediction
WNT11	FZD1	ppi_lr	ppi_prediction
F2	GP1BB	ppi_lr	ppi_prediction
F2	GP9	ppi_lr	ppi_prediction
F2	TACR2	ppi_lr	ppi_prediction
F2	EDNRB	ppi_lr	ppi_prediction
F2	FPR2	ppi_lr	ppi_prediction
F2	EDNRA	ppi_lr	ppi_prediction
F2	TACR1	ppi_lr	ppi_prediction
F2	HTR2A	ppi_lr	ppi_prediction
F2	HTR2C	ppi_lr	ppi_prediction
F2	NMBR	ppi_lr	ppi_prediction
F2	TACR3	ppi_lr	ppi_prediction
F2	BDKRB2	ppi_lr	ppi_prediction
F2	GRPR	ppi_lr	ppi_prediction
F2	AGTR1	ppi_lr	ppi_prediction
F2	OXTR	ppi_lr	ppi_prediction
F2	GNRHR	ppi_lr	ppi_prediction
F2	NTSR1	ppi_lr	ppi_prediction
F2	CCKAR	ppi_lr	ppi_prediction
F2	CCKBR	ppi_lr	ppi_prediction
F2	TRHR	ppi_lr	ppi_prediction
F2	HRH1	ppi_lr	ppi_prediction
F2	AVPR1A	ppi_lr	ppi_prediction
F2	HTR2B	ppi_lr	ppi_prediction
F2	XCR1	ppi_lr	ppi_prediction
F2	BDKRB1	ppi_lr	ppi_prediction
F2	GCGR	ppi_lr	ppi_prediction
F2	AVPR1B	ppi_lr	ppi_prediction
F2	NPSR1	ppi_lr	ppi_prediction
F2	PROKR2	ppi_lr	ppi_prediction
F2	PROKR1	ppi_lr	ppi_prediction
F2	LPAR1	ppi_lr	ppi_prediction
F2	GHSR	ppi_lr	ppi_prediction
F2	KISS1R	ppi_lr	ppi_prediction
F2	QRFPR	ppi_lr	ppi_prediction
F2	LPAR4	ppi_lr	ppi_prediction
F2	MCHR1	ppi_lr	ppi_prediction
F2	NMUR2	ppi_lr	ppi_prediction
F2	NPFFR1	ppi_lr	ppi_prediction
F2	NMUR1	ppi_lr	ppi_prediction
F2	LPAR2	ppi_lr	ppi_prediction
F2	UTS2R	ppi_lr	ppi_prediction
F2	PROCR	ppi_lr	ppi_prediction
F2	NPFFR2	ppi_lr	ppi_prediction
F9	GP1BA	ppi_lr	ppi_prediction
F9	GP1BB	ppi_lr	ppi_prediction
F9	F3	ppi_lr	ppi_prediction
F9	GP9	ppi_lr	ppi_prediction
F9	GP5	ppi_lr	ppi_prediction
PLG	MET	ppi_lr	ppi_prediction
PLG	PLAUR	ppi_lr	ppi_prediction
PLAU	CD44	ppi_lr	ppi_prediction
AGT	HTR1A	ppi_lr	ppi_prediction
AGT	TACR2	ppi_lr	ppi_prediction
AGT	FPR1	ppi_lr	ppi_prediction
AGT	C5AR1	ppi_lr	ppi_prediction
AGT	EDNRB	ppi_lr	ppi_prediction
AGT	CXCR1	ppi_lr	ppi_prediction
AGT	CXCR2	ppi_lr	ppi_prediction
AGT	FPR2	ppi_lr	ppi_prediction
AGT	EDNRA	ppi_lr	ppi_prediction
AGT	TACR1	ppi_lr	ppi_prediction
AGT	ACKR3	ppi_lr	ppi_prediction
AGT	F2R	ppi_lr	ppi_prediction
AGT	NPY1R	ppi_lr	ppi_prediction
AGT	HTR1D	ppi_lr	ppi_prediction
AGT	HTR1B	ppi_lr	ppi_prediction
AGT	HTR2A	ppi_lr	ppi_prediction
AGT	HTR2C	ppi_lr	ppi_prediction
AGT	NMBR	ppi_lr	ppi_prediction
AGT	TACR3	ppi_lr	ppi_prediction
AGT	BDKRB2	ppi_lr	ppi_prediction
AGT	GRPR	ppi_lr	ppi_prediction
AGT	OXTR	ppi_lr	ppi_prediction
AGT	SSTR1	ppi_lr	ppi_prediction
AGT	SSTR2	ppi_lr	ppi_prediction
AGT	HTR1F	ppi_lr	ppi_prediction
AGT	GNRHR	ppi_lr	ppi_prediction
AGT	NTSR1	ppi_lr	ppi_prediction
AGT	SSTR4	ppi_lr	ppi_prediction
AGT	CCKAR	ppi_lr	ppi_prediction
AGT	CCKBR	ppi_lr	ppi_prediction
AGT	CCR1	ppi_lr	ppi_prediction
AGT	CCR7	ppi_lr	ppi_prediction
AGT	CXCR5	ppi_lr	ppi_prediction
AGT	SSTR3	ppi_lr	ppi_prediction
AGT	TRHR	ppi_lr	ppi_prediction
AGT	SSTR5	ppi_lr	ppi_prediction
AGT	HRH1	ppi_lr	ppi_prediction
AGT	OPRM1	ppi_lr	ppi_prediction
AGT	APLNR	ppi_lr	ppi_prediction
AGT	AVPR1A	ppi_lr	ppi_prediction
AGT	OPRD1	ppi_lr	ppi_prediction
AGT	OPRK1	ppi_lr	ppi_prediction
AGT	OPRL1	ppi_lr	ppi_prediction
AGT	HTR2B	ppi_lr	ppi_prediction
AGT	CCR2	ppi_lr	ppi_prediction
AGT	CCR10	ppi_lr	ppi_prediction
AGT	XCR1	ppi_lr	ppi_prediction
AGT	BDKRB1	ppi_lr	ppi_prediction
AGT	GALR1	ppi_lr	ppi_prediction
AGT	GCGR	ppi_lr	ppi_prediction
AGT	HTR5A	ppi_lr	ppi_prediction
AGT	AVPR1B	ppi_lr	ppi_prediction
AGT	MTNR1A	ppi_lr	ppi_prediction
AGT	NPBWR1	ppi_lr	ppi_prediction
AGT	NPY2R	ppi_lr	ppi_prediction
AGT	MTNR1B	ppi_lr	ppi_prediction
AGT	CXCR3	ppi_lr	ppi_prediction
AGT	NPY4R	ppi_lr	ppi_prediction
AGT	CCR3	ppi_lr	ppi_prediction
AGT	CCR4	ppi_lr	ppi_prediction
AGT	CCR5	ppi_lr	ppi_prediction
AGT	CCR6	ppi_lr	ppi_prediction
AGT	CCR8	ppi_lr	ppi_prediction
AGT	CCR9	ppi_lr	ppi_prediction
AGT	F2RL1	ppi_lr	ppi_prediction
AGT	CXCR4	ppi_lr	ppi_prediction
AGT	GRM4	ppi_lr	ppi_prediction
AGT	P2RY14	ppi_lr	ppi_prediction
AGT	NPY5R	ppi_lr	ppi_prediction
AGT	C3AR1	ppi_lr	ppi_prediction
AGT	NPSR1	ppi_lr	ppi_prediction
AGT	PROKR2	ppi_lr	ppi_prediction
AGT	PROKR1	ppi_lr	ppi_prediction
AGT	RXFP4	ppi_lr	ppi_prediction
AGT	LPAR1	ppi_lr	ppi_prediction
AGT	GHSR	ppi_lr	ppi_prediction
AGT	KISS1R	ppi_lr	ppi_prediction
AGT	QRFPR	ppi_lr	ppi_prediction
AGT	F2RL3	ppi_lr	ppi_prediction
AGT	LPAR4	ppi_lr	ppi_prediction
AGT	MCHR1	ppi_lr	ppi_prediction
AGT	NMUR2	ppi_lr	ppi_prediction
AGT	NPFFR1	ppi_lr	ppi_prediction
AGT	HRH4	ppi_lr	ppi_prediction
AGT	NMUR1	ppi_lr	ppi_prediction
AGT	LPAR2	ppi_lr	ppi_prediction
AGT	RXFP3	ppi_lr	ppi_prediction
AGT	UTS2R	ppi_lr	ppi_prediction
AGT	HRH3	ppi_lr	ppi_prediction
AGT	NPFFR2	ppi_lr	ppi_prediction
AGT	PTGDR2	ppi_lr	ppi_prediction
A2M	TYRO3	ppi_lr	ppi_prediction
C3	HTR1A	ppi_lr	ppi_prediction
C3	FPR1	ppi_lr	ppi_prediction
C3	C5AR1	ppi_lr	ppi_prediction
C3	CXCR1	ppi_lr	ppi_prediction
C3	CXCR2	ppi_lr	ppi_prediction
C3	FPR2	ppi_lr	ppi_prediction
C3	ACKR3	ppi_lr	ppi_prediction
C3	NPY1R	ppi_lr	ppi_prediction
C3	HTR1D	ppi_lr	ppi_prediction
C3	HTR1B	ppi_lr	ppi_prediction
C3	BDKRB2	ppi_lr	ppi_prediction
C3	SSTR1	ppi_lr	ppi_prediction
C3	SSTR2	ppi_lr	ppi_prediction
C3	HTR1F	ppi_lr	ppi_prediction
C3	SSTR4	ppi_lr	ppi_prediction
C3	CCR1	ppi_lr	ppi_prediction
C3	CCR7	ppi_lr	ppi_prediction
C3	CXCR5	ppi_lr	ppi_prediction
C3	SSTR3	ppi_lr	ppi_prediction
C3	SSTR5	ppi_lr	ppi_prediction
C3	OPRM1	ppi_lr	ppi_prediction
C3	APLNR	ppi_lr	ppi_prediction
C3	OPRD1	ppi_lr	ppi_prediction
C3	OPRK1	ppi_lr	ppi_prediction
C3	OPRL1	ppi_lr	ppi_prediction
C3	CCR2	ppi_lr	ppi_prediction
C3	CCR10	ppi_lr	ppi_prediction
C3	BDKRB1	ppi_lr	ppi_prediction
C3	GALR1	ppi_lr	ppi_prediction
C3	HTR5A	ppi_lr	ppi_prediction
C3	MTNR1A	ppi_lr	ppi_prediction
C3	NPBWR1	ppi_lr	ppi_prediction
C3	NPY2R	ppi_lr	ppi_prediction
C3	MTNR1B	ppi_lr	ppi_prediction
C3	CXCR3	ppi_lr	ppi_prediction
C3	AGTR2	ppi_lr	ppi_prediction
C3	NPY4R	ppi_lr	ppi_prediction
C3	CCR3	ppi_lr	ppi_prediction
C3	CCR4	ppi_lr	ppi_prediction
C3	CCR5	ppi_lr	ppi_prediction
C3	CCR6	ppi_lr	ppi_prediction
C3	CCR8	ppi_lr	ppi_prediction
C3	CCR9	ppi_lr	ppi_prediction
C3	CXCR4	ppi_lr	ppi_prediction
C3	GRM4	ppi_lr	ppi_prediction
C3	P2RY14	ppi_lr	ppi_prediction
C3	NPY5R	ppi_lr	ppi_prediction
C3	RXFP4	ppi_lr	ppi_prediction
C3	LPAR1	ppi_lr	ppi_prediction
C3	MCHR1	ppi_lr	ppi_prediction
C3	NMUR2	ppi_lr	ppi_prediction
C3	HRH4	ppi_lr	ppi_prediction
C3	NMUR1	ppi_lr	ppi_prediction
C3	LPAR2	ppi_lr	ppi_prediction
C3	RXFP3	ppi_lr	ppi_prediction
C3	HRH3	ppi_lr	ppi_prediction
C3	PTGDR2	ppi_lr	ppi_prediction
C5	HTR1A	ppi_lr	ppi_prediction
C5	FPR1	ppi_lr	ppi_prediction
C5	CXCR1	ppi_lr	ppi_prediction
C5	CXCR2	ppi_lr	ppi_prediction
C5	FPR2	ppi_lr	ppi_prediction
C5	ACKR3	ppi_lr	ppi_prediction
C5	NPY1R	ppi_lr	ppi_prediction
C5	HTR1D	ppi_lr	ppi_prediction
C5	HTR1B	ppi_lr	ppi_prediction
C5	BDKRB2	ppi_lr	ppi_prediction
C5	SSTR1	ppi_lr	ppi_prediction
C5	SSTR2	ppi_lr	ppi_prediction
C5	HTR1F	ppi_lr	ppi_prediction
C5	SSTR4	ppi_lr	ppi_prediction
C5	CCR1	ppi_lr	ppi_prediction
C5	CCR7	ppi_lr	ppi_prediction
C5	CXCR5	ppi_lr	ppi_prediction
C5	SSTR3	ppi_lr	ppi_prediction
C5	SSTR5	ppi_lr	ppi_prediction
C5	OPRM1	ppi_lr	ppi_prediction
C5	APLNR	ppi_lr	ppi_prediction
C5	OPRD1	ppi_lr	ppi_prediction
C5	OPRK1	ppi_lr	ppi_prediction
C5	OPRL1	ppi_lr	ppi_prediction
C5	CCR2	ppi_lr	ppi_prediction
C5	CCR10	ppi_lr	ppi_prediction
C5	BDKRB1	ppi_lr	ppi_prediction
C5	GALR1	ppi_lr	ppi_prediction
C5	HTR5A	ppi_lr	ppi_prediction
C5	MTNR1A	ppi_lr	ppi_prediction
C5	NPBWR1	ppi_lr	ppi_prediction
C5	NPY2R	ppi_lr	ppi_prediction
C5	MTNR1B	ppi_lr	ppi_prediction
C5	CXCR3	ppi_lr	ppi_prediction
C5	AGTR2	ppi_lr	ppi_prediction
C5	NPY4R	ppi_lr	ppi_prediction
C5	CCR3	ppi_lr	ppi_prediction
C5	CCR4	ppi_lr	ppi_prediction
C5	CCR5	ppi_lr	ppi_prediction
C5	CCR6	ppi_lr	ppi_prediction
C5	CCR8	ppi_lr	ppi_prediction
C5	CCR9	ppi_lr	ppi_prediction
C5	CXCR4	ppi_lr	ppi_prediction
C5	GRM4	ppi_lr	ppi_prediction
C5	P2RY14	ppi_lr	ppi_prediction
C5	NPY5R	ppi_lr	ppi_prediction
C5	C3AR1	ppi_lr	ppi_prediction
C5	RXFP4	ppi_lr	ppi_prediction
C5	LPAR1	ppi_lr	ppi_prediction
C5	MCHR1	ppi_lr	ppi_prediction
C5	NMUR2	ppi_lr	ppi_prediction
C5	HRH4	ppi_lr	ppi_prediction
C5	NMUR1	ppi_lr	ppi_prediction
C5	LPAR2	ppi_lr	ppi_prediction
C5	RXFP3	ppi_lr	ppi_prediction
C5	HRH3	ppi_lr	ppi_prediction
C5	PTGDR2	ppi_lr	ppi_prediction
KNG1	HTR1A	ppi_lr	ppi_prediction
KNG1	TACR2	ppi_lr	ppi_prediction
KNG1	FPR1	ppi_lr	ppi_prediction
KNG1	C5AR1	ppi_lr	ppi_prediction
KNG1	EDNRB	ppi_lr	ppi_prediction
KNG1	CXCR1	ppi_lr	ppi_prediction
KNG1	CXCR2	ppi_lr	ppi_prediction
KNG1	FPR2	ppi_lr	ppi_prediction
KNG1	EDNRA	ppi_lr	ppi_prediction
KNG1	TACR1	ppi_lr	ppi_prediction
KNG1	ACKR3	ppi_lr	ppi_prediction
KNG1	F2R	ppi_lr	ppi_prediction
KNG1	NPY1R	ppi_lr	ppi_prediction
KNG1	HTR1D	ppi_lr	ppi_prediction
KNG1	HTR1B	ppi_lr	ppi_prediction
KNG1	HTR2A	ppi_lr	ppi_prediction
KNG1	HTR2C	ppi_lr	ppi_prediction
KNG1	NMBR	ppi_lr	ppi_prediction
KNG1	TACR3	ppi_lr	ppi_prediction
KNG1	GRPR	ppi_lr	ppi_prediction
KNG1	AGTR1	ppi_lr	ppi_prediction
KNG1	OXTR	ppi_lr	ppi_prediction
KNG1	SSTR1	ppi_lr	ppi_prediction
KNG1	SSTR2	ppi_lr	ppi_prediction
KNG1	HTR1F	ppi_lr	ppi_prediction
KNG1	GNRHR	ppi_lr	ppi_prediction
KNG1	NTSR1	ppi_lr	ppi_prediction
KNG1	SSTR4	ppi_lr	ppi_prediction
KNG1	CCKAR	ppi_lr	ppi_prediction
KNG1	CCKBR	ppi_lr	ppi_prediction
KNG1	CCR1	ppi_lr	ppi_prediction
KNG1	CCR7	ppi_lr	ppi_prediction
KNG1	CXCR5	ppi_lr	ppi_prediction
KNG1	SSTR3	ppi_lr	ppi_prediction
KNG1	TRHR	ppi_lr	ppi_prediction
KNG1	SSTR5	ppi_lr	ppi_prediction
KNG1	HRH1	ppi_lr	ppi_prediction
KNG1	OPRM1	ppi_lr	ppi_prediction
KNG1	APLNR	ppi_lr	ppi_prediction
KNG1	AVPR1A	ppi_lr	ppi_prediction
KNG1	OPRD1	ppi_lr	ppi_prediction
KNG1	OPRK1	ppi_lr	ppi_prediction
KNG1	OPRL1	ppi_lr	ppi_prediction
KNG1	HTR2B	ppi_lr	ppi_prediction
KNG1	CCR2	ppi_lr	ppi_prediction
KNG1	CCR10	ppi_lr	ppi_prediction
KNG1	XCR1	ppi_lr	ppi_prediction
KNG1	GALR1	ppi_lr	ppi_prediction
KNG1	GCGR	ppi_lr	ppi_prediction
KNG1	HTR5A	ppi_lr	ppi_prediction
KNG1	AVPR1B	ppi_lr	ppi_prediction
KNG1	MTNR1A	ppi_lr	ppi_prediction
KNG1	NPBWR1	ppi_lr	ppi_prediction
KNG1	NPY2R	ppi_lr	ppi_prediction
KNG1	MTNR1B	ppi_lr	ppi_prediction
KNG1	CXCR3	ppi_lr	ppi_prediction
KNG1	AGTR2	ppi_lr	ppi_prediction
KNG1	NPY4R	ppi_lr	ppi_prediction
KNG1	CCR3	ppi_lr	ppi_prediction
KNG1	CCR4	ppi_lr	ppi_prediction
KNG1	CCR5	ppi_lr	ppi_prediction
KNG1	CCR6	ppi_lr	ppi_prediction
KNG1	CCR8	ppi_lr	ppi_prediction
KNG1	CCR9	ppi_lr	ppi_prediction
KNG1	F2RL1	ppi_lr	ppi_prediction
KNG1	CXCR4	ppi_lr	ppi_prediction
KNG1	GRM4	ppi_lr	ppi_prediction
KNG1	P2RY14	ppi_lr	ppi_prediction
KNG1	NPY5R	ppi_lr	ppi_prediction
KNG1	C3AR1	ppi_lr	ppi_prediction
KNG1	NPSR1	ppi_lr	ppi_prediction
KNG1	PROKR2	ppi_lr	ppi_prediction
KNG1	PROKR1	ppi_lr	ppi_prediction
KNG1	LPAR1	ppi_lr	ppi_prediction
KNG1	GHSR	ppi_lr	ppi_prediction
KNG1	KISS1R	ppi_lr	ppi_prediction
KNG1	QRFPR	ppi_lr	ppi_prediction
KNG1	F2RL3	ppi_lr	ppi_prediction
KNG1	LPAR4	ppi_lr	ppi_prediction
KNG1	MCHR1	ppi_lr	ppi_prediction
KNG1	NMUR2	ppi_lr	ppi_prediction
KNG1	NPFFR1	ppi_lr	ppi_prediction
KNG1	HRH4	ppi_lr	ppi_prediction
KNG1	NMUR1	ppi_lr	ppi_prediction
KNG1	LPAR2	ppi_lr	ppi_prediction
KNG1	RXFP3	ppi_lr	ppi_prediction
KNG1	UTS2R	ppi_lr	ppi_prediction
KNG1	HRH3	ppi_lr	ppi_prediction
KNG1	NPFFR2	ppi_lr	ppi_prediction
KNG1	PTGDR2	ppi_lr	ppi_prediction
EGF	CD4	ppi_lr	ppi_prediction
EGF	TFRC	ppi_lr	ppi_prediction
EGF	IGF2R	ppi_lr	ppi_prediction
EGF	AVPR2	ppi_lr	ppi_prediction
EGF	LRP2	ppi_lr	ppi_prediction
EGF	ERBB4	ppi_lr	ppi_prediction
EGF	FZD4	ppi_lr	ppi_prediction
TGFB1	ITGB3	ppi_lr	ppi_prediction
TGFB1	ITGB5	ppi_lr	ppi_prediction
TGFB1	ITGA8	ppi_lr	ppi_prediction
TGFB1	BAMBI	ppi_lr	ppi_prediction
NGF	NCSTN	ppi_lr	ppi_prediction
GNRH1	TACR2	ppi_lr	ppi_prediction
GNRH1	EDNRB	ppi_lr	ppi_prediction
GNRH1	FPR2	ppi_lr	ppi_prediction
GNRH1	EDNRA	ppi_lr	ppi_prediction
GNRH1	TACR1	ppi_lr	ppi_prediction
GNRH1	F2R	ppi_lr	ppi_prediction
GNRH1	HTR2A	ppi_lr	ppi_prediction
GNRH1	HTR2C	ppi_lr	ppi_prediction
GNRH1	NMBR	ppi_lr	ppi_prediction
GNRH1	TACR3	ppi_lr	ppi_prediction
GNRH1	BDKRB2	ppi_lr	ppi_prediction
GNRH1	GRPR	ppi_lr	ppi_prediction
GNRH1	AGTR1	ppi_lr	ppi_prediction
GNRH1	OXTR	ppi_lr	ppi_prediction
GNRH1	NTSR1	ppi_lr	ppi_prediction
GNRH1	CCKAR	ppi_lr	ppi_prediction
GNRH1	CCKBR	ppi_lr	ppi_prediction
GNRH1	TRHR	ppi_lr	ppi_prediction
GNRH1	HRH1	ppi_lr	ppi_prediction
GNRH1	AVPR1A	ppi_lr	ppi_prediction
GNRH1	HTR2B	ppi_lr	ppi_prediction
GNRH1	XCR1	ppi_lr	ppi_prediction
GNRH1	BDKRB1	ppi_lr	ppi_prediction
GNRH1	GCGR	ppi_lr	ppi_prediction
GNRH1	AVPR1B	ppi_lr	ppi_prediction
GNRH1	F2RL1	ppi_lr	ppi_prediction
GNRH1	NPSR1	ppi_lr	ppi_prediction
GNRH1	PROKR2	ppi_lr	ppi_prediction
GNRH1	PROKR1	ppi_lr	ppi_prediction
GNRH1	LPAR1	ppi_lr	ppi_prediction
GNRH1	GHSR	ppi_lr	ppi_prediction
GNRH1	KISS1R	ppi_lr	ppi_prediction
GNRH1	QRFPR	ppi_lr	ppi_prediction
GNRH1	F2RL3	ppi_lr	ppi_prediction
GNRH1	LPAR4	ppi_lr	ppi_prediction
GNRH1	MCHR1	ppi_lr	ppi_prediction
GNRH1	NMUR2	ppi_lr	ppi_prediction
GNRH1	NPFFR1	ppi_lr	ppi_prediction
GNRH1	NMUR1	ppi_lr	ppi_prediction
GNRH1	LPAR2	ppi_lr	ppi_prediction
GNRH1	UTS2R	ppi_lr	ppi_prediction
GNRH1	NPFFR2	ppi_lr	ppi_prediction
OXT	TACR2	ppi_lr	ppi_prediction
OXT	EDNRB	ppi_lr	ppi_prediction
OXT	FPR2	ppi_lr	ppi_prediction
OXT	EDNRA	ppi_lr	ppi_prediction
OXT	TACR1	ppi_lr	ppi_prediction
OXT	F2R	ppi_lr	ppi_prediction
OXT	HTR2A	ppi_lr	ppi_prediction
OXT	HTR2C	ppi_lr	ppi_prediction
OXT	NMBR	ppi_lr	ppi_prediction
OXT	TACR3	ppi_lr	ppi_prediction
OXT	BDKRB2	ppi_lr	ppi_prediction
OXT	GRPR	ppi_lr	ppi_prediction
OXT	AGTR1	ppi_lr	ppi_prediction
OXT	GNRHR	ppi_lr	ppi_prediction
OXT	NTSR1	ppi_lr	ppi_prediction
OXT	CCKAR	ppi_lr	ppi_prediction
OXT	CCKBR	ppi_lr	ppi_prediction
OXT	TRHR	ppi_lr	ppi_prediction
OXT	HRH1	ppi_lr	ppi_prediction
OXT	HTR2B	ppi_lr	ppi_prediction
OXT	XCR1	ppi_lr	ppi_prediction
OXT	BDKRB1	ppi_lr	ppi_prediction
OXT	GCGR	ppi_lr	ppi_prediction
OXT	F2RL1	ppi_lr	ppi_prediction
OXT	NPSR1	ppi_lr	ppi_prediction
OXT	PROKR2	ppi_lr	ppi_prediction
OXT	PROKR1	ppi_lr	ppi_prediction
OXT	LPAR1	ppi_lr	ppi_prediction
OXT	GHSR	ppi_lr	ppi_prediction
OXT	KISS1R	ppi_lr	ppi_prediction
OXT	QRFPR	ppi_lr	ppi_prediction
OXT	F2RL3	ppi_lr	ppi_prediction
OXT	LPAR4	ppi_lr	ppi_prediction
OXT	MCHR1	ppi_lr	ppi_prediction
OXT	NMUR2	ppi_lr	ppi_prediction
OXT	NPFFR1	ppi_lr	ppi_prediction
OXT	NMUR1	ppi_lr	ppi_prediction
OXT	LPAR2	ppi_lr	ppi_prediction
OXT	UTS2R	ppi_lr	ppi_prediction
OXT	NPFFR2	ppi_lr	ppi_prediction
AVP	CD4	ppi_lr	ppi_prediction
AVP	TFRC	ppi_lr	ppi_prediction
AVP	IGF2R	ppi_lr	ppi_prediction
AVP	TSHR	ppi_lr	ppi_prediction
AVP	TACR2	ppi_lr	ppi_prediction
AVP	LHCGR	ppi_lr	ppi_prediction
AVP	FSHR	ppi_lr	ppi_prediction
AVP	EDNRB	ppi_lr	ppi_prediction
AVP	HRH2	ppi_lr	ppi_prediction
AVP	FPR2	ppi_lr	ppi_prediction
AVP	EDNRA	ppi_lr	ppi_prediction
AVP	TACR1	ppi_lr	ppi_prediction
AVP	F2R	ppi_lr	ppi_prediction
AVP	HTR2A	ppi_lr	ppi_prediction
AVP	HTR2C	ppi_lr	ppi_prediction
AVP	NMBR	ppi_lr	ppi_prediction
AVP	TACR3	ppi_lr	ppi_prediction
AVP	BDKRB2	ppi_lr	ppi_prediction
AVP	GRPR	ppi_lr	ppi_prediction
AVP	AGTR1	ppi_lr	ppi_prediction
AVP	GNRHR	ppi_lr	ppi_prediction
AVP	CALCR	ppi_lr	ppi_prediction
AVP	NTSR1	ppi_lr	ppi_prediction
AVP	CCKAR	ppi_lr	ppi_prediction
AVP	CCKBR	ppi_lr	ppi_prediction
AVP	VIPR1	ppi_lr	ppi_prediction
AVP	MC4R	ppi_lr	ppi_prediction
AVP	MC5R	ppi_lr	ppi_prediction
AVP	HTR7	ppi_lr	ppi_prediction
AVP	TRHR	ppi_lr	ppi_prediction
AVP	CRHR1	ppi_lr	ppi_prediction
AVP	HRH1	ppi_lr	ppi_prediction
AVP	ADCYAP1R1	ppi_lr	ppi_prediction
AVP	VIPR2	ppi_lr	ppi_prediction
AVP	HTR2B	ppi_lr	ppi_prediction
AVP	MC3R	ppi_lr	ppi_prediction
AVP	GLP1R	ppi_lr	ppi_prediction
AVP	XCR1	ppi_lr	ppi_prediction
AVP	BDKRB1	ppi_lr	ppi_prediction
AVP	GCGR	ppi_lr	ppi_prediction
AVP	SCTR	ppi_lr	ppi_prediction
AVP	GIPR	ppi_lr	ppi_prediction
AVP	PTH2R	ppi_lr	ppi_prediction
AVP	HTR6	ppi_lr	ppi_prediction
AVP	F2RL1	ppi_lr	ppi_prediction
AVP	LRP2	ppi_lr	ppi_prediction
AVP	MC2R	ppi_lr	ppi_prediction
AVP	MC1R	ppi_lr	ppi_prediction
AVP	GHRHR	ppi_lr	ppi_prediction
AVP	PTH1R	ppi_lr	ppi_prediction
AVP	CRHR2	ppi_lr	ppi_prediction
AVP	HTR4	ppi_lr	ppi_prediction
AVP	CALCRL	ppi_lr	ppi_prediction
AVP	NPSR1	ppi_lr	ppi_prediction
AVP	PROKR2	ppi_lr	ppi_prediction
AVP	PROKR1	ppi_lr	ppi_prediction
AVP	RXFP2	ppi_lr	ppi_prediction
AVP	LPAR1	ppi_lr	ppi_prediction
AVP	GHSR	ppi_lr	ppi_prediction
AVP	KISS1R	ppi_lr	ppi_prediction
AVP	QRFPR	ppi_lr	ppi_prediction
AVP	F2RL3	ppi_lr	ppi_prediction
AVP	LPAR4	ppi_lr	ppi_prediction
AVP	MCHR1	ppi_lr	ppi_prediction
AVP	NMUR2	ppi_lr	ppi_prediction
AVP	NPFFR1	ppi_lr	ppi_prediction
AVP	NMUR1	ppi_lr	ppi_prediction
AVP	LPAR2	ppi_lr	ppi_prediction
AVP	RXFP1	ppi_lr	ppi_prediction
AVP	UTS2R	ppi_lr	ppi_prediction
AVP	FZD4	ppi_lr	ppi_prediction
AVP	NPFFR2	ppi_lr	ppi_prediction
POMC	HTR1A	ppi_lr	ppi_prediction
POMC	TSHR	ppi_lr	ppi_prediction
POMC	FPR1	ppi_lr	ppi_prediction
POMC	C5AR1	ppi_lr	ppi_prediction
POMC	LHCGR	ppi_lr	ppi_prediction
POMC	FSHR	ppi_lr	ppi_prediction
POMC	HRH2	ppi_lr	ppi_prediction
POMC	CXCR1	ppi_lr	ppi_prediction
POMC	CXCR2	ppi_lr	ppi_prediction
POMC	FPR2	ppi_lr	ppi_prediction
POMC	ACKR3	ppi_lr	ppi_prediction
POMC	NPY1R	ppi_lr	ppi_prediction
POMC	HTR1D	ppi_lr	ppi_prediction
POMC	HTR1B	ppi_lr	ppi_prediction
POMC	BDKRB2	ppi_lr	ppi_prediction
POMC	AVPR2	ppi_lr	ppi_prediction
POMC	SSTR1	ppi_lr	ppi_prediction
POMC	SSTR2	ppi_lr	ppi_prediction
POMC	HTR1F	ppi_lr	ppi_prediction
POMC	CALCR	ppi_lr	ppi_prediction
POMC	SSTR4	ppi_lr	ppi_prediction
POMC	VIPR1	ppi_lr	ppi_prediction
POMC	CCR1	ppi_lr	ppi_prediction
POMC	CCR7	ppi_lr	ppi_prediction
POMC	CXCR5	ppi_lr	ppi_prediction
POMC	SSTR3	ppi_lr	ppi_prediction
POMC	HTR7	ppi_lr	ppi_prediction
POMC	CRHR1	ppi_lr	ppi_prediction
POMC	SSTR5	ppi_lr	ppi_prediction
POMC	APLNR	ppi_lr	ppi_prediction
POMC	OPRL1	ppi_lr	ppi_prediction
POMC	ADCYAP1R1	ppi_lr	ppi_prediction
POMC	VIPR2	ppi_lr	ppi_prediction
POMC	CCR2	ppi_lr	ppi_prediction
POMC	GLP1R	ppi_lr	ppi_prediction
POMC	CCR10	ppi_lr	ppi_prediction
POMC	BDKRB1	ppi_lr	ppi_prediction
POMC	GALR1	ppi_lr	ppi_prediction
POMC	GCGR	ppi_lr	ppi_prediction
POMC	SCTR	ppi_lr	ppi_prediction
POMC	HTR5A	ppi_lr	ppi_prediction
POMC	MTNR1A	ppi_lr	ppi_prediction
POMC	NPBWR1	ppi_lr	ppi_prediction
POMC	GIPR	ppi_lr	ppi_prediction
POMC	NPY2R	ppi_lr	ppi_prediction
POMC	PTH2R	ppi_lr	ppi_prediction
POMC	MTNR1B	ppi_lr	ppi_prediction
POMC	CXCR3	ppi_lr	ppi_prediction
POMC	AGTR2	ppi_lr	ppi_prediction
POMC	NPY4R	ppi_lr	ppi_prediction
POMC	HTR6	ppi_lr	ppi_prediction
POMC	CCR3	ppi_lr	ppi_prediction
POMC	CCR4	ppi_lr	ppi_prediction
POMC	CCR5	ppi_lr	ppi_prediction
POMC	CCR6	ppi_lr	ppi_prediction
POMC	CCR8	ppi_lr	ppi_prediction
POMC	CCR9	ppi_lr	ppi_prediction
POMC	CXCR4	ppi_lr	ppi_prediction
POMC	GHRHR	ppi_lr	ppi_prediction
POMC	PTH1R	ppi_lr	ppi_prediction
POMC	CRHR2	ppi_lr	ppi_prediction
POMC	HTR4	ppi_lr	ppi_prediction
POMC	GRM4	ppi_lr	ppi_prediction
POMC	P2RY14	ppi_lr	ppi_prediction
POMC	NPY5R	ppi_lr	ppi_prediction
POMC	C3AR1	ppi_lr	ppi_prediction
POMC	CALCRL	ppi_lr	ppi_prediction
POMC	NPSR1	ppi_lr	ppi_prediction
POMC	RXFP4	ppi_lr	ppi_prediction
POMC	RXFP2	ppi_lr	ppi_prediction
POMC	LPAR1	ppi_lr	ppi_prediction
POMC	MCHR1	ppi_lr	ppi_prediction
POMC	NMUR2	ppi_lr	ppi_prediction
POMC	HRH4	ppi_lr	ppi_prediction
POMC	NMUR1	ppi_lr	ppi_prediction
POMC	LPAR2	ppi_lr	ppi_prediction
POMC	RXFP1	ppi_lr	ppi_prediction
POMC	RXFP3	ppi_lr	ppi_prediction
POMC	HRH3	ppi_lr	ppi_prediction
POMC	PTGDR2	ppi_lr	ppi_prediction
PENK	HTR1A	ppi_lr	ppi_prediction
PENK	FPR1	ppi_lr	ppi_prediction
PENK	C5AR1	ppi_lr	ppi_prediction
PENK	CXCR1	ppi_lr	ppi_prediction
PENK	CXCR2	ppi_lr	ppi_prediction
PENK	FPR2	ppi_lr	ppi_prediction
PENK	ACKR3	ppi_lr	ppi_prediction
PENK	NPY1R	ppi_lr	ppi_prediction
PENK	HTR1D	ppi_lr	ppi_prediction
PENK	HTR1B	ppi_lr	ppi_prediction
PENK	BDKRB2	ppi_lr	ppi_prediction
PENK	SSTR1	ppi_lr	ppi_prediction
PENK	SSTR2	ppi_lr	ppi_prediction
PENK	HTR1F	ppi_lr	ppi_prediction
PENK	SSTR4	ppi_lr	ppi_prediction
PENK	CCR1	ppi_lr	ppi_prediction
PENK	CCR7	ppi_lr	ppi_prediction
PENK	CXCR5	ppi_lr	ppi_prediction
PENK	SSTR3	ppi_lr	ppi_prediction
PENK	SSTR5	ppi_lr	ppi_prediction
PENK	APLNR	ppi_lr	ppi_prediction
PENK	CCR2	ppi_lr	ppi_prediction
PENK	CCR10	ppi_lr	ppi_prediction
PENK	BDKRB1	ppi_lr	ppi_prediction
PENK	GALR1	ppi_lr	ppi_prediction
PENK	HTR5A	ppi_lr	ppi_prediction
PENK	MTNR1A	ppi_lr	ppi_prediction
PENK	NPBWR1	ppi_lr	ppi_prediction
PENK	NPY2R	ppi_lr	ppi_prediction
PENK	MTNR1B	ppi_lr	ppi_prediction
PENK	CXCR3	ppi_lr	ppi_prediction
PENK	AGTR2	ppi_lr	ppi_prediction
PENK	NPY4R	ppi_lr	ppi_prediction
PENK	CCR3	ppi_lr	ppi_prediction
PENK	CCR4	ppi_lr	ppi_prediction
PENK	CCR5	ppi_lr	ppi_prediction
PENK	CCR6	ppi_lr	ppi_prediction
PENK	CCR8	ppi_lr	ppi_prediction
PENK	CCR9	ppi_lr	ppi_prediction
PENK	CXCR4	ppi_lr	ppi_prediction
PENK	GRM4	ppi_lr	ppi_prediction
PENK	P2RY14	ppi_lr	ppi_prediction
PENK	NPY5R	ppi_lr	ppi_prediction
PENK	C3AR1	ppi_lr	ppi_prediction
PENK	RXFP4	ppi_lr	ppi_prediction
PENK	LPAR1	ppi_lr	ppi_prediction
PENK	MCHR1	ppi_lr	ppi_prediction
PENK	NMUR2	ppi_lr	ppi_prediction
PENK	HRH4	ppi_lr	ppi_prediction
PENK	NMUR1	ppi_lr	ppi_prediction
PENK	LPAR2	ppi_lr	ppi_prediction
PENK	RXFP3	ppi_lr	ppi_prediction
PENK	HRH3	ppi_lr	ppi_prediction
PENK	PTGDR2	ppi_lr	ppi_prediction
PDYN	HTR1A	ppi_lr	ppi_prediction
PDYN	FPR1	ppi_lr	ppi_prediction
PDYN	C5AR1	ppi_lr	ppi_prediction
PDYN	CXCR1	ppi_lr	ppi_prediction
PDYN	CXCR2	ppi_lr	ppi_prediction
PDYN	FPR2	ppi_lr	ppi_prediction
PDYN	ACKR3	ppi_lr	ppi_prediction
PDYN	NPY1R	ppi_lr	ppi_prediction
PDYN	HTR1D	ppi_lr	ppi_prediction
PDYN	HTR1B	ppi_lr	ppi_prediction
PDYN	BDKRB2	ppi_lr	ppi_prediction
PDYN	SSTR1	ppi_lr	ppi_prediction
PDYN	SSTR2	ppi_lr	ppi_prediction
PDYN	HTR1F	ppi_lr	ppi_prediction
PDYN	SSTR4	ppi_lr	ppi_prediction
PDYN	CCR1	ppi_lr	ppi_prediction
PDYN	CCR7	ppi_lr	ppi_prediction
PDYN	CXCR5	ppi_lr	ppi_prediction
PDYN	SSTR3	ppi_lr	ppi_prediction
PDYN	SSTR5	ppi_lr	ppi_prediction
PDYN	APLNR	ppi_lr	ppi_prediction
PDYN	OPRL1	ppi_lr	ppi_prediction
PDYN	CCR2	ppi_lr	ppi_prediction
PDYN	CCR10	ppi_lr	ppi_prediction
PDYN	BDKRB1	ppi_lr	ppi_prediction
PDYN	GALR1	ppi_lr	ppi_prediction
PDYN	HTR5A	ppi_lr	ppi_prediction
PDYN	MTNR1A	ppi_lr	ppi_prediction
PDYN	NPBWR1	ppi_lr	ppi_prediction
PDYN	NPY2R	ppi_lr	ppi_prediction
PDYN	MTNR1B	ppi_lr	ppi_prediction
PDYN	CXCR3	ppi_lr	ppi_prediction
PDYN	AGTR2	ppi_lr	ppi_prediction
PDYN	NPY4R	ppi_lr	ppi_prediction
PDYN	CCR3	ppi_lr	ppi_prediction
PDYN	CCR4	ppi_lr	ppi_prediction
PDYN	CCR5	ppi_lr	ppi_prediction
PDYN	CCR6	ppi_lr	ppi_prediction
PDYN	CCR8	ppi_lr	ppi_prediction
PDYN	CCR9	ppi_lr	ppi_prediction
PDYN	CXCR4	ppi_lr	ppi_prediction
PDYN	GRM4	ppi_lr	ppi_prediction
PDYN	P2RY14	ppi_lr	ppi_prediction
PDYN	NPY5R	ppi_lr	ppi_prediction
PDYN	C3AR1	ppi_lr	ppi_prediction
PDYN	RXFP4	ppi_lr	ppi_prediction
PDYN	LPAR1	ppi_lr	ppi_prediction
PDYN	MCHR1	ppi_lr	ppi_prediction
PDYN	NMUR2	ppi_lr	ppi_prediction
PDYN	HRH4	ppi_lr	ppi_prediction
PDYN	NMUR1	ppi_lr	ppi_prediction
PDYN	LPAR2	ppi_lr	ppi_prediction
PDYN	RXFP3	ppi_lr	ppi_prediction
PDYN	HRH3	ppi_lr	ppi_prediction
PDYN	PTGDR2	ppi_lr	ppi_prediction
CGA	HRH2	ppi_lr	ppi_prediction
CGA	AVPR2	ppi_lr	ppi_prediction
CGA	CALCR	ppi_lr	ppi_prediction
CGA	VIPR1	ppi_lr	ppi_prediction
CGA	MC4R	ppi_lr	ppi_prediction
CGA	MC5R	ppi_lr	ppi_prediction
CGA	HTR7	ppi_lr	ppi_prediction
CGA	CRHR1	ppi_lr	ppi_prediction
CGA	ADCYAP1R1	ppi_lr	ppi_prediction
CGA	VIPR2	ppi_lr	ppi_prediction
CGA	MC3R	ppi_lr	ppi_prediction
CGA	GLP1R	ppi_lr	ppi_prediction
CGA	GCGR	ppi_lr	ppi_prediction
CGA	SCTR	ppi_lr	ppi_prediction
CGA	GIPR	ppi_lr	ppi_prediction
CGA	PTH2R	ppi_lr	ppi_prediction
CGA	HTR6	ppi_lr	ppi_prediction
CGA	MC2R	ppi_lr	ppi_prediction
CGA	MC1R	ppi_lr	ppi_prediction
CGA	GHRHR	ppi_lr	ppi_prediction
CGA	PTH1R	ppi_lr	ppi_prediction
CGA	CRHR2	ppi_lr	ppi_prediction
CGA	HTR4	ppi_lr	ppi_prediction
CGA	CALCRL	ppi_lr	ppi_prediction
CGA	NPSR1	ppi_lr	ppi_prediction
CGA	RXFP2	ppi_lr	ppi_prediction
CGA	RXFP1	ppi_lr	ppi_prediction
TSHB	LHCGR	ppi_lr	ppi_prediction
TSHB	FSHR	ppi_lr	ppi_prediction
TSHB	HRH2	ppi_lr	ppi_prediction
TSHB	AVPR2	ppi_lr	ppi_prediction
TSHB	CALCR	ppi_lr	ppi_prediction
TSHB	VIPR1	ppi_lr	ppi_prediction
TSHB	MC4R	ppi_lr	ppi_prediction
TSHB	MC5R	ppi_lr	ppi_prediction
TSHB	HTR7	ppi_lr	ppi_prediction
TSHB	CRHR1	ppi_lr	ppi_prediction
TSHB	ADCYAP1R1	ppi_lr	ppi_prediction
TSHB	VIPR2	ppi_lr	ppi_prediction
TSHB	MC3R	ppi_lr	ppi_prediction
TSHB	GLP1R	ppi_lr	ppi_prediction
TSHB	GCGR	ppi_lr	ppi_prediction
TSHB	SCTR	ppi_lr	ppi_prediction
TSHB	GIPR	ppi_lr	ppi_prediction
TSHB	PTH2R	ppi_lr	ppi_prediction
TSHB	HTR6	ppi_lr	ppi_prediction
TSHB	MC2R	ppi_lr	ppi_prediction
TSHB	MC1R	ppi_lr	ppi_prediction
TSHB	GHRHR	ppi_lr	ppi_prediction
TSHB	PTH1R	ppi_lr	ppi_prediction
TSHB	CRHR2	ppi_lr	ppi_prediction
TSHB	HTR4	ppi_lr	ppi_prediction
TSHB	CALCRL	ppi_lr	ppi_prediction
TSHB	NPSR1	ppi_lr	ppi_prediction
TSHB	RXFP2	ppi_lr	ppi_prediction
TSHB	RXFP1	ppi_lr	ppi_prediction
FSHB	TSHR	ppi_lr	ppi_prediction
FSHB	LHCGR	ppi_lr	ppi_prediction
FSHB	HRH2	ppi_lr	ppi_prediction
FSHB	AVPR2	ppi_lr	ppi_prediction
FSHB	CALCR	ppi_lr	ppi_prediction
FSHB	VIPR1	ppi_lr	ppi_prediction
FSHB	MC4R	ppi_lr	ppi_prediction
FSHB	MC5R	ppi_lr	ppi_prediction
FSHB	HTR7	ppi_lr	ppi_prediction
FSHB	CRHR1	ppi_lr	ppi_prediction
FSHB	ADCYAP1R1	ppi_lr	ppi_prediction
FSHB	VIPR2	ppi_lr	ppi_prediction
FSHB	MC3R	ppi_lr	ppi_prediction
FSHB	GLP1R	ppi_lr	ppi_prediction
FSHB	GCGR	ppi_lr	ppi_prediction
FSHB	SCTR	ppi_lr	ppi_prediction
FSHB	GIPR	ppi_lr	ppi_prediction
FSHB	PTH2R	ppi_lr	ppi_prediction
FSHB	HTR6	ppi_lr	ppi_prediction
FSHB	MC2R	ppi_lr	ppi_prediction
FSHB	MC1R	ppi_lr	ppi_prediction
FSHB	GHRHR	ppi_lr	ppi_prediction
FSHB	PTH1R	ppi_lr	ppi_prediction
FSHB	CRHR2	ppi_lr	ppi_prediction
FSHB	HTR4	ppi_lr	ppi_prediction
FSHB	CALCRL	ppi_lr	ppi_prediction
FSHB	NPSR1	ppi_lr	ppi_prediction
FSHB	RXFP2	ppi_lr	ppi_prediction
FSHB	RXFP1	ppi_lr	ppi_prediction
LHB	TSHR	ppi_lr	ppi_prediction
LHB	FSHR	ppi_lr	ppi_prediction
LHB	HRH2	ppi_lr	ppi_prediction
LHB	AVPR2	ppi_lr	ppi_prediction
LHB	CALCR	ppi_lr	ppi_prediction
LHB	VIPR1	ppi_lr	ppi_prediction
LHB	MC4R	ppi_lr	ppi_prediction
LHB	MC5R	ppi_lr	ppi_prediction
LHB	HTR7	ppi_lr	ppi_prediction
LHB	CRHR1	ppi_lr	ppi_prediction
LHB	ADCYAP1R1	ppi_lr	ppi_prediction
LHB	VIPR2	ppi_lr	ppi_prediction
LHB	MC3R	ppi_lr	ppi_prediction
LHB	GLP1R	ppi_lr	ppi_prediction
LHB	GCGR	ppi_lr	ppi_prediction
LHB	SCTR	ppi_lr	ppi_prediction
LHB	GIPR	ppi_lr	ppi_prediction
LHB	PTH2R	ppi_lr	ppi_prediction
LHB	HTR6	ppi_lr	ppi_prediction
LHB	MC2R	ppi_lr	ppi_prediction
LHB	MC1R	ppi_lr	ppi_prediction
LHB	GHRHR	ppi_lr	ppi_prediction
LHB	PTH1R	ppi_lr	ppi_prediction
LHB	CRHR2	ppi_lr	ppi_prediction
LHB	HTR4	ppi_lr	ppi_prediction
LHB	CALCRL	ppi_lr	ppi_prediction
LHB	NPSR1	ppi_lr	ppi_prediction
LHB	RXFP2	ppi_lr	ppi_prediction
LHB	RXFP1	ppi_lr	ppi_prediction
CALCA	TSHR	ppi_lr	ppi_prediction
CALCA	LHCGR	ppi_lr	ppi_prediction
CALCA	FSHR	ppi_lr	ppi_prediction
CALCA	HRH2	ppi_lr	ppi_prediction
CALCA	AVPR2	ppi_lr	ppi_prediction
CALCA	VIPR1	ppi_lr	ppi_prediction
CALCA	MC4R	ppi_lr	ppi_prediction
CALCA	MC5R	ppi_lr	ppi_prediction
CALCA	HTR7	ppi_lr	ppi_prediction
CALCA	CRHR1	ppi_lr	ppi_prediction
CALCA	ADCYAP1R1	ppi_lr	ppi_prediction
CALCA	VIPR2	ppi_lr	ppi_prediction
CALCA	MC3R	ppi_lr	ppi_prediction
CALCA	GLP1R	ppi_lr	ppi_prediction
CALCA	GCGR	ppi_lr	ppi_prediction
CALCA	SCTR	ppi_lr	ppi_prediction
CALCA	GIPR	ppi_lr	ppi_prediction
CALCA	PTH2R	ppi_lr	ppi_prediction
CALCA	HTR6	ppi_lr	ppi_prediction
CALCA	MC2R	ppi_lr	ppi_prediction
CALCA	MC1R	ppi_lr	ppi_prediction
CALCA	GHRHR	ppi_lr	ppi_prediction
CALCA	PTH1R	ppi_lr	ppi_prediction
CALCA	CRHR2	ppi_lr	ppi_prediction
CALCA	HTR4	ppi_lr	ppi_prediction
CALCA	NPSR1	ppi_lr	ppi_prediction
CALCA	RXFP2	ppi_lr	ppi_prediction
CALCA	RXFP1	ppi_lr	ppi_prediction
PTH	TSHR	ppi_lr	ppi_prediction
PTH	LHCGR	ppi_lr	ppi_prediction
PTH	FSHR	ppi_lr	ppi_prediction
PTH	HRH2	ppi_lr	ppi_prediction
PTH	AVPR2	ppi_lr	ppi_prediction
PTH	CALCR	ppi_lr	ppi_prediction
PTH	VIPR1	ppi_lr	ppi_prediction
PTH	MC4R	ppi_lr	ppi_prediction
PTH	MC5R	ppi_lr	ppi_prediction
PTH	HTR7	ppi_lr	ppi_prediction
PTH	CRHR1	ppi_lr	ppi_prediction
PTH	ADCYAP1R1	ppi_lr	ppi_prediction
PTH	VIPR2	ppi_lr	ppi_prediction
PTH	MC3R	ppi_lr	ppi_prediction
PTH	GLP1R	ppi_lr	ppi_prediction
PTH	GCGR	ppi_lr	ppi_prediction
PTH	SCTR	ppi_lr	ppi_prediction
PTH	GIPR	ppi_lr	ppi_prediction
PTH	HTR6	ppi_lr	ppi_prediction
PTH	MC2R	ppi_lr	ppi_prediction
PTH	MC1R	ppi_lr	ppi_prediction
PTH	GHRHR	ppi_lr	ppi_prediction
PTH	CRHR2	ppi_lr	ppi_prediction
PTH	HTR4	ppi_lr	ppi_prediction
PTH	CALCRL	ppi_lr	ppi_prediction
PTH	NPSR1	ppi_lr	ppi_prediction
PTH	RXFP2	ppi_lr	ppi_prediction
PTH	RXFP1	ppi_lr	ppi_prediction
GCG	TSHR	ppi_lr	ppi_prediction
GCG	TACR2	ppi_lr	ppi_prediction
GCG	LHCGR	ppi_lr	ppi_prediction
GCG	FSHR	ppi_lr	ppi_prediction
GCG	EDNRB	ppi_lr	ppi_prediction
GCG	HRH2	ppi_lr	ppi_prediction
GCG	FPR2	ppi_lr	ppi_prediction
GCG	EDNRA	ppi_lr	ppi_prediction
GCG	TACR1	ppi_lr	ppi_prediction
GCG	F2R	ppi_lr	ppi_prediction
GCG	HTR2A	ppi_lr	ppi_prediction
GCG	HTR2C	ppi_lr	ppi_prediction
GCG	NMBR	ppi_lr	ppi_prediction
GCG	TACR3	ppi_lr	ppi_prediction
GCG	BDKRB2	ppi_lr	ppi_prediction
GCG	AVPR2	ppi_lr	ppi_prediction
GCG	GRPR	ppi_lr	ppi_prediction
GCG	AGTR1	ppi_lr	ppi_prediction
GCG	OXTR	ppi_lr	ppi_prediction
GCG	GNRHR	ppi_lr	ppi_prediction
GCG	CALCR	ppi_lr	ppi_prediction
GCG	NTSR1	ppi_lr	ppi_prediction
GCG	CCKAR	ppi_lr	ppi_prediction
GCG	CCKBR	ppi_lr	ppi_prediction
GCG	VIPR1	ppi_lr	ppi_prediction
GCG	MC4R	ppi_lr	ppi_prediction
GCG	MC5R	ppi_lr	ppi_prediction
GCG	HTR7	ppi_lr	ppi_prediction
GCG	TRHR	ppi_lr	ppi_prediction
GCG	CRHR1	ppi_lr	ppi_prediction
GCG	HRH1	ppi_lr	ppi_prediction
GCG	AVPR1A	ppi_lr	ppi_prediction
GCG	ADCYAP1R1	ppi_lr	ppi_prediction
GCG	VIPR2	ppi_lr	ppi_prediction
GCG	HTR2B	ppi_lr	ppi_prediction
GCG	MC3R	ppi_lr	ppi_prediction
GCG	XCR1	ppi_lr	ppi_prediction
GCG	BDKRB1	ppi_lr	ppi_prediction
GCG	SCTR	ppi_lr	ppi_prediction
GCG	AVPR1B	ppi_lr	ppi_prediction
GCG	PTH2R	ppi_lr	ppi_prediction
GCG	HTR6	ppi_lr	ppi_prediction
GCG	F2RL1	ppi_lr	ppi_prediction
GCG	MC2R	ppi_lr	ppi_prediction
GCG	MC1R	ppi_lr	ppi_prediction
GCG	GHRHR	ppi_lr	ppi_prediction
GCG	PTH1R	ppi_lr	ppi_prediction
GCG	CRHR2	ppi_lr	ppi_prediction
GCG	HTR4	ppi_lr	ppi_prediction
GCG	CALCRL	ppi_lr	ppi_prediction
GCG	NPSR1	ppi_lr	ppi_prediction
GCG	PROKR2	ppi_lr	ppi_prediction
GCG	PROKR1	ppi_lr	ppi_prediction
GCG	RXFP2	ppi_lr	ppi_prediction
GCG	LPAR1	ppi_lr	ppi_prediction
GCG	GHSR	ppi_lr	ppi_prediction
GCG	KISS1R	ppi_lr	ppi_prediction
GCG	QRFPR	ppi_lr	ppi_prediction
GCG	F2RL3	ppi_lr	ppi_prediction
GCG	LPAR4	ppi_lr	ppi_prediction
GCG	MCHR1	ppi_lr	ppi_prediction
GCG	NMUR2	ppi_lr	ppi_prediction
GCG	NPFFR1	ppi_lr	ppi_prediction
GCG	NMUR1	ppi_lr	ppi_prediction
GCG	LPAR2	ppi_lr	ppi_prediction
GCG	RXFP1	ppi_lr	ppi_prediction
GCG	UTS2R	ppi_lr	ppi_prediction
GCG	NPFFR2	ppi_lr	ppi_prediction
VIP	TSHR	ppi_lr	ppi_prediction
VIP	LHCGR	ppi_lr	ppi_prediction
VIP	FSHR	ppi_lr	ppi_prediction
VIP	HRH2	ppi_lr	ppi_prediction
VIP	AVPR2	ppi_lr	ppi_prediction
VIP	CALCR	ppi_lr	ppi_prediction
VIP	MC4R	ppi_lr	ppi_prediction
VIP	MC5R	ppi_lr	ppi_prediction
VIP	HTR7	ppi_lr	ppi_prediction
VIP	CRHR1	ppi_lr	ppi_prediction
VIP	AVPR1A	ppi_lr	ppi_prediction
VIP	MC3R	ppi_lr	ppi_prediction
VIP	GLP1R	ppi_lr	ppi_prediction
VIP	GCGR	ppi_lr	ppi_prediction
VIP	GIPR	ppi_lr	ppi_prediction
VIP	PTH2R	ppi_lr	ppi_prediction
VIP	HTR6	ppi_lr	ppi_prediction
VIP	MC2R	ppi_lr	ppi_prediction
VIP	MC1R	ppi_lr	ppi_prediction
VIP	GHRHR	ppi_lr	ppi_prediction
VIP	PTH1R	ppi_lr	ppi_prediction
VIP	CRHR2	ppi_lr	ppi_prediction
VIP	HTR4	ppi_lr	ppi_prediction
VIP	CALCRL	ppi_lr	ppi_prediction
VIP	NPSR1	ppi_lr	ppi_prediction
VIP	RXFP2	ppi_lr	ppi_prediction
VIP	RXFP1	ppi_lr	ppi_prediction
GHRH	TSHR	ppi_lr	ppi_prediction
GHRH	LHCGR	ppi_lr	ppi_prediction
GHRH	FSHR	ppi_lr	ppi_prediction
GHRH	HRH2	ppi_lr	ppi_prediction
GHRH	AVPR2	ppi_lr	ppi_prediction
GHRH	CALCR	ppi_lr	ppi_prediction
GHRH	MC4R	ppi_lr	ppi_prediction
GHRH	MC5R	ppi_lr	ppi_prediction
GHRH	HTR7	ppi_lr	ppi_prediction
GHRH	CRHR1	ppi_lr	ppi_prediction
GHRH	ADCYAP1R1	ppi_lr	ppi_prediction
GHRH	VIPR2	ppi_lr	ppi_prediction
GHRH	MC3R	ppi_lr	ppi_prediction
GHRH	GLP1R	ppi_lr	ppi_prediction
GHRH	GCGR	ppi_lr	ppi_prediction
GHRH	SCTR	ppi_lr	ppi_prediction
GHRH	GIPR	ppi_lr	ppi_prediction
GHRH	PTH2R	ppi_lr	ppi_prediction
GHRH	HTR6	ppi_lr	ppi_prediction
GHRH	MC2R	ppi_lr	ppi_prediction
GHRH	MC1R	ppi_lr	ppi_prediction
GHRH	PTH1R	ppi_lr	ppi_prediction
GHRH	CRHR2	ppi_lr	ppi_prediction
GHRH	HTR4	ppi_lr	ppi_prediction
GHRH	CALCRL	ppi_lr	ppi_prediction
GHRH	NPSR1	ppi_lr	ppi_prediction
GHRH	RXFP2	ppi_lr	ppi_prediction
GHRH	RXFP1	ppi_lr	ppi_prediction
PPY	HTR1A	ppi_lr	ppi_prediction
PPY	FPR1	ppi_lr	ppi_prediction
PPY	C5AR1	ppi_lr	ppi_prediction
PPY	CXCR1	ppi_lr	ppi_prediction
PPY	CXCR2	ppi_lr	ppi_prediction
PPY	FPR2	ppi_lr	ppi_prediction
PPY	ACKR3	ppi_lr	ppi_prediction
PPY	HTR1D	ppi_lr	ppi_prediction
PPY	HTR1B	ppi_lr	ppi_prediction
PPY	BDKRB2	ppi_lr	ppi_prediction
PPY	SSTR1	ppi_lr	ppi_prediction
PPY	SSTR2	ppi_lr	ppi_prediction
PPY	HTR1F	ppi_lr	ppi_prediction
PPY	SSTR4	ppi_lr	ppi_prediction
PPY	CCR1	ppi_lr	ppi_prediction
PPY	CCR7	ppi_lr	ppi_prediction
PPY	CXCR5	ppi_lr	ppi_prediction
PPY	SSTR3	ppi_lr	ppi_prediction
PPY	SSTR5	ppi_lr	ppi_prediction
PPY	OPRM1	ppi_lr	ppi_prediction
PPY	APLNR	ppi_lr	ppi_prediction
PPY	OPRD1	ppi_lr	ppi_prediction
PPY	OPRK1	ppi_lr	ppi_prediction
PPY	OPRL1	ppi_lr	ppi_prediction
PPY	CCR2	ppi_lr	ppi_prediction
PPY	CCR10	ppi_lr	ppi_prediction
PPY	BDKRB1	ppi_lr	ppi_prediction
PPY	GALR1	ppi_lr	ppi_prediction
PPY	HTR5A	ppi_lr	ppi_prediction
PPY	MTNR1A	ppi_lr	ppi_prediction
PPY	NPBWR1	ppi_lr	ppi_prediction
PPY	NPY2R	ppi_lr	ppi_prediction
PPY	MTNR1B	ppi_lr	ppi_prediction
PPY	CXCR3	ppi_lr	ppi_prediction
PPY	AGTR2	ppi_lr	ppi_prediction
PPY	CCR3	ppi_lr	ppi_prediction
PPY	CCR4	ppi_lr	ppi_prediction
PPY	CCR5	ppi_lr	ppi_prediction
PPY	CCR6	ppi_lr	ppi_prediction
PPY	CCR8	ppi_lr	ppi_prediction
PPY	CCR9	ppi_lr	ppi_prediction
PPY	CXCR4	ppi_lr	ppi_prediction
PPY	GRM4	ppi_lr	ppi_prediction
PPY	P2RY14	ppi_lr	ppi_prediction
PPY	C3AR1	ppi_lr	ppi_prediction
PPY	RXFP4	ppi_lr	ppi_prediction
PPY	LPAR1	ppi_lr	ppi_prediction
PPY	MCHR1	ppi_lr	ppi_prediction
PPY	NMUR2	ppi_lr	ppi_prediction
PPY	HRH4	ppi_lr	ppi_prediction
PPY	NMUR1	ppi_lr	ppi_prediction
PPY	LPAR2	ppi_lr	ppi_prediction
PPY	RXFP3	ppi_lr	ppi_prediction
PPY	HRH3	ppi_lr	ppi_prediction
PPY	PTGDR2	ppi_lr	ppi_prediction
NPY	HTR1A	ppi_lr	ppi_prediction
NPY	FPR1	ppi_lr	ppi_prediction
NPY	C5AR1	ppi_lr	ppi_prediction
NPY	CXCR1	ppi_lr	ppi_prediction
NPY	CXCR2	ppi_lr	ppi_prediction
NPY	FPR2	ppi_lr	ppi_prediction
NPY	ACKR3	ppi_lr	ppi_prediction
NPY	HTR1D	ppi_lr	ppi_prediction
NPY	HTR1B	ppi_lr	ppi_prediction
NPY	BDKRB2	ppi_lr	ppi_prediction
NPY	SSTR1	ppi_lr	ppi_prediction
NPY	SSTR2	ppi_lr	ppi_prediction
NPY	HTR1F	ppi_lr	ppi_prediction
NPY	SSTR4	ppi_lr	ppi_prediction
NPY	CCR1	ppi_lr	ppi_prediction
NPY	CCR7	ppi_lr	ppi_prediction
NPY	CXCR5	ppi_lr	ppi_prediction
NPY	SSTR3	ppi_lr	ppi_prediction
NPY	SSTR5	ppi_lr	ppi_prediction
NPY	OPRM1	ppi_lr	ppi_prediction
NPY	APLNR	ppi_lr	ppi_prediction
NPY	OPRD1	ppi_lr	ppi_prediction
NPY	OPRK1	ppi_lr	ppi_prediction
NPY	OPRL1	ppi_lr	ppi_prediction
NPY	CCR2	ppi_lr	ppi_prediction
NPY	CCR10	ppi_lr	ppi_prediction
NPY	BDKRB1	ppi_lr	ppi_prediction
NPY	GALR1	ppi_lr	ppi_prediction
NPY	HTR5A	ppi_lr	ppi_prediction
NPY	MTNR1A	ppi_lr	ppi_prediction
NPY	NPBWR1	ppi_lr	ppi_prediction
NPY	MTNR1B	ppi_lr	ppi_prediction
NPY	CXCR3	ppi_lr	ppi_prediction
NPY	AGTR2	ppi_lr	ppi_prediction
NPY	CCR3	ppi_lr	ppi_prediction
NPY	CCR4	ppi_lr	ppi_prediction
NPY	CCR5	ppi_lr	ppi_prediction
NPY	CCR6	ppi_lr	ppi_prediction
NPY	CCR8	ppi_lr	ppi_prediction
NPY	CCR9	ppi_lr	ppi_prediction
NPY	CXCR4	ppi_lr	ppi_prediction
NPY	GRM4	ppi_lr	ppi_prediction
NPY	P2RY14	ppi_lr	ppi_prediction
NPY	C3AR1	ppi_lr	ppi_prediction
NPY	RXFP4	ppi_lr	ppi_prediction
NPY	LPAR1	ppi_lr	ppi_prediction
NPY	MCHR1	ppi_lr	ppi_prediction
NPY	NMUR2	ppi_lr	ppi_prediction
NPY	HRH4	ppi_lr	ppi_prediction
NPY	NMUR1	ppi_lr	ppi_prediction
NPY	LPAR2	ppi_lr	ppi_prediction
NPY	RXFP3	ppi_lr	ppi_prediction
NPY	HRH3	ppi_lr	ppi_prediction
NPY	PTGDR2	ppi_lr	ppi_prediction
GAST	TACR2	ppi_lr	ppi_prediction
GAST	EDNRB	ppi_lr	ppi_prediction
GAST	FPR2	ppi_lr	ppi_prediction
GAST	EDNRA	ppi_lr	ppi_prediction
GAST	TACR1	ppi_lr	ppi_prediction
GAST	F2R	ppi_lr	ppi_prediction
GAST	HTR2A	ppi_lr	ppi_prediction
GAST	HTR2C	ppi_lr	ppi_prediction
GAST	NMBR	ppi_lr	ppi_prediction
GAST	TACR3	ppi_lr	ppi_prediction
GAST	BDKRB2	ppi_lr	ppi_prediction
GAST	GRPR	ppi_lr	ppi_prediction
GAST	AGTR1	ppi_lr	ppi_prediction
GAST	OXTR	ppi_lr	ppi_prediction
GAST	GNRHR	ppi_lr	ppi_prediction
GAST	NTSR1	ppi_lr	ppi_prediction
GAST	TRHR	ppi_lr	ppi_prediction
GAST	HRH1	ppi_lr	ppi_prediction
GAST	AVPR1A	ppi_lr	ppi_prediction
GAST	HTR2B	ppi_lr	ppi_prediction
GAST	XCR1	ppi_lr	ppi_prediction
GAST	BDKRB1	ppi_lr	ppi_prediction
GAST	GCGR	ppi_lr	ppi_prediction
GAST	AVPR1B	ppi_lr	ppi_prediction
GAST	F2RL1	ppi_lr	ppi_prediction
GAST	NPSR1	ppi_lr	ppi_prediction
GAST	PROKR2	ppi_lr	ppi_prediction
GAST	PROKR1	ppi_lr	ppi_prediction
GAST	LPAR1	ppi_lr	ppi_prediction
GAST	GHSR	ppi_lr	ppi_prediction
GAST	KISS1R	ppi_lr	ppi_prediction
GAST	QRFPR	ppi_lr	ppi_prediction
GAST	F2RL3	ppi_lr	ppi_prediction
GAST	LPAR4	ppi_lr	ppi_prediction
GAST	MCHR1	ppi_lr	ppi_prediction
GAST	NMUR2	ppi_lr	ppi_prediction
GAST	NPFFR1	ppi_lr	ppi_prediction
GAST	NMUR1	ppi_lr	ppi_prediction
GAST	LPAR2	ppi_lr	ppi_prediction
GAST	UTS2R	ppi_lr	ppi_prediction
GAST	NPFFR2	ppi_lr	ppi_prediction
LTA	TRAF2	ppi_lr	ppi_prediction
TNF	FAS	ppi_lr	ppi_prediction
TNF	FLT4	ppi_lr	ppi_prediction
APOE	SDC1	ppi_lr	ppi_prediction
APOE	SDC4	ppi_lr	ppi_prediction
APOE	SDC2	ppi_lr	ppi_prediction
APOE	GPC1	ppi_lr	ppi_prediction
APOE	TYRO3	ppi_lr	ppi_prediction
FGA	ITGAD	ppi_lr	ppi_prediction
FN1	TFRC	ppi_lr	ppi_prediction
FN1	RPSA	ppi_lr	ppi_prediction
FN1	IGF2R	ppi_lr	ppi_prediction
FN1	DDR1	ppi_lr	ppi_prediction
PPBP	HTR1A	ppi_lr	ppi_prediction
PPBP	FPR1	ppi_lr	ppi_prediction
PPBP	C5AR1	ppi_lr	ppi_prediction
PPBP	FPR2	ppi_lr	ppi_prediction
PPBP	ACKR3	ppi_lr	ppi_prediction
PPBP	NPY1R	ppi_lr	ppi_prediction
PPBP	HTR1D	ppi_lr	ppi_prediction
PPBP	HTR1B	ppi_lr	ppi_prediction
PPBP	BDKRB2	ppi_lr	ppi_prediction
PPBP	SSTR1	ppi_lr	ppi_prediction
PPBP	SSTR2	ppi_lr	ppi_prediction
PPBP	HTR1F	ppi_lr	ppi_prediction
PPBP	SSTR4	ppi_lr	ppi_prediction
PPBP	CCR1	ppi_lr	ppi_prediction
PPBP	CCR7	ppi_lr	ppi_prediction
PPBP	CXCR5	ppi_lr	ppi_prediction
PPBP	SSTR3	ppi_lr	ppi_prediction
PPBP	SSTR5	ppi_lr	ppi_prediction
PPBP	OPRM1	ppi_lr	ppi_prediction
PPBP	APLNR	ppi_lr	ppi_prediction
PPBP	OPRD1	ppi_lr	ppi_prediction
PPBP	OPRK1	ppi_lr	ppi_prediction
PPBP	OPRL1	ppi_lr	ppi_prediction
PPBP	CCR2	ppi_lr	ppi_prediction
PPBP	CCR10	ppi_lr	ppi_prediction
PPBP	BDKRB1	ppi_lr	ppi_prediction
PPBP	GALR1	ppi_lr	ppi_prediction
PPBP	HTR5A	ppi_lr	ppi_prediction
PPBP	MTNR1A	ppi_lr	ppi_prediction
PPBP	NPBWR1	ppi_lr	ppi_prediction
PPBP	NPY2R	ppi_lr	ppi_prediction
PPBP	MTNR1B	ppi_lr	ppi_prediction
PPBP	CXCR3	ppi_lr	ppi_prediction
PPBP	AGTR2	ppi_lr	ppi_prediction
PPBP	NPY4R	ppi_lr	ppi_prediction
PPBP	CCR3	ppi_lr	ppi_prediction
PPBP	CCR4	ppi_lr	ppi_prediction
PPBP	CCR5	ppi_lr	ppi_prediction
PPBP	CCR6	ppi_lr	ppi_prediction
PPBP	CCR8	ppi_lr	ppi_prediction
PPBP	CCR9	ppi_lr	ppi_prediction
PPBP	CXCR4	ppi_lr	ppi_prediction
PPBP	GRM4	ppi_lr	ppi_prediction
PPBP	P2RY14	ppi_lr	ppi_prediction
PPBP	NPY5R	ppi_lr	ppi_prediction
PPBP	C3AR1	ppi_lr	ppi_prediction
PPBP	RXFP4	ppi_lr	ppi_prediction
PPBP	LPAR1	ppi_lr	ppi_prediction
PPBP	MCHR1	ppi_lr	ppi_prediction
PPBP	NMUR2	ppi_lr	ppi_prediction
PPBP	HRH4	ppi_lr	ppi_prediction
PPBP	NMUR1	ppi_lr	ppi_prediction
PPBP	LPAR2	ppi_lr	ppi_prediction
PPBP	RXFP3	ppi_lr	ppi_prediction
PPBP	HRH3	ppi_lr	ppi_prediction
PPBP	PTGDR2	ppi_lr	ppi_prediction
PF4	HTR1A	ppi_lr	ppi_prediction
PF4	FPR1	ppi_lr	ppi_prediction
PF4	C5AR1	ppi_lr	ppi_prediction
PF4	CXCR1	ppi_lr	ppi_prediction
PF4	CXCR2	ppi_lr	ppi_prediction
PF4	FPR2	ppi_lr	ppi_prediction
PF4	ACKR3	ppi_lr	ppi_prediction
PF4	NPY1R	ppi_lr	ppi_prediction
PF4	HTR1D	ppi_lr	ppi_prediction
PF4	HTR1B	ppi_lr	ppi_prediction
PF4	BDKRB2	ppi_lr	ppi_prediction
PF4	SSTR1	ppi_lr	ppi_prediction
PF4	SSTR2	ppi_lr	ppi_prediction
PF4	HTR1F	ppi_lr	ppi_prediction
PF4	SSTR4	ppi_lr	ppi_prediction
PF4	CCR1	ppi_lr	ppi_prediction
PF4	CCR7	ppi_lr	ppi_prediction
PF4	CXCR5	ppi_lr	ppi_prediction
PF4	SSTR3	ppi_lr	ppi_prediction
PF4	SSTR5	ppi_lr	ppi_prediction
PF4	OPRM1	ppi_lr	ppi_prediction
PF4	APLNR	ppi_lr	ppi_prediction
PF4	OPRD1	ppi_lr	ppi_prediction
PF4	OPRK1	ppi_lr	ppi_prediction
PF4	OPRL1	ppi_lr	ppi_prediction
PF4	CCR2	ppi_lr	ppi_prediction
PF4	CCR10	ppi_lr	ppi_prediction
PF4	BDKRB1	ppi_lr	ppi_prediction
PF4	GALR1	ppi_lr	ppi_prediction
PF4	HTR5A	ppi_lr	ppi_prediction
PF4	MTNR1A	ppi_lr	ppi_prediction
PF4	NPBWR1	ppi_lr	ppi_prediction
PF4	NPY2R	ppi_lr	ppi_prediction
PF4	MTNR1B	ppi_lr	ppi_prediction
PF4	AGTR2	ppi_lr	ppi_prediction
PF4	NPY4R	ppi_lr	ppi_prediction
PF4	CCR3	ppi_lr	ppi_prediction
PF4	CCR4	ppi_lr	ppi_prediction
PF4	CCR5	ppi_lr	ppi_prediction
PF4	CCR6	ppi_lr	ppi_prediction
PF4	CCR8	ppi_lr	ppi_prediction
PF4	CCR9	ppi_lr	ppi_prediction
PF4	CXCR4	ppi_lr	ppi_prediction
PF4	GRM4	ppi_lr	ppi_prediction
PF4	P2RY14	ppi_lr	ppi_prediction
PF4	NPY5R	ppi_lr	ppi_prediction
PF4	C3AR1	ppi_lr	ppi_prediction
PF4	RXFP4	ppi_lr	ppi_prediction
PF4	LPAR1	ppi_lr	ppi_prediction
PF4	MCHR1	ppi_lr	ppi_prediction
PF4	NMUR2	ppi_lr	ppi_prediction
PF4	HRH4	ppi_lr	ppi_prediction
PF4	NMUR1	ppi_lr	ppi_prediction
PF4	LPAR2	ppi_lr	ppi_prediction
PF4	RXFP3	ppi_lr	ppi_prediction
PF4	HRH3	ppi_lr	ppi_prediction
PF4	PTGDR2	ppi_lr	ppi_prediction
CXCL10	HTR1A	ppi_lr	ppi_prediction
CXCL10	FPR1	ppi_lr	ppi_prediction
CXCL10	C5AR1	ppi_lr	ppi_prediction
CXCL10	CXCR1	ppi_lr	ppi_prediction
CXCL10	CXCR2	ppi_lr	ppi_prediction
CXCL10	FPR2	ppi_lr	ppi_prediction
CXCL10	ACKR3	ppi_lr	ppi_prediction
CXCL10	NPY1R	ppi_lr	ppi_prediction
CXCL10	HTR1D	ppi_lr	ppi_prediction
CXCL10	HTR1B	ppi_lr	ppi_prediction
CXCL10	BDKRB2	ppi_lr	ppi_prediction
CXCL10	SSTR1	ppi_lr	ppi_prediction
CXCL10	SSTR2	ppi_lr	ppi_prediction
CXCL10	HTR1F	ppi_lr	ppi_prediction
CXCL10	SSTR4	ppi_lr	ppi_prediction
CXCL10	CCR1	ppi_lr	ppi_prediction
CXCL10	CCR7	ppi_lr	ppi_prediction
CXCL10	CXCR5	ppi_lr	ppi_prediction
CXCL10	SSTR3	ppi_lr	ppi_prediction
CXCL10	SSTR5	ppi_lr	ppi_prediction
CXCL10	OPRM1	ppi_lr	ppi_prediction
CXCL10	APLNR	ppi_lr	ppi_prediction
CXCL10	OPRD1	ppi_lr	ppi_prediction
CXCL10	OPRK1	ppi_lr	ppi_prediction
CXCL10	OPRL1	ppi_lr	ppi_prediction
CXCL10	CCR2	ppi_lr	ppi_prediction
CXCL10	CCR10	ppi_lr	ppi_prediction
CXCL10	BDKRB1	ppi_lr	ppi_prediction
CXCL10	GALR1	ppi_lr	ppi_prediction
CXCL10	HTR5A	ppi_lr	ppi_prediction
CXCL10	MTNR1A	ppi_lr	ppi_prediction
CXCL10	NPBWR1	ppi_lr	ppi_prediction
CXCL10	NPY2R	ppi_lr	ppi_prediction
CXCL10	MTNR1B	ppi_lr	ppi_prediction
CXCL10	AGTR2	ppi_lr	ppi_prediction
CXCL10	NPY4R	ppi_lr	ppi_prediction
CXCL10	CCR4	ppi_lr	ppi_prediction
CXCL10	CCR5	ppi_lr	ppi_prediction
CXCL10	CCR6	ppi_lr	ppi_prediction
CXCL10	CCR8	ppi_lr	ppi_prediction
CXCL10	CCR9	ppi_lr	ppi_prediction
CXCL10	CXCR4	ppi_lr	ppi_prediction
CXCL10	GRM4	ppi_lr	ppi_prediction
CXCL10	P2RY14	ppi_lr	ppi_prediction
CXCL10	NPY5R	ppi_lr	ppi_prediction
CXCL10	C3AR1	ppi_lr	ppi_prediction
CXCL10	RXFP4	ppi_lr	ppi_prediction
CXCL10	LPAR1	ppi_lr	ppi_prediction
CXCL10	MCHR1	ppi_lr	ppi_prediction
CXCL10	NMUR2	ppi_lr	ppi_prediction
CXCL10	HRH4	ppi_lr	ppi_prediction
CXCL10	NMUR1	ppi_lr	ppi_prediction
CXCL10	LPAR2	ppi_lr	ppi_prediction
CXCL10	RXFP3	ppi_lr	ppi_prediction
CXCL10	HRH3	ppi_lr	ppi_prediction
CXCL10	PTGDR2	ppi_lr	ppi_prediction
TF	IGF2R	ppi_lr	ppi_prediction
TF	AVPR2	ppi_lr	ppi_prediction
TF	LRP2	ppi_lr	ppi_prediction
TF	FZD4	ppi_lr	ppi_prediction
LTF	NTRK1	ppi_lr	ppi_prediction
VTN	SDC1	ppi_lr	ppi_prediction
VTN	SDC4	ppi_lr	ppi_prediction
VTN	SDC2	ppi_lr	ppi_prediction
PROC	F2R	ppi_lr	ppi_prediction
ANXA1	HTR1A	ppi_lr	ppi_prediction
ANXA1	TACR2	ppi_lr	ppi_prediction
ANXA1	C5AR1	ppi_lr	ppi_prediction
ANXA1	EDNRB	ppi_lr	ppi_prediction
ANXA1	CXCR1	ppi_lr	ppi_prediction
ANXA1	CXCR2	ppi_lr	ppi_prediction
ANXA1	EDNRA	ppi_lr	ppi_prediction
ANXA1	TACR1	ppi_lr	ppi_prediction
ANXA1	ACKR3	ppi_lr	ppi_prediction
ANXA1	F2R	ppi_lr	ppi_prediction
ANXA1	NPY1R	ppi_lr	ppi_prediction
ANXA1	HTR1D	ppi_lr	ppi_prediction
ANXA1	HTR1B	ppi_lr	ppi_prediction
ANXA1	HTR2A	ppi_lr	ppi_prediction
ANXA1	HTR2C	ppi_lr	ppi_prediction
ANXA1	NMBR	ppi_lr	ppi_prediction
ANXA1	TACR3	ppi_lr	ppi_prediction
ANXA1	BDKRB2	ppi_lr	ppi_prediction
ANXA1	GRPR	ppi_lr	ppi_prediction
ANXA1	AGTR1	ppi_lr	ppi_prediction
ANXA1	OXTR	ppi_lr	ppi_prediction
ANXA1	SSTR1	ppi_lr	ppi_prediction
ANXA1	SSTR2	ppi_lr	ppi_prediction
ANXA1	HTR1F	ppi_lr	ppi_prediction
ANXA1	GNRHR	ppi_lr	ppi_prediction
ANXA1	NTSR1	ppi_lr	ppi_prediction
ANXA1	SSTR4	ppi_lr	ppi_prediction
ANXA1	CCKAR	ppi_lr	ppi_prediction
ANXA1	CCKBR	ppi_lr	ppi_prediction
ANXA1	CCR1	ppi_lr	ppi_prediction
ANXA1	CCR7	ppi_lr	ppi_prediction
ANXA1	CXCR5	ppi_lr	ppi_prediction
ANXA1	SSTR3	ppi_lr	ppi_prediction
ANXA1	TRHR	ppi_lr	ppi_prediction
ANXA1	SSTR5	ppi_lr	ppi_prediction
ANXA1	HRH1	ppi_lr	ppi_prediction
ANXA1	OPRM1	ppi_lr	ppi_prediction
ANXA1	APLNR	ppi_lr	ppi_prediction
ANXA1	BMPR1A	ppi_lr	ppi_prediction
ANXA1	AVPR1A	ppi_lr	ppi_prediction
ANXA1	OPRD1	ppi_lr	ppi_prediction
ANXA1	OPRK1	ppi_lr	ppi_prediction
ANXA1	OPRL1	ppi_lr	ppi_prediction
ANXA1	HTR2B	ppi_lr	ppi_prediction
ANXA1	CCR2	ppi_lr	ppi_prediction
ANXA1	CCR10	ppi_lr	ppi_prediction
ANXA1	XCR1	ppi_lr	ppi_prediction
ANXA1	BDKRB1	ppi_lr	ppi_prediction
ANXA1	GALR1	ppi_lr	ppi_prediction
ANXA1	GCGR	ppi_lr	ppi_prediction
ANXA1	HTR5A	ppi_lr	ppi_prediction
ANXA1	AVPR1B	ppi_lr	ppi_prediction
ANXA1	MTNR1A	ppi_lr	ppi_prediction
ANXA1	NPBWR1	ppi_lr	ppi_prediction
ANXA1	NPY2R	ppi_lr	ppi_prediction
ANXA1	MTNR1B	ppi_lr	ppi_prediction
ANXA1	CXCR3	ppi_lr	ppi_prediction
ANXA1	AGTR2	ppi_lr	ppi_prediction
ANXA1	NPY4R	ppi_lr	ppi_prediction
ANXA1	CCR3	ppi_lr	ppi_prediction
ANXA1	CCR4	ppi_lr	ppi_prediction
ANXA1	CCR5	ppi_lr	ppi_prediction
ANXA1	CCR6	ppi_lr	ppi_prediction
ANXA1	CCR8	ppi_lr	ppi_prediction
ANXA1	CCR9	ppi_lr	ppi_prediction
ANXA1	F2RL1	ppi_lr	ppi_prediction
ANXA1	CXCR4	ppi_lr	ppi_prediction
ANXA1	GRM4	ppi_lr	ppi_prediction
ANXA1	P2RY14	ppi_lr	ppi_prediction
ANXA1	NPY5R	ppi_lr	ppi_prediction
ANXA1	C3AR1	ppi_lr	ppi_prediction
ANXA1	NPSR1	ppi_lr	ppi_prediction
ANXA1	PROKR2	ppi_lr	ppi_prediction
ANXA1	PROKR1	ppi_lr	ppi_prediction
ANXA1	RXFP4	ppi_lr	ppi_prediction
ANXA1	LPAR1	ppi_lr	ppi_prediction
ANXA1	GHSR	ppi_lr	ppi_prediction
ANXA1	KISS1R	ppi_lr	ppi_prediction
ANXA1	QRFPR	ppi_lr	ppi_prediction
ANXA1	F2RL3	ppi_lr	ppi_prediction
ANXA1	LPAR4	ppi_lr	ppi_prediction
ANXA1	MCHR1	ppi_lr	ppi_prediction
ANXA1	NMUR2	ppi_lr	ppi_prediction
ANXA1	NPFFR1	ppi_lr	ppi_prediction
ANXA1	HRH4	ppi_lr	ppi_prediction
ANXA1	NMUR1	ppi_lr	ppi_prediction
ANXA1	LPAR2	ppi_lr	ppi_prediction
ANXA1	RXFP3	ppi_lr	ppi_prediction
ANXA1	UTS2R	ppi_lr	ppi_prediction
ANXA1	HRH3	ppi_lr	ppi_prediction
ANXA1	NPFFR2	ppi_lr	ppi_prediction
ANXA1	PTGDR2	ppi_lr	ppi_prediction
RLN2	TSHR	ppi_lr	ppi_prediction
RLN2	LHCGR	ppi_lr	ppi_prediction
RLN2	FSHR	ppi_lr	ppi_prediction
RLN2	HRH2	ppi_lr	ppi_prediction
RLN2	AVPR2	ppi_lr	ppi_prediction
RLN2	CALCR	ppi_lr	ppi_prediction
RLN2	VIPR1	ppi_lr	ppi_prediction
RLN2	MC4R	ppi_lr	ppi_prediction
RLN2	MC5R	ppi_lr	ppi_prediction
RLN2	HTR7	ppi_lr	ppi_prediction
RLN2	CRHR1	ppi_lr	ppi_prediction
RLN2	ADCYAP1R1	ppi_lr	ppi_prediction
RLN2	VIPR2	ppi_lr	ppi_prediction
RLN2	MC3R	ppi_lr	ppi_prediction
RLN2	GLP1R	ppi_lr	ppi_prediction
RLN2	GCGR	ppi_lr	ppi_prediction
RLN2	SCTR	ppi_lr	ppi_prediction
RLN2	GIPR	ppi_lr	ppi_prediction
RLN2	PTH2R	ppi_lr	ppi_prediction
RLN2	HTR6	ppi_lr	ppi_prediction
RLN2	MC2R	ppi_lr	ppi_prediction
RLN2	MC1R	ppi_lr	ppi_prediction
RLN2	GHRHR	ppi_lr	ppi_prediction
RLN2	PTH1R	ppi_lr	ppi_prediction
RLN2	CRHR2	ppi_lr	ppi_prediction
RLN2	HTR4	ppi_lr	ppi_prediction
RLN2	CALCRL	ppi_lr	ppi_prediction
RLN2	NPSR1	ppi_lr	ppi_prediction
APOB	IGF2R	ppi_lr	ppi_prediction
APOB	CD36	ppi_lr	ppi_prediction
APOB	SDC1	ppi_lr	ppi_prediction
APOB	AVPR2	ppi_lr	ppi_prediction
APOB	SDC4	ppi_lr	ppi_prediction
APOB	SDC2	ppi_lr	ppi_prediction
APOB	GPC1	ppi_lr	ppi_prediction
APOB	VLDLR	ppi_lr	ppi_prediction
APOB	LRP1	ppi_lr	ppi_prediction
APOB	LRP8	ppi_lr	ppi_prediction
APOB	SCARF1	ppi_lr	ppi_prediction
APOB	P2RY14	ppi_lr	ppi_prediction
APOB	SCARB1	ppi_lr	ppi_prediction
APOB	FZD4	ppi_lr	ppi_prediction
CSF2	IL5RA	ppi_lr	ppi_prediction
VWF	ITGB5	ppi_lr	ppi_prediction
HLA-A	NTRK1	ppi_lr	ppi_prediction
HLA-A	ERBB3	ppi_lr	ppi_prediction
HLA-A	BMPR1A	ppi_lr	ppi_prediction
HLA-A	PTCH1	ppi_lr	ppi_prediction
HLA-A	IL20RB	ppi_lr	ppi_prediction
WNT1	FZD5	ppi_lr	ppi_prediction
WNT1	FZD2	ppi_lr	ppi_prediction
WNT1	FZD4	ppi_lr	ppi_prediction
APP	IGF1R	ppi_lr	ppi_prediction
APP	HTR1A	ppi_lr	ppi_prediction
APP	ALOX5	ppi_lr	ppi_prediction
APP	CD36	ppi_lr	ppi_prediction
APP	TACR2	ppi_lr	ppi_prediction
APP	FPR1	ppi_lr	ppi_prediction
APP	C5AR1	ppi_lr	ppi_prediction
APP	FGFR2	ppi_lr	ppi_prediction
APP	ITGA6	ppi_lr	ppi_prediction
APP	EDNRB	ppi_lr	ppi_prediction
APP	CXCR1	ppi_lr	ppi_prediction
APP	CXCR2	ppi_lr	ppi_prediction
APP	EDNRA	ppi_lr	ppi_prediction
APP	TACR1	ppi_lr	ppi_prediction
APP	ACKR3	ppi_lr	ppi_prediction
APP	F2R	ppi_lr	ppi_prediction
APP	NPY1R	ppi_lr	ppi_prediction
APP	CNTFR	ppi_lr	ppi_prediction
APP	HTR1D	ppi_lr	ppi_prediction
APP	HTR1B	ppi_lr	ppi_prediction
APP	HTR2A	ppi_lr	ppi_prediction
APP	HTR2C	ppi_lr	ppi_prediction
APP	NMBR	ppi_lr	ppi_prediction
APP	EPHA2	ppi_lr	ppi_prediction
APP	TACR3	ppi_lr	ppi_prediction
APP	BDKRB2	ppi_lr	ppi_prediction
APP	GRPR	ppi_lr	ppi_prediction
APP	AGTR1	ppi_lr	ppi_prediction
APP	OXTR	ppi_lr	ppi_prediction
APP	SSTR1	ppi_lr	ppi_prediction
APP	SSTR2	ppi_lr	ppi_prediction
APP	HTR1F	ppi_lr	ppi_prediction
APP	GNRHR	ppi_lr	ppi_prediction
APP	NTSR1	ppi_lr	ppi_prediction
APP	SSTR4	ppi_lr	ppi_prediction
APP	CCKAR	ppi_lr	ppi_prediction
APP	CCKBR	ppi_lr	ppi_prediction
APP	CCR1	ppi_lr	ppi_prediction
APP	CCR7	ppi_lr	ppi_prediction
APP	CXCR5	ppi_lr	ppi_prediction
APP	SSTR3	ppi_lr	ppi_prediction
APP	TRHR	ppi_lr	ppi_prediction
APP	SSTR5	ppi_lr	ppi_prediction
APP	HRH1	ppi_lr	ppi_prediction
APP	OPRM1	ppi_lr	ppi_prediction
APP	APLNR	ppi_lr	ppi_prediction
APP	AVPR1A	ppi_lr	ppi_prediction
APP	OPRD1	ppi_lr	ppi_prediction
APP	OPRK1	ppi_lr	ppi_prediction
APP	OPRL1	ppi_lr	ppi_prediction
APP	VIPR2	ppi_lr	ppi_prediction
APP	HTR2B	ppi_lr	ppi_prediction
APP	CCR2	ppi_lr	ppi_prediction
APP	CCR10	ppi_lr	ppi_prediction
APP	XCR1	ppi_lr	ppi_prediction
APP	NOTCH1	ppi_lr	ppi_prediction
APP	BDKRB1	ppi_lr	ppi_prediction
APP	GALR1	ppi_lr	ppi_prediction
APP	GCGR	ppi_lr	ppi_prediction
APP	HTR5A	ppi_lr	ppi_prediction
APP	AVPR1B	ppi_lr	ppi_prediction
APP	MTNR1A	ppi_lr	ppi_prediction
APP	NPBWR1	ppi_lr	ppi_prediction
APP	NPY2R	ppi_lr	ppi_prediction
APP	MTNR1B	ppi_lr	ppi_prediction
APP	CXCR3	ppi_lr	ppi_prediction
APP	AGTR2	ppi_lr	ppi_prediction
APP	NPY4R	ppi_lr	ppi_prediction
APP	CCR3	ppi_lr	ppi_prediction
APP	CCR4	ppi_lr	ppi_prediction
APP	CCR5	ppi_lr	ppi_prediction
APP	CCR6	ppi_lr	ppi_prediction
APP	CCR8	ppi_lr	ppi_prediction
APP	CCR9	ppi_lr	ppi_prediction
APP	PDE1A	ppi_lr	ppi_prediction
APP	EPHB4	ppi_lr	ppi_prediction
APP	F2RL1	ppi_lr	ppi_prediction
APP	CXCR4	ppi_lr	ppi_prediction
APP	LRP2	ppi_lr	ppi_prediction
APP	TEK	ppi_lr	ppi_prediction
APP	CRHR2	ppi_lr	ppi_prediction
APP	GRM4	ppi_lr	ppi_prediction
APP	P2RY14	ppi_lr	ppi_prediction
APP	NPY5R	ppi_lr	ppi_prediction
APP	NTRK3	ppi_lr	ppi_prediction
APP	C3AR1	ppi_lr	ppi_prediction
APP	NPSR1	ppi_lr	ppi_prediction
APP	PROKR2	ppi_lr	ppi_prediction
APP	RXFP4	ppi_lr	ppi_prediction
APP	LPAR1	ppi_lr	ppi_prediction
APP	SORL1	ppi_lr	ppi_prediction
APP	NRCAM	ppi_lr	ppi_prediction
APP	GHSR	ppi_lr	ppi_prediction
APP	TNFRSF14	ppi_lr	ppi_prediction
APP	KISS1R	ppi_lr	ppi_prediction
APP	LINGO1	ppi_lr	ppi_prediction
APP	ROBO3	ppi_lr	ppi_prediction
APP	QRFPR	ppi_lr	ppi_prediction
APP	F2RL3	ppi_lr	ppi_prediction
APP	LPAR4	ppi_lr	ppi_prediction
APP	MCHR1	ppi_lr	ppi_prediction
APP	NMUR2	ppi_lr	ppi_prediction
APP	NPFFR1	ppi_lr	ppi_prediction
APP	HRH4	ppi_lr	ppi_prediction
APP	NMUR1	ppi_lr	ppi_prediction
APP	LPAR2	ppi_lr	ppi_prediction
APP	RXFP3	ppi_lr	ppi_prediction
APP	UTS2R	ppi_lr	ppi_prediction
APP	HRH3	ppi_lr	ppi_prediction
APP	NPFFR2	ppi_lr	ppi_prediction
APP	PTGDR2	ppi_lr	ppi_prediction
IL5	CSF2RA	ppi_lr	ppi_prediction
IL5	IL3RA	ppi_lr	ppi_prediction
SERPINE1	PLAUR	ppi_lr	ppi_prediction
FGF1	TGFBR3	ppi_lr	ppi_prediction
IL6	CNTFR	ppi_lr	ppi_prediction
IL6	LIFR	ppi_lr	ppi_prediction
EDN1	TACR2	ppi_lr	ppi_prediction
EDN1	FPR2	ppi_lr	ppi_prediction
EDN1	TACR1	ppi_lr	ppi_prediction
EDN1	F2R	ppi_lr	ppi_prediction
EDN1	HTR2A	ppi_lr	ppi_prediction
EDN1	HTR2C	ppi_lr	ppi_prediction
EDN1	NMBR	ppi_lr	ppi_prediction
EDN1	TACR3	ppi_lr	ppi_prediction
EDN1	BDKRB2	ppi_lr	ppi_prediction
EDN1	GRPR	ppi_lr	ppi_prediction
EDN1	AGTR1	ppi_lr	ppi_prediction
EDN1	OXTR	ppi_lr	ppi_prediction
EDN1	GNRHR	ppi_lr	ppi_prediction
EDN1	NTSR1	ppi_lr	ppi_prediction
EDN1	CCKAR	ppi_lr	ppi_prediction
EDN1	CCKBR	ppi_lr	ppi_prediction
EDN1	TRHR	ppi_lr	ppi_prediction
EDN1	HRH1	ppi_lr	ppi_prediction
EDN1	AVPR1A	ppi_lr	ppi_prediction
EDN1	HTR2B	ppi_lr	ppi_prediction
EDN1	XCR1	ppi_lr	ppi_prediction
EDN1	BDKRB1	ppi_lr	ppi_prediction
EDN1	GCGR	ppi_lr	ppi_prediction
EDN1	AVPR1B	ppi_lr	ppi_prediction
EDN1	F2RL1	ppi_lr	ppi_prediction
EDN1	NPSR1	ppi_lr	ppi_prediction
EDN1	PROKR2	ppi_lr	ppi_prediction
EDN1	PROKR1	ppi_lr	ppi_prediction
EDN1	LPAR1	ppi_lr	ppi_prediction
EDN1	GHSR	ppi_lr	ppi_prediction
EDN1	KISS1R	ppi_lr	ppi_prediction
EDN1	QRFPR	ppi_lr	ppi_prediction
EDN1	F2RL3	ppi_lr	ppi_prediction
EDN1	LPAR4	ppi_lr	ppi_prediction
EDN1	MCHR1	ppi_lr	ppi_prediction
EDN1	NMUR2	ppi_lr	ppi_prediction
EDN1	NPFFR1	ppi_lr	ppi_prediction
EDN1	NMUR1	ppi_lr	ppi_prediction
EDN1	LPAR2	ppi_lr	ppi_prediction
EDN1	UTS2R	ppi_lr	ppi_prediction
EDN1	NPFFR2	ppi_lr	ppi_prediction
CCK	TACR2	ppi_lr	ppi_prediction
CCK	EDNRB	ppi_lr	ppi_prediction
CCK	FPR2	ppi_lr	ppi_prediction
CCK	EDNRA	ppi_lr	ppi_prediction
CCK	TACR1	ppi_lr	ppi_prediction
CCK	F2R	ppi_lr	ppi_prediction
CCK	HTR2A	ppi_lr	ppi_prediction
CCK	HTR2C	ppi_lr	ppi_prediction
CCK	NMBR	ppi_lr	ppi_prediction
CCK	TACR3	ppi_lr	ppi_prediction
CCK	BDKRB2	ppi_lr	ppi_prediction
CCK	GRPR	ppi_lr	ppi_prediction
CCK	AGTR1	ppi_lr	ppi_prediction
CCK	OXTR	ppi_lr	ppi_prediction
CCK	GNRHR	ppi_lr	ppi_prediction
CCK	NTSR1	ppi_lr	ppi_prediction
CCK	TRHR	ppi_lr	ppi_prediction
CCK	HRH1	ppi_lr	ppi_prediction
CCK	AVPR1A	ppi_lr	ppi_prediction
CCK	HTR2B	ppi_lr	ppi_prediction
CCK	XCR1	ppi_lr	ppi_prediction
CCK	BDKRB1	ppi_lr	ppi_prediction
CCK	GCGR	ppi_lr	ppi_prediction
CCK	AVPR1B	ppi_lr	ppi_prediction
CCK	F2RL1	ppi_lr	ppi_prediction
CCK	NPSR1	ppi_lr	ppi_prediction
CCK	PROKR2	ppi_lr	ppi_prediction
CCK	PROKR1	ppi_lr	ppi_prediction
CCK	LPAR1	ppi_lr	ppi_prediction
CCK	GHSR	ppi_lr	ppi_prediction
CCK	KISS1R	ppi_lr	ppi_prediction
CCK	QRFPR	ppi_lr	ppi_prediction
CCK	F2RL3	ppi_lr	ppi_prediction
CCK	LPAR4	ppi_lr	ppi_prediction
CCK	MCHR1	ppi_lr	ppi_prediction
CCK	NMUR2	ppi_lr	ppi_prediction
CCK	NPFFR1	ppi_lr	ppi_prediction
CCK	NMUR1	ppi_lr	ppi_prediction
CCK	LPAR2	ppi_lr	ppi_prediction
CCK	UTS2R	ppi_lr	ppi_prediction
CCK	NPFFR2	ppi_lr	ppi_prediction
CRH	TSHR	ppi_lr	ppi_prediction
CRH	LHCGR	ppi_lr	ppi_prediction
CRH	FSHR	ppi_lr	ppi_prediction
CRH	HRH2	ppi_lr	ppi_prediction
CRH	AVPR2	ppi_lr	ppi_prediction
CRH	CALCR	ppi_lr	ppi_prediction
CRH	VIPR1	ppi_lr	ppi_prediction
CRH	MC4R	ppi_lr	ppi_prediction
CRH	MC5R	ppi_lr	ppi_prediction
CRH	HTR7	ppi_lr	ppi_prediction
CRH	ADCYAP1R1	ppi_lr	ppi_prediction
CRH	VIPR2	ppi_lr	ppi_prediction
CRH	MC3R	ppi_lr	ppi_prediction
CRH	GLP1R	ppi_lr	ppi_prediction
CRH	GCGR	ppi_lr	ppi_prediction
CRH	SCTR	ppi_lr	ppi_prediction
CRH	GIPR	ppi_lr	ppi_prediction
CRH	PTH2R	ppi_lr	ppi_prediction
CRH	HTR6	ppi_lr	ppi_prediction
CRH	MC1R	ppi_lr	ppi_prediction
CRH	GHRHR	ppi_lr	ppi_prediction
CRH	PTH1R	ppi_lr	ppi_prediction
CRH	HTR4	ppi_lr	ppi_prediction
CRH	CALCRL	ppi_lr	ppi_prediction
CRH	NPSR1	ppi_lr	ppi_prediction
CRH	RXFP2	ppi_lr	ppi_prediction
CRH	RXFP1	ppi_lr	ppi_prediction
PROS1	MERTK	ppi_lr	ppi_prediction
GRP	TACR2	ppi_lr	ppi_prediction
GRP	EDNRB	ppi_lr	ppi_prediction
GRP	FPR2	ppi_lr	ppi_prediction
GRP	EDNRA	ppi_lr	ppi_prediction
GRP	TACR1	ppi_lr	ppi_prediction
GRP	F2R	ppi_lr	ppi_prediction
GRP	HTR2A	ppi_lr	ppi_prediction
GRP	HTR2C	ppi_lr	ppi_prediction
GRP	TACR3	ppi_lr	ppi_prediction
GRP	BDKRB2	ppi_lr	ppi_prediction
GRP	AGTR1	ppi_lr	ppi_prediction
GRP	OXTR	ppi_lr	ppi_prediction
GRP	GNRHR	ppi_lr	ppi_prediction
GRP	NTSR1	ppi_lr	ppi_prediction
GRP	CCKAR	ppi_lr	ppi_prediction
GRP	CCKBR	ppi_lr	ppi_prediction
GRP	TRHR	ppi_lr	ppi_prediction
GRP	HRH1	ppi_lr	ppi_prediction
GRP	AVPR1A	ppi_lr	ppi_prediction
GRP	HTR2B	ppi_lr	ppi_prediction
GRP	XCR1	ppi_lr	ppi_prediction
GRP	BDKRB1	ppi_lr	ppi_prediction
GRP	GCGR	ppi_lr	ppi_prediction
GRP	AVPR1B	ppi_lr	ppi_prediction
GRP	F2RL1	ppi_lr	ppi_prediction
GRP	NPSR1	ppi_lr	ppi_prediction
GRP	PROKR2	ppi_lr	ppi_prediction
GRP	PROKR1	ppi_lr	ppi_prediction
GRP	LPAR1	ppi_lr	ppi_prediction
GRP	GHSR	ppi_lr	ppi_prediction
GRP	KISS1R	ppi_lr	ppi_prediction
GRP	QRFPR	ppi_lr	ppi_prediction
GRP	F2RL3	ppi_lr	ppi_prediction
GRP	LPAR4	ppi_lr	ppi_prediction
GRP	MCHR1	ppi_lr	ppi_prediction
GRP	NMUR2	ppi_lr	ppi_prediction
GRP	NPFFR1	ppi_lr	ppi_prediction
GRP	NMUR1	ppi_lr	ppi_prediction
GRP	LPAR2	ppi_lr	ppi_prediction
GRP	UTS2R	ppi_lr	ppi_prediction
GRP	NPFFR2	ppi_lr	ppi_prediction
PSAP	SORT1	ppi_lr	ppi_prediction
LAMB1	ITGB4	ppi_lr	ppi_prediction
LAMB1	ITGA2	ppi_lr	ppi_prediction
LAMB1	ITGA3	ppi_lr	ppi_prediction
LAMB1	ITGA1	ppi_lr	ppi_prediction
LAMB1	ITGA7	ppi_lr	ppi_prediction
LAMB1	DAG1	ppi_lr	ppi_prediction
THBS1	ITGA2B	ppi_lr	ppi_prediction
THBS1	ITGA3	ppi_lr	ppi_prediction
THBS1	CALCR	ppi_lr	ppi_prediction
THBS1	LRP2	ppi_lr	ppi_prediction
INHBA	ACVRL1	ppi_lr	ppi_prediction
INHBA	ACVR1C	ppi_lr	ppi_prediction
NMB	TACR2	ppi_lr	ppi_prediction
NMB	EDNRB	ppi_lr	ppi_prediction
NMB	FPR2	ppi_lr	ppi_prediction
NMB	EDNRA	ppi_lr	ppi_prediction
NMB	TACR1	ppi_lr	ppi_prediction
NMB	F2R	ppi_lr	ppi_prediction
NMB	HTR2A	ppi_lr	ppi_prediction
NMB	HTR2C	ppi_lr	ppi_prediction
NMB	TACR3	ppi_lr	ppi_prediction
NMB	BDKRB2	ppi_lr	ppi_prediction
NMB	AGTR1	ppi_lr	ppi_prediction
NMB	OXTR	ppi_lr	ppi_prediction
NMB	GNRHR	ppi_lr	ppi_prediction
NMB	NTSR1	ppi_lr	ppi_prediction
NMB	CCKAR	ppi_lr	ppi_prediction
NMB	CCKBR	ppi_lr	ppi_prediction
NMB	TRHR	ppi_lr	ppi_prediction
NMB	HRH1	ppi_lr	ppi_prediction
NMB	AVPR1A	ppi_lr	ppi_prediction
NMB	HTR2B	ppi_lr	ppi_prediction
NMB	XCR1	ppi_lr	ppi_prediction
NMB	BDKRB1	ppi_lr	ppi_prediction
NMB	GCGR	ppi_lr	ppi_prediction
NMB	AVPR1B	ppi_lr	ppi_prediction
NMB	F2RL1	ppi_lr	ppi_prediction
NMB	NPSR1	ppi_lr	ppi_prediction
NMB	PROKR2	ppi_lr	ppi_prediction
NMB	PROKR1	ppi_lr	ppi_prediction
NMB	LPAR1	ppi_lr	ppi_prediction
NMB	GHSR	ppi_lr	ppi_prediction
NMB	KISS1R	ppi_lr	ppi_prediction
NMB	QRFPR	ppi_lr	ppi_prediction
NMB	F2RL3	ppi_lr	ppi_prediction
NMB	LPAR4	ppi_lr	ppi_prediction
NMB	MCHR1	ppi_lr	ppi_prediction
NMB	NMUR2	ppi_lr	ppi_prediction
NMB	NPFFR1	ppi_lr	ppi_prediction
NMB	NMUR1	ppi_lr	ppi_prediction
NMB	LPAR2	ppi_lr	ppi_prediction
NMB	UTS2R	ppi_lr	ppi_prediction
NMB	NPFFR2	ppi_lr	ppi_prediction
GIP	TSHR	ppi_lr	ppi_prediction
GIP	LHCGR	ppi_lr	ppi_prediction
GIP	FSHR	ppi_lr	ppi_prediction
GIP	HRH2	ppi_lr	ppi_prediction
GIP	AVPR2	ppi_lr	ppi_prediction
GIP	CALCR	ppi_lr	ppi_prediction
GIP	VIPR1	ppi_lr	ppi_prediction
GIP	MC4R	ppi_lr	ppi_prediction
GIP	MC5R	ppi_lr	ppi_prediction
GIP	HTR7	ppi_lr	ppi_prediction
GIP	CRHR1	ppi_lr	ppi_prediction
GIP	ADCYAP1R1	ppi_lr	ppi_prediction
GIP	VIPR2	ppi_lr	ppi_prediction
GIP	MC3R	ppi_lr	ppi_prediction
GIP	GLP1R	ppi_lr	ppi_prediction
GIP	GCGR	ppi_lr	ppi_prediction
GIP	SCTR	ppi_lr	ppi_prediction
GIP	PTH2R	ppi_lr	ppi_prediction
GIP	HTR6	ppi_lr	ppi_prediction
GIP	MC2R	ppi_lr	ppi_prediction
GIP	MC1R	ppi_lr	ppi_prediction
GIP	GHRHR	ppi_lr	ppi_prediction
GIP	PTH1R	ppi_lr	ppi_prediction
GIP	CRHR2	ppi_lr	ppi_prediction
GIP	HTR4	ppi_lr	ppi_prediction
GIP	CALCRL	ppi_lr	ppi_prediction
GIP	NPSR1	ppi_lr	ppi_prediction
GIP	RXFP2	ppi_lr	ppi_prediction
GIP	RXFP1	ppi_lr	ppi_prediction
SCT	TSHR	ppi_lr	ppi_prediction
SCT	LHCGR	ppi_lr	ppi_prediction
SCT	FSHR	ppi_lr	ppi_prediction
SCT	HRH2	ppi_lr	ppi_prediction
SCT	AVPR2	ppi_lr	ppi_prediction
SCT	CALCR	ppi_lr	ppi_prediction
SCT	MC4R	ppi_lr	ppi_prediction
SCT	MC5R	ppi_lr	ppi_prediction
SCT	HTR7	ppi_lr	ppi_prediction
SCT	CRHR1	ppi_lr	ppi_prediction
SCT	MC3R	ppi_lr	ppi_prediction
SCT	GLP1R	ppi_lr	ppi_prediction
SCT	GCGR	ppi_lr	ppi_prediction
SCT	GIPR	ppi_lr	ppi_prediction
SCT	PTH2R	ppi_lr	ppi_prediction
SCT	HTR6	ppi_lr	ppi_prediction
SCT	MC2R	ppi_lr	ppi_prediction
SCT	MC1R	ppi_lr	ppi_prediction
SCT	GHRHR	ppi_lr	ppi_prediction
SCT	PTH1R	ppi_lr	ppi_prediction
SCT	CRHR2	ppi_lr	ppi_prediction
SCT	HTR4	ppi_lr	ppi_prediction
SCT	CALCRL	ppi_lr	ppi_prediction
SCT	NPSR1	ppi_lr	ppi_prediction
SCT	RXFP2	ppi_lr	ppi_prediction
SCT	RXFP1	ppi_lr	ppi_prediction
NPS	TSHR	ppi_lr	ppi_prediction
NPS	TACR2	ppi_lr	ppi_prediction
NPS	LHCGR	ppi_lr	ppi_prediction
NPS	FSHR	ppi_lr	ppi_prediction
NPS	EDNRB	ppi_lr	ppi_prediction
NPS	HRH2	ppi_lr	ppi_prediction
NPS	FPR2	ppi_lr	ppi_prediction
NPS	EDNRA	ppi_lr	ppi_prediction
NPS	TACR1	ppi_lr	ppi_prediction
NPS	F2R	ppi_lr	ppi_prediction
NPS	HTR2A	ppi_lr	ppi_prediction
NPS	HTR2C	ppi_lr	ppi_prediction
NPS	NMBR	ppi_lr	ppi_prediction
NPS	TACR3	ppi_lr	ppi_prediction
NPS	BDKRB2	ppi_lr	ppi_prediction
NPS	AVPR2	ppi_lr	ppi_prediction
NPS	GRPR	ppi_lr	ppi_prediction
NPS	AGTR1	ppi_lr	ppi_prediction
NPS	OXTR	ppi_lr	ppi_prediction
NPS	GNRHR	ppi_lr	ppi_prediction
NPS	CALCR	ppi_lr	ppi_prediction
NPS	NTSR1	ppi_lr	ppi_prediction
NPS	CCKAR	ppi_lr	ppi_prediction
NPS	CCKBR	ppi_lr	ppi_prediction
NPS	VIPR1	ppi_lr	ppi_prediction
NPS	MC4R	ppi_lr	ppi_prediction
NPS	MC5R	ppi_lr	ppi_prediction
NPS	HTR7	ppi_lr	ppi_prediction
NPS	TRHR	ppi_lr	ppi_prediction
NPS	CRHR1	ppi_lr	ppi_prediction
NPS	HRH1	ppi_lr	ppi_prediction
NPS	AVPR1A	ppi_lr	ppi_prediction
NPS	ADCYAP1R1	ppi_lr	ppi_prediction
NPS	VIPR2	ppi_lr	ppi_prediction
NPS	HTR2B	ppi_lr	ppi_prediction
NPS	MC3R	ppi_lr	ppi_prediction
NPS	GLP1R	ppi_lr	ppi_prediction
NPS	XCR1	ppi_lr	ppi_prediction
NPS	BDKRB1	ppi_lr	ppi_prediction
NPS	GCGR	ppi_lr	ppi_prediction
NPS	SCTR	ppi_lr	ppi_prediction
NPS	AVPR1B	ppi_lr	ppi_prediction
NPS	GIPR	ppi_lr	ppi_prediction
NPS	PTH2R	ppi_lr	ppi_prediction
NPS	HTR6	ppi_lr	ppi_prediction
NPS	F2RL1	ppi_lr	ppi_prediction
NPS	MC2R	ppi_lr	ppi_prediction
NPS	MC1R	ppi_lr	ppi_prediction
NPS	GHRHR	ppi_lr	ppi_prediction
NPS	PTH1R	ppi_lr	ppi_prediction
NPS	CRHR2	ppi_lr	ppi_prediction
NPS	HTR4	ppi_lr	ppi_prediction
NPS	CALCRL	ppi_lr	ppi_prediction
NPS	PROKR2	ppi_lr	ppi_prediction
NPS	PROKR1	ppi_lr	ppi_prediction
NPS	RXFP2	ppi_lr	ppi_prediction
NPS	LPAR1	ppi_lr	ppi_prediction
NPS	GHSR	ppi_lr	ppi_prediction
NPS	KISS1R	ppi_lr	ppi_prediction
NPS	QRFPR	ppi_lr	ppi_prediction
NPS	F2RL3	ppi_lr	ppi_prediction
NPS	LPAR4	ppi_lr	ppi_prediction
NPS	MCHR1	ppi_lr	ppi_prediction
NPS	NMUR2	ppi_lr	ppi_prediction
NPS	NPFFR1	ppi_lr	ppi_prediction
NPS	NMUR1	ppi_lr	ppi_prediction
NPS	LPAR2	ppi_lr	ppi_prediction
NPS	RXFP1	ppi_lr	ppi_prediction
NPS	UTS2R	ppi_lr	ppi_prediction
NPS	NPFFR2	ppi_lr	ppi_prediction
SAA1	TACR2	ppi_lr	ppi_prediction
SAA1	C5AR1	ppi_lr	ppi_prediction
SAA1	EDNRB	ppi_lr	ppi_prediction
SAA1	CXCR1	ppi_lr	ppi_prediction
SAA1	CXCR2	ppi_lr	ppi_prediction
SAA1	EDNRA	ppi_lr	ppi_prediction
SAA1	TACR1	ppi_lr	ppi_prediction
SAA1	ACKR3	ppi_lr	ppi_prediction
SAA1	F2R	ppi_lr	ppi_prediction
SAA1	NPY1R	ppi_lr	ppi_prediction
SAA1	HTR1D	ppi_lr	ppi_prediction
SAA1	HTR1B	ppi_lr	ppi_prediction
SAA1	HTR2A	ppi_lr	ppi_prediction
SAA1	HTR2C	ppi_lr	ppi_prediction
SAA1	NMBR	ppi_lr	ppi_prediction
SAA1	TACR3	ppi_lr	ppi_prediction
SAA1	BDKRB2	ppi_lr	ppi_prediction
SAA1	GRPR	ppi_lr	ppi_prediction
SAA1	AGTR1	ppi_lr	ppi_prediction
SAA1	OXTR	ppi_lr	ppi_prediction
SAA1	SSTR1	ppi_lr	ppi_prediction
SAA1	SSTR2	ppi_lr	ppi_prediction
SAA1	HTR1F	ppi_lr	ppi_prediction
SAA1	GNRHR	ppi_lr	ppi_prediction
SAA1	NTSR1	ppi_lr	ppi_prediction
SAA1	SSTR4	ppi_lr	ppi_prediction
SAA1	CCKAR	ppi_lr	ppi_prediction
SAA1	CCKBR	ppi_lr	ppi_prediction
SAA1	CCR1	ppi_lr	ppi_prediction
SAA1	CCR7	ppi_lr	ppi_prediction
SAA1	CXCR5	ppi_lr	ppi_prediction
SAA1	SSTR3	ppi_lr	ppi_prediction
SAA1	TRHR	ppi_lr	ppi_prediction
SAA1	SSTR5	ppi_lr	ppi_prediction
SAA1	HRH1	ppi_lr	ppi_prediction
SAA1	OPRM1	ppi_lr	ppi_prediction
SAA1	APLNR	ppi_lr	ppi_prediction
SAA1	AVPR1A	ppi_lr	ppi_prediction
SAA1	OPRD1	ppi_lr	ppi_prediction
SAA1	OPRK1	ppi_lr	ppi_prediction
SAA1	OPRL1	ppi_lr	ppi_prediction
SAA1	HTR2B	ppi_lr	ppi_prediction
SAA1	CCR2	ppi_lr	ppi_prediction
SAA1	CCR10	ppi_lr	ppi_prediction
SAA1	XCR1	ppi_lr	ppi_prediction
SAA1	BDKRB1	ppi_lr	ppi_prediction
SAA1	GALR1	ppi_lr	ppi_prediction
SAA1	GCGR	ppi_lr	ppi_prediction
SAA1	HTR5A	ppi_lr	ppi_prediction
SAA1	AVPR1B	ppi_lr	ppi_prediction
SAA1	MTNR1A	ppi_lr	ppi_prediction
SAA1	NPBWR1	ppi_lr	ppi_prediction
SAA1	NPY2R	ppi_lr	ppi_prediction
SAA1	MTNR1B	ppi_lr	ppi_prediction
SAA1	CXCR3	ppi_lr	ppi_prediction
SAA1	AGTR2	ppi_lr	ppi_prediction
SAA1	NPY4R	ppi_lr	ppi_prediction
SAA1	CCR3	ppi_lr	ppi_prediction
SAA1	CCR4	ppi_lr	ppi_prediction
SAA1	CCR5	ppi_lr	ppi_prediction
SAA1	CCR6	ppi_lr	ppi_prediction
SAA1	CCR8	ppi_lr	ppi_prediction
SAA1	CCR9	ppi_lr	ppi_prediction
SAA1	F2RL1	ppi_lr	ppi_prediction
SAA1	CXCR4	ppi_lr	ppi_prediction
SAA1	GRM4	ppi_lr	ppi_prediction
SAA1	P2RY14	ppi_lr	ppi_prediction
SAA1	NPY5R	ppi_lr	ppi_prediction
SAA1	C3AR1	ppi_lr	ppi_prediction
SAA1	NPSR1	ppi_lr	ppi_prediction
SAA1	PROKR2	ppi_lr	ppi_prediction
SAA1	PROKR1	ppi_lr	ppi_prediction
SAA1	RXFP4	ppi_lr	ppi_prediction
SAA1	SCARB1	ppi_lr	ppi_prediction
SAA1	LPAR1	ppi_lr	ppi_prediction
SAA1	GHSR	ppi_lr	ppi_prediction
SAA1	KISS1R	ppi_lr	ppi_prediction
SAA1	QRFPR	ppi_lr	ppi_prediction
SAA1	F2RL3	ppi_lr	ppi_prediction
SAA1	LPAR4	ppi_lr	ppi_prediction
SAA1	MCHR1	ppi_lr	ppi_prediction
SAA1	NMUR2	ppi_lr	ppi_prediction
SAA1	NPFFR1	ppi_lr	ppi_prediction
SAA1	HRH4	ppi_lr	ppi_prediction
SAA1	NMUR1	ppi_lr	ppi_prediction
SAA1	LPAR2	ppi_lr	ppi_prediction
SAA1	RXFP3	ppi_lr	ppi_prediction
SAA1	UTS2R	ppi_lr	ppi_prediction
SAA1	HRH3	ppi_lr	ppi_prediction
SAA1	NPFFR2	ppi_lr	ppi_prediction
SAA1	PTGDR2	ppi_lr	ppi_prediction
PYY	FPR1	ppi_lr	ppi_prediction
PYY	C5AR1	ppi_lr	ppi_prediction
PYY	CXCR1	ppi_lr	ppi_prediction
PYY	CXCR2	ppi_lr	ppi_prediction
PYY	FPR2	ppi_lr	ppi_prediction
PYY	ACKR3	ppi_lr	ppi_prediction
PYY	HTR1D	ppi_lr	ppi_prediction
PYY	HTR1B	ppi_lr	ppi_prediction
PYY	BDKRB2	ppi_lr	ppi_prediction
PYY	SSTR1	ppi_lr	ppi_prediction
PYY	SSTR2	ppi_lr	ppi_prediction
PYY	HTR1F	ppi_lr	ppi_prediction
PYY	SSTR4	ppi_lr	ppi_prediction
PYY	CCR1	ppi_lr	ppi_prediction
PYY	CCR7	ppi_lr	ppi_prediction
PYY	CXCR5	ppi_lr	ppi_prediction
PYY	SSTR3	ppi_lr	ppi_prediction
PYY	SSTR5	ppi_lr	ppi_prediction
PYY	OPRM1	ppi_lr	ppi_prediction
PYY	APLNR	ppi_lr	ppi_prediction
PYY	OPRD1	ppi_lr	ppi_prediction
PYY	OPRK1	ppi_lr	ppi_prediction
PYY	OPRL1	ppi_lr	ppi_prediction
PYY	CCR2	ppi_lr	ppi_prediction
PYY	CCR10	ppi_lr	ppi_prediction
PYY	BDKRB1	ppi_lr	ppi_prediction
PYY	GALR1	ppi_lr	ppi_prediction
PYY	HTR5A	ppi_lr	ppi_prediction
PYY	MTNR1A	ppi_lr	ppi_prediction
PYY	NPBWR1	ppi_lr	ppi_prediction
PYY	MTNR1B	ppi_lr	ppi_prediction
PYY	CXCR3	ppi_lr	ppi_prediction
PYY	AGTR2	ppi_lr	ppi_prediction
PYY	CCR3	ppi_lr	ppi_prediction
PYY	CCR4	ppi_lr	ppi_prediction
PYY	CCR5	ppi_lr	ppi_prediction
PYY	CCR6	ppi_lr	ppi_prediction
PYY	CCR8	ppi_lr	ppi_prediction
PYY	CCR9	ppi_lr	ppi_prediction
PYY	CXCR4	ppi_lr	ppi_prediction
PYY	GRM4	ppi_lr	ppi_prediction
PYY	P2RY14	ppi_lr	ppi_prediction
PYY	C3AR1	ppi_lr	ppi_prediction
PYY	RXFP4	ppi_lr	ppi_prediction
PYY	LPAR1	ppi_lr	ppi_prediction
PYY	MCHR1	ppi_lr	ppi_prediction
PYY	NMUR2	ppi_lr	ppi_prediction
PYY	HRH4	ppi_lr	ppi_prediction
PYY	NMUR1	ppi_lr	ppi_prediction
PYY	LPAR2	ppi_lr	ppi_prediction
PYY	RXFP3	ppi_lr	ppi_prediction
PYY	HRH3	ppi_lr	ppi_prediction
PYY	PTGDR2	ppi_lr	ppi_prediction
CALCB	TSHR	ppi_lr	ppi_prediction
CALCB	LHCGR	ppi_lr	ppi_prediction
CALCB	FSHR	ppi_lr	ppi_prediction
CALCB	HRH2	ppi_lr	ppi_prediction
CALCB	AVPR2	ppi_lr	ppi_prediction
CALCB	VIPR1	ppi_lr	ppi_prediction
CALCB	MC4R	ppi_lr	ppi_prediction
CALCB	MC5R	ppi_lr	ppi_prediction
CALCB	HTR7	ppi_lr	ppi_prediction
CALCB	CRHR1	ppi_lr	ppi_prediction
CALCB	ADCYAP1R1	ppi_lr	ppi_prediction
CALCB	VIPR2	ppi_lr	ppi_prediction
CALCB	MC3R	ppi_lr	ppi_prediction
CALCB	GLP1R	ppi_lr	ppi_prediction
CALCB	GCGR	ppi_lr	ppi_prediction
CALCB	SCTR	ppi_lr	ppi_prediction
CALCB	GIPR	ppi_lr	ppi_prediction
CALCB	PTH2R	ppi_lr	ppi_prediction
CALCB	HTR6	ppi_lr	ppi_prediction
CALCB	MC2R	ppi_lr	ppi_prediction
CALCB	MC1R	ppi_lr	ppi_prediction
CALCB	GHRHR	ppi_lr	ppi_prediction
CALCB	PTH1R	ppi_lr	ppi_prediction
CALCB	CRHR2	ppi_lr	ppi_prediction
CALCB	HTR4	ppi_lr	ppi_prediction
CALCB	NPSR1	ppi_lr	ppi_prediction
CALCB	RXFP2	ppi_lr	ppi_prediction
CALCB	RXFP1	ppi_lr	ppi_prediction
GZMB	NOTCH2	ppi_lr	ppi_prediction
GZMB	NOTCH3	ppi_lr	ppi_prediction
SPP1	ITGA8	ppi_lr	ppi_prediction
SPP1	NCSTN	ppi_lr	ppi_prediction
TGFB3	ITGB5	ppi_lr	ppi_prediction
TGFB3	ITGB6	ppi_lr	ppi_prediction
TGFB3	ITGB8	ppi_lr	ppi_prediction
TFPI	F3	ppi_lr	ppi_prediction
IAPP	TSHR	ppi_lr	ppi_prediction
IAPP	LHCGR	ppi_lr	ppi_prediction
IAPP	FSHR	ppi_lr	ppi_prediction
IAPP	HRH2	ppi_lr	ppi_prediction
IAPP	AVPR2	ppi_lr	ppi_prediction
IAPP	VIPR1	ppi_lr	ppi_prediction
IAPP	MC4R	ppi_lr	ppi_prediction
IAPP	MC5R	ppi_lr	ppi_prediction
IAPP	HTR7	ppi_lr	ppi_prediction
IAPP	CRHR1	ppi_lr	ppi_prediction
IAPP	ADCYAP1R1	ppi_lr	ppi_prediction
IAPP	VIPR2	ppi_lr	ppi_prediction
IAPP	MC3R	ppi_lr	ppi_prediction
IAPP	GLP1R	ppi_lr	ppi_prediction
IAPP	GCGR	ppi_lr	ppi_prediction
IAPP	SCTR	ppi_lr	ppi_prediction
IAPP	GIPR	ppi_lr	ppi_prediction
IAPP	PTH2R	ppi_lr	ppi_prediction
IAPP	HTR6	ppi_lr	ppi_prediction
IAPP	MC2R	ppi_lr	ppi_prediction
IAPP	MC1R	ppi_lr	ppi_prediction
IAPP	GHRHR	ppi_lr	ppi_prediction
IAPP	PTH1R	ppi_lr	ppi_prediction
IAPP	CRHR2	ppi_lr	ppi_prediction
IAPP	HTR4	ppi_lr	ppi_prediction
IAPP	CALCRL	ppi_lr	ppi_prediction
IAPP	NPSR1	ppi_lr	ppi_prediction
IAPP	RXFP2	ppi_lr	ppi_prediction
IAPP	RXFP1	ppi_lr	ppi_prediction
PTHLH	TSHR	ppi_lr	ppi_prediction
PTHLH	LHCGR	ppi_lr	ppi_prediction
PTHLH	FSHR	ppi_lr	ppi_prediction
PTHLH	HRH2	ppi_lr	ppi_prediction
PTHLH	AVPR2	ppi_lr	ppi_prediction
PTHLH	CALCR	ppi_lr	ppi_prediction
PTHLH	VIPR1	ppi_lr	ppi_prediction
PTHLH	MC4R	ppi_lr	ppi_prediction
PTHLH	MC5R	ppi_lr	ppi_prediction
PTHLH	HTR7	ppi_lr	ppi_prediction
PTHLH	CRHR1	ppi_lr	ppi_prediction
PTHLH	ADCYAP1R1	ppi_lr	ppi_prediction
PTHLH	VIPR2	ppi_lr	ppi_prediction
PTHLH	MC3R	ppi_lr	ppi_prediction
PTHLH	GLP1R	ppi_lr	ppi_prediction
PTHLH	GCGR	ppi_lr	ppi_prediction
PTHLH	SCTR	ppi_lr	ppi_prediction
PTHLH	GIPR	ppi_lr	ppi_prediction
PTHLH	HTR6	ppi_lr	ppi_prediction
PTHLH	MC2R	ppi_lr	ppi_prediction
PTHLH	MC1R	ppi_lr	ppi_prediction
PTHLH	GHRHR	ppi_lr	ppi_prediction
PTHLH	CRHR2	ppi_lr	ppi_prediction
PTHLH	HTR4	ppi_lr	ppi_prediction
PTHLH	CALCRL	ppi_lr	ppi_prediction
PTHLH	NPSR1	ppi_lr	ppi_prediction
PTHLH	RXFP2	ppi_lr	ppi_prediction
PTHLH	RXFP1	ppi_lr	ppi_prediction
BMP2	FGFR2	ppi_lr	ppi_prediction
BMP2	FGFR4	ppi_lr	ppi_prediction
BMP2	FGFR3	ppi_lr	ppi_prediction
BMP2	NEO1	ppi_lr	ppi_prediction
BMP4	FGFR2	ppi_lr	ppi_prediction
BMP4	FGFR4	ppi_lr	ppi_prediction
BMP4	FGFR3	ppi_lr	ppi_prediction
TDGF1	ACVR2B	ppi_lr	ppi_prediction
CCL5	FPR1	ppi_lr	ppi_prediction
CCL5	C5AR1	ppi_lr	ppi_prediction
CCL5	CXCR1	ppi_lr	ppi_prediction
CCL5	CXCR2	ppi_lr	ppi_prediction
CCL5	FPR2	ppi_lr	ppi_prediction
CCL5	ACKR3	ppi_lr	ppi_prediction
CCL5	NPY1R	ppi_lr	ppi_prediction
CCL5	HTR1D	ppi_lr	ppi_prediction
CCL5	HTR1B	ppi_lr	ppi_prediction
CCL5	BDKRB2	ppi_lr	ppi_prediction
CCL5	SSTR1	ppi_lr	ppi_prediction
CCL5	SSTR2	ppi_lr	ppi_prediction
CCL5	HTR1F	ppi_lr	ppi_prediction
CCL5	SSTR4	ppi_lr	ppi_prediction
CCL5	CCR7	ppi_lr	ppi_prediction
CCL5	SSTR3	ppi_lr	ppi_prediction
CCL5	SSTR5	ppi_lr	ppi_prediction
CCL5	OPRM1	ppi_lr	ppi_prediction
CCL5	APLNR	ppi_lr	ppi_prediction
CCL5	OPRD1	ppi_lr	ppi_prediction
CCL5	OPRK1	ppi_lr	ppi_prediction
CCL5	OPRL1	ppi_lr	ppi_prediction
CCL5	CCR2	ppi_lr	ppi_prediction
CCL5	CCR10	ppi_lr	ppi_prediction
CCL5	BDKRB1	ppi_lr	ppi_prediction
CCL5	GALR1	ppi_lr	ppi_prediction
CCL5	HTR5A	ppi_lr	ppi_prediction
CCL5	MTNR1A	ppi_lr	ppi_prediction
CCL5	NPBWR1	ppi_lr	ppi_prediction
CCL5	NPY2R	ppi_lr	ppi_prediction
CCL5	MTNR1B	ppi_lr	ppi_prediction
CCL5	AGTR2	ppi_lr	ppi_prediction
CCL5	NPY4R	ppi_lr	ppi_prediction
CCL5	CCR6	ppi_lr	ppi_prediction
CCL5	CCR8	ppi_lr	ppi_prediction
CCL5	CCR9	ppi_lr	ppi_prediction
CCL5	CXCR4	ppi_lr	ppi_prediction
CCL5	GRM4	ppi_lr	ppi_prediction
CCL5	P2RY14	ppi_lr	ppi_prediction
CCL5	NPY5R	ppi_lr	ppi_prediction
CCL5	C3AR1	ppi_lr	ppi_prediction
CCL5	RXFP4	ppi_lr	ppi_prediction
CCL5	LPAR1	ppi_lr	ppi_prediction
CCL5	MCHR1	ppi_lr	ppi_prediction
CCL5	NMUR2	ppi_lr	ppi_prediction
CCL5	HRH4	ppi_lr	ppi_prediction
CCL5	NMUR1	ppi_lr	ppi_prediction
CCL5	LPAR2	ppi_lr	ppi_prediction
CCL5	RXFP3	ppi_lr	ppi_prediction
CCL5	HRH3	ppi_lr	ppi_prediction
CCL5	PTGDR2	ppi_lr	ppi_prediction
HLA-E	ITGA6	ppi_lr	ppi_prediction
HLA-E	KLRK1	ppi_lr	ppi_prediction
HLA-E	PLXNA3	ppi_lr	ppi_prediction
HLA-E	EPHB4	ppi_lr	ppi_prediction
EDN3	TACR2	ppi_lr	ppi_prediction
EDN3	FPR2	ppi_lr	ppi_prediction
EDN3	TACR1	ppi_lr	ppi_prediction
EDN3	F2R	ppi_lr	ppi_prediction
EDN3	HTR2A	ppi_lr	ppi_prediction
EDN3	HTR2C	ppi_lr	ppi_prediction
EDN3	NMBR	ppi_lr	ppi_prediction
EDN3	TACR3	ppi_lr	ppi_prediction
EDN3	BDKRB2	ppi_lr	ppi_prediction
EDN3	GRPR	ppi_lr	ppi_prediction
EDN3	AGTR1	ppi_lr	ppi_prediction
EDN3	OXTR	ppi_lr	ppi_prediction
EDN3	GNRHR	ppi_lr	ppi_prediction
EDN3	NTSR1	ppi_lr	ppi_prediction
EDN3	CCKAR	ppi_lr	ppi_prediction
EDN3	CCKBR	ppi_lr	ppi_prediction
EDN3	TRHR	ppi_lr	ppi_prediction
EDN3	HRH1	ppi_lr	ppi_prediction
EDN3	AVPR1A	ppi_lr	ppi_prediction
EDN3	HTR2B	ppi_lr	ppi_prediction
EDN3	XCR1	ppi_lr	ppi_prediction
EDN3	BDKRB1	ppi_lr	ppi_prediction
EDN3	GCGR	ppi_lr	ppi_prediction
EDN3	AVPR1B	ppi_lr	ppi_prediction
EDN3	F2RL1	ppi_lr	ppi_prediction
EDN3	NPSR1	ppi_lr	ppi_prediction
EDN3	PROKR2	ppi_lr	ppi_prediction
EDN3	PROKR1	ppi_lr	ppi_prediction
EDN3	LPAR1	ppi_lr	ppi_prediction
EDN3	GHSR	ppi_lr	ppi_prediction
EDN3	KISS1R	ppi_lr	ppi_prediction
EDN3	QRFPR	ppi_lr	ppi_prediction
EDN3	F2RL3	ppi_lr	ppi_prediction
EDN3	LPAR4	ppi_lr	ppi_prediction
EDN3	MCHR1	ppi_lr	ppi_prediction
EDN3	NMUR2	ppi_lr	ppi_prediction
EDN3	NPFFR1	ppi_lr	ppi_prediction
EDN3	NMUR1	ppi_lr	ppi_prediction
EDN3	LPAR2	ppi_lr	ppi_prediction
EDN3	UTS2R	ppi_lr	ppi_prediction
EDN3	NPFFR2	ppi_lr	ppi_prediction
HGF	CD44	ppi_lr	ppi_prediction
NID1	NOTCH1	ppi_lr	ppi_prediction
NID1	NOTCH2	ppi_lr	ppi_prediction
NID1	NOTCH3	ppi_lr	ppi_prediction
HSP90B1	BMPR1A	ppi_lr	ppi_prediction
HSP90B1	AMFR	ppi_lr	ppi_prediction
LIF	CNTFR	ppi_lr	ppi_prediction
PVR	TNFRSF12A	ppi_lr	ppi_prediction
VEGFA	PDGFRA	ppi_lr	ppi_prediction
VEGFA	AXL	ppi_lr	ppi_prediction
VEGFA	FLT4	ppi_lr	ppi_prediction
CCL3L3	CCR3	ppi_lr	ppi_prediction
ADCYAP1	LHCGR	ppi_lr	ppi_prediction
ADCYAP1	FSHR	ppi_lr	ppi_prediction
ADCYAP1	HRH2	ppi_lr	ppi_prediction
ADCYAP1	AVPR2	ppi_lr	ppi_prediction
ADCYAP1	CALCR	ppi_lr	ppi_prediction
ADCYAP1	MC4R	ppi_lr	ppi_prediction
ADCYAP1	MC5R	ppi_lr	ppi_prediction
ADCYAP1	HTR7	ppi_lr	ppi_prediction
ADCYAP1	CRHR1	ppi_lr	ppi_prediction
ADCYAP1	MC3R	ppi_lr	ppi_prediction
ADCYAP1	GLP1R	ppi_lr	ppi_prediction
ADCYAP1	GCGR	ppi_lr	ppi_prediction
ADCYAP1	GIPR	ppi_lr	ppi_prediction
ADCYAP1	PTH2R	ppi_lr	ppi_prediction
ADCYAP1	HTR6	ppi_lr	ppi_prediction
ADCYAP1	MC2R	ppi_lr	ppi_prediction
ADCYAP1	MC1R	ppi_lr	ppi_prediction
ADCYAP1	GHRHR	ppi_lr	ppi_prediction
ADCYAP1	PTH1R	ppi_lr	ppi_prediction
ADCYAP1	CRHR2	ppi_lr	ppi_prediction
ADCYAP1	HTR4	ppi_lr	ppi_prediction
ADCYAP1	CALCRL	ppi_lr	ppi_prediction
ADCYAP1	NTRK2	ppi_lr	ppi_prediction
ADCYAP1	NPSR1	ppi_lr	ppi_prediction
ADCYAP1	RXFP2	ppi_lr	ppi_prediction
ADCYAP1	RXFP1	ppi_lr	ppi_prediction
CXCL2	FPR1	ppi_lr	ppi_prediction
CXCL2	C5AR1	ppi_lr	ppi_prediction
CXCL2	FPR2	ppi_lr	ppi_prediction
CXCL2	ACKR3	ppi_lr	ppi_prediction
CXCL2	NPY1R	ppi_lr	ppi_prediction
CXCL2	HTR1D	ppi_lr	ppi_prediction
CXCL2	HTR1B	ppi_lr	ppi_prediction
CXCL2	BDKRB2	ppi_lr	ppi_prediction
CXCL2	SSTR1	ppi_lr	ppi_prediction
CXCL2	SSTR2	ppi_lr	ppi_prediction
CXCL2	HTR1F	ppi_lr	ppi_prediction
CXCL2	SSTR4	ppi_lr	ppi_prediction
CXCL2	CCR1	ppi_lr	ppi_prediction
CXCL2	CCR7	ppi_lr	ppi_prediction
CXCL2	CXCR5	ppi_lr	ppi_prediction
CXCL2	SSTR3	ppi_lr	ppi_prediction
CXCL2	SSTR5	ppi_lr	ppi_prediction
CXCL2	OPRM1	ppi_lr	ppi_prediction
CXCL2	APLNR	ppi_lr	ppi_prediction
CXCL2	OPRD1	ppi_lr	ppi_prediction
CXCL2	OPRK1	ppi_lr	ppi_prediction
CXCL2	OPRL1	ppi_lr	ppi_prediction
CXCL2	CCR2	ppi_lr	ppi_prediction
CXCL2	CCR10	ppi_lr	ppi_prediction
CXCL2	BDKRB1	ppi_lr	ppi_prediction
CXCL2	GALR1	ppi_lr	ppi_prediction
CXCL2	HTR5A	ppi_lr	ppi_prediction
CXCL2	MTNR1A	ppi_lr	ppi_prediction
CXCL2	NPBWR1	ppi_lr	ppi_prediction
CXCL2	NPY2R	ppi_lr	ppi_prediction
CXCL2	MTNR1B	ppi_lr	ppi_prediction
CXCL2	CXCR3	ppi_lr	ppi_prediction
CXCL2	AGTR2	ppi_lr	ppi_prediction
CXCL2	NPY4R	ppi_lr	ppi_prediction
CXCL2	CCR3	ppi_lr	ppi_prediction
CXCL2	CCR4	ppi_lr	ppi_prediction
CXCL2	CCR5	ppi_lr	ppi_prediction
CXCL2	CCR6	ppi_lr	ppi_prediction
CXCL2	CCR8	ppi_lr	ppi_prediction
CXCL2	CCR9	ppi_lr	ppi_prediction
CXCL2	CXCR4	ppi_lr	ppi_prediction
CXCL2	GRM4	ppi_lr	ppi_prediction
CXCL2	P2RY14	ppi_lr	ppi_prediction
CXCL2	NPY5R	ppi_lr	ppi_prediction
CXCL2	C3AR1	ppi_lr	ppi_prediction
CXCL2	RXFP4	ppi_lr	ppi_prediction
CXCL2	LPAR1	ppi_lr	ppi_prediction
CXCL2	MCHR1	ppi_lr	ppi_prediction
CXCL2	NMUR2	ppi_lr	ppi_prediction
CXCL2	HRH4	ppi_lr	ppi_prediction
CXCL2	NMUR1	ppi_lr	ppi_prediction
CXCL2	LPAR2	ppi_lr	ppi_prediction
CXCL2	RXFP3	ppi_lr	ppi_prediction
CXCL2	HRH3	ppi_lr	ppi_prediction
CXCL2	PTGDR2	ppi_lr	ppi_prediction
CXCL3	FPR1	ppi_lr	ppi_prediction
CXCL3	C5AR1	ppi_lr	ppi_prediction
CXCL3	FPR2	ppi_lr	ppi_prediction
CXCL3	ACKR3	ppi_lr	ppi_prediction
CXCL3	NPY1R	ppi_lr	ppi_prediction
CXCL3	HTR1D	ppi_lr	ppi_prediction
CXCL3	HTR1B	ppi_lr	ppi_prediction
CXCL3	BDKRB2	ppi_lr	ppi_prediction
CXCL3	SSTR1	ppi_lr	ppi_prediction
CXCL3	SSTR2	ppi_lr	ppi_prediction
CXCL3	HTR1F	ppi_lr	ppi_prediction
CXCL3	SSTR4	ppi_lr	ppi_prediction
CXCL3	CCR1	ppi_lr	ppi_prediction
CXCL3	CCR7	ppi_lr	ppi_prediction
CXCL3	CXCR5	ppi_lr	ppi_prediction
CXCL3	SSTR3	ppi_lr	ppi_prediction
CXCL3	SSTR5	ppi_lr	ppi_prediction
CXCL3	OPRM1	ppi_lr	ppi_prediction
CXCL3	APLNR	ppi_lr	ppi_prediction
CXCL3	OPRD1	ppi_lr	ppi_prediction
CXCL3	OPRK1	ppi_lr	ppi_prediction
CXCL3	OPRL1	ppi_lr	ppi_prediction
CXCL3	CCR2	ppi_lr	ppi_prediction
CXCL3	CCR10	ppi_lr	ppi_prediction
CXCL3	BDKRB1	ppi_lr	ppi_prediction
CXCL3	GALR1	ppi_lr	ppi_prediction
CXCL3	HTR5A	ppi_lr	ppi_prediction
CXCL3	MTNR1A	ppi_lr	ppi_prediction
CXCL3	NPBWR1	ppi_lr	ppi_prediction
CXCL3	NPY2R	ppi_lr	ppi_prediction
CXCL3	MTNR1B	ppi_lr	ppi_prediction
CXCL3	CXCR3	ppi_lr	ppi_prediction
CXCL3	AGTR2	ppi_lr	ppi_prediction
CXCL3	NPY4R	ppi_lr	ppi_prediction
CXCL3	CCR3	ppi_lr	ppi_prediction
CXCL3	CCR4	ppi_lr	ppi_prediction
CXCL3	CCR5	ppi_lr	ppi_prediction
CXCL3	CCR6	ppi_lr	ppi_prediction
CXCL3	CCR8	ppi_lr	ppi_prediction
CXCL3	CCR9	ppi_lr	ppi_prediction
CXCL3	CXCR4	ppi_lr	ppi_prediction
CXCL3	GRM4	ppi_lr	ppi_prediction
CXCL3	P2RY14	ppi_lr	ppi_prediction
CXCL3	NPY5R	ppi_lr	ppi_prediction
CXCL3	C3AR1	ppi_lr	ppi_prediction
CXCL3	RXFP4	ppi_lr	ppi_prediction
CXCL3	LPAR1	ppi_lr	ppi_prediction
CXCL3	MCHR1	ppi_lr	ppi_prediction
CXCL3	NMUR2	ppi_lr	ppi_prediction
CXCL3	HRH4	ppi_lr	ppi_prediction
CXCL3	NMUR1	ppi_lr	ppi_prediction
CXCL3	LPAR2	ppi_lr	ppi_prediction
CXCL3	RXFP3	ppi_lr	ppi_prediction
CXCL3	HRH3	ppi_lr	ppi_prediction
CXCL3	PTGDR2	ppi_lr	ppi_prediction
TAC1	EDNRB	ppi_lr	ppi_prediction
TAC1	FPR2	ppi_lr	ppi_prediction
TAC1	EDNRA	ppi_lr	ppi_prediction
TAC1	F2R	ppi_lr	ppi_prediction
TAC1	HTR2A	ppi_lr	ppi_prediction
TAC1	HTR2C	ppi_lr	ppi_prediction
TAC1	NMBR	ppi_lr	ppi_prediction
TAC1	BDKRB2	ppi_lr	ppi_prediction
TAC1	GRPR	ppi_lr	ppi_prediction
TAC1	AGTR1	ppi_lr	ppi_prediction
TAC1	OXTR	ppi_lr	ppi_prediction
TAC1	GNRHR	ppi_lr	ppi_prediction
TAC1	NTSR1	ppi_lr	ppi_prediction
TAC1	CCKAR	ppi_lr	ppi_prediction
TAC1	CCKBR	ppi_lr	ppi_prediction
TAC1	TRHR	ppi_lr	ppi_prediction
TAC1	HRH1	ppi_lr	ppi_prediction
TAC1	AVPR1A	ppi_lr	ppi_prediction
TAC1	OPRD1	ppi_lr	ppi_prediction
TAC1	HTR2B	ppi_lr	ppi_prediction
TAC1	XCR1	ppi_lr	ppi_prediction
TAC1	BDKRB1	ppi_lr	ppi_prediction
TAC1	GCGR	ppi_lr	ppi_prediction
TAC1	AVPR1B	ppi_lr	ppi_prediction
TAC1	F2RL1	ppi_lr	ppi_prediction
TAC1	NPSR1	ppi_lr	ppi_prediction
TAC1	PROKR2	ppi_lr	ppi_prediction
TAC1	PROKR1	ppi_lr	ppi_prediction
TAC1	LPAR1	ppi_lr	ppi_prediction
TAC1	GHSR	ppi_lr	ppi_prediction
TAC1	KISS1R	ppi_lr	ppi_prediction
TAC1	QRFPR	ppi_lr	ppi_prediction
TAC1	F2RL3	ppi_lr	ppi_prediction
TAC1	LPAR4	ppi_lr	ppi_prediction
TAC1	MCHR1	ppi_lr	ppi_prediction
TAC1	NMUR2	ppi_lr	ppi_prediction
TAC1	NPFFR1	ppi_lr	ppi_prediction
TAC1	NMUR1	ppi_lr	ppi_prediction
TAC1	LPAR2	ppi_lr	ppi_prediction
TAC1	UTS2R	ppi_lr	ppi_prediction
TAC1	NPFFR2	ppi_lr	ppi_prediction
PMCH	TACR2	ppi_lr	ppi_prediction
PMCH	FPR1	ppi_lr	ppi_prediction
PMCH	C5AR1	ppi_lr	ppi_prediction
PMCH	EDNRB	ppi_lr	ppi_prediction
PMCH	CXCR1	ppi_lr	ppi_prediction
PMCH	CXCR2	ppi_lr	ppi_prediction
PMCH	FPR2	ppi_lr	ppi_prediction
PMCH	EDNRA	ppi_lr	ppi_prediction
PMCH	TACR1	ppi_lr	ppi_prediction
PMCH	ACKR3	ppi_lr	ppi_prediction
PMCH	F2R	ppi_lr	ppi_prediction
PMCH	NPY1R	ppi_lr	ppi_prediction
PMCH	HTR1D	ppi_lr	ppi_prediction
PMCH	HTR1B	ppi_lr	ppi_prediction
PMCH	HTR2A	ppi_lr	ppi_prediction
PMCH	HTR2C	ppi_lr	ppi_prediction
PMCH	NMBR	ppi_lr	ppi_prediction
PMCH	TACR3	ppi_lr	ppi_prediction
PMCH	BDKRB2	ppi_lr	ppi_prediction
PMCH	GRPR	ppi_lr	ppi_prediction
PMCH	AGTR1	ppi_lr	ppi_prediction
PMCH	OXTR	ppi_lr	ppi_prediction
PMCH	SSTR1	ppi_lr	ppi_prediction
PMCH	SSTR2	ppi_lr	ppi_prediction
PMCH	HTR1F	ppi_lr	ppi_prediction
PMCH	GNRHR	ppi_lr	ppi_prediction
PMCH	NTSR1	ppi_lr	ppi_prediction
PMCH	SSTR4	ppi_lr	ppi_prediction
PMCH	CCKAR	ppi_lr	ppi_prediction
PMCH	CCKBR	ppi_lr	ppi_prediction
PMCH	CCR1	ppi_lr	ppi_prediction
PMCH	CCR7	ppi_lr	ppi_prediction
PMCH	CXCR5	ppi_lr	ppi_prediction
PMCH	SSTR3	ppi_lr	ppi_prediction
PMCH	TRHR	ppi_lr	ppi_prediction
PMCH	SSTR5	ppi_lr	ppi_prediction
PMCH	HRH1	ppi_lr	ppi_prediction
PMCH	OPRM1	ppi_lr	ppi_prediction
PMCH	APLNR	ppi_lr	ppi_prediction
PMCH	AVPR1A	ppi_lr	ppi_prediction
PMCH	OPRD1	ppi_lr	ppi_prediction
PMCH	OPRK1	ppi_lr	ppi_prediction
PMCH	OPRL1	ppi_lr	ppi_prediction
PMCH	HTR2B	ppi_lr	ppi_prediction
PMCH	CCR2	ppi_lr	ppi_prediction
PMCH	CCR10	ppi_lr	ppi_prediction
PMCH	XCR1	ppi_lr	ppi_prediction
PMCH	BDKRB1	ppi_lr	ppi_prediction
PMCH	GALR1	ppi_lr	ppi_prediction
PMCH	GCGR	ppi_lr	ppi_prediction
PMCH	HTR5A	ppi_lr	ppi_prediction
PMCH	AVPR1B	ppi_lr	ppi_prediction
PMCH	MTNR1A	ppi_lr	ppi_prediction
PMCH	NPBWR1	ppi_lr	ppi_prediction
PMCH	NPY2R	ppi_lr	ppi_prediction
PMCH	MTNR1B	ppi_lr	ppi_prediction
PMCH	CXCR3	ppi_lr	ppi_prediction
PMCH	AGTR2	ppi_lr	ppi_prediction
PMCH	NPY4R	ppi_lr	ppi_prediction
PMCH	CCR3	ppi_lr	ppi_prediction
PMCH	CCR4	ppi_lr	ppi_prediction
PMCH	CCR5	ppi_lr	ppi_prediction
PMCH	CCR6	ppi_lr	ppi_prediction
PMCH	CCR8	ppi_lr	ppi_prediction
PMCH	CCR9	ppi_lr	ppi_prediction
PMCH	F2RL1	ppi_lr	ppi_prediction
PMCH	CXCR4	ppi_lr	ppi_prediction
PMCH	GRM4	ppi_lr	ppi_prediction
PMCH	P2RY14	ppi_lr	ppi_prediction
PMCH	NPY5R	ppi_lr	ppi_prediction
PMCH	C3AR1	ppi_lr	ppi_prediction
PMCH	NPSR1	ppi_lr	ppi_prediction
PMCH	PROKR2	ppi_lr	ppi_prediction
PMCH	PROKR1	ppi_lr	ppi_prediction
PMCH	RXFP4	ppi_lr	ppi_prediction
PMCH	LPAR1	ppi_lr	ppi_prediction
PMCH	GHSR	ppi_lr	ppi_prediction
PMCH	KISS1R	ppi_lr	ppi_prediction
PMCH	QRFPR	ppi_lr	ppi_prediction
PMCH	F2RL3	ppi_lr	ppi_prediction
PMCH	LPAR4	ppi_lr	ppi_prediction
PMCH	NMUR2	ppi_lr	ppi_prediction
PMCH	NPFFR1	ppi_lr	ppi_prediction
PMCH	HRH4	ppi_lr	ppi_prediction
PMCH	NMUR1	ppi_lr	ppi_prediction
PMCH	LPAR2	ppi_lr	ppi_prediction
PMCH	RXFP3	ppi_lr	ppi_prediction
PMCH	UTS2R	ppi_lr	ppi_prediction
PMCH	HRH3	ppi_lr	ppi_prediction
PMCH	NPFFR2	ppi_lr	ppi_prediction
PMCH	PTGDR2	ppi_lr	ppi_prediction
TRH	TACR2	ppi_lr	ppi_prediction
TRH	EDNRB	ppi_lr	ppi_prediction
TRH	FPR2	ppi_lr	ppi_prediction
TRH	EDNRA	ppi_lr	ppi_prediction
TRH	TACR1	ppi_lr	ppi_prediction
TRH	F2R	ppi_lr	ppi_prediction
TRH	HTR2A	ppi_lr	ppi_prediction
TRH	HTR2C	ppi_lr	ppi_prediction
TRH	NMBR	ppi_lr	ppi_prediction
TRH	TACR3	ppi_lr	ppi_prediction
TRH	BDKRB2	ppi_lr	ppi_prediction
TRH	GRPR	ppi_lr	ppi_prediction
TRH	AGTR1	ppi_lr	ppi_prediction
TRH	OXTR	ppi_lr	ppi_prediction
TRH	GNRHR	ppi_lr	ppi_prediction
TRH	NTSR1	ppi_lr	ppi_prediction
TRH	CCKAR	ppi_lr	ppi_prediction
TRH	CCKBR	ppi_lr	ppi_prediction
TRH	HRH1	ppi_lr	ppi_prediction
TRH	AVPR1A	ppi_lr	ppi_prediction
TRH	HTR2B	ppi_lr	ppi_prediction
TRH	XCR1	ppi_lr	ppi_prediction
TRH	BDKRB1	ppi_lr	ppi_prediction
TRH	GCGR	ppi_lr	ppi_prediction
TRH	AVPR1B	ppi_lr	ppi_prediction
TRH	F2RL1	ppi_lr	ppi_prediction
TRH	NPSR1	ppi_lr	ppi_prediction
TRH	PROKR2	ppi_lr	ppi_prediction
TRH	PROKR1	ppi_lr	ppi_prediction
TRH	LPAR1	ppi_lr	ppi_prediction
TRH	GHSR	ppi_lr	ppi_prediction
TRH	KISS1R	ppi_lr	ppi_prediction
TRH	QRFPR	ppi_lr	ppi_prediction
TRH	F2RL3	ppi_lr	ppi_prediction
TRH	LPAR4	ppi_lr	ppi_prediction
TRH	MCHR1	ppi_lr	ppi_prediction
TRH	NMUR2	ppi_lr	ppi_prediction
TRH	NPFFR1	ppi_lr	ppi_prediction
TRH	NMUR1	ppi_lr	ppi_prediction
TRH	LPAR2	ppi_lr	ppi_prediction
TRH	UTS2R	ppi_lr	ppi_prediction
TRH	NPFFR2	ppi_lr	ppi_prediction
EDN2	TACR2	ppi_lr	ppi_prediction
EDN2	FPR2	ppi_lr	ppi_prediction
EDN2	TACR1	ppi_lr	ppi_prediction
EDN2	F2R	ppi_lr	ppi_prediction
EDN2	HTR2A	ppi_lr	ppi_prediction
EDN2	HTR2C	ppi_lr	ppi_prediction
EDN2	NMBR	ppi_lr	ppi_prediction
EDN2	TACR3	ppi_lr	ppi_prediction
EDN2	BDKRB2	ppi_lr	ppi_prediction
EDN2	GRPR	ppi_lr	ppi_prediction
EDN2	AGTR1	ppi_lr	ppi_prediction
EDN2	OXTR	ppi_lr	ppi_prediction
EDN2	GNRHR	ppi_lr	ppi_prediction
EDN2	NTSR1	ppi_lr	ppi_prediction
EDN2	CCKAR	ppi_lr	ppi_prediction
EDN2	CCKBR	ppi_lr	ppi_prediction
EDN2	TRHR	ppi_lr	ppi_prediction
EDN2	HRH1	ppi_lr	ppi_prediction
EDN2	AVPR1A	ppi_lr	ppi_prediction
EDN2	HTR2B	ppi_lr	ppi_prediction
EDN2	XCR1	ppi_lr	ppi_prediction
EDN2	BDKRB1	ppi_lr	ppi_prediction
EDN2	GCGR	ppi_lr	ppi_prediction
EDN2	AVPR1B	ppi_lr	ppi_prediction
EDN2	F2RL1	ppi_lr	ppi_prediction
EDN2	NPSR1	ppi_lr	ppi_prediction
EDN2	PROKR2	ppi_lr	ppi_prediction
EDN2	PROKR1	ppi_lr	ppi_prediction
EDN2	LPAR1	ppi_lr	ppi_prediction
EDN2	GHSR	ppi_lr	ppi_prediction
EDN2	KISS1R	ppi_lr	ppi_prediction
EDN2	QRFPR	ppi_lr	ppi_prediction
EDN2	F2RL3	ppi_lr	ppi_prediction
EDN2	LPAR4	ppi_lr	ppi_prediction
EDN2	MCHR1	ppi_lr	ppi_prediction
EDN2	NMUR2	ppi_lr	ppi_prediction
EDN2	NPFFR1	ppi_lr	ppi_prediction
EDN2	NMUR1	ppi_lr	ppi_prediction
EDN2	LPAR2	ppi_lr	ppi_prediction
EDN2	UTS2R	ppi_lr	ppi_prediction
EDN2	NPFFR2	ppi_lr	ppi_prediction
EFNA1	EPHB2	ppi_lr	ppi_prediction
EFNA1	TGFBR1	ppi_lr	ppi_prediction
EFNA1	EPHB3	ppi_lr	ppi_prediction
EFNA1	EPHB4	ppi_lr	ppi_prediction
FGF7	DDR1	ppi_lr	ppi_prediction
IL10	IL22RA1	ppi_lr	ppi_prediction
GAL	CXCR1	ppi_lr	ppi_prediction
GAL	CXCR2	ppi_lr	ppi_prediction
GAL	FPR2	ppi_lr	ppi_prediction
GAL	ACKR3	ppi_lr	ppi_prediction
GAL	NPY1R	ppi_lr	ppi_prediction
GAL	HTR1D	ppi_lr	ppi_prediction
GAL	HTR1B	ppi_lr	ppi_prediction
GAL	BDKRB2	ppi_lr	ppi_prediction
GAL	SSTR1	ppi_lr	ppi_prediction
GAL	SSTR2	ppi_lr	ppi_prediction
GAL	HTR1F	ppi_lr	ppi_prediction
GAL	SSTR4	ppi_lr	ppi_prediction
GAL	CCR1	ppi_lr	ppi_prediction
GAL	CCR7	ppi_lr	ppi_prediction
GAL	CXCR5	ppi_lr	ppi_prediction
GAL	SSTR3	ppi_lr	ppi_prediction
GAL	SSTR5	ppi_lr	ppi_prediction
GAL	OPRM1	ppi_lr	ppi_prediction
GAL	APLNR	ppi_lr	ppi_prediction
GAL	OPRD1	ppi_lr	ppi_prediction
GAL	OPRK1	ppi_lr	ppi_prediction
GAL	OPRL1	ppi_lr	ppi_prediction
GAL	CCR2	ppi_lr	ppi_prediction
GAL	CCR10	ppi_lr	ppi_prediction
GAL	BDKRB1	ppi_lr	ppi_prediction
GAL	HTR5A	ppi_lr	ppi_prediction
GAL	MTNR1A	ppi_lr	ppi_prediction
GAL	NPBWR1	ppi_lr	ppi_prediction
GAL	NPY2R	ppi_lr	ppi_prediction
GAL	MTNR1B	ppi_lr	ppi_prediction
GAL	CXCR3	ppi_lr	ppi_prediction
GAL	AGTR2	ppi_lr	ppi_prediction
GAL	NPY4R	ppi_lr	ppi_prediction
GAL	CCR3	ppi_lr	ppi_prediction
GAL	CCR4	ppi_lr	ppi_prediction
GAL	CCR5	ppi_lr	ppi_prediction
GAL	CCR6	ppi_lr	ppi_prediction
GAL	CCR8	ppi_lr	ppi_prediction
GAL	CCR9	ppi_lr	ppi_prediction
GAL	CXCR4	ppi_lr	ppi_prediction
GAL	GRM4	ppi_lr	ppi_prediction
GAL	P2RY14	ppi_lr	ppi_prediction
GAL	NPY5R	ppi_lr	ppi_prediction
GAL	C3AR1	ppi_lr	ppi_prediction
GAL	RXFP4	ppi_lr	ppi_prediction
GAL	LPAR1	ppi_lr	ppi_prediction
GAL	MCHR1	ppi_lr	ppi_prediction
GAL	NMUR2	ppi_lr	ppi_prediction
GAL	HRH4	ppi_lr	ppi_prediction
GAL	NMUR1	ppi_lr	ppi_prediction
GAL	LPAR2	ppi_lr	ppi_prediction
GAL	RXFP3	ppi_lr	ppi_prediction
GAL	HRH3	ppi_lr	ppi_prediction
GAL	PTGDR2	ppi_lr	ppi_prediction
OMG	RTN4R	ppi_lr	ppi_prediction
TNC	ITGA7	ppi_lr	ppi_prediction
CALR	NCSTN	ppi_lr	ppi_prediction
CALR	LGR4	ppi_lr	ppi_prediction
IL12A	IL6ST	ppi_lr	ppi_prediction
CD40LG	TRAF2	ppi_lr	ppi_prediction
LRPAP1	MTNR1B	ppi_lr	ppi_prediction
NTS	CCKAR	ppi_lr	ppi_prediction
NTS	CCKBR	ppi_lr	ppi_prediction
NTS	TRHR	ppi_lr	ppi_prediction
NTS	HRH1	ppi_lr	ppi_prediction
NTS	AVPR1A	ppi_lr	ppi_prediction
NTS	HTR2B	ppi_lr	ppi_prediction
NTS	XCR1	ppi_lr	ppi_prediction
NTS	BDKRB1	ppi_lr	ppi_prediction
NTS	GCGR	ppi_lr	ppi_prediction
NTS	AVPR1B	ppi_lr	ppi_prediction
NTS	F2RL1	ppi_lr	ppi_prediction
NTS	NPSR1	ppi_lr	ppi_prediction
NTS	PROKR2	ppi_lr	ppi_prediction
NTS	PROKR1	ppi_lr	ppi_prediction
NTS	LPAR1	ppi_lr	ppi_prediction
NTS	GHSR	ppi_lr	ppi_prediction
NTS	KISS1R	ppi_lr	ppi_prediction
NTS	QRFPR	ppi_lr	ppi_prediction
NTS	F2RL3	ppi_lr	ppi_prediction
NTS	LPAR4	ppi_lr	ppi_prediction
NTS	MCHR1	ppi_lr	ppi_prediction
NTS	NMUR2	ppi_lr	ppi_prediction
NTS	NPFFR1	ppi_lr	ppi_prediction
NTS	NMUR1	ppi_lr	ppi_prediction
NTS	LPAR2	ppi_lr	ppi_prediction
NTS	UTS2R	ppi_lr	ppi_prediction
NTS	NPFFR2	ppi_lr	ppi_prediction
ADM	ADCYAP1R1	ppi_lr	ppi_prediction
ADM	VIPR2	ppi_lr	ppi_prediction
ADM	MC3R	ppi_lr	ppi_prediction
ADM	GLP1R	ppi_lr	ppi_prediction
ADM	GCGR	ppi_lr	ppi_prediction
ADM	SCTR	ppi_lr	ppi_prediction
ADM	GIPR	ppi_lr	ppi_prediction
ADM	PTH2R	ppi_lr	ppi_prediction
ADM	HTR6	ppi_lr	ppi_prediction
ADM	MC2R	ppi_lr	ppi_prediction
ADM	MC1R	ppi_lr	ppi_prediction
ADM	GHRHR	ppi_lr	ppi_prediction
ADM	PTH1R	ppi_lr	ppi_prediction
ADM	CRHR2	ppi_lr	ppi_prediction
ADM	HTR4	ppi_lr	ppi_prediction
ADM	NPSR1	ppi_lr	ppi_prediction
ADM	RXFP2	ppi_lr	ppi_prediction
ADM	RXFP1	ppi_lr	ppi_prediction
PTGS2	MTNR1B	ppi_lr	ppi_prediction
THBS2	LRP1	ppi_lr	ppi_prediction
COL18A1	PTCH1	ppi_lr	ppi_prediction
GDNF	GFRA4	ppi_lr	ppi_prediction
WNT5A	LRP2	ppi_lr	ppi_prediction
WNT5A	FZD8	ppi_lr	ppi_prediction
CXCL5	CCR10	ppi_lr	ppi_prediction
CXCL5	BDKRB1	ppi_lr	ppi_prediction
CXCL5	GALR1	ppi_lr	ppi_prediction
CXCL5	HTR5A	ppi_lr	ppi_prediction
CXCL5	MTNR1A	ppi_lr	ppi_prediction
CXCL5	NPBWR1	ppi_lr	ppi_prediction
CXCL5	NPY2R	ppi_lr	ppi_prediction
CXCL5	MTNR1B	ppi_lr	ppi_prediction
CXCL5	CXCR3	ppi_lr	ppi_prediction
CXCL5	AGTR2	ppi_lr	ppi_prediction
CXCL5	NPY4R	ppi_lr	ppi_prediction
CXCL5	CCR3	ppi_lr	ppi_prediction
CXCL5	CCR4	ppi_lr	ppi_prediction
CXCL5	CCR5	ppi_lr	ppi_prediction
CXCL5	CCR6	ppi_lr	ppi_prediction
CXCL5	CCR8	ppi_lr	ppi_prediction
CXCL5	CCR9	ppi_lr	ppi_prediction
CXCL5	CXCR4	ppi_lr	ppi_prediction
CXCL5	GRM4	ppi_lr	ppi_prediction
CXCL5	P2RY14	ppi_lr	ppi_prediction
CXCL5	NPY5R	ppi_lr	ppi_prediction
CXCL5	C3AR1	ppi_lr	ppi_prediction
CXCL5	RXFP4	ppi_lr	ppi_prediction
CXCL5	LPAR1	ppi_lr	ppi_prediction
CXCL5	MCHR1	ppi_lr	ppi_prediction
CXCL5	NMUR2	ppi_lr	ppi_prediction
CXCL5	HRH4	ppi_lr	ppi_prediction
CXCL5	NMUR1	ppi_lr	ppi_prediction
CXCL5	LPAR2	ppi_lr	ppi_prediction
CXCL5	RXFP3	ppi_lr	ppi_prediction
CXCL5	HRH3	ppi_lr	ppi_prediction
CXCL5	PTGDR2	ppi_lr	ppi_prediction
XCL1	F2RL1	ppi_lr	ppi_prediction
XCL1	NPSR1	ppi_lr	ppi_prediction
XCL1	PROKR2	ppi_lr	ppi_prediction
XCL1	PROKR1	ppi_lr	ppi_prediction
XCL1	LPAR1	ppi_lr	ppi_prediction
XCL1	GHSR	ppi_lr	ppi_prediction
XCL1	KISS1R	ppi_lr	ppi_prediction
XCL1	QRFPR	ppi_lr	ppi_prediction
XCL1	F2RL3	ppi_lr	ppi_prediction
XCL1	LPAR4	ppi_lr	ppi_prediction
XCL1	MCHR1	ppi_lr	ppi_prediction
XCL1	NMUR2	ppi_lr	ppi_prediction
XCL1	NPFFR1	ppi_lr	ppi_prediction
XCL1	NMUR1	ppi_lr	ppi_prediction
XCL1	LPAR2	ppi_lr	ppi_prediction
XCL1	UTS2R	ppi_lr	ppi_prediction
XCL1	NPFFR2	ppi_lr	ppi_prediction
CXCL12	NPBWR1	ppi_lr	ppi_prediction
CXCL12	NPY2R	ppi_lr	ppi_prediction
CXCL12	MTNR1B	ppi_lr	ppi_prediction
CXCL12	AGTR2	ppi_lr	ppi_prediction
CXCL12	NPY4R	ppi_lr	ppi_prediction
CXCL12	CCR3	ppi_lr	ppi_prediction
CXCL12	CCR4	ppi_lr	ppi_prediction
CXCL12	CCR5	ppi_lr	ppi_prediction
CXCL12	CCR6	ppi_lr	ppi_prediction
CXCL12	CCR8	ppi_lr	ppi_prediction
CXCL12	CCR9	ppi_lr	ppi_prediction
CXCL12	GRM4	ppi_lr	ppi_prediction
CXCL12	P2RY14	ppi_lr	ppi_prediction
CXCL12	NPY5R	ppi_lr	ppi_prediction
CXCL12	C3AR1	ppi_lr	ppi_prediction
CXCL12	RXFP4	ppi_lr	ppi_prediction
CXCL12	LPAR1	ppi_lr	ppi_prediction
CXCL12	MCHR1	ppi_lr	ppi_prediction
CXCL12	NMUR2	ppi_lr	ppi_prediction
CXCL12	HRH4	ppi_lr	ppi_prediction
CXCL12	NMUR1	ppi_lr	ppi_prediction
CXCL12	LPAR2	ppi_lr	ppi_prediction
CXCL12	RXFP3	ppi_lr	ppi_prediction
CXCL12	HRH3	ppi_lr	ppi_prediction
CXCL12	PTGDR2	ppi_lr	ppi_prediction
NMU	NPY2R	ppi_lr	ppi_prediction
NMU	MTNR1B	ppi_lr	ppi_prediction
NMU	CXCR3	ppi_lr	ppi_prediction
NMU	AGTR2	ppi_lr	ppi_prediction
NMU	NPY4R	ppi_lr	ppi_prediction
NMU	CCR3	ppi_lr	ppi_prediction
NMU	CCR4	ppi_lr	ppi_prediction
NMU	CCR5	ppi_lr	ppi_prediction
NMU	CCR6	ppi_lr	ppi_prediction
NMU	CCR8	ppi_lr	ppi_prediction
NMU	CCR9	ppi_lr	ppi_prediction
NMU	F2RL1	ppi_lr	ppi_prediction
NMU	CXCR4	ppi_lr	ppi_prediction
NMU	GRM4	ppi_lr	ppi_prediction
NMU	P2RY14	ppi_lr	ppi_prediction
NMU	NPY5R	ppi_lr	ppi_prediction
NMU	C3AR1	ppi_lr	ppi_prediction
NMU	IL20RB	ppi_lr	ppi_prediction
NMU	NPSR1	ppi_lr	ppi_prediction
NMU	PROKR2	ppi_lr	ppi_prediction
NMU	PROKR1	ppi_lr	ppi_prediction
NMU	RXFP4	ppi_lr	ppi_prediction
NMU	LPAR1	ppi_lr	ppi_prediction
NMU	GHSR	ppi_lr	ppi_prediction
NMU	KISS1R	ppi_lr	ppi_prediction
NMU	QRFPR	ppi_lr	ppi_prediction
NMU	F2RL3	ppi_lr	ppi_prediction
NMU	LPAR4	ppi_lr	ppi_prediction
NMU	MCHR1	ppi_lr	ppi_prediction
NMU	NPFFR1	ppi_lr	ppi_prediction
NMU	HRH4	ppi_lr	ppi_prediction
NMU	LPAR2	ppi_lr	ppi_prediction
NMU	RXFP3	ppi_lr	ppi_prediction
NMU	UTS2R	ppi_lr	ppi_prediction
NMU	HRH3	ppi_lr	ppi_prediction
NMU	NPFFR2	ppi_lr	ppi_prediction
NMU	PTGDR2	ppi_lr	ppi_prediction
PSEN1	DAG1	ppi_lr	ppi_prediction
TNFSF10	TRAF2	ppi_lr	ppi_prediction
INSL3	MC2R	ppi_lr	ppi_prediction
INSL3	MC1R	ppi_lr	ppi_prediction
INSL3	GHRHR	ppi_lr	ppi_prediction
INSL3	PTH1R	ppi_lr	ppi_prediction
INSL3	CRHR2	ppi_lr	ppi_prediction
INSL3	HTR4	ppi_lr	ppi_prediction
INSL3	CALCRL	ppi_lr	ppi_prediction
INSL3	NPSR1	ppi_lr	ppi_prediction
INSL3	RXFP1	ppi_lr	ppi_prediction
EFNA3	EPHB3	ppi_lr	ppi_prediction
EFNA3	EPHB4	ppi_lr	ppi_prediction
EFNA4	EPHB3	ppi_lr	ppi_prediction
EFNA4	EPHB4	ppi_lr	ppi_prediction
EFNA4	EPHB1	ppi_lr	ppi_prediction
EFNB2	EPHA6	ppi_lr	ppi_prediction
EFNA5	EPHB3	ppi_lr	ppi_prediction
EFNA5	EPHB4	ppi_lr	ppi_prediction
COPA	NOTCH2	ppi_lr	ppi_prediction
COPA	NCSTN	ppi_lr	ppi_prediction
COPA	SORT1	ppi_lr	ppi_prediction
COPA	NOTCH3	ppi_lr	ppi_prediction
YARS	SORT1	ppi_lr	ppi_prediction
LAMB2	PLAUR	ppi_lr	ppi_prediction
LAMB2	ITGA7	ppi_lr	ppi_prediction
WNT3	ROR2	ppi_lr	ppi_prediction
WNT3	FZD5	ppi_lr	ppi_prediction
WNT3	FZD4	ppi_lr	ppi_prediction
WNT3A	ROR2	ppi_lr	ppi_prediction
WNT3A	TRAF2	ppi_lr	ppi_prediction
WNT3A	FZD5	ppi_lr	ppi_prediction
WNT3A	FZD4	ppi_lr	ppi_prediction
WNT3A	FZD10	ppi_lr	ppi_prediction
WNT4	ROR2	ppi_lr	ppi_prediction
WNT7B	FZD4	ppi_lr	ppi_prediction
PROK1	NPSR1	ppi_lr	ppi_prediction
PROK1	LPAR1	ppi_lr	ppi_prediction
PROK1	GHSR	ppi_lr	ppi_prediction
PROK1	KISS1R	ppi_lr	ppi_prediction
PROK1	QRFPR	ppi_lr	ppi_prediction
PROK1	F2RL3	ppi_lr	ppi_prediction
PROK1	LPAR4	ppi_lr	ppi_prediction
PROK1	MCHR1	ppi_lr	ppi_prediction
PROK1	NMUR2	ppi_lr	ppi_prediction
PROK1	NPFFR1	ppi_lr	ppi_prediction
PROK1	NMUR1	ppi_lr	ppi_prediction
PROK1	LPAR2	ppi_lr	ppi_prediction
PROK1	UTS2R	ppi_lr	ppi_prediction
PROK1	NPFFR2	ppi_lr	ppi_prediction
IL2	IL21R	ppi_lr	ppi_prediction
SST	GRM4	ppi_lr	ppi_prediction
SST	P2RY14	ppi_lr	ppi_prediction
SST	NPY5R	ppi_lr	ppi_prediction
SST	C3AR1	ppi_lr	ppi_prediction
SST	RXFP4	ppi_lr	ppi_prediction
SST	LPAR1	ppi_lr	ppi_prediction
SST	MCHR1	ppi_lr	ppi_prediction
SST	NMUR2	ppi_lr	ppi_prediction
SST	HRH4	ppi_lr	ppi_prediction
SST	NMUR1	ppi_lr	ppi_prediction
SST	LPAR2	ppi_lr	ppi_prediction
SST	RXFP3	ppi_lr	ppi_prediction
SST	HRH3	ppi_lr	ppi_prediction
SST	PTGDR2	ppi_lr	ppi_prediction
JAG1	LRP1	ppi_lr	ppi_prediction
ADAM17	PTCH1	ppi_lr	ppi_prediction
CCL20	GRM4	ppi_lr	ppi_prediction
CCL20	P2RY14	ppi_lr	ppi_prediction
CCL20	NPY5R	ppi_lr	ppi_prediction
CCL20	C3AR1	ppi_lr	ppi_prediction
CCL20	RXFP4	ppi_lr	ppi_prediction
CCL20	LPAR1	ppi_lr	ppi_prediction
CCL20	MCHR1	ppi_lr	ppi_prediction
CCL20	NMUR2	ppi_lr	ppi_prediction
CCL20	HRH4	ppi_lr	ppi_prediction
CCL20	NMUR1	ppi_lr	ppi_prediction
CCL20	LPAR2	ppi_lr	ppi_prediction
CCL20	RXFP3	ppi_lr	ppi_prediction
CCL20	HRH3	ppi_lr	ppi_prediction
CCL20	PTGDR2	ppi_lr	ppi_prediction
CXCL6	GRM4	ppi_lr	ppi_prediction
CXCL6	P2RY14	ppi_lr	ppi_prediction
CXCL6	NPY5R	ppi_lr	ppi_prediction
CXCL6	C3AR1	ppi_lr	ppi_prediction
CXCL6	RXFP4	ppi_lr	ppi_prediction
CXCL6	LPAR1	ppi_lr	ppi_prediction
CXCL6	MCHR1	ppi_lr	ppi_prediction
CXCL6	NMUR2	ppi_lr	ppi_prediction
CXCL6	HRH4	ppi_lr	ppi_prediction
CXCL6	NMUR1	ppi_lr	ppi_prediction
CXCL6	LPAR2	ppi_lr	ppi_prediction
CXCL6	RXFP3	ppi_lr	ppi_prediction
CXCL6	HRH3	ppi_lr	ppi_prediction
CXCL6	PTGDR2	ppi_lr	ppi_prediction
DLK1	ACVR2B	ppi_lr	ppi_prediction
QRFP	NPSR1	ppi_lr	ppi_prediction
QRFP	PROKR2	ppi_lr	ppi_prediction
QRFP	PROKR1	ppi_lr	ppi_prediction
QRFP	LPAR1	ppi_lr	ppi_prediction
QRFP	GHSR	ppi_lr	ppi_prediction
QRFP	KISS1R	ppi_lr	ppi_prediction
QRFP	F2RL3	ppi_lr	ppi_prediction
QRFP	LPAR4	ppi_lr	ppi_prediction
QRFP	MCHR1	ppi_lr	ppi_prediction
QRFP	NMUR2	ppi_lr	ppi_prediction
QRFP	NPFFR1	ppi_lr	ppi_prediction
QRFP	NMUR1	ppi_lr	ppi_prediction
QRFP	LPAR2	ppi_lr	ppi_prediction
QRFP	UTS2R	ppi_lr	ppi_prediction
QRFP	NPFFR2	ppi_lr	ppi_prediction
HSPG2	LRP2	ppi_lr	ppi_prediction
HSPG2	LRP1	ppi_lr	ppi_prediction
HSPG2	LRP8	ppi_lr	ppi_prediction
EFNB1	EPHA6	ppi_lr	ppi_prediction
LTB	TRAF2	ppi_lr	ppi_prediction
CXCL9	GRM4	ppi_lr	ppi_prediction
CXCL9	P2RY14	ppi_lr	ppi_prediction
CXCL9	NPY5R	ppi_lr	ppi_prediction
CXCL9	C3AR1	ppi_lr	ppi_prediction
CXCL9	RXFP4	ppi_lr	ppi_prediction
CXCL9	LPAR1	ppi_lr	ppi_prediction
CXCL9	MCHR1	ppi_lr	ppi_prediction
CXCL9	NMUR2	ppi_lr	ppi_prediction
CXCL9	HRH4	ppi_lr	ppi_prediction
CXCL9	NMUR1	ppi_lr	ppi_prediction
CXCL9	LPAR2	ppi_lr	ppi_prediction
CXCL9	RXFP3	ppi_lr	ppi_prediction
CXCL9	HRH3	ppi_lr	ppi_prediction
CXCL9	PTGDR2	ppi_lr	ppi_prediction
PNOC	GRM4	ppi_lr	ppi_prediction
PNOC	P2RY14	ppi_lr	ppi_prediction
PNOC	NPY5R	ppi_lr	ppi_prediction
PNOC	C3AR1	ppi_lr	ppi_prediction
PNOC	RXFP4	ppi_lr	ppi_prediction
PNOC	LPAR1	ppi_lr	ppi_prediction
PNOC	MCHR1	ppi_lr	ppi_prediction
PNOC	NMUR2	ppi_lr	ppi_prediction
PNOC	HRH4	ppi_lr	ppi_prediction
PNOC	NMUR1	ppi_lr	ppi_prediction
PNOC	LPAR2	ppi_lr	ppi_prediction
PNOC	RXFP3	ppi_lr	ppi_prediction
PNOC	HRH3	ppi_lr	ppi_prediction
PNOC	PTGDR2	ppi_lr	ppi_prediction
IHH	CDON	ppi_lr	ppi_prediction
IHH	SMO	ppi_lr	ppi_prediction
KISS1	NPSR1	ppi_lr	ppi_prediction
KISS1	PROKR2	ppi_lr	ppi_prediction
KISS1	PROKR1	ppi_lr	ppi_prediction
KISS1	LPAR1	ppi_lr	ppi_prediction
KISS1	GHSR	ppi_lr	ppi_prediction
KISS1	QRFPR	ppi_lr	ppi_prediction
KISS1	F2RL3	ppi_lr	ppi_prediction
KISS1	LPAR4	ppi_lr	ppi_prediction
KISS1	MCHR1	ppi_lr	ppi_prediction
KISS1	NMUR2	ppi_lr	ppi_prediction
KISS1	NPFFR1	ppi_lr	ppi_prediction
KISS1	NMUR1	ppi_lr	ppi_prediction
KISS1	LPAR2	ppi_lr	ppi_prediction
KISS1	UTS2R	ppi_lr	ppi_prediction
KISS1	NPFFR2	ppi_lr	ppi_prediction
EFNB3	EPHA6	ppi_lr	ppi_prediction
RSPO1	SORL1	ppi_lr	ppi_prediction
RSPO1	KREMEN1	ppi_lr	ppi_prediction
NMS	NPSR1	ppi_lr	ppi_prediction
NMS	PROKR2	ppi_lr	ppi_prediction
NMS	PROKR1	ppi_lr	ppi_prediction
NMS	RXFP4	ppi_lr	ppi_prediction
NMS	LPAR1	ppi_lr	ppi_prediction
NMS	GHSR	ppi_lr	ppi_prediction
NMS	KISS1R	ppi_lr	ppi_prediction
NMS	QRFPR	ppi_lr	ppi_prediction
NMS	F2RL3	ppi_lr	ppi_prediction
NMS	LPAR4	ppi_lr	ppi_prediction
NMS	MCHR1	ppi_lr	ppi_prediction
NMS	NPFFR1	ppi_lr	ppi_prediction
NMS	HRH4	ppi_lr	ppi_prediction
NMS	LPAR2	ppi_lr	ppi_prediction
NMS	RXFP3	ppi_lr	ppi_prediction
NMS	UTS2R	ppi_lr	ppi_prediction
NMS	HRH3	ppi_lr	ppi_prediction
NMS	NPFFR2	ppi_lr	ppi_prediction
NMS	PTGDR2	ppi_lr	ppi_prediction
ARTN	GFRA4	ppi_lr	ppi_prediction
UTS2B	PROKR2	ppi_lr	ppi_prediction
UTS2B	PROKR1	ppi_lr	ppi_prediction
UTS2B	LPAR1	ppi_lr	ppi_prediction
UTS2B	GHSR	ppi_lr	ppi_prediction
UTS2B	KISS1R	ppi_lr	ppi_prediction
UTS2B	QRFPR	ppi_lr	ppi_prediction
UTS2B	F2RL3	ppi_lr	ppi_prediction
UTS2B	LPAR4	ppi_lr	ppi_prediction
UTS2B	MCHR1	ppi_lr	ppi_prediction
UTS2B	NMUR2	ppi_lr	ppi_prediction
UTS2B	NPFFR1	ppi_lr	ppi_prediction
UTS2B	NMUR1	ppi_lr	ppi_prediction
UTS2B	LPAR2	ppi_lr	ppi_prediction
UTS2B	NPFFR2	ppi_lr	ppi_prediction
ADM2	RXFP2	ppi_lr	ppi_prediction
ADM2	RXFP1	ppi_lr	ppi_prediction
NLGN1	NRXN2	ppi_lr	ppi_prediction
NPW	RXFP4	ppi_lr	ppi_prediction
NPW	LPAR1	ppi_lr	ppi_prediction
NPW	MCHR1	ppi_lr	ppi_prediction
NPW	NMUR2	ppi_lr	ppi_prediction
NPW	HRH4	ppi_lr	ppi_prediction
NPW	NMUR1	ppi_lr	ppi_prediction
NPW	LPAR2	ppi_lr	ppi_prediction
NPW	RXFP3	ppi_lr	ppi_prediction
NPW	HRH3	ppi_lr	ppi_prediction
NPW	PTGDR2	ppi_lr	ppi_prediction
SEMA6D	PLXNA4	ppi_lr	ppi_prediction
NPB	RXFP4	ppi_lr	ppi_prediction
NPB	LPAR1	ppi_lr	ppi_prediction
NPB	MCHR1	ppi_lr	ppi_prediction
NPB	NMUR2	ppi_lr	ppi_prediction
NPB	HRH4	ppi_lr	ppi_prediction
NPB	NMUR1	ppi_lr	ppi_prediction
NPB	LPAR2	ppi_lr	ppi_prediction
NPB	RXFP3	ppi_lr	ppi_prediction
NPB	HRH3	ppi_lr	ppi_prediction
NPB	PTGDR2	ppi_lr	ppi_prediction
RLN3	LPAR1	ppi_lr	ppi_prediction
RLN3	MCHR1	ppi_lr	ppi_prediction
RLN3	NMUR2	ppi_lr	ppi_prediction
RLN3	HRH4	ppi_lr	ppi_prediction
RLN3	NMUR1	ppi_lr	ppi_prediction
RLN3	LPAR2	ppi_lr	ppi_prediction
RLN3	HRH3	ppi_lr	ppi_prediction
RLN3	PTGDR2	ppi_lr	ppi_prediction
PTH2	RXFP1	ppi_lr	ppi_prediction
GPHA2	EPHA6	ppi_lr	ppi_prediction
CCL19	NMUR2	ppi_lr	ppi_prediction
CCL19	HRH4	ppi_lr	ppi_prediction
CCL19	NMUR1	ppi_lr	ppi_prediction
CCL19	LPAR2	ppi_lr	ppi_prediction
CCL19	RXFP3	ppi_lr	ppi_prediction
CCL19	HRH3	ppi_lr	ppi_prediction
CCL19	PTGDR2	ppi_lr	ppi_prediction
NRTN	GFRA4	ppi_lr	ppi_prediction
CXCL16	HRH4	ppi_lr	ppi_prediction
CXCL16	NMUR1	ppi_lr	ppi_prediction
CXCL16	LPAR2	ppi_lr	ppi_prediction
CXCL16	RXFP3	ppi_lr	ppi_prediction
CXCL16	HRH3	ppi_lr	ppi_prediction
CXCL16	PTGDR2	ppi_lr	ppi_prediction
PROK2	UTS2R	ppi_lr	ppi_prediction
PROK2	NPFFR2	ppi_lr	ppi_prediction
CCL28	RXFP3	ppi_lr	ppi_prediction
CCL28	HRH3	ppi_lr	ppi_prediction
CCL28	PTGDR2	ppi_lr	ppi_prediction
HEBP1	RXFP3	ppi_lr	ppi_prediction
HEBP1	HRH3	ppi_lr	ppi_prediction
HEBP1	PTGDR2	ppi_lr	ppi_prediction
XCL2	UTS2R	ppi_lr	ppi_prediction
XCL2	NPFFR2	ppi_lr	ppi_prediction
GHRL	UTS2R	ppi_lr	ppi_prediction
GHRL	NPFFR2	ppi_lr	ppi_prediction
TAC3	UTS2R	ppi_lr	ppi_prediction
TAC3	NPFFR2	ppi_lr	ppi_prediction
APLN	HRH3	ppi_lr	ppi_prediction
APLN	PTGDR2	ppi_lr	ppi_prediction
CCL27	HRH3	ppi_lr	ppi_prediction
CCL27	PTGDR2	ppi_lr	ppi_prediction
INSL5	PTGDR2	ppi_lr	ppi_prediction
AGRP	SDC3	ppi_lr	ppi_prediction
KNG1	SDC2	ppi_lr	ppi_prediction
WNT3	FZD7	ppi_lr	ppi_prediction
CCL14	ACKR4	ppi_lr	ppi_prediction
EFNB1	ERBB2	ppi_lr	ppi_prediction
IL24	CCR5	ppi_lr	ppi_prediction
ANXA1	EGFR	ppi_lr	ppi_prediction
IL24	HMMR	ppi_lr	ppi_prediction
NRG1	EGFR	ppi_lr	ppi_prediction
TGFB1	EGFR	ppi_lr	ppi_prediction
PROC	KIT	ppi_lr	ppi_prediction
WNT3	LRP1	ppi_lr	ppi_prediction
FGF4	NRP1	ppi_lr	ppi_prediction
FGF7	NRP1	ppi_lr	ppi_prediction
FGF2	NRP1	ppi_lr	ppi_prediction
FGF7	FGFR1	ppi_lr	ppi_prediction
FGF1	NRP1	ppi_lr	ppi_prediction
IAPP	RAMP2	ppi_lr	ppi_prediction
CCL14	CCR3	ppi_lr	ppi_prediction
VEGFC	NRP1	ppi_lr	ppi_prediction
EFNB1	EPHA3	ppi_lr	ppi_prediction
APOB	LRP6	ppi_lr	ppi_prediction
ANXA1	CD4	ppi_lr	ppi_prediction
WNT3	FZD2	ppi_lr	ppi_prediction
GDF2	BMPR2	ppi_lr	ppi_prediction
CALR	EGFR	ppi_lr	ppi_prediction
TNF	NRP1	ppi_lr	ppi_prediction
NAMPT	NTRK1	ppi_lr	ppi_prediction
LAMB1	NTRK1	ppi_lr	ppi_prediction
NAMPT	IGF1R	ppi_lr	ppi_prediction
HGF	NRP1	ppi_lr	ppi_prediction
EFNB1	EGFR	ppi_lr	ppi_prediction
INSL3	LEPR	ppi_lr	ppi_prediction
HEBP1	EGFR	ppi_lr	ppi_prediction
NRG4	ERBB2	ppi_lr	ppi_prediction
AREG	ERBB3	ppi_lr	ppi_prediction
LAMA1	SDC2	ppi_lr	ppi_prediction
JAG2	EPHB4	ppi_lr	ppi_prediction
JAG2	LRP6	ppi_lr	ppi_prediction
EFNB1	LRP6	ppi_lr	ppi_prediction
EFNB1	FZD6	ppi_lr	ppi_prediction
EFNB1	EPHA2	ppi_lr	ppi_prediction
EFNB1	INSR	ppi_lr	ppi_prediction
EFNB1	ROR2	ppi_lr	ppi_prediction
ANXA1	PTPRF	ppi_lr	ppi_prediction
ICAM5	FZD6	ppi_lr	ppi_prediction
GSTP1	EGFR	ppi_lr	ppi_prediction
ICAM5	RET	ppi_lr	ppi_prediction
JAG2	UNC5C	ppi_lr	ppi_prediction
EFNB1	UNC5C	ppi_lr	ppi_prediction
TF	SDC2	ppi_lr	ppi_prediction
LAMA1	FAS	ppi_lr	ppi_prediction
LAMB1	MYLK2	ppi_lr	ppi_prediction
ANXA1	ERBB2	ppi_lr	ppi_prediction
ANXA1	MET	ppi_lr	ppi_prediction
IL25	MYLK2	ppi_lr	ppi_prediction
ICAM5	ROBO1	ppi_lr	ppi_prediction
ICAM5	ROBO2	ppi_lr	ppi_prediction
LAMA1	LIFR	ppi_lr	ppi_prediction
LAMA1	OSMR	ppi_lr	ppi_prediction
CALR	MYLK	ppi_lr	ppi_prediction
ANXA1	FAS	ppi_lr	ppi_prediction
RTN4	CD44	ppi_lr	ppi_prediction
ANXA1	CD44	ppi_lr	ppi_prediction
GSTP1	CD44	ppi_lr	ppi_prediction
LAMA1	PTPRF	ppi_lr	ppi_prediction
LAMB1	PTPRF	ppi_lr	ppi_prediction
SHH	LRP2	ppi_lr	ppi_prediction
CALM1	INSR	ppi_lr	ppi_prediction
PTGS2	ERBB2	ppi_lr	ppi_prediction
BMP4	NOTCH1	ppi_lr	ppi_prediction
CALR	IL7R	ppi_lr	ppi_prediction
PSEN1	CXCR1	ppi_lr	ppi_prediction
MMP9	GNRHR	ppi_lr	ppi_prediction
CALM1	EGFR	ppi_lr	ppi_prediction
JAG2	NCSTN	ppi_lr	ppi_prediction
CALR	CD40	ppi_lr	ppi_prediction
COPA	PDGFRB	ppi_lr	ppi_prediction
DUSP18	INSR	ppi_lr	ppi_prediction
HSP90B1	ERBB2	ppi_lr	ppi_prediction
PSAP	ERBB2	ppi_lr	ppi_prediction
SPP1	ITGA5	ppi_lr	ppi_prediction
CD40LG	ITGA5	ppi_lr	ppi_prediction
ANGPT1	ITGA5	ppi_lr	ppi_prediction
TNC	ITGA5	ppi_lr	ppi_prediction
CTGF	ITGA5	ppi_lr	ppi_prediction
APP	EGFR	ppi_lr	ppi_prediction
APP	TNFRSF21	ppi_lr	ppi_prediction
PTN	SDC1	ppi_lr	ppi_prediction
MDK	SDC1	ppi_lr	ppi_prediction
THBS1	ITGB3	ppi_lr	ppi_prediction
CX3CL1	ITGB3	ppi_lr	ppi_prediction
NID1	ITGB3	ppi_lr	ppi_prediction
PTN	SDC3	ppi_lr	ppi_prediction
MDK	SDC3	ppi_lr	ppi_prediction
CALR	ITGA3	ppi_lr	ppi_prediction
CALR	ITGA2B	ppi_lr	ppi_prediction
CALR	ITGAV	ppi_lr	ppi_prediction
CX3CL1	ITGB4	ppi_lr	ppi_prediction
PSEN1	TGFBR1	ppi_lr	ppi_prediction
THBS1	LRP5	ppi_lr	ppi_prediction
THBS1	TNFRSF11B	ppi_lr	ppi_prediction
FN1	EGFR	ppi_lr	ppi_prediction
FN1	TNFRSF11B	ppi_lr	ppi_prediction
ADAM9	ITGA3	ppi_lr	ppi_prediction
PTGS2	EGFR	ppi_lr	ppi_prediction
HSP90B1	EGFR	ppi_lr	ppi_prediction
TNC	EGFR	ppi_lr	ppi_prediction
AMH	EGFR	ppi_lr	ppi_prediction
FASLG	TNFRSF1A	ppi_lr	ppi_prediction
COL18A1	KDR	ppi_lr	ppi_prediction
HSPG2	KDR	ppi_lr	ppi_prediction
CXCL12	CD4	ppi_lr	ppi_prediction
COL2A1	TNFRSF10A	ppi_lr	ppi_prediction
NTN4	NEO1	ppi_lr	ppi_prediction
CALM1	HMMR	ppi_lr	ppi_prediction
CCL27	ACKR4	ppi_lr	ppi_prediction
CCL28	ACKR4	ppi_lr	ppi_prediction
HSPG2	FLT1	ppi_lr	ppi_prediction
RPS19	RPSA	ppi_lr	ppi_prediction
CALM1	RPSA	ppi_lr	ppi_prediction
LTB	TNFRSF1A	ppi_lr	ppi_prediction
PTN	PLXNB2	ppi_lr	ppi_prediction
CTSG	GP1BA	ppi_lr	ppi_prediction
CTSG	F2RL2	ppi_lr	ppi_prediction
GDF6	BMPR1B	ppi_lr	ppi_prediction
GDF9	BMPR1B	ppi_lr	ppi_prediction
IL2	NGFR	ppi_lr	ppi_prediction
WNT7A	FZD9	ppi_lr	ppi_prediction
KITLG	EPOR	ppi_lr	ppi_prediction
TNC	PTPRB	ppi_lr	ppi_prediction
HSPG2	FGFR1	ppi_lr	ppi_prediction
NLGN3	TGFBR1	ppi_lr	ppi_prediction
IL24	NOTCH2	ppi_lr	ppi_prediction
HSPG2	FGFR3	ppi_lr	ppi_prediction
LRRC4C	NTNG2	ppi_lr	ppi_prediction
CALM1	GLP2R	ppi_lr	ppi_prediction
VTN	TNFRSF11B	ppi_lr	ppi_prediction
NID1	ITGAV	ppi_lr	ppi_prediction
LRPAP1	LDLR	ppi_lr	ppi_prediction
VWF	TNFRSF11B	ppi_lr	ppi_prediction
HSPG2	ITGA2	ppi_lr	ppi_prediction
HLA-E	CD8A	ppi_lr	ppi_prediction
HLA-G	CD8A	ppi_lr	ppi_prediction
SEMA3F	NRP1	ppi_lr	ppi_prediction
SEMA3C	NRP1	ppi_lr	ppi_prediction
PGF	NRP2	ppi_lr	ppi_prediction
UCN3	IL10RB	ppi_lr	ppi_prediction
UCN2	IL10RB	ppi_lr	ppi_prediction
SEMA3B	NRP2	ppi_lr	ppi_prediction
COPA	MTNR1B	ppi_lr	ppi_prediction
TNFSF13	TNFRSF11B	ppi_lr	ppi_prediction
NPPC	NPR3	ppi_lr	ppi_prediction
GPHA2	GPR1	ppi_lr	ppi_prediction
CALCA	RAMP2	ppi_lr	ppi_prediction
APP	BMPR1B	ppi_lr	ppi_prediction
NPFF	F2RL2	ppi_lr	ppi_prediction
HCRT	F2RL2	ppi_lr	ppi_prediction
UTS2	F2RL2	ppi_lr	ppi_prediction
AGT	F2RL2	ppi_lr	ppi_prediction
KNG1	F2RL2	ppi_lr	ppi_prediction
GNRH1	F2RL2	ppi_lr	ppi_prediction
OXT	F2RL2	ppi_lr	ppi_prediction
AVP	F2RL2	ppi_lr	ppi_prediction
GCG	F2RL2	ppi_lr	ppi_prediction
GAST	F2RL2	ppi_lr	ppi_prediction
ANXA1	F2RL2	ppi_lr	ppi_prediction
APP	F2RL2	ppi_lr	ppi_prediction
EDN1	F2RL2	ppi_lr	ppi_prediction
CCK	F2RL2	ppi_lr	ppi_prediction
GRP	F2RL2	ppi_lr	ppi_prediction
NMB	F2RL2	ppi_lr	ppi_prediction
NPS	F2RL2	ppi_lr	ppi_prediction
SAA1	F2RL2	ppi_lr	ppi_prediction
EDN3	F2RL2	ppi_lr	ppi_prediction
TAC1	F2RL2	ppi_lr	ppi_prediction
PMCH	F2RL2	ppi_lr	ppi_prediction
TRH	F2RL2	ppi_lr	ppi_prediction
EDN2	F2RL2	ppi_lr	ppi_prediction
NTS	F2RL2	ppi_lr	ppi_prediction
XCL1	F2RL2	ppi_lr	ppi_prediction
NMU	F2RL2	ppi_lr	ppi_prediction
PROK1	F2RL2	ppi_lr	ppi_prediction
QRFP	F2RL2	ppi_lr	ppi_prediction
KISS1	F2RL2	ppi_lr	ppi_prediction
NMS	F2RL2	ppi_lr	ppi_prediction
UTS2B	F2RL2	ppi_lr	ppi_prediction
PROK2	F2RL2	ppi_lr	ppi_prediction
XCL2	F2RL2	ppi_lr	ppi_prediction
GHRL	F2RL2	ppi_lr	ppi_prediction
TAC3	F2RL2	ppi_lr	ppi_prediction
PSPN	GFRA2	ppi_lr	ppi_prediction
ARTN	GFRA2	ppi_lr	ppi_prediction
CCL21	CXCR6	ppi_lr	ppi_prediction
CXCL11	CXCR6	ppi_lr	ppi_prediction
CCL25	CXCR6	ppi_lr	ppi_prediction
CXCL13	CXCR6	ppi_lr	ppi_prediction
AGT	CXCR6	ppi_lr	ppi_prediction
C3	CXCR6	ppi_lr	ppi_prediction
C5	CXCR6	ppi_lr	ppi_prediction
KNG1	CXCR6	ppi_lr	ppi_prediction
POMC	CXCR6	ppi_lr	ppi_prediction
PENK	CXCR6	ppi_lr	ppi_prediction
PDYN	CXCR6	ppi_lr	ppi_prediction
PPY	CXCR6	ppi_lr	ppi_prediction
NPY	CXCR6	ppi_lr	ppi_prediction
PPBP	CXCR6	ppi_lr	ppi_prediction
PF4	CXCR6	ppi_lr	ppi_prediction
CXCL10	CXCR6	ppi_lr	ppi_prediction
ANXA1	CXCR6	ppi_lr	ppi_prediction
APP	CXCR6	ppi_lr	ppi_prediction
SAA1	CXCR6	ppi_lr	ppi_prediction
PYY	CXCR6	ppi_lr	ppi_prediction
CCL5	CXCR6	ppi_lr	ppi_prediction
CXCL2	CXCR6	ppi_lr	ppi_prediction
CXCL3	CXCR6	ppi_lr	ppi_prediction
PMCH	CXCR6	ppi_lr	ppi_prediction
GAL	CXCR6	ppi_lr	ppi_prediction
CXCL5	CXCR6	ppi_lr	ppi_prediction
CXCL12	CXCR6	ppi_lr	ppi_prediction
NMU	CXCR6	ppi_lr	ppi_prediction
SST	CXCR6	ppi_lr	ppi_prediction
CCL20	CXCR6	ppi_lr	ppi_prediction
CXCL6	CXCR6	ppi_lr	ppi_prediction
CXCL9	CXCR6	ppi_lr	ppi_prediction
PNOC	CXCR6	ppi_lr	ppi_prediction
NMS	CXCR6	ppi_lr	ppi_prediction
NPW	CXCR6	ppi_lr	ppi_prediction
NPB	CXCR6	ppi_lr	ppi_prediction
RLN3	CXCR6	ppi_lr	ppi_prediction
CCL19	CXCR6	ppi_lr	ppi_prediction
CCL28	CXCR6	ppi_lr	ppi_prediction
HEBP1	CXCR6	ppi_lr	ppi_prediction
APLN	CXCR6	ppi_lr	ppi_prediction
CCL27	CXCR6	ppi_lr	ppi_prediction
INSL5	CXCR6	ppi_lr	ppi_prediction
CCL22	ACKR2	ppi_lr	ppi_prediction
APP	ACKR2	ppi_lr	ppi_prediction
CCL3L3	ACKR2	ppi_lr	ppi_prediction
CCL17	ACKR2	ppi_lr	ppi_prediction
FASLG	TNFRSF10B	ppi_lr	ppi_prediction
SOST	NRP1	ppi_lr	ppi_prediction
HLA-E	PLXNB2	ppi_lr	ppi_prediction
EFNA2	EPHB6	ppi_lr	ppi_prediction
EFNA1	EPHB6	ppi_lr	ppi_prediction
EFNA3	EPHB6	ppi_lr	ppi_prediction
EFNA4	EPHB6	ppi_lr	ppi_prediction
EFNA5	EPHB6	ppi_lr	ppi_prediction
CXCL13	GALR2	ppi_lr	ppi_prediction
AGT	GALR2	ppi_lr	ppi_prediction
C3	GALR2	ppi_lr	ppi_prediction
C5	GALR2	ppi_lr	ppi_prediction
KNG1	GALR2	ppi_lr	ppi_prediction
POMC	GALR2	ppi_lr	ppi_prediction
PENK	GALR2	ppi_lr	ppi_prediction
PDYN	GALR2	ppi_lr	ppi_prediction
PPY	GALR2	ppi_lr	ppi_prediction
NPY	GALR2	ppi_lr	ppi_prediction
PPBP	GALR2	ppi_lr	ppi_prediction
PF4	GALR2	ppi_lr	ppi_prediction
CXCL10	GALR2	ppi_lr	ppi_prediction
ANXA1	GALR2	ppi_lr	ppi_prediction
APP	GALR2	ppi_lr	ppi_prediction
SAA1	GALR2	ppi_lr	ppi_prediction
PYY	GALR2	ppi_lr	ppi_prediction
CCL5	GALR2	ppi_lr	ppi_prediction
CXCL2	GALR2	ppi_lr	ppi_prediction
CXCL3	GALR2	ppi_lr	ppi_prediction
PMCH	GALR2	ppi_lr	ppi_prediction
CXCL5	GALR2	ppi_lr	ppi_prediction
CXCL12	GALR2	ppi_lr	ppi_prediction
NMU	GALR2	ppi_lr	ppi_prediction
SST	GALR2	ppi_lr	ppi_prediction
CCL20	GALR2	ppi_lr	ppi_prediction
CXCL6	GALR2	ppi_lr	ppi_prediction
CXCL9	GALR2	ppi_lr	ppi_prediction
PNOC	GALR2	ppi_lr	ppi_prediction
NMS	GALR2	ppi_lr	ppi_prediction
NPW	GALR2	ppi_lr	ppi_prediction
NPB	GALR2	ppi_lr	ppi_prediction
RLN3	GALR2	ppi_lr	ppi_prediction
CCL19	GALR2	ppi_lr	ppi_prediction
CXCL16	GALR2	ppi_lr	ppi_prediction
CCL28	GALR2	ppi_lr	ppi_prediction
HEBP1	GALR2	ppi_lr	ppi_prediction
APLN	GALR2	ppi_lr	ppi_prediction
CCL27	GALR2	ppi_lr	ppi_prediction
INSL5	GALR2	ppi_lr	ppi_prediction
UTS2	HCRTR1	ppi_lr	ppi_prediction
F2	HCRTR1	ppi_lr	ppi_prediction
AGT	HCRTR1	ppi_lr	ppi_prediction
KNG1	HCRTR1	ppi_lr	ppi_prediction
GNRH1	HCRTR1	ppi_lr	ppi_prediction
OXT	HCRTR1	ppi_lr	ppi_prediction
AVP	HCRTR1	ppi_lr	ppi_prediction
GCG	HCRTR1	ppi_lr	ppi_prediction
NPY	HCRTR1	ppi_lr	ppi_prediction
GAST	HCRTR1	ppi_lr	ppi_prediction
ANXA1	HCRTR1	ppi_lr	ppi_prediction
APP	HCRTR1	ppi_lr	ppi_prediction
EDN1	HCRTR1	ppi_lr	ppi_prediction
CCK	HCRTR1	ppi_lr	ppi_prediction
GRP	HCRTR1	ppi_lr	ppi_prediction
NMB	HCRTR1	ppi_lr	ppi_prediction
NPS	HCRTR1	ppi_lr	ppi_prediction
SAA1	HCRTR1	ppi_lr	ppi_prediction
EDN3	HCRTR1	ppi_lr	ppi_prediction
TAC1	HCRTR1	ppi_lr	ppi_prediction
PMCH	HCRTR1	ppi_lr	ppi_prediction
TRH	HCRTR1	ppi_lr	ppi_prediction
EDN2	HCRTR1	ppi_lr	ppi_prediction
NTS	HCRTR1	ppi_lr	ppi_prediction
XCL1	HCRTR1	ppi_lr	ppi_prediction
NMU	HCRTR1	ppi_lr	ppi_prediction
PROK1	HCRTR1	ppi_lr	ppi_prediction
QRFP	HCRTR1	ppi_lr	ppi_prediction
KISS1	HCRTR1	ppi_lr	ppi_prediction
NMS	HCRTR1	ppi_lr	ppi_prediction
UTS2B	HCRTR1	ppi_lr	ppi_prediction
PROK2	HCRTR1	ppi_lr	ppi_prediction
XCL2	HCRTR1	ppi_lr	ppi_prediction
GHRL	HCRTR1	ppi_lr	ppi_prediction
TAC3	HCRTR1	ppi_lr	ppi_prediction
UTS2	HCRTR2	ppi_lr	ppi_prediction
F2	HCRTR2	ppi_lr	ppi_prediction
AGT	HCRTR2	ppi_lr	ppi_prediction
KNG1	HCRTR2	ppi_lr	ppi_prediction
GNRH1	HCRTR2	ppi_lr	ppi_prediction
OXT	HCRTR2	ppi_lr	ppi_prediction
AVP	HCRTR2	ppi_lr	ppi_prediction
GCG	HCRTR2	ppi_lr	ppi_prediction
GAST	HCRTR2	ppi_lr	ppi_prediction
ANXA1	HCRTR2	ppi_lr	ppi_prediction
APP	HCRTR2	ppi_lr	ppi_prediction
EDN1	HCRTR2	ppi_lr	ppi_prediction
CCK	HCRTR2	ppi_lr	ppi_prediction
GRP	HCRTR2	ppi_lr	ppi_prediction
NMB	HCRTR2	ppi_lr	ppi_prediction
NPS	HCRTR2	ppi_lr	ppi_prediction
SAA1	HCRTR2	ppi_lr	ppi_prediction
EDN3	HCRTR2	ppi_lr	ppi_prediction
TAC1	HCRTR2	ppi_lr	ppi_prediction
PMCH	HCRTR2	ppi_lr	ppi_prediction
TRH	HCRTR2	ppi_lr	ppi_prediction
EDN2	HCRTR2	ppi_lr	ppi_prediction
NTS	HCRTR2	ppi_lr	ppi_prediction
XCL1	HCRTR2	ppi_lr	ppi_prediction
NMU	HCRTR2	ppi_lr	ppi_prediction
PROK1	HCRTR2	ppi_lr	ppi_prediction
QRFP	HCRTR2	ppi_lr	ppi_prediction
KISS1	HCRTR2	ppi_lr	ppi_prediction
NMS	HCRTR2	ppi_lr	ppi_prediction
UTS2B	HCRTR2	ppi_lr	ppi_prediction
PROK2	HCRTR2	ppi_lr	ppi_prediction
XCL2	HCRTR2	ppi_lr	ppi_prediction
GHRL	HCRTR2	ppi_lr	ppi_prediction
TAC3	HCRTR2	ppi_lr	ppi_prediction
GDNF	GFRA3	ppi_lr	ppi_prediction
NRTN	GFRA3	ppi_lr	ppi_prediction
AGT	GALR3	ppi_lr	ppi_prediction
C3	GALR3	ppi_lr	ppi_prediction
C5	GALR3	ppi_lr	ppi_prediction
KNG1	GALR3	ppi_lr	ppi_prediction
POMC	GALR3	ppi_lr	ppi_prediction
PENK	GALR3	ppi_lr	ppi_prediction
PDYN	GALR3	ppi_lr	ppi_prediction
PPY	GALR3	ppi_lr	ppi_prediction
NPY	GALR3	ppi_lr	ppi_prediction
PPBP	GALR3	ppi_lr	ppi_prediction
PF4	GALR3	ppi_lr	ppi_prediction
CXCL10	GALR3	ppi_lr	ppi_prediction
ANXA1	GALR3	ppi_lr	ppi_prediction
APP	GALR3	ppi_lr	ppi_prediction
SAA1	GALR3	ppi_lr	ppi_prediction
PYY	GALR3	ppi_lr	ppi_prediction
CCL5	GALR3	ppi_lr	ppi_prediction
CXCL2	GALR3	ppi_lr	ppi_prediction
CXCL3	GALR3	ppi_lr	ppi_prediction
PMCH	GALR3	ppi_lr	ppi_prediction
CXCL5	GALR3	ppi_lr	ppi_prediction
CXCL12	GALR3	ppi_lr	ppi_prediction
NMU	GALR3	ppi_lr	ppi_prediction
SST	GALR3	ppi_lr	ppi_prediction
CCL20	GALR3	ppi_lr	ppi_prediction
CXCL6	GALR3	ppi_lr	ppi_prediction
CXCL9	GALR3	ppi_lr	ppi_prediction
PNOC	GALR3	ppi_lr	ppi_prediction
NMS	GALR3	ppi_lr	ppi_prediction
NPW	GALR3	ppi_lr	ppi_prediction
NPB	GALR3	ppi_lr	ppi_prediction
RLN3	GALR3	ppi_lr	ppi_prediction
CCL19	GALR3	ppi_lr	ppi_prediction
CXCL16	GALR3	ppi_lr	ppi_prediction
CCL28	GALR3	ppi_lr	ppi_prediction
HEBP1	GALR3	ppi_lr	ppi_prediction
APLN	GALR3	ppi_lr	ppi_prediction
CCL27	GALR3	ppi_lr	ppi_prediction
INSL5	GALR3	ppi_lr	ppi_prediction
AVP	RAMP1	ppi_lr	ppi_prediction
POMC	RAMP1	ppi_lr	ppi_prediction
CGA	RAMP1	ppi_lr	ppi_prediction
TSHB	RAMP1	ppi_lr	ppi_prediction
FSHB	RAMP1	ppi_lr	ppi_prediction
LHB	RAMP1	ppi_lr	ppi_prediction
PTH	RAMP1	ppi_lr	ppi_prediction
GCG	RAMP1	ppi_lr	ppi_prediction
VIP	RAMP1	ppi_lr	ppi_prediction
GHRH	RAMP1	ppi_lr	ppi_prediction
RLN2	RAMP1	ppi_lr	ppi_prediction
CRH	RAMP1	ppi_lr	ppi_prediction
GIP	RAMP1	ppi_lr	ppi_prediction
SCT	RAMP1	ppi_lr	ppi_prediction
NPS	RAMP1	ppi_lr	ppi_prediction
PTHLH	RAMP1	ppi_lr	ppi_prediction
ADCYAP1	RAMP1	ppi_lr	ppi_prediction
ADM	RAMP1	ppi_lr	ppi_prediction
INSL3	RAMP1	ppi_lr	ppi_prediction
RLN3	RAMP1	ppi_lr	ppi_prediction
PTH2	RAMP1	ppi_lr	ppi_prediction
AVP	RAMP2	ppi_lr	ppi_prediction
POMC	RAMP2	ppi_lr	ppi_prediction
CGA	RAMP2	ppi_lr	ppi_prediction
TSHB	RAMP2	ppi_lr	ppi_prediction
FSHB	RAMP2	ppi_lr	ppi_prediction
LHB	RAMP2	ppi_lr	ppi_prediction
PTH	RAMP2	ppi_lr	ppi_prediction
GCG	RAMP2	ppi_lr	ppi_prediction
VIP	RAMP2	ppi_lr	ppi_prediction
GHRH	RAMP2	ppi_lr	ppi_prediction
RLN2	RAMP2	ppi_lr	ppi_prediction
CRH	RAMP2	ppi_lr	ppi_prediction
GIP	RAMP2	ppi_lr	ppi_prediction
SCT	RAMP2	ppi_lr	ppi_prediction
NPS	RAMP2	ppi_lr	ppi_prediction
CALCB	RAMP2	ppi_lr	ppi_prediction
PTHLH	RAMP2	ppi_lr	ppi_prediction
ADCYAP1	RAMP2	ppi_lr	ppi_prediction
INSL3	RAMP2	ppi_lr	ppi_prediction
ADM2	RAMP2	ppi_lr	ppi_prediction
RLN3	RAMP2	ppi_lr	ppi_prediction
PTH2	RAMP2	ppi_lr	ppi_prediction
TNF	PLXNA2	ppi_lr	ppi_prediction
SEMA6D	PLXNA2	ppi_lr	ppi_prediction
GPHA2	PLXNA2	ppi_lr	ppi_prediction
APOE	SDC3	ppi_lr	ppi_prediction
APOB	SDC3	ppi_lr	ppi_prediction
TNC	SDC3	ppi_lr	ppi_prediction
WNT1	FZD7	ppi_lr	ppi_prediction
WNT3A	FZD7	ppi_lr	ppi_prediction
WNT5A	LRP5	ppi_lr	ppi_prediction
LIPH	LRP5	ppi_lr	ppi_prediction
AGT	ATP6AP2	ppi_lr	ppi_prediction
GSTP1	ATRN	ppi_lr	ppi_prediction
APP	IL18RAP	ppi_lr	ppi_prediction
F2	NTSR2	ppi_lr	ppi_prediction
AGT	NTSR2	ppi_lr	ppi_prediction
KNG1	NTSR2	ppi_lr	ppi_prediction
GNRH1	NTSR2	ppi_lr	ppi_prediction
OXT	NTSR2	ppi_lr	ppi_prediction
AVP	NTSR2	ppi_lr	ppi_prediction
GCG	NTSR2	ppi_lr	ppi_prediction
GAST	NTSR2	ppi_lr	ppi_prediction
ANXA1	NTSR2	ppi_lr	ppi_prediction
APP	NTSR2	ppi_lr	ppi_prediction
EDN1	NTSR2	ppi_lr	ppi_prediction
CCK	NTSR2	ppi_lr	ppi_prediction
GRP	NTSR2	ppi_lr	ppi_prediction
NMB	NTSR2	ppi_lr	ppi_prediction
NPS	NTSR2	ppi_lr	ppi_prediction
SAA1	NTSR2	ppi_lr	ppi_prediction
EDN3	NTSR2	ppi_lr	ppi_prediction
TAC1	NTSR2	ppi_lr	ppi_prediction
PMCH	NTSR2	ppi_lr	ppi_prediction
TRH	NTSR2	ppi_lr	ppi_prediction
EDN2	NTSR2	ppi_lr	ppi_prediction
XCL1	NTSR2	ppi_lr	ppi_prediction
NMU	NTSR2	ppi_lr	ppi_prediction
PROK1	NTSR2	ppi_lr	ppi_prediction
QRFP	NTSR2	ppi_lr	ppi_prediction
KISS1	NTSR2	ppi_lr	ppi_prediction
NMS	NTSR2	ppi_lr	ppi_prediction
UTS2B	NTSR2	ppi_lr	ppi_prediction
PROK2	NTSR2	ppi_lr	ppi_prediction
XCL2	NTSR2	ppi_lr	ppi_prediction
GHRL	NTSR2	ppi_lr	ppi_prediction
TAC3	NTSR2	ppi_lr	ppi_prediction
AVP	GLP2R	ppi_lr	ppi_prediction
POMC	GLP2R	ppi_lr	ppi_prediction
CGA	GLP2R	ppi_lr	ppi_prediction
TSHB	GLP2R	ppi_lr	ppi_prediction
FSHB	GLP2R	ppi_lr	ppi_prediction
LHB	GLP2R	ppi_lr	ppi_prediction
CALCA	GLP2R	ppi_lr	ppi_prediction
PTH	GLP2R	ppi_lr	ppi_prediction
VIP	GLP2R	ppi_lr	ppi_prediction
GHRH	GLP2R	ppi_lr	ppi_prediction
RLN2	GLP2R	ppi_lr	ppi_prediction
CRH	GLP2R	ppi_lr	ppi_prediction
GIP	GLP2R	ppi_lr	ppi_prediction
SCT	GLP2R	ppi_lr	ppi_prediction
NPS	GLP2R	ppi_lr	ppi_prediction
CALCB	GLP2R	ppi_lr	ppi_prediction
IAPP	GLP2R	ppi_lr	ppi_prediction
PTHLH	GLP2R	ppi_lr	ppi_prediction
ADCYAP1	GLP2R	ppi_lr	ppi_prediction
ADM	GLP2R	ppi_lr	ppi_prediction
INSL3	GLP2R	ppi_lr	ppi_prediction
ADM2	GLP2R	ppi_lr	ppi_prediction
RLN3	GLP2R	ppi_lr	ppi_prediction
PTH2	GLP2R	ppi_lr	ppi_prediction
AVP	EGFR	ppi_lr	ppi_prediction
TF	EGFR	ppi_lr	ppi_prediction
HLA-A	EGFR	ppi_lr	ppi_prediction
WNT5A	EGFR	ppi_lr	ppi_prediction
COPA	EGFR	ppi_lr	ppi_prediction
YARS	EGFR	ppi_lr	ppi_prediction
EGF	LDLR	ppi_lr	ppi_prediction
AVP	LDLR	ppi_lr	ppi_prediction
TF	LDLR	ppi_lr	ppi_prediction
HSP90B1	LDLR	ppi_lr	ppi_prediction
WNT5A	LDLR	ppi_lr	ppi_prediction
TF	CD4	ppi_lr	ppi_prediction
APOB	CD4	ppi_lr	ppi_prediction
RPS19	CD4	ppi_lr	ppi_prediction
WNT5A	CD4	ppi_lr	ppi_prediction
ARF1	CD4	ppi_lr	ppi_prediction
PDCD1LG2	CD4	ppi_lr	ppi_prediction
COPA	CD8A	ppi_lr	ppi_prediction
APOB	TFRC	ppi_lr	ppi_prediction
WNT5A	TFRC	ppi_lr	ppi_prediction
DLK1	TFRC	ppi_lr	ppi_prediction
PTDSS1	ERBB2	ppi_lr	ppi_prediction
SEMA4D	ERBB2	ppi_lr	ppi_prediction
GPI	NTRK1	ppi_lr	ppi_prediction
HSP90B1	NTRK1	ppi_lr	ppi_prediction
ADCYAP1	NTRK1	ppi_lr	ppi_prediction
COPA	NTRK1	ppi_lr	ppi_prediction
YARS	NTRK1	ppi_lr	ppi_prediction
TGFB3	ITGB3	ppi_lr	ppi_prediction
VEGFA	ITGB3	ppi_lr	ppi_prediction
COL18A1	ITGB3	ppi_lr	ppi_prediction
HGF	INSR	ppi_lr	ppi_prediction
LAMB1	ITGAV	ppi_lr	ppi_prediction
THBS1	ITGAV	ppi_lr	ppi_prediction
TGFB3	ITGAV	ppi_lr	ppi_prediction
VEGFA	ITGAV	ppi_lr	ppi_prediction
COL18A1	ITGAV	ppi_lr	ppi_prediction
NOV	ITGAV	ppi_lr	ppi_prediction
OMG	NGFR	ppi_lr	ppi_prediction
NTS	NGFR	ppi_lr	ppi_prediction
PSEN1	NGFR	ppi_lr	ppi_prediction
ADAM17	NGFR	ppi_lr	ppi_prediction
RTN4	NGFR	ppi_lr	ppi_prediction
MMP9	ITGA5	ppi_lr	ppi_prediction
CALR	ITGA5	ppi_lr	ppi_prediction
COMP	ITGA5	ppi_lr	ppi_prediction
YARS	RPSA	ppi_lr	ppi_prediction
SAA1	HTR1A	ppi_lr	ppi_prediction
PYY	HTR1A	ppi_lr	ppi_prediction
CCL5	HTR1A	ppi_lr	ppi_prediction
CXCL2	HTR1A	ppi_lr	ppi_prediction
CXCL3	HTR1A	ppi_lr	ppi_prediction
PMCH	HTR1A	ppi_lr	ppi_prediction
GAL	HTR1A	ppi_lr	ppi_prediction
CXCL5	HTR1A	ppi_lr	ppi_prediction
CXCL12	HTR1A	ppi_lr	ppi_prediction
NMU	HTR1A	ppi_lr	ppi_prediction
SST	HTR1A	ppi_lr	ppi_prediction
CCL20	HTR1A	ppi_lr	ppi_prediction
CXCL6	HTR1A	ppi_lr	ppi_prediction
CXCL9	HTR1A	ppi_lr	ppi_prediction
PNOC	HTR1A	ppi_lr	ppi_prediction
NMS	HTR1A	ppi_lr	ppi_prediction
NPW	HTR1A	ppi_lr	ppi_prediction
NPB	HTR1A	ppi_lr	ppi_prediction
RLN3	HTR1A	ppi_lr	ppi_prediction
CCL19	HTR1A	ppi_lr	ppi_prediction
CXCL16	HTR1A	ppi_lr	ppi_prediction
CCL28	HTR1A	ppi_lr	ppi_prediction
HEBP1	HTR1A	ppi_lr	ppi_prediction
APLN	HTR1A	ppi_lr	ppi_prediction
CCL27	HTR1A	ppi_lr	ppi_prediction
INSL5	HTR1A	ppi_lr	ppi_prediction
VEGFA	PDGFRB	ppi_lr	ppi_prediction
HSP90B1	KIT	ppi_lr	ppi_prediction
ADAM17	GHR	ppi_lr	ppi_prediction
BMP2	FGFR1	ppi_lr	ppi_prediction
BMP4	FGFR1	ppi_lr	ppi_prediction
FGF22	FGFR1	ppi_lr	ppi_prediction
WNT5A	IGF2R	ppi_lr	ppi_prediction
NPPC	NPR1	ppi_lr	ppi_prediction
PSEN1	NPR1	ppi_lr	ppi_prediction
SEMA3A	NPR1	ppi_lr	ppi_prediction
LAMA2	ITGB4	ppi_lr	ppi_prediction
LAMB2	ITGB4	ppi_lr	ppi_prediction
ADCYAP1	TSHR	ppi_lr	ppi_prediction
ADM	TSHR	ppi_lr	ppi_prediction
INSL3	TSHR	ppi_lr	ppi_prediction
ADM2	TSHR	ppi_lr	ppi_prediction
RLN3	TSHR	ppi_lr	ppi_prediction
PTH2	TSHR	ppi_lr	ppi_prediction
TNC	ITGA2	ppi_lr	ppi_prediction
LAMC2	ITGA2	ppi_lr	ppi_prediction
PSEN1	NPR3	ppi_lr	ppi_prediction
COL18A1	FLT1	ppi_lr	ppi_prediction
COL18A1	ITGB5	ppi_lr	ppi_prediction
ADAM17	TNFRSF1A	ppi_lr	ppi_prediction
ADAM17	TNFRSF1B	ppi_lr	ppi_prediction
TNC	ITGAX	ppi_lr	ppi_prediction
NTS	TACR2	ppi_lr	ppi_prediction
XCL1	TACR2	ppi_lr	ppi_prediction
NMU	TACR2	ppi_lr	ppi_prediction
PROK1	TACR2	ppi_lr	ppi_prediction
QRFP	TACR2	ppi_lr	ppi_prediction
KISS1	TACR2	ppi_lr	ppi_prediction
NMS	TACR2	ppi_lr	ppi_prediction
UTS2B	TACR2	ppi_lr	ppi_prediction
PROK2	TACR2	ppi_lr	ppi_prediction
XCL2	TACR2	ppi_lr	ppi_prediction
GHRL	TACR2	ppi_lr	ppi_prediction
GAL	FPR1	ppi_lr	ppi_prediction
CXCL5	FPR1	ppi_lr	ppi_prediction
CXCL12	FPR1	ppi_lr	ppi_prediction
NMU	FPR1	ppi_lr	ppi_prediction
SST	FPR1	ppi_lr	ppi_prediction
CCL20	FPR1	ppi_lr	ppi_prediction
CXCL6	FPR1	ppi_lr	ppi_prediction
CXCL9	FPR1	ppi_lr	ppi_prediction
PNOC	FPR1	ppi_lr	ppi_prediction
NMS	FPR1	ppi_lr	ppi_prediction
NPW	FPR1	ppi_lr	ppi_prediction
NPB	FPR1	ppi_lr	ppi_prediction
RLN3	FPR1	ppi_lr	ppi_prediction
CCL19	FPR1	ppi_lr	ppi_prediction
CXCL16	FPR1	ppi_lr	ppi_prediction
CCL28	FPR1	ppi_lr	ppi_prediction
HEBP1	FPR1	ppi_lr	ppi_prediction
APLN	FPR1	ppi_lr	ppi_prediction
CCL27	FPR1	ppi_lr	ppi_prediction
INSL5	FPR1	ppi_lr	ppi_prediction
EFNB2	EPHA1	ppi_lr	ppi_prediction
EFNB1	EPHA1	ppi_lr	ppi_prediction
EFNB3	EPHA1	ppi_lr	ppi_prediction
GAL	C5AR1	ppi_lr	ppi_prediction
CXCL5	C5AR1	ppi_lr	ppi_prediction
CXCL12	C5AR1	ppi_lr	ppi_prediction
NMU	C5AR1	ppi_lr	ppi_prediction
SST	C5AR1	ppi_lr	ppi_prediction
CCL20	C5AR1	ppi_lr	ppi_prediction
CXCL6	C5AR1	ppi_lr	ppi_prediction
CXCL9	C5AR1	ppi_lr	ppi_prediction
PNOC	C5AR1	ppi_lr	ppi_prediction
NMS	C5AR1	ppi_lr	ppi_prediction
NPW	C5AR1	ppi_lr	ppi_prediction
NPB	C5AR1	ppi_lr	ppi_prediction
RLN3	C5AR1	ppi_lr	ppi_prediction
CCL19	C5AR1	ppi_lr	ppi_prediction
CXCL16	C5AR1	ppi_lr	ppi_prediction
CCL28	C5AR1	ppi_lr	ppi_prediction
HEBP1	C5AR1	ppi_lr	ppi_prediction
APLN	C5AR1	ppi_lr	ppi_prediction
CCL27	C5AR1	ppi_lr	ppi_prediction
INSL5	C5AR1	ppi_lr	ppi_prediction
NRG4	ERBB3	ppi_lr	ppi_prediction
HBEGF	ERBB3	ppi_lr	ppi_prediction
ADM	LHCGR	ppi_lr	ppi_prediction
INSL3	LHCGR	ppi_lr	ppi_prediction
ADM2	LHCGR	ppi_lr	ppi_prediction
RLN3	LHCGR	ppi_lr	ppi_prediction
PTH2	LHCGR	ppi_lr	ppi_prediction
LAMA2	ITGA6	ppi_lr	ppi_prediction
LAMB2	ITGA6	ppi_lr	ppi_prediction
ADM	FSHR	ppi_lr	ppi_prediction
INSL3	FSHR	ppi_lr	ppi_prediction
ADM2	FSHR	ppi_lr	ppi_prediction
RLN3	FSHR	ppi_lr	ppi_prediction
PTH2	FSHR	ppi_lr	ppi_prediction
NTS	EDNRB	ppi_lr	ppi_prediction
XCL1	EDNRB	ppi_lr	ppi_prediction
NMU	EDNRB	ppi_lr	ppi_prediction
PROK1	EDNRB	ppi_lr	ppi_prediction
QRFP	EDNRB	ppi_lr	ppi_prediction
KISS1	EDNRB	ppi_lr	ppi_prediction
NMS	EDNRB	ppi_lr	ppi_prediction
UTS2B	EDNRB	ppi_lr	ppi_prediction
PROK2	EDNRB	ppi_lr	ppi_prediction
XCL2	EDNRB	ppi_lr	ppi_prediction
GHRL	EDNRB	ppi_lr	ppi_prediction
TAC3	EDNRB	ppi_lr	ppi_prediction
ADM	HRH2	ppi_lr	ppi_prediction
INSL3	HRH2	ppi_lr	ppi_prediction
ADM2	HRH2	ppi_lr	ppi_prediction
RLN3	HRH2	ppi_lr	ppi_prediction
PTH2	HRH2	ppi_lr	ppi_prediction
CXCL12	CXCR1	ppi_lr	ppi_prediction
NMU	CXCR1	ppi_lr	ppi_prediction
SST	CXCR1	ppi_lr	ppi_prediction
CCL20	CXCR1	ppi_lr	ppi_prediction
CXCL9	CXCR1	ppi_lr	ppi_prediction
PNOC	CXCR1	ppi_lr	ppi_prediction
NMS	CXCR1	ppi_lr	ppi_prediction
NPW	CXCR1	ppi_lr	ppi_prediction
NPB	CXCR1	ppi_lr	ppi_prediction
RLN3	CXCR1	ppi_lr	ppi_prediction
CCL19	CXCR1	ppi_lr	ppi_prediction
CXCL16	CXCR1	ppi_lr	ppi_prediction
CCL28	CXCR1	ppi_lr	ppi_prediction
HEBP1	CXCR1	ppi_lr	ppi_prediction
APLN	CXCR1	ppi_lr	ppi_prediction
CCL27	CXCR1	ppi_lr	ppi_prediction
INSL5	CXCR1	ppi_lr	ppi_prediction
CXCL12	CXCR2	ppi_lr	ppi_prediction
NMU	CXCR2	ppi_lr	ppi_prediction
SST	CXCR2	ppi_lr	ppi_prediction
CCL20	CXCR2	ppi_lr	ppi_prediction
CXCL9	CXCR2	ppi_lr	ppi_prediction
PNOC	CXCR2	ppi_lr	ppi_prediction
NMS	CXCR2	ppi_lr	ppi_prediction
NPW	CXCR2	ppi_lr	ppi_prediction
NPB	CXCR2	ppi_lr	ppi_prediction
RLN3	CXCR2	ppi_lr	ppi_prediction
CCL19	CXCR2	ppi_lr	ppi_prediction
CXCL16	CXCR2	ppi_lr	ppi_prediction
CCL28	CXCR2	ppi_lr	ppi_prediction
HEBP1	CXCR2	ppi_lr	ppi_prediction
APLN	CXCR2	ppi_lr	ppi_prediction
CCL27	CXCR2	ppi_lr	ppi_prediction
INSL5	CXCR2	ppi_lr	ppi_prediction
NTS	FPR2	ppi_lr	ppi_prediction
CXCL5	FPR2	ppi_lr	ppi_prediction
XCL1	FPR2	ppi_lr	ppi_prediction
CXCL12	FPR2	ppi_lr	ppi_prediction
NMU	FPR2	ppi_lr	ppi_prediction
PROK1	FPR2	ppi_lr	ppi_prediction
SST	FPR2	ppi_lr	ppi_prediction
CCL20	FPR2	ppi_lr	ppi_prediction
CXCL6	FPR2	ppi_lr	ppi_prediction
QRFP	FPR2	ppi_lr	ppi_prediction
CXCL9	FPR2	ppi_lr	ppi_prediction
PNOC	FPR2	ppi_lr	ppi_prediction
KISS1	FPR2	ppi_lr	ppi_prediction
NMS	FPR2	ppi_lr	ppi_prediction
UTS2B	FPR2	ppi_lr	ppi_prediction
NPW	FPR2	ppi_lr	ppi_prediction
NPB	FPR2	ppi_lr	ppi_prediction
RLN3	FPR2	ppi_lr	ppi_prediction
CCL19	FPR2	ppi_lr	ppi_prediction
CXCL16	FPR2	ppi_lr	ppi_prediction
PROK2	FPR2	ppi_lr	ppi_prediction
CCL28	FPR2	ppi_lr	ppi_prediction
XCL2	FPR2	ppi_lr	ppi_prediction
GHRL	FPR2	ppi_lr	ppi_prediction
TAC3	FPR2	ppi_lr	ppi_prediction
APLN	FPR2	ppi_lr	ppi_prediction
CCL27	FPR2	ppi_lr	ppi_prediction
INSL5	FPR2	ppi_lr	ppi_prediction
NTS	EDNRA	ppi_lr	ppi_prediction
XCL1	EDNRA	ppi_lr	ppi_prediction
NMU	EDNRA	ppi_lr	ppi_prediction
PROK1	EDNRA	ppi_lr	ppi_prediction
QRFP	EDNRA	ppi_lr	ppi_prediction
KISS1	EDNRA	ppi_lr	ppi_prediction
NMS	EDNRA	ppi_lr	ppi_prediction
UTS2B	EDNRA	ppi_lr	ppi_prediction
PROK2	EDNRA	ppi_lr	ppi_prediction
XCL2	EDNRA	ppi_lr	ppi_prediction
GHRL	EDNRA	ppi_lr	ppi_prediction
TAC3	EDNRA	ppi_lr	ppi_prediction
NTS	TACR1	ppi_lr	ppi_prediction
XCL1	TACR1	ppi_lr	ppi_prediction
NMU	TACR1	ppi_lr	ppi_prediction
PROK1	TACR1	ppi_lr	ppi_prediction
QRFP	TACR1	ppi_lr	ppi_prediction
KISS1	TACR1	ppi_lr	ppi_prediction
NMS	TACR1	ppi_lr	ppi_prediction
UTS2B	TACR1	ppi_lr	ppi_prediction
PROK2	TACR1	ppi_lr	ppi_prediction
XCL2	TACR1	ppi_lr	ppi_prediction
GHRL	TACR1	ppi_lr	ppi_prediction
CXCL5	ACKR3	ppi_lr	ppi_prediction
NMU	ACKR3	ppi_lr	ppi_prediction
SST	ACKR3	ppi_lr	ppi_prediction
CCL20	ACKR3	ppi_lr	ppi_prediction
CXCL6	ACKR3	ppi_lr	ppi_prediction
CXCL9	ACKR3	ppi_lr	ppi_prediction
PNOC	ACKR3	ppi_lr	ppi_prediction
NMS	ACKR3	ppi_lr	ppi_prediction
NPW	ACKR3	ppi_lr	ppi_prediction
NPB	ACKR3	ppi_lr	ppi_prediction
RLN3	ACKR3	ppi_lr	ppi_prediction
CCL19	ACKR3	ppi_lr	ppi_prediction
CXCL16	ACKR3	ppi_lr	ppi_prediction
CCL28	ACKR3	ppi_lr	ppi_prediction
HEBP1	ACKR3	ppi_lr	ppi_prediction
APLN	ACKR3	ppi_lr	ppi_prediction
CCL27	ACKR3	ppi_lr	ppi_prediction
INSL5	ACKR3	ppi_lr	ppi_prediction
NTS	F2R	ppi_lr	ppi_prediction
XCL1	F2R	ppi_lr	ppi_prediction
NMU	F2R	ppi_lr	ppi_prediction
PROK1	F2R	ppi_lr	ppi_prediction
QRFP	F2R	ppi_lr	ppi_prediction
KISS1	F2R	ppi_lr	ppi_prediction
NMS	F2R	ppi_lr	ppi_prediction
UTS2B	F2R	ppi_lr	ppi_prediction
PROK2	F2R	ppi_lr	ppi_prediction
XCL2	F2R	ppi_lr	ppi_prediction
GHRL	F2R	ppi_lr	ppi_prediction
TAC3	F2R	ppi_lr	ppi_prediction
CXCL5	NPY1R	ppi_lr	ppi_prediction
CXCL12	NPY1R	ppi_lr	ppi_prediction
NMU	NPY1R	ppi_lr	ppi_prediction
SST	NPY1R	ppi_lr	ppi_prediction
CCL20	NPY1R	ppi_lr	ppi_prediction
CXCL6	NPY1R	ppi_lr	ppi_prediction
CXCL9	NPY1R	ppi_lr	ppi_prediction
PNOC	NPY1R	ppi_lr	ppi_prediction
NMS	NPY1R	ppi_lr	ppi_prediction
NPW	NPY1R	ppi_lr	ppi_prediction
NPB	NPY1R	ppi_lr	ppi_prediction
RLN3	NPY1R	ppi_lr	ppi_prediction
CCL19	NPY1R	ppi_lr	ppi_prediction
CXCL16	NPY1R	ppi_lr	ppi_prediction
CCL28	NPY1R	ppi_lr	ppi_prediction
HEBP1	NPY1R	ppi_lr	ppi_prediction
APLN	NPY1R	ppi_lr	ppi_prediction
CCL27	NPY1R	ppi_lr	ppi_prediction
INSL5	NPY1R	ppi_lr	ppi_prediction
COL18A1	ITGA3	ppi_lr	ppi_prediction
LAMB2	ITGA3	ppi_lr	ppi_prediction
GDF2	ACVR2A	ppi_lr	ppi_prediction
CXCL5	HTR1D	ppi_lr	ppi_prediction
CXCL12	HTR1D	ppi_lr	ppi_prediction
NMU	HTR1D	ppi_lr	ppi_prediction
SST	HTR1D	ppi_lr	ppi_prediction
CCL20	HTR1D	ppi_lr	ppi_prediction
CXCL6	HTR1D	ppi_lr	ppi_prediction
CXCL9	HTR1D	ppi_lr	ppi_prediction
PNOC	HTR1D	ppi_lr	ppi_prediction
NMS	HTR1D	ppi_lr	ppi_prediction
NPW	HTR1D	ppi_lr	ppi_prediction
NPB	HTR1D	ppi_lr	ppi_prediction
RLN3	HTR1D	ppi_lr	ppi_prediction
CCL19	HTR1D	ppi_lr	ppi_prediction
CXCL16	HTR1D	ppi_lr	ppi_prediction
CCL28	HTR1D	ppi_lr	ppi_prediction
HEBP1	HTR1D	ppi_lr	ppi_prediction
APLN	HTR1D	ppi_lr	ppi_prediction
CCL27	HTR1D	ppi_lr	ppi_prediction
INSL5	HTR1D	ppi_lr	ppi_prediction
CXCL5	HTR1B	ppi_lr	ppi_prediction
CXCL12	HTR1B	ppi_lr	ppi_prediction
NMU	HTR1B	ppi_lr	ppi_prediction
SST	HTR1B	ppi_lr	ppi_prediction
CCL20	HTR1B	ppi_lr	ppi_prediction
CXCL6	HTR1B	ppi_lr	ppi_prediction
CXCL9	HTR1B	ppi_lr	ppi_prediction
PNOC	HTR1B	ppi_lr	ppi_prediction
NMS	HTR1B	ppi_lr	ppi_prediction
NPW	HTR1B	ppi_lr	ppi_prediction
NPB	HTR1B	ppi_lr	ppi_prediction
RLN3	HTR1B	ppi_lr	ppi_prediction
CCL19	HTR1B	ppi_lr	ppi_prediction
CXCL16	HTR1B	ppi_lr	ppi_prediction
CCL28	HTR1B	ppi_lr	ppi_prediction
HEBP1	HTR1B	ppi_lr	ppi_prediction
APLN	HTR1B	ppi_lr	ppi_prediction
CCL27	HTR1B	ppi_lr	ppi_prediction
INSL5	HTR1B	ppi_lr	ppi_prediction
NTS	HTR2A	ppi_lr	ppi_prediction
XCL1	HTR2A	ppi_lr	ppi_prediction
NMU	HTR2A	ppi_lr	ppi_prediction
PROK1	HTR2A	ppi_lr	ppi_prediction
QRFP	HTR2A	ppi_lr	ppi_prediction
KISS1	HTR2A	ppi_lr	ppi_prediction
NMS	HTR2A	ppi_lr	ppi_prediction
UTS2B	HTR2A	ppi_lr	ppi_prediction
PROK2	HTR2A	ppi_lr	ppi_prediction
XCL2	HTR2A	ppi_lr	ppi_prediction
GHRL	HTR2A	ppi_lr	ppi_prediction
TAC3	HTR2A	ppi_lr	ppi_prediction
NTS	HTR2C	ppi_lr	ppi_prediction
XCL1	HTR2C	ppi_lr	ppi_prediction
NMU	HTR2C	ppi_lr	ppi_prediction
PROK1	HTR2C	ppi_lr	ppi_prediction
QRFP	HTR2C	ppi_lr	ppi_prediction
KISS1	HTR2C	ppi_lr	ppi_prediction
NMS	HTR2C	ppi_lr	ppi_prediction
UTS2B	HTR2C	ppi_lr	ppi_prediction
PROK2	HTR2C	ppi_lr	ppi_prediction
XCL2	HTR2C	ppi_lr	ppi_prediction
GHRL	HTR2C	ppi_lr	ppi_prediction
TAC3	HTR2C	ppi_lr	ppi_prediction
NTS	NMBR	ppi_lr	ppi_prediction
XCL1	NMBR	ppi_lr	ppi_prediction
NMU	NMBR	ppi_lr	ppi_prediction
PROK1	NMBR	ppi_lr	ppi_prediction
QRFP	NMBR	ppi_lr	ppi_prediction
KISS1	NMBR	ppi_lr	ppi_prediction
NMS	NMBR	ppi_lr	ppi_prediction
UTS2B	NMBR	ppi_lr	ppi_prediction
PROK2	NMBR	ppi_lr	ppi_prediction
XCL2	NMBR	ppi_lr	ppi_prediction
GHRL	NMBR	ppi_lr	ppi_prediction
TAC3	NMBR	ppi_lr	ppi_prediction
EFNB3	EPHA2	ppi_lr	ppi_prediction
EFNB3	EPHA3	ppi_lr	ppi_prediction
EFNB2	EPHA8	ppi_lr	ppi_prediction
EFNB1	EPHA8	ppi_lr	ppi_prediction
EFNB3	EPHA8	ppi_lr	ppi_prediction
EFNA3	EPHB2	ppi_lr	ppi_prediction
EFNA4	EPHB2	ppi_lr	ppi_prediction
NTS	TACR3	ppi_lr	ppi_prediction
XCL1	TACR3	ppi_lr	ppi_prediction
NMU	TACR3	ppi_lr	ppi_prediction
PROK1	TACR3	ppi_lr	ppi_prediction
QRFP	TACR3	ppi_lr	ppi_prediction
KISS1	TACR3	ppi_lr	ppi_prediction
NMS	TACR3	ppi_lr	ppi_prediction
UTS2B	TACR3	ppi_lr	ppi_prediction
PROK2	TACR3	ppi_lr	ppi_prediction
XCL2	TACR3	ppi_lr	ppi_prediction
GHRL	TACR3	ppi_lr	ppi_prediction
NTS	BDKRB2	ppi_lr	ppi_prediction
CXCL5	BDKRB2	ppi_lr	ppi_prediction
XCL1	BDKRB2	ppi_lr	ppi_prediction
CXCL12	BDKRB2	ppi_lr	ppi_prediction
NMU	BDKRB2	ppi_lr	ppi_prediction
PROK1	BDKRB2	ppi_lr	ppi_prediction
SST	BDKRB2	ppi_lr	ppi_prediction
CCL20	BDKRB2	ppi_lr	ppi_prediction
CXCL6	BDKRB2	ppi_lr	ppi_prediction
QRFP	BDKRB2	ppi_lr	ppi_prediction
CXCL9	BDKRB2	ppi_lr	ppi_prediction
PNOC	BDKRB2	ppi_lr	ppi_prediction
KISS1	BDKRB2	ppi_lr	ppi_prediction
NMS	BDKRB2	ppi_lr	ppi_prediction
UTS2B	BDKRB2	ppi_lr	ppi_prediction
NPW	BDKRB2	ppi_lr	ppi_prediction
NPB	BDKRB2	ppi_lr	ppi_prediction
RLN3	BDKRB2	ppi_lr	ppi_prediction
CCL19	BDKRB2	ppi_lr	ppi_prediction
CXCL16	BDKRB2	ppi_lr	ppi_prediction
PROK2	BDKRB2	ppi_lr	ppi_prediction
CCL28	BDKRB2	ppi_lr	ppi_prediction
HEBP1	BDKRB2	ppi_lr	ppi_prediction
XCL2	BDKRB2	ppi_lr	ppi_prediction
GHRL	BDKRB2	ppi_lr	ppi_prediction
TAC3	BDKRB2	ppi_lr	ppi_prediction
APLN	BDKRB2	ppi_lr	ppi_prediction
CCL27	BDKRB2	ppi_lr	ppi_prediction
INSL5	BDKRB2	ppi_lr	ppi_prediction
ADM	AVPR2	ppi_lr	ppi_prediction
WNT5A	AVPR2	ppi_lr	ppi_prediction
INSL3	AVPR2	ppi_lr	ppi_prediction
ADM2	AVPR2	ppi_lr	ppi_prediction
RLN3	AVPR2	ppi_lr	ppi_prediction
PTH2	AVPR2	ppi_lr	ppi_prediction
NTS	GRPR	ppi_lr	ppi_prediction
XCL1	GRPR	ppi_lr	ppi_prediction
NMU	GRPR	ppi_lr	ppi_prediction
PROK1	GRPR	ppi_lr	ppi_prediction
QRFP	GRPR	ppi_lr	ppi_prediction
KISS1	GRPR	ppi_lr	ppi_prediction
NMS	GRPR	ppi_lr	ppi_prediction
UTS2B	GRPR	ppi_lr	ppi_prediction
PROK2	GRPR	ppi_lr	ppi_prediction
XCL2	GRPR	ppi_lr	ppi_prediction
GHRL	GRPR	ppi_lr	ppi_prediction
TAC3	GRPR	ppi_lr	ppi_prediction
NTS	AGTR1	ppi_lr	ppi_prediction
XCL1	AGTR1	ppi_lr	ppi_prediction
NMU	AGTR1	ppi_lr	ppi_prediction
PROK1	AGTR1	ppi_lr	ppi_prediction
QRFP	AGTR1	ppi_lr	ppi_prediction
KISS1	AGTR1	ppi_lr	ppi_prediction
NMS	AGTR1	ppi_lr	ppi_prediction
UTS2B	AGTR1	ppi_lr	ppi_prediction
PROK2	AGTR1	ppi_lr	ppi_prediction
XCL2	AGTR1	ppi_lr	ppi_prediction
GHRL	AGTR1	ppi_lr	ppi_prediction
TAC3	AGTR1	ppi_lr	ppi_prediction
NTS	OXTR	ppi_lr	ppi_prediction
XCL1	OXTR	ppi_lr	ppi_prediction
NMU	OXTR	ppi_lr	ppi_prediction
PROK1	OXTR	ppi_lr	ppi_prediction
QRFP	OXTR	ppi_lr	ppi_prediction
KISS1	OXTR	ppi_lr	ppi_prediction
NMS	OXTR	ppi_lr	ppi_prediction
UTS2B	OXTR	ppi_lr	ppi_prediction
PROK2	OXTR	ppi_lr	ppi_prediction
XCL2	OXTR	ppi_lr	ppi_prediction
GHRL	OXTR	ppi_lr	ppi_prediction
TAC3	OXTR	ppi_lr	ppi_prediction
CXCL5	SSTR1	ppi_lr	ppi_prediction
CXCL12	SSTR1	ppi_lr	ppi_prediction
NMU	SSTR1	ppi_lr	ppi_prediction
CCL20	SSTR1	ppi_lr	ppi_prediction
CXCL6	SSTR1	ppi_lr	ppi_prediction
CXCL9	SSTR1	ppi_lr	ppi_prediction
PNOC	SSTR1	ppi_lr	ppi_prediction
NMS	SSTR1	ppi_lr	ppi_prediction
NPW	SSTR1	ppi_lr	ppi_prediction
NPB	SSTR1	ppi_lr	ppi_prediction
RLN3	SSTR1	ppi_lr	ppi_prediction
CCL19	SSTR1	ppi_lr	ppi_prediction
CXCL16	SSTR1	ppi_lr	ppi_prediction
CCL28	SSTR1	ppi_lr	ppi_prediction
HEBP1	SSTR1	ppi_lr	ppi_prediction
APLN	SSTR1	ppi_lr	ppi_prediction
CCL27	SSTR1	ppi_lr	ppi_prediction
INSL5	SSTR1	ppi_lr	ppi_prediction
CXCL5	SSTR2	ppi_lr	ppi_prediction
CXCL12	SSTR2	ppi_lr	ppi_prediction
NMU	SSTR2	ppi_lr	ppi_prediction
CCL20	SSTR2	ppi_lr	ppi_prediction
CXCL6	SSTR2	ppi_lr	ppi_prediction
CXCL9	SSTR2	ppi_lr	ppi_prediction
PNOC	SSTR2	ppi_lr	ppi_prediction
NMS	SSTR2	ppi_lr	ppi_prediction
NPW	SSTR2	ppi_lr	ppi_prediction
NPB	SSTR2	ppi_lr	ppi_prediction
RLN3	SSTR2	ppi_lr	ppi_prediction
CCL19	SSTR2	ppi_lr	ppi_prediction
CXCL16	SSTR2	ppi_lr	ppi_prediction
CCL28	SSTR2	ppi_lr	ppi_prediction
HEBP1	SSTR2	ppi_lr	ppi_prediction
APLN	SSTR2	ppi_lr	ppi_prediction
CCL27	SSTR2	ppi_lr	ppi_prediction
INSL5	SSTR2	ppi_lr	ppi_prediction
CXCL5	HTR1F	ppi_lr	ppi_prediction
CXCL12	HTR1F	ppi_lr	ppi_prediction
NMU	HTR1F	ppi_lr	ppi_prediction
SST	HTR1F	ppi_lr	ppi_prediction
CCL20	HTR1F	ppi_lr	ppi_prediction
CXCL6	HTR1F	ppi_lr	ppi_prediction
CXCL9	HTR1F	ppi_lr	ppi_prediction
PNOC	HTR1F	ppi_lr	ppi_prediction
NMS	HTR1F	ppi_lr	ppi_prediction
NPW	HTR1F	ppi_lr	ppi_prediction
NPB	HTR1F	ppi_lr	ppi_prediction
RLN3	HTR1F	ppi_lr	ppi_prediction
CCL19	HTR1F	ppi_lr	ppi_prediction
CXCL16	HTR1F	ppi_lr	ppi_prediction
CCL28	HTR1F	ppi_lr	ppi_prediction
HEBP1	HTR1F	ppi_lr	ppi_prediction
APLN	HTR1F	ppi_lr	ppi_prediction
CCL27	HTR1F	ppi_lr	ppi_prediction
INSL5	HTR1F	ppi_lr	ppi_prediction
NTS	GNRHR	ppi_lr	ppi_prediction
XCL1	GNRHR	ppi_lr	ppi_prediction
NMU	GNRHR	ppi_lr	ppi_prediction
PROK1	GNRHR	ppi_lr	ppi_prediction
QRFP	GNRHR	ppi_lr	ppi_prediction
KISS1	GNRHR	ppi_lr	ppi_prediction
NMS	GNRHR	ppi_lr	ppi_prediction
UTS2B	GNRHR	ppi_lr	ppi_prediction
PROK2	GNRHR	ppi_lr	ppi_prediction
XCL2	GNRHR	ppi_lr	ppi_prediction
GHRL	GNRHR	ppi_lr	ppi_prediction
TAC3	GNRHR	ppi_lr	ppi_prediction
INSL3	CALCR	ppi_lr	ppi_prediction
RLN3	CALCR	ppi_lr	ppi_prediction
PTH2	CALCR	ppi_lr	ppi_prediction
XCL1	NTSR1	ppi_lr	ppi_prediction
NMU	NTSR1	ppi_lr	ppi_prediction
PROK1	NTSR1	ppi_lr	ppi_prediction
QRFP	NTSR1	ppi_lr	ppi_prediction
KISS1	NTSR1	ppi_lr	ppi_prediction
NMS	NTSR1	ppi_lr	ppi_prediction
UTS2B	NTSR1	ppi_lr	ppi_prediction
PROK2	NTSR1	ppi_lr	ppi_prediction
XCL2	NTSR1	ppi_lr	ppi_prediction
GHRL	NTSR1	ppi_lr	ppi_prediction
TAC3	NTSR1	ppi_lr	ppi_prediction
CXCL5	SSTR4	ppi_lr	ppi_prediction
CXCL12	SSTR4	ppi_lr	ppi_prediction
NMU	SSTR4	ppi_lr	ppi_prediction
CCL20	SSTR4	ppi_lr	ppi_prediction
CXCL6	SSTR4	ppi_lr	ppi_prediction
CXCL9	SSTR4	ppi_lr	ppi_prediction
PNOC	SSTR4	ppi_lr	ppi_prediction
NMS	SSTR4	ppi_lr	ppi_prediction
NPW	SSTR4	ppi_lr	ppi_prediction
NPB	SSTR4	ppi_lr	ppi_prediction
RLN3	SSTR4	ppi_lr	ppi_prediction
CCL19	SSTR4	ppi_lr	ppi_prediction
CXCL16	SSTR4	ppi_lr	ppi_prediction
CCL28	SSTR4	ppi_lr	ppi_prediction
HEBP1	SSTR4	ppi_lr	ppi_prediction
APLN	SSTR4	ppi_lr	ppi_prediction
CCL27	SSTR4	ppi_lr	ppi_prediction
INSL5	SSTR4	ppi_lr	ppi_prediction
XCL1	CCKAR	ppi_lr	ppi_prediction
NMU	CCKAR	ppi_lr	ppi_prediction
PROK1	CCKAR	ppi_lr	ppi_prediction
QRFP	CCKAR	ppi_lr	ppi_prediction
KISS1	CCKAR	ppi_lr	ppi_prediction
NMS	CCKAR	ppi_lr	ppi_prediction
UTS2B	CCKAR	ppi_lr	ppi_prediction
PROK2	CCKAR	ppi_lr	ppi_prediction
XCL2	CCKAR	ppi_lr	ppi_prediction
GHRL	CCKAR	ppi_lr	ppi_prediction
TAC3	CCKAR	ppi_lr	ppi_prediction
XCL1	CCKBR	ppi_lr	ppi_prediction
NMU	CCKBR	ppi_lr	ppi_prediction
PROK1	CCKBR	ppi_lr	ppi_prediction
QRFP	CCKBR	ppi_lr	ppi_prediction
KISS1	CCKBR	ppi_lr	ppi_prediction
NMS	CCKBR	ppi_lr	ppi_prediction
UTS2B	CCKBR	ppi_lr	ppi_prediction
PROK2	CCKBR	ppi_lr	ppi_prediction
XCL2	CCKBR	ppi_lr	ppi_prediction
GHRL	CCKBR	ppi_lr	ppi_prediction
TAC3	CCKBR	ppi_lr	ppi_prediction
ADM	VIPR1	ppi_lr	ppi_prediction
INSL3	VIPR1	ppi_lr	ppi_prediction
ADM2	VIPR1	ppi_lr	ppi_prediction
RLN3	VIPR1	ppi_lr	ppi_prediction
PTH2	VIPR1	ppi_lr	ppi_prediction
ADM	MC4R	ppi_lr	ppi_prediction
INSL3	MC4R	ppi_lr	ppi_prediction
ADM2	MC4R	ppi_lr	ppi_prediction
RLN3	MC4R	ppi_lr	ppi_prediction
PTH2	MC4R	ppi_lr	ppi_prediction
CXCL5	CCR1	ppi_lr	ppi_prediction
CXCL12	CCR1	ppi_lr	ppi_prediction
NMU	CCR1	ppi_lr	ppi_prediction
SST	CCR1	ppi_lr	ppi_prediction
CCL20	CCR1	ppi_lr	ppi_prediction
CXCL6	CCR1	ppi_lr	ppi_prediction
CXCL9	CCR1	ppi_lr	ppi_prediction
PNOC	CCR1	ppi_lr	ppi_prediction
NMS	CCR1	ppi_lr	ppi_prediction
NPW	CCR1	ppi_lr	ppi_prediction
NPB	CCR1	ppi_lr	ppi_prediction
RLN3	CCR1	ppi_lr	ppi_prediction
CCL19	CCR1	ppi_lr	ppi_prediction
CXCL16	CCR1	ppi_lr	ppi_prediction
CCL28	CCR1	ppi_lr	ppi_prediction
HEBP1	CCR1	ppi_lr	ppi_prediction
APLN	CCR1	ppi_lr	ppi_prediction
CCL27	CCR1	ppi_lr	ppi_prediction
INSL5	CCR1	ppi_lr	ppi_prediction
CXCL5	CCR7	ppi_lr	ppi_prediction
CXCL12	CCR7	ppi_lr	ppi_prediction
NMU	CCR7	ppi_lr	ppi_prediction
SST	CCR7	ppi_lr	ppi_prediction
CCL20	CCR7	ppi_lr	ppi_prediction
CXCL6	CCR7	ppi_lr	ppi_prediction
CXCL9	CCR7	ppi_lr	ppi_prediction
PNOC	CCR7	ppi_lr	ppi_prediction
NMS	CCR7	ppi_lr	ppi_prediction
NPW	CCR7	ppi_lr	ppi_prediction
NPB	CCR7	ppi_lr	ppi_prediction
RLN3	CCR7	ppi_lr	ppi_prediction
CXCL16	CCR7	ppi_lr	ppi_prediction
CCL28	CCR7	ppi_lr	ppi_prediction
HEBP1	CCR7	ppi_lr	ppi_prediction
APLN	CCR7	ppi_lr	ppi_prediction
CCL27	CCR7	ppi_lr	ppi_prediction
INSL5	CCR7	ppi_lr	ppi_prediction
CXCL5	CXCR5	ppi_lr	ppi_prediction
CXCL12	CXCR5	ppi_lr	ppi_prediction
NMU	CXCR5	ppi_lr	ppi_prediction
SST	CXCR5	ppi_lr	ppi_prediction
CCL20	CXCR5	ppi_lr	ppi_prediction
CXCL6	CXCR5	ppi_lr	ppi_prediction
CXCL9	CXCR5	ppi_lr	ppi_prediction
PNOC	CXCR5	ppi_lr	ppi_prediction
NMS	CXCR5	ppi_lr	ppi_prediction
NPW	CXCR5	ppi_lr	ppi_prediction
NPB	CXCR5	ppi_lr	ppi_prediction
RLN3	CXCR5	ppi_lr	ppi_prediction
CCL19	CXCR5	ppi_lr	ppi_prediction
CXCL16	CXCR5	ppi_lr	ppi_prediction
CCL28	CXCR5	ppi_lr	ppi_prediction
HEBP1	CXCR5	ppi_lr	ppi_prediction
APLN	CXCR5	ppi_lr	ppi_prediction
CCL27	CXCR5	ppi_lr	ppi_prediction
INSL5	CXCR5	ppi_lr	ppi_prediction
CXCL5	SSTR3	ppi_lr	ppi_prediction
CXCL12	SSTR3	ppi_lr	ppi_prediction
NMU	SSTR3	ppi_lr	ppi_prediction
CCL20	SSTR3	ppi_lr	ppi_prediction
CXCL6	SSTR3	ppi_lr	ppi_prediction
CXCL9	SSTR3	ppi_lr	ppi_prediction
PNOC	SSTR3	ppi_lr	ppi_prediction
NMS	SSTR3	ppi_lr	ppi_prediction
NPW	SSTR3	ppi_lr	ppi_prediction
NPB	SSTR3	ppi_lr	ppi_prediction
RLN3	SSTR3	ppi_lr	ppi_prediction
CCL19	SSTR3	ppi_lr	ppi_prediction
CXCL16	SSTR3	ppi_lr	ppi_prediction
CCL28	SSTR3	ppi_lr	ppi_prediction
HEBP1	SSTR3	ppi_lr	ppi_prediction
APLN	SSTR3	ppi_lr	ppi_prediction
CCL27	SSTR3	ppi_lr	ppi_prediction
INSL5	SSTR3	ppi_lr	ppi_prediction
ADM	MC5R	ppi_lr	ppi_prediction
INSL3	MC5R	ppi_lr	ppi_prediction
ADM2	MC5R	ppi_lr	ppi_prediction
RLN3	MC5R	ppi_lr	ppi_prediction
PTH2	MC5R	ppi_lr	ppi_prediction
EFNB1	SDC2	ppi_lr	ppi_prediction
EFNB3	SDC2	ppi_lr	ppi_prediction
ADM	HTR7	ppi_lr	ppi_prediction
INSL3	HTR7	ppi_lr	ppi_prediction
ADM2	HTR7	ppi_lr	ppi_prediction
RLN3	HTR7	ppi_lr	ppi_prediction
PTH2	HTR7	ppi_lr	ppi_prediction
XCL1	TRHR	ppi_lr	ppi_prediction
NMU	TRHR	ppi_lr	ppi_prediction
PROK1	TRHR	ppi_lr	ppi_prediction
QRFP	TRHR	ppi_lr	ppi_prediction
KISS1	TRHR	ppi_lr	ppi_prediction
NMS	TRHR	ppi_lr	ppi_prediction
UTS2B	TRHR	ppi_lr	ppi_prediction
PROK2	TRHR	ppi_lr	ppi_prediction
XCL2	TRHR	ppi_lr	ppi_prediction
GHRL	TRHR	ppi_lr	ppi_prediction
TAC3	TRHR	ppi_lr	ppi_prediction
ADM	CRHR1	ppi_lr	ppi_prediction
INSL3	CRHR1	ppi_lr	ppi_prediction
ADM2	CRHR1	ppi_lr	ppi_prediction
RLN3	CRHR1	ppi_lr	ppi_prediction
PTH2	CRHR1	ppi_lr	ppi_prediction
CXCL5	SSTR5	ppi_lr	ppi_prediction
CXCL12	SSTR5	ppi_lr	ppi_prediction
NMU	SSTR5	ppi_lr	ppi_prediction
CCL20	SSTR5	ppi_lr	ppi_prediction
CXCL6	SSTR5	ppi_lr	ppi_prediction
CXCL9	SSTR5	ppi_lr	ppi_prediction
PNOC	SSTR5	ppi_lr	ppi_prediction
NMS	SSTR5	ppi_lr	ppi_prediction
NPW	SSTR5	ppi_lr	ppi_prediction
NPB	SSTR5	ppi_lr	ppi_prediction
RLN3	SSTR5	ppi_lr	ppi_prediction
CCL19	SSTR5	ppi_lr	ppi_prediction
CXCL16	SSTR5	ppi_lr	ppi_prediction
CCL28	SSTR5	ppi_lr	ppi_prediction
HEBP1	SSTR5	ppi_lr	ppi_prediction
APLN	SSTR5	ppi_lr	ppi_prediction
CCL27	SSTR5	ppi_lr	ppi_prediction
INSL5	SSTR5	ppi_lr	ppi_prediction
XCL1	HRH1	ppi_lr	ppi_prediction
NMU	HRH1	ppi_lr	ppi_prediction
PROK1	HRH1	ppi_lr	ppi_prediction
QRFP	HRH1	ppi_lr	ppi_prediction
KISS1	HRH1	ppi_lr	ppi_prediction
NMS	HRH1	ppi_lr	ppi_prediction
UTS2B	HRH1	ppi_lr	ppi_prediction
PROK2	HRH1	ppi_lr	ppi_prediction
XCL2	HRH1	ppi_lr	ppi_prediction
GHRL	HRH1	ppi_lr	ppi_prediction
TAC3	HRH1	ppi_lr	ppi_prediction
CXCL5	OPRM1	ppi_lr	ppi_prediction
CXCL12	OPRM1	ppi_lr	ppi_prediction
NMU	OPRM1	ppi_lr	ppi_prediction
SST	OPRM1	ppi_lr	ppi_prediction
CCL20	OPRM1	ppi_lr	ppi_prediction
CXCL6	OPRM1	ppi_lr	ppi_prediction
ARF1	OPRM1	ppi_lr	ppi_prediction
CXCL9	OPRM1	ppi_lr	ppi_prediction
PNOC	OPRM1	ppi_lr	ppi_prediction
NMS	OPRM1	ppi_lr	ppi_prediction
NPW	OPRM1	ppi_lr	ppi_prediction
NPB	OPRM1	ppi_lr	ppi_prediction
RLN3	OPRM1	ppi_lr	ppi_prediction
CCL19	OPRM1	ppi_lr	ppi_prediction
CXCL16	OPRM1	ppi_lr	ppi_prediction
CCL28	OPRM1	ppi_lr	ppi_prediction
HEBP1	OPRM1	ppi_lr	ppi_prediction
APLN	OPRM1	ppi_lr	ppi_prediction
CCL27	OPRM1	ppi_lr	ppi_prediction
INSL5	OPRM1	ppi_lr	ppi_prediction
CXCL5	APLNR	ppi_lr	ppi_prediction
CXCL12	APLNR	ppi_lr	ppi_prediction
NMU	APLNR	ppi_lr	ppi_prediction
SST	APLNR	ppi_lr	ppi_prediction
CCL20	APLNR	ppi_lr	ppi_prediction
CXCL6	APLNR	ppi_lr	ppi_prediction
CXCL9	APLNR	ppi_lr	ppi_prediction
PNOC	APLNR	ppi_lr	ppi_prediction
NMS	APLNR	ppi_lr	ppi_prediction
NPW	APLNR	ppi_lr	ppi_prediction
NPB	APLNR	ppi_lr	ppi_prediction
RLN3	APLNR	ppi_lr	ppi_prediction
CCL19	APLNR	ppi_lr	ppi_prediction
CXCL16	APLNR	ppi_lr	ppi_prediction
CCL28	APLNR	ppi_lr	ppi_prediction
HEBP1	APLNR	ppi_lr	ppi_prediction
CCL27	APLNR	ppi_lr	ppi_prediction
INSL5	APLNR	ppi_lr	ppi_prediction
ANGPT4	TIE1	ppi_lr	ppi_prediction
EFNB2	FLT4	ppi_lr	ppi_prediction
EFNB1	FLT4	ppi_lr	ppi_prediction
EFNB3	FLT4	ppi_lr	ppi_prediction
LIPH	FLT4	ppi_lr	ppi_prediction
PGF	KDR	ppi_lr	ppi_prediction
EFNA3	TGFBR1	ppi_lr	ppi_prediction
EFNA4	TGFBR1	ppi_lr	ppi_prediction
EFNA5	TGFBR1	ppi_lr	ppi_prediction
XCL1	AVPR1A	ppi_lr	ppi_prediction
NMU	AVPR1A	ppi_lr	ppi_prediction
PROK1	AVPR1A	ppi_lr	ppi_prediction
QRFP	AVPR1A	ppi_lr	ppi_prediction
KISS1	AVPR1A	ppi_lr	ppi_prediction
NMS	AVPR1A	ppi_lr	ppi_prediction
UTS2B	AVPR1A	ppi_lr	ppi_prediction
PROK2	AVPR1A	ppi_lr	ppi_prediction
XCL2	AVPR1A	ppi_lr	ppi_prediction
GHRL	AVPR1A	ppi_lr	ppi_prediction
TAC3	AVPR1A	ppi_lr	ppi_prediction
CXCL5	OPRD1	ppi_lr	ppi_prediction
CXCL12	OPRD1	ppi_lr	ppi_prediction
NMU	OPRD1	ppi_lr	ppi_prediction
SST	OPRD1	ppi_lr	ppi_prediction
CCL20	OPRD1	ppi_lr	ppi_prediction
CXCL6	OPRD1	ppi_lr	ppi_prediction
CXCL9	OPRD1	ppi_lr	ppi_prediction
PNOC	OPRD1	ppi_lr	ppi_prediction
NMS	OPRD1	ppi_lr	ppi_prediction
NPW	OPRD1	ppi_lr	ppi_prediction
NPB	OPRD1	ppi_lr	ppi_prediction
RLN3	OPRD1	ppi_lr	ppi_prediction
CCL19	OPRD1	ppi_lr	ppi_prediction
CXCL16	OPRD1	ppi_lr	ppi_prediction
CCL28	OPRD1	ppi_lr	ppi_prediction
HEBP1	OPRD1	ppi_lr	ppi_prediction
APLN	OPRD1	ppi_lr	ppi_prediction
CCL27	OPRD1	ppi_lr	ppi_prediction
INSL5	OPRD1	ppi_lr	ppi_prediction
CXCL5	OPRK1	ppi_lr	ppi_prediction
CXCL12	OPRK1	ppi_lr	ppi_prediction
NMU	OPRK1	ppi_lr	ppi_prediction
SST	OPRK1	ppi_lr	ppi_prediction
CCL20	OPRK1	ppi_lr	ppi_prediction
CXCL6	OPRK1	ppi_lr	ppi_prediction
CXCL9	OPRK1	ppi_lr	ppi_prediction
PNOC	OPRK1	ppi_lr	ppi_prediction
NMS	OPRK1	ppi_lr	ppi_prediction
NPW	OPRK1	ppi_lr	ppi_prediction
NPB	OPRK1	ppi_lr	ppi_prediction
RLN3	OPRK1	ppi_lr	ppi_prediction
CCL19	OPRK1	ppi_lr	ppi_prediction
CXCL16	OPRK1	ppi_lr	ppi_prediction
CCL28	OPRK1	ppi_lr	ppi_prediction
HEBP1	OPRK1	ppi_lr	ppi_prediction
APLN	OPRK1	ppi_lr	ppi_prediction
CCL27	OPRK1	ppi_lr	ppi_prediction
INSL5	OPRK1	ppi_lr	ppi_prediction
CXCL5	OPRL1	ppi_lr	ppi_prediction
CXCL12	OPRL1	ppi_lr	ppi_prediction
NMU	OPRL1	ppi_lr	ppi_prediction
SST	OPRL1	ppi_lr	ppi_prediction
CCL20	OPRL1	ppi_lr	ppi_prediction
CXCL6	OPRL1	ppi_lr	ppi_prediction
CXCL9	OPRL1	ppi_lr	ppi_prediction
NMS	OPRL1	ppi_lr	ppi_prediction
NPW	OPRL1	ppi_lr	ppi_prediction
NPB	OPRL1	ppi_lr	ppi_prediction
RLN3	OPRL1	ppi_lr	ppi_prediction
CCL19	OPRL1	ppi_lr	ppi_prediction
CXCL16	OPRL1	ppi_lr	ppi_prediction
CCL28	OPRL1	ppi_lr	ppi_prediction
HEBP1	OPRL1	ppi_lr	ppi_prediction
APLN	OPRL1	ppi_lr	ppi_prediction
CCL27	OPRL1	ppi_lr	ppi_prediction
INSL5	OPRL1	ppi_lr	ppi_prediction
INSL3	ADCYAP1R1	ppi_lr	ppi_prediction
ADM2	ADCYAP1R1	ppi_lr	ppi_prediction
RLN3	ADCYAP1R1	ppi_lr	ppi_prediction
PTH2	ADCYAP1R1	ppi_lr	ppi_prediction
INSL3	VIPR2	ppi_lr	ppi_prediction
ADM2	VIPR2	ppi_lr	ppi_prediction
RLN3	VIPR2	ppi_lr	ppi_prediction
PTH2	VIPR2	ppi_lr	ppi_prediction
XCL1	HTR2B	ppi_lr	ppi_prediction
NMU	HTR2B	ppi_lr	ppi_prediction
PROK1	HTR2B	ppi_lr	ppi_prediction
QRFP	HTR2B	ppi_lr	ppi_prediction
KISS1	HTR2B	ppi_lr	ppi_prediction
NMS	HTR2B	ppi_lr	ppi_prediction
UTS2B	HTR2B	ppi_lr	ppi_prediction
PROK2	HTR2B	ppi_lr	ppi_prediction
XCL2	HTR2B	ppi_lr	ppi_prediction
GHRL	HTR2B	ppi_lr	ppi_prediction
TAC3	HTR2B	ppi_lr	ppi_prediction
CXCL5	CCR2	ppi_lr	ppi_prediction
CXCL12	CCR2	ppi_lr	ppi_prediction
NMU	CCR2	ppi_lr	ppi_prediction
SST	CCR2	ppi_lr	ppi_prediction
CCL20	CCR2	ppi_lr	ppi_prediction
CXCL6	CCR2	ppi_lr	ppi_prediction
CXCL9	CCR2	ppi_lr	ppi_prediction
PNOC	CCR2	ppi_lr	ppi_prediction
NMS	CCR2	ppi_lr	ppi_prediction
NPW	CCR2	ppi_lr	ppi_prediction
NPB	CCR2	ppi_lr	ppi_prediction
RLN3	CCR2	ppi_lr	ppi_prediction
CCL19	CCR2	ppi_lr	ppi_prediction
CXCL16	CCR2	ppi_lr	ppi_prediction
CCL28	CCR2	ppi_lr	ppi_prediction
HEBP1	CCR2	ppi_lr	ppi_prediction
APLN	CCR2	ppi_lr	ppi_prediction
CCL27	CCR2	ppi_lr	ppi_prediction
INSL5	CCR2	ppi_lr	ppi_prediction
INSL3	MC3R	ppi_lr	ppi_prediction
ADM2	MC3R	ppi_lr	ppi_prediction
RLN3	MC3R	ppi_lr	ppi_prediction
PTH2	MC3R	ppi_lr	ppi_prediction
INSL3	GLP1R	ppi_lr	ppi_prediction
ADM2	GLP1R	ppi_lr	ppi_prediction
RLN3	GLP1R	ppi_lr	ppi_prediction
PTH2	GLP1R	ppi_lr	ppi_prediction
CXCL12	CCR10	ppi_lr	ppi_prediction
NMU	CCR10	ppi_lr	ppi_prediction
SST	CCR10	ppi_lr	ppi_prediction
CCL20	CCR10	ppi_lr	ppi_prediction
CXCL6	CCR10	ppi_lr	ppi_prediction
CXCL9	CCR10	ppi_lr	ppi_prediction
PNOC	CCR10	ppi_lr	ppi_prediction
NMS	CCR10	ppi_lr	ppi_prediction
NPW	CCR10	ppi_lr	ppi_prediction
NPB	CCR10	ppi_lr	ppi_prediction
RLN3	CCR10	ppi_lr	ppi_prediction
CXCL16	CCR10	ppi_lr	ppi_prediction
HEBP1	CCR10	ppi_lr	ppi_prediction
APLN	CCR10	ppi_lr	ppi_prediction
INSL5	CCR10	ppi_lr	ppi_prediction
NMU	XCR1	ppi_lr	ppi_prediction
PROK1	XCR1	ppi_lr	ppi_prediction
QRFP	XCR1	ppi_lr	ppi_prediction
KISS1	XCR1	ppi_lr	ppi_prediction
NMS	XCR1	ppi_lr	ppi_prediction
UTS2B	XCR1	ppi_lr	ppi_prediction
PROK2	XCR1	ppi_lr	ppi_prediction
GHRL	XCR1	ppi_lr	ppi_prediction
TAC3	XCR1	ppi_lr	ppi_prediction
COPA	NOTCH1	ppi_lr	ppi_prediction
XCL1	BDKRB1	ppi_lr	ppi_prediction
CXCL12	BDKRB1	ppi_lr	ppi_prediction
NMU	BDKRB1	ppi_lr	ppi_prediction
PROK1	BDKRB1	ppi_lr	ppi_prediction
SST	BDKRB1	ppi_lr	ppi_prediction
CCL20	BDKRB1	ppi_lr	ppi_prediction
CXCL6	BDKRB1	ppi_lr	ppi_prediction
QRFP	BDKRB1	ppi_lr	ppi_prediction
CXCL9	BDKRB1	ppi_lr	ppi_prediction
PNOC	BDKRB1	ppi_lr	ppi_prediction
KISS1	BDKRB1	ppi_lr	ppi_prediction
NMS	BDKRB1	ppi_lr	ppi_prediction
UTS2B	BDKRB1	ppi_lr	ppi_prediction
NPW	BDKRB1	ppi_lr	ppi_prediction
NPB	BDKRB1	ppi_lr	ppi_prediction
RLN3	BDKRB1	ppi_lr	ppi_prediction
CCL19	BDKRB1	ppi_lr	ppi_prediction
CXCL16	BDKRB1	ppi_lr	ppi_prediction
PROK2	BDKRB1	ppi_lr	ppi_prediction
CCL28	BDKRB1	ppi_lr	ppi_prediction
HEBP1	BDKRB1	ppi_lr	ppi_prediction
XCL2	BDKRB1	ppi_lr	ppi_prediction
GHRL	BDKRB1	ppi_lr	ppi_prediction
TAC3	BDKRB1	ppi_lr	ppi_prediction
APLN	BDKRB1	ppi_lr	ppi_prediction
CCL27	BDKRB1	ppi_lr	ppi_prediction
INSL5	BDKRB1	ppi_lr	ppi_prediction
CXCL12	GALR1	ppi_lr	ppi_prediction
NMU	GALR1	ppi_lr	ppi_prediction
SST	GALR1	ppi_lr	ppi_prediction
CCL20	GALR1	ppi_lr	ppi_prediction
CXCL6	GALR1	ppi_lr	ppi_prediction
CXCL9	GALR1	ppi_lr	ppi_prediction
PNOC	GALR1	ppi_lr	ppi_prediction
NMS	GALR1	ppi_lr	ppi_prediction
NPW	GALR1	ppi_lr	ppi_prediction
NPB	GALR1	ppi_lr	ppi_prediction
RLN3	GALR1	ppi_lr	ppi_prediction
CCL19	GALR1	ppi_lr	ppi_prediction
CXCL16	GALR1	ppi_lr	ppi_prediction
CCL28	GALR1	ppi_lr	ppi_prediction
HEBP1	GALR1	ppi_lr	ppi_prediction
APLN	GALR1	ppi_lr	ppi_prediction
CCL27	GALR1	ppi_lr	ppi_prediction
INSL5	GALR1	ppi_lr	ppi_prediction
XCL1	GCGR	ppi_lr	ppi_prediction
NMU	GCGR	ppi_lr	ppi_prediction
INSL3	GCGR	ppi_lr	ppi_prediction
PROK1	GCGR	ppi_lr	ppi_prediction
QRFP	GCGR	ppi_lr	ppi_prediction
KISS1	GCGR	ppi_lr	ppi_prediction
NMS	GCGR	ppi_lr	ppi_prediction
UTS2B	GCGR	ppi_lr	ppi_prediction
ADM2	GCGR	ppi_lr	ppi_prediction
RLN3	GCGR	ppi_lr	ppi_prediction
PTH2	GCGR	ppi_lr	ppi_prediction
PROK2	GCGR	ppi_lr	ppi_prediction
XCL2	GCGR	ppi_lr	ppi_prediction
GHRL	GCGR	ppi_lr	ppi_prediction
TAC3	GCGR	ppi_lr	ppi_prediction
INSL3	SCTR	ppi_lr	ppi_prediction
ADM2	SCTR	ppi_lr	ppi_prediction
RLN3	SCTR	ppi_lr	ppi_prediction
PTH2	SCTR	ppi_lr	ppi_prediction
CXCL12	HTR5A	ppi_lr	ppi_prediction
NMU	HTR5A	ppi_lr	ppi_prediction
SST	HTR5A	ppi_lr	ppi_prediction
CCL20	HTR5A	ppi_lr	ppi_prediction
CXCL6	HTR5A	ppi_lr	ppi_prediction
CXCL9	HTR5A	ppi_lr	ppi_prediction
PNOC	HTR5A	ppi_lr	ppi_prediction
NMS	HTR5A	ppi_lr	ppi_prediction
NPW	HTR5A	ppi_lr	ppi_prediction
NPB	HTR5A	ppi_lr	ppi_prediction
RLN3	HTR5A	ppi_lr	ppi_prediction
CCL19	HTR5A	ppi_lr	ppi_prediction
CXCL16	HTR5A	ppi_lr	ppi_prediction
CCL28	HTR5A	ppi_lr	ppi_prediction
HEBP1	HTR5A	ppi_lr	ppi_prediction
APLN	HTR5A	ppi_lr	ppi_prediction
CCL27	HTR5A	ppi_lr	ppi_prediction
INSL5	HTR5A	ppi_lr	ppi_prediction
XCL1	AVPR1B	ppi_lr	ppi_prediction
NMU	AVPR1B	ppi_lr	ppi_prediction
PROK1	AVPR1B	ppi_lr	ppi_prediction
QRFP	AVPR1B	ppi_lr	ppi_prediction
KISS1	AVPR1B	ppi_lr	ppi_prediction
NMS	AVPR1B	ppi_lr	ppi_prediction
UTS2B	AVPR1B	ppi_lr	ppi_prediction
PROK2	AVPR1B	ppi_lr	ppi_prediction
XCL2	AVPR1B	ppi_lr	ppi_prediction
GHRL	AVPR1B	ppi_lr	ppi_prediction
TAC3	AVPR1B	ppi_lr	ppi_prediction
CXCL12	MTNR1A	ppi_lr	ppi_prediction
NMU	MTNR1A	ppi_lr	ppi_prediction
SST	MTNR1A	ppi_lr	ppi_prediction
CCL20	MTNR1A	ppi_lr	ppi_prediction
CXCL6	MTNR1A	ppi_lr	ppi_prediction
CXCL9	MTNR1A	ppi_lr	ppi_prediction
PNOC	MTNR1A	ppi_lr	ppi_prediction
NMS	MTNR1A	ppi_lr	ppi_prediction
NPW	MTNR1A	ppi_lr	ppi_prediction
NPB	MTNR1A	ppi_lr	ppi_prediction
RLN3	MTNR1A	ppi_lr	ppi_prediction
CCL19	MTNR1A	ppi_lr	ppi_prediction
CXCL16	MTNR1A	ppi_lr	ppi_prediction
CCL28	MTNR1A	ppi_lr	ppi_prediction
HEBP1	MTNR1A	ppi_lr	ppi_prediction
APLN	MTNR1A	ppi_lr	ppi_prediction
CCL27	MTNR1A	ppi_lr	ppi_prediction
INSL5	MTNR1A	ppi_lr	ppi_prediction
NMU	NPBWR1	ppi_lr	ppi_prediction
SST	NPBWR1	ppi_lr	ppi_prediction
CCL20	NPBWR1	ppi_lr	ppi_prediction
CXCL6	NPBWR1	ppi_lr	ppi_prediction
CXCL9	NPBWR1	ppi_lr	ppi_prediction
PNOC	NPBWR1	ppi_lr	ppi_prediction
NMS	NPBWR1	ppi_lr	ppi_prediction
RLN3	NPBWR1	ppi_lr	ppi_prediction
CCL19	NPBWR1	ppi_lr	ppi_prediction
CXCL16	NPBWR1	ppi_lr	ppi_prediction
CCL28	NPBWR1	ppi_lr	ppi_prediction
HEBP1	NPBWR1	ppi_lr	ppi_prediction
APLN	NPBWR1	ppi_lr	ppi_prediction
CCL27	NPBWR1	ppi_lr	ppi_prediction
INSL5	NPBWR1	ppi_lr	ppi_prediction
LAMC2	CD151	ppi_lr	ppi_prediction
INSL3	GIPR	ppi_lr	ppi_prediction
ADM2	GIPR	ppi_lr	ppi_prediction
RLN3	GIPR	ppi_lr	ppi_prediction
PTH2	GIPR	ppi_lr	ppi_prediction
SST	NPY2R	ppi_lr	ppi_prediction
CCL20	NPY2R	ppi_lr	ppi_prediction
CXCL6	NPY2R	ppi_lr	ppi_prediction
CXCL9	NPY2R	ppi_lr	ppi_prediction
PNOC	NPY2R	ppi_lr	ppi_prediction
NMS	NPY2R	ppi_lr	ppi_prediction
NPW	NPY2R	ppi_lr	ppi_prediction
NPB	NPY2R	ppi_lr	ppi_prediction
RLN3	NPY2R	ppi_lr	ppi_prediction
CCL19	NPY2R	ppi_lr	ppi_prediction
CXCL16	NPY2R	ppi_lr	ppi_prediction
CCL28	NPY2R	ppi_lr	ppi_prediction
HEBP1	NPY2R	ppi_lr	ppi_prediction
APLN	NPY2R	ppi_lr	ppi_prediction
CCL27	NPY2R	ppi_lr	ppi_prediction
INSL5	NPY2R	ppi_lr	ppi_prediction
INSL3	PTH2R	ppi_lr	ppi_prediction
ADM2	PTH2R	ppi_lr	ppi_prediction
RLN3	PTH2R	ppi_lr	ppi_prediction
SST	MTNR1B	ppi_lr	ppi_prediction
CCL20	MTNR1B	ppi_lr	ppi_prediction
CXCL6	MTNR1B	ppi_lr	ppi_prediction
CXCL9	MTNR1B	ppi_lr	ppi_prediction
PNOC	MTNR1B	ppi_lr	ppi_prediction
NMS	MTNR1B	ppi_lr	ppi_prediction
NPW	MTNR1B	ppi_lr	ppi_prediction
NPB	MTNR1B	ppi_lr	ppi_prediction
RLN3	MTNR1B	ppi_lr	ppi_prediction
CCL19	MTNR1B	ppi_lr	ppi_prediction
CXCL16	MTNR1B	ppi_lr	ppi_prediction
CCL28	MTNR1B	ppi_lr	ppi_prediction
HEBP1	MTNR1B	ppi_lr	ppi_prediction
APLN	MTNR1B	ppi_lr	ppi_prediction
CCL27	MTNR1B	ppi_lr	ppi_prediction
INSL5	MTNR1B	ppi_lr	ppi_prediction
SST	CXCR3	ppi_lr	ppi_prediction
CXCL6	CXCR3	ppi_lr	ppi_prediction
PNOC	CXCR3	ppi_lr	ppi_prediction
NMS	CXCR3	ppi_lr	ppi_prediction
NPW	CXCR3	ppi_lr	ppi_prediction
NPB	CXCR3	ppi_lr	ppi_prediction
RLN3	CXCR3	ppi_lr	ppi_prediction
CXCL16	CXCR3	ppi_lr	ppi_prediction
CCL28	CXCR3	ppi_lr	ppi_prediction
HEBP1	CXCR3	ppi_lr	ppi_prediction
APLN	CXCR3	ppi_lr	ppi_prediction
CCL27	CXCR3	ppi_lr	ppi_prediction
INSL5	CXCR3	ppi_lr	ppi_prediction
SST	AGTR2	ppi_lr	ppi_prediction
CCL20	AGTR2	ppi_lr	ppi_prediction
CXCL6	AGTR2	ppi_lr	ppi_prediction
CXCL9	AGTR2	ppi_lr	ppi_prediction
PNOC	AGTR2	ppi_lr	ppi_prediction
NMS	AGTR2	ppi_lr	ppi_prediction
NPW	AGTR2	ppi_lr	ppi_prediction
NPB	AGTR2	ppi_lr	ppi_prediction
RLN3	AGTR2	ppi_lr	ppi_prediction
CCL19	AGTR2	ppi_lr	ppi_prediction
CXCL16	AGTR2	ppi_lr	ppi_prediction
CCL28	AGTR2	ppi_lr	ppi_prediction
HEBP1	AGTR2	ppi_lr	ppi_prediction
APLN	AGTR2	ppi_lr	ppi_prediction
CCL27	AGTR2	ppi_lr	ppi_prediction
INSL5	AGTR2	ppi_lr	ppi_prediction
SST	NPY4R	ppi_lr	ppi_prediction
CCL20	NPY4R	ppi_lr	ppi_prediction
CXCL6	NPY4R	ppi_lr	ppi_prediction
CXCL9	NPY4R	ppi_lr	ppi_prediction
PNOC	NPY4R	ppi_lr	ppi_prediction
NMS	NPY4R	ppi_lr	ppi_prediction
NPW	NPY4R	ppi_lr	ppi_prediction
NPB	NPY4R	ppi_lr	ppi_prediction
RLN3	NPY4R	ppi_lr	ppi_prediction
CCL19	NPY4R	ppi_lr	ppi_prediction
CXCL16	NPY4R	ppi_lr	ppi_prediction
CCL28	NPY4R	ppi_lr	ppi_prediction
HEBP1	NPY4R	ppi_lr	ppi_prediction
APLN	NPY4R	ppi_lr	ppi_prediction
CCL27	NPY4R	ppi_lr	ppi_prediction
INSL5	NPY4R	ppi_lr	ppi_prediction
INSL3	HTR6	ppi_lr	ppi_prediction
ADM2	HTR6	ppi_lr	ppi_prediction
RLN3	HTR6	ppi_lr	ppi_prediction
PTH2	HTR6	ppi_lr	ppi_prediction
SST	CCR3	ppi_lr	ppi_prediction
CCL20	CCR3	ppi_lr	ppi_prediction
CXCL6	CCR3	ppi_lr	ppi_prediction
PNOC	CCR3	ppi_lr	ppi_prediction
NMS	CCR3	ppi_lr	ppi_prediction
NPW	CCR3	ppi_lr	ppi_prediction
NPB	CCR3	ppi_lr	ppi_prediction
RLN3	CCR3	ppi_lr	ppi_prediction
CCL19	CCR3	ppi_lr	ppi_prediction
CXCL16	CCR3	ppi_lr	ppi_prediction
HEBP1	CCR3	ppi_lr	ppi_prediction
APLN	CCR3	ppi_lr	ppi_prediction
CCL27	CCR3	ppi_lr	ppi_prediction
INSL5	CCR3	ppi_lr	ppi_prediction
SST	CCR4	ppi_lr	ppi_prediction
CCL20	CCR4	ppi_lr	ppi_prediction
CXCL6	CCR4	ppi_lr	ppi_prediction
CXCL9	CCR4	ppi_lr	ppi_prediction
PNOC	CCR4	ppi_lr	ppi_prediction
NMS	CCR4	ppi_lr	ppi_prediction
NPW	CCR4	ppi_lr	ppi_prediction
NPB	CCR4	ppi_lr	ppi_prediction
RLN3	CCR4	ppi_lr	ppi_prediction
CCL19	CCR4	ppi_lr	ppi_prediction
CXCL16	CCR4	ppi_lr	ppi_prediction
CCL28	CCR4	ppi_lr	ppi_prediction
HEBP1	CCR4	ppi_lr	ppi_prediction
APLN	CCR4	ppi_lr	ppi_prediction
CCL27	CCR4	ppi_lr	ppi_prediction
INSL5	CCR4	ppi_lr	ppi_prediction
SST	CCR5	ppi_lr	ppi_prediction
CCL20	CCR5	ppi_lr	ppi_prediction
CXCL6	CCR5	ppi_lr	ppi_prediction
CXCL9	CCR5	ppi_lr	ppi_prediction
PNOC	CCR5	ppi_lr	ppi_prediction
NMS	CCR5	ppi_lr	ppi_prediction
NPW	CCR5	ppi_lr	ppi_prediction
NPB	CCR5	ppi_lr	ppi_prediction
RLN3	CCR5	ppi_lr	ppi_prediction
CCL19	CCR5	ppi_lr	ppi_prediction
CXCL16	CCR5	ppi_lr	ppi_prediction
CCL28	CCR5	ppi_lr	ppi_prediction
HEBP1	CCR5	ppi_lr	ppi_prediction
APLN	CCR5	ppi_lr	ppi_prediction
CCL27	CCR5	ppi_lr	ppi_prediction
INSL5	CCR5	ppi_lr	ppi_prediction
SST	CCR6	ppi_lr	ppi_prediction
CXCL6	CCR6	ppi_lr	ppi_prediction
CXCL9	CCR6	ppi_lr	ppi_prediction
PNOC	CCR6	ppi_lr	ppi_prediction
NMS	CCR6	ppi_lr	ppi_prediction
NPW	CCR6	ppi_lr	ppi_prediction
NPB	CCR6	ppi_lr	ppi_prediction
RLN3	CCR6	ppi_lr	ppi_prediction
CCL19	CCR6	ppi_lr	ppi_prediction
CXCL16	CCR6	ppi_lr	ppi_prediction
CCL28	CCR6	ppi_lr	ppi_prediction
HEBP1	CCR6	ppi_lr	ppi_prediction
APLN	CCR6	ppi_lr	ppi_prediction
CCL27	CCR6	ppi_lr	ppi_prediction
INSL5	CCR6	ppi_lr	ppi_prediction
SST	CCR8	ppi_lr	ppi_prediction
CCL20	CCR8	ppi_lr	ppi_prediction
CXCL6	CCR8	ppi_lr	ppi_prediction
CXCL9	CCR8	ppi_lr	ppi_prediction
PNOC	CCR8	ppi_lr	ppi_prediction
NMS	CCR8	ppi_lr	ppi_prediction
NPW	CCR8	ppi_lr	ppi_prediction
NPB	CCR8	ppi_lr	ppi_prediction
RLN3	CCR8	ppi_lr	ppi_prediction
CCL19	CCR8	ppi_lr	ppi_prediction
CXCL16	CCR8	ppi_lr	ppi_prediction
CCL28	CCR8	ppi_lr	ppi_prediction
HEBP1	CCR8	ppi_lr	ppi_prediction
APLN	CCR8	ppi_lr	ppi_prediction
CCL27	CCR8	ppi_lr	ppi_prediction
INSL5	CCR8	ppi_lr	ppi_prediction
SST	CCR9	ppi_lr	ppi_prediction
CCL20	CCR9	ppi_lr	ppi_prediction
CXCL6	CCR9	ppi_lr	ppi_prediction
CXCL9	CCR9	ppi_lr	ppi_prediction
PNOC	CCR9	ppi_lr	ppi_prediction
NMS	CCR9	ppi_lr	ppi_prediction
NPW	CCR9	ppi_lr	ppi_prediction
NPB	CCR9	ppi_lr	ppi_prediction
RLN3	CCR9	ppi_lr	ppi_prediction
CCL19	CCR9	ppi_lr	ppi_prediction
CXCL16	CCR9	ppi_lr	ppi_prediction
CCL28	CCR9	ppi_lr	ppi_prediction
HEBP1	CCR9	ppi_lr	ppi_prediction
APLN	CCR9	ppi_lr	ppi_prediction
CCL27	CCR9	ppi_lr	ppi_prediction
INSL5	CCR9	ppi_lr	ppi_prediction
SEMA3A	PLXNA3	ppi_lr	ppi_prediction
SEMA6D	PLXNA3	ppi_lr	ppi_prediction
EFNB1	EPHA5	ppi_lr	ppi_prediction
EFNB3	EPHA5	ppi_lr	ppi_prediction
PROK1	F2RL1	ppi_lr	ppi_prediction
QRFP	F2RL1	ppi_lr	ppi_prediction
KISS1	F2RL1	ppi_lr	ppi_prediction
NMS	F2RL1	ppi_lr	ppi_prediction
UTS2B	F2RL1	ppi_lr	ppi_prediction
PROK2	F2RL1	ppi_lr	ppi_prediction
XCL2	F2RL1	ppi_lr	ppi_prediction
GHRL	F2RL1	ppi_lr	ppi_prediction
TAC3	F2RL1	ppi_lr	ppi_prediction
ARTN	GFRA1	ppi_lr	ppi_prediction
SST	CXCR4	ppi_lr	ppi_prediction
CCL20	CXCR4	ppi_lr	ppi_prediction
CXCL6	CXCR4	ppi_lr	ppi_prediction
CXCL9	CXCR4	ppi_lr	ppi_prediction
PNOC	CXCR4	ppi_lr	ppi_prediction
NMS	CXCR4	ppi_lr	ppi_prediction
NPW	CXCR4	ppi_lr	ppi_prediction
NPB	CXCR4	ppi_lr	ppi_prediction
RLN3	CXCR4	ppi_lr	ppi_prediction
CCL19	CXCR4	ppi_lr	ppi_prediction
CXCL16	CXCR4	ppi_lr	ppi_prediction
CCL28	CXCR4	ppi_lr	ppi_prediction
HEBP1	CXCR4	ppi_lr	ppi_prediction
APLN	CXCR4	ppi_lr	ppi_prediction
CCL27	CXCR4	ppi_lr	ppi_prediction
INSL5	CXCR4	ppi_lr	ppi_prediction
EFNB3	VLDLR	ppi_lr	ppi_prediction
EDA	IL9R	ppi_lr	ppi_prediction
ADM2	MC2R	ppi_lr	ppi_prediction
RLN3	MC2R	ppi_lr	ppi_prediction
PTH2	MC2R	ppi_lr	ppi_prediction
ADM2	MC1R	ppi_lr	ppi_prediction
RLN3	MC1R	ppi_lr	ppi_prediction
PTH2	MC1R	ppi_lr	ppi_prediction
ADM2	GHRHR	ppi_lr	ppi_prediction
RLN3	GHRHR	ppi_lr	ppi_prediction
PTH2	GHRHR	ppi_lr	ppi_prediction
ADM2	PTH1R	ppi_lr	ppi_prediction
RLN3	PTH1R	ppi_lr	ppi_prediction
CLEC11A	TRAF2	ppi_lr	ppi_prediction
TNFSF13B	TRAF2	ppi_lr	ppi_prediction
ADM2	CRHR2	ppi_lr	ppi_prediction
RLN3	CRHR2	ppi_lr	ppi_prediction
PTH2	CRHR2	ppi_lr	ppi_prediction
ADM2	HTR4	ppi_lr	ppi_prediction
RLN3	HTR4	ppi_lr	ppi_prediction
PTH2	HTR4	ppi_lr	ppi_prediction
TNFSF13B	ITGA7	ppi_lr	ppi_prediction
GDF2	ACVR2B	ppi_lr	ppi_prediction
EFNB3	LRP8	ppi_lr	ppi_prediction
NMS	GRM4	ppi_lr	ppi_prediction
NPW	GRM4	ppi_lr	ppi_prediction
NPB	GRM4	ppi_lr	ppi_prediction
RLN3	GRM4	ppi_lr	ppi_prediction
CCL19	GRM4	ppi_lr	ppi_prediction
CXCL16	GRM4	ppi_lr	ppi_prediction
CCL28	GRM4	ppi_lr	ppi_prediction
HEBP1	GRM4	ppi_lr	ppi_prediction
APLN	GRM4	ppi_lr	ppi_prediction
CCL27	GRM4	ppi_lr	ppi_prediction
INSL5	GRM4	ppi_lr	ppi_prediction
EFNB3	EPHA7	ppi_lr	ppi_prediction
NMS	P2RY14	ppi_lr	ppi_prediction
NPW	P2RY14	ppi_lr	ppi_prediction
NPB	P2RY14	ppi_lr	ppi_prediction
RLN3	P2RY14	ppi_lr	ppi_prediction
CCL19	P2RY14	ppi_lr	ppi_prediction
CXCL16	P2RY14	ppi_lr	ppi_prediction
CCL28	P2RY14	ppi_lr	ppi_prediction
HEBP1	P2RY14	ppi_lr	ppi_prediction
APLN	P2RY14	ppi_lr	ppi_prediction
CCL27	P2RY14	ppi_lr	ppi_prediction
INSL5	P2RY14	ppi_lr	ppi_prediction
NMS	NPY5R	ppi_lr	ppi_prediction
NPW	NPY5R	ppi_lr	ppi_prediction
NPB	NPY5R	ppi_lr	ppi_prediction
RLN3	NPY5R	ppi_lr	ppi_prediction
CCL19	NPY5R	ppi_lr	ppi_prediction
CXCL16	NPY5R	ppi_lr	ppi_prediction
CCL28	NPY5R	ppi_lr	ppi_prediction
HEBP1	NPY5R	ppi_lr	ppi_prediction
APLN	NPY5R	ppi_lr	ppi_prediction
CCL27	NPY5R	ppi_lr	ppi_prediction
INSL5	NPY5R	ppi_lr	ppi_prediction
NMS	C3AR1	ppi_lr	ppi_prediction
NPW	C3AR1	ppi_lr	ppi_prediction
NPB	C3AR1	ppi_lr	ppi_prediction
RLN3	C3AR1	ppi_lr	ppi_prediction
CCL19	C3AR1	ppi_lr	ppi_prediction
CXCL16	C3AR1	ppi_lr	ppi_prediction
CCL28	C3AR1	ppi_lr	ppi_prediction
HEBP1	C3AR1	ppi_lr	ppi_prediction
APLN	C3AR1	ppi_lr	ppi_prediction
CCL27	C3AR1	ppi_lr	ppi_prediction
INSL5	C3AR1	ppi_lr	ppi_prediction
RLN3	CALCRL	ppi_lr	ppi_prediction
PTH2	CALCRL	ppi_lr	ppi_prediction
UTS2B	NPSR1	ppi_lr	ppi_prediction
ADM2	NPSR1	ppi_lr	ppi_prediction
RLN3	NPSR1	ppi_lr	ppi_prediction
PTH2	NPSR1	ppi_lr	ppi_prediction
PROK2	NPSR1	ppi_lr	ppi_prediction
XCL2	NPSR1	ppi_lr	ppi_prediction
GHRL	NPSR1	ppi_lr	ppi_prediction
TAC3	NPSR1	ppi_lr	ppi_prediction
XCL2	PROKR2	ppi_lr	ppi_prediction
GHRL	PROKR2	ppi_lr	ppi_prediction
TAC3	PROKR2	ppi_lr	ppi_prediction
XCL2	PROKR1	ppi_lr	ppi_prediction
GHRL	PROKR1	ppi_lr	ppi_prediction
TAC3	PROKR1	ppi_lr	ppi_prediction
CCL19	RXFP4	ppi_lr	ppi_prediction
CXCL16	RXFP4	ppi_lr	ppi_prediction
CCL28	RXFP4	ppi_lr	ppi_prediction
HEBP1	RXFP4	ppi_lr	ppi_prediction
APLN	RXFP4	ppi_lr	ppi_prediction
CCL27	RXFP4	ppi_lr	ppi_prediction
PTH2	RXFP2	ppi_lr	ppi_prediction
CCL19	LPAR1	ppi_lr	ppi_prediction
CXCL16	LPAR1	ppi_lr	ppi_prediction
PROK2	LPAR1	ppi_lr	ppi_prediction
CCL28	LPAR1	ppi_lr	ppi_prediction
HEBP1	LPAR1	ppi_lr	ppi_prediction
XCL2	LPAR1	ppi_lr	ppi_prediction
GHRL	LPAR1	ppi_lr	ppi_prediction
TAC3	LPAR1	ppi_lr	ppi_prediction
APLN	LPAR1	ppi_lr	ppi_prediction
CCL27	LPAR1	ppi_lr	ppi_prediction
INSL5	LPAR1	ppi_lr	ppi_prediction
PROK2	GHSR	ppi_lr	ppi_prediction
XCL2	GHSR	ppi_lr	ppi_prediction
TAC3	GHSR	ppi_lr	ppi_prediction
PROK2	KISS1R	ppi_lr	ppi_prediction
XCL2	KISS1R	ppi_lr	ppi_prediction
GHRL	KISS1R	ppi_lr	ppi_prediction
TAC3	KISS1R	ppi_lr	ppi_prediction
PROK2	QRFPR	ppi_lr	ppi_prediction
XCL2	QRFPR	ppi_lr	ppi_prediction
GHRL	QRFPR	ppi_lr	ppi_prediction
TAC3	QRFPR	ppi_lr	ppi_prediction
PROK2	F2RL3	ppi_lr	ppi_prediction
XCL2	F2RL3	ppi_lr	ppi_prediction
GHRL	F2RL3	ppi_lr	ppi_prediction
TAC3	F2RL3	ppi_lr	ppi_prediction
ICAM5	SORT1	ppi_lr	ppi_prediction
PROK2	LPAR4	ppi_lr	ppi_prediction
XCL2	LPAR4	ppi_lr	ppi_prediction
GHRL	LPAR4	ppi_lr	ppi_prediction
TAC3	LPAR4	ppi_lr	ppi_prediction
CCL19	MCHR1	ppi_lr	ppi_prediction
CXCL16	MCHR1	ppi_lr	ppi_prediction
PROK2	MCHR1	ppi_lr	ppi_prediction
CCL28	MCHR1	ppi_lr	ppi_prediction
HEBP1	MCHR1	ppi_lr	ppi_prediction
XCL2	MCHR1	ppi_lr	ppi_prediction
GHRL	MCHR1	ppi_lr	ppi_prediction
TAC3	MCHR1	ppi_lr	ppi_prediction
APLN	MCHR1	ppi_lr	ppi_prediction
CCL27	MCHR1	ppi_lr	ppi_prediction
INSL5	MCHR1	ppi_lr	ppi_prediction
CXCL16	NMUR2	ppi_lr	ppi_prediction
PROK2	NMUR2	ppi_lr	ppi_prediction
CCL28	NMUR2	ppi_lr	ppi_prediction
HEBP1	NMUR2	ppi_lr	ppi_prediction
XCL2	NMUR2	ppi_lr	ppi_prediction
GHRL	NMUR2	ppi_lr	ppi_prediction
TAC3	NMUR2	ppi_lr	ppi_prediction
APLN	NMUR2	ppi_lr	ppi_prediction
CCL27	NMUR2	ppi_lr	ppi_prediction
INSL5	NMUR2	ppi_lr	ppi_prediction
PROK2	NPFFR1	ppi_lr	ppi_prediction
XCL2	NPFFR1	ppi_lr	ppi_prediction
GHRL	NPFFR1	ppi_lr	ppi_prediction
TAC3	NPFFR1	ppi_lr	ppi_prediction
CCL28	HRH4	ppi_lr	ppi_prediction
HEBP1	HRH4	ppi_lr	ppi_prediction
APLN	HRH4	ppi_lr	ppi_prediction
CCL27	HRH4	ppi_lr	ppi_prediction
INSL5	HRH4	ppi_lr	ppi_prediction
PROK2	NMUR1	ppi_lr	ppi_prediction
CCL28	NMUR1	ppi_lr	ppi_prediction
HEBP1	NMUR1	ppi_lr	ppi_prediction
XCL2	NMUR1	ppi_lr	ppi_prediction
GHRL	NMUR1	ppi_lr	ppi_prediction
TAC3	NMUR1	ppi_lr	ppi_prediction
APLN	NMUR1	ppi_lr	ppi_prediction
CCL27	NMUR1	ppi_lr	ppi_prediction
INSL5	NMUR1	ppi_lr	ppi_prediction
PROK2	LPAR2	ppi_lr	ppi_prediction
CCL28	LPAR2	ppi_lr	ppi_prediction
HEBP1	LPAR2	ppi_lr	ppi_prediction
XCL2	LPAR2	ppi_lr	ppi_prediction
GHRL	LPAR2	ppi_lr	ppi_prediction
TAC3	LPAR2	ppi_lr	ppi_prediction
APLN	LPAR2	ppi_lr	ppi_prediction
CCL27	LPAR2	ppi_lr	ppi_prediction
INSL5	LPAR2	ppi_lr	ppi_prediction
APLN	RXFP3	ppi_lr	ppi_prediction
CCL27	RXFP3	ppi_lr	ppi_prediction
INSL5	HRH3	ppi_lr	ppi_prediction
GDNF	NCAM1	ppi_l_bidir	ppi_prediction
CCL17	VCAM1	ppi_l_bidir	ppi_prediction
BDNF	NCAM1	ppi_l_bidir	ppi_prediction
GSTP1	VCAM1	ppi_l_bidir	ppi_prediction
AREG	ICAM1	ppi_l_bidir	ppi_prediction
EFNB2	CD99	ppi_l_bidir	ppi_prediction
JAG2	CD99	ppi_l_bidir	ppi_prediction
ARF1	VCAM1	ppi_l_bidir	ppi_prediction
RTN4	CNTN1	ppi_l_bidir	ppi_prediction
FGA	ITGB1	ppi_l_bidir	ppi_prediction
CCL22	VCAM1	ppi_l_bidir	ppi_prediction
ANGPT2	ITGB1	ppi_l_bidir	ppi_prediction
BDNF	F11R	ppi_l_bidir	ppi_prediction
ASIP	F11R	ppi_l_bidir	ppi_prediction
KNG1	ITGB2	ppi_l_bidir	ppi_prediction
THBS1	ITGAM	ppi_l_bidir	ppi_prediction
FN1	MAG	ppi_l_bidir	ppi_prediction
SERPING1	SELP	ppi_l_bidir	ppi_prediction
C3	ITGAM	ppi_l_bidir	ppi_prediction
CFH	ITGAM	ppi_l_bidir	ppi_prediction
FGA	CDH5	ppi_l_bidir	ppi_prediction
TNC	CNTN1	ppi_l_bidir	ppi_prediction
CTSG	VCAM1	ppi_l_bidir	ppi_prediction
CTSG	SELPLG	ppi_l_bidir	ppi_prediction
SERPING1	SELE	ppi_l_bidir	ppi_prediction
PVR	NECTIN3	ppi_l_bidir	ppi_prediction
PVR	NECTIN1	ppi_l_bidir	ppi_prediction
VEGFD	ITGA9	ppi_l_bidir	ppi_prediction
COL2A1	MAG	ppi_l_bidir	ppi_prediction
AGRN	ITGB1	ppi_l_bidir	ppi_prediction
AGRN	NCAM1	ppi_l_bidir	ppi_prediction
PSPN	NCAM1	ppi_l_bidir	ppi_prediction
SEMA7A	ITGB1	ppi_l_bidir	ppi_prediction
PLG	CDH1	ppi_l_bidir	ppi_prediction
TGFB1	ITGB1	ppi_l_bidir	ppi_prediction
TGFB1	F11R	ppi_l_bidir	ppi_prediction
COL1A1	MAG	ppi_l_bidir	ppi_prediction
COL4A1	NCAM1	ppi_l_bidir	ppi_prediction
COL4A1	MAG	ppi_l_bidir	ppi_prediction
APOE	VCAM1	ppi_l_bidir	ppi_prediction
ANXA1	ITGA4	ppi_l_bidir	ppi_prediction
ANXA1	VCAM1	ppi_l_bidir	ppi_prediction
APP	NCAM1	ppi_l_bidir	ppi_prediction
APP	MAG	ppi_l_bidir	ppi_prediction
APP	CNTN1	ppi_l_bidir	ppi_prediction
LAMB1	L1CAM	ppi_l_bidir	ppi_prediction
THBS1	ITGA4	ppi_l_bidir	ppi_prediction
FGF2	GLG1	ppi_l_bidir	ppi_prediction
GSTP1	ITGA4	ppi_l_bidir	ppi_prediction
CD24	L1CAM	ppi_l_bidir	ppi_prediction
LAMA1	L1CAM	ppi_l_bidir	ppi_prediction
DLK1	OCLN	ppi_l_bidir	ppi_prediction
CD86	CD80	ppi_l_bidir	ppi_prediction
IL13	VCAM1	ppi_l_bidir	ppi_prediction
EFNB1	CD99	ppi_l_bidir	ppi_prediction
RTN4	CD99	ppi_l_bidir	ppi_prediction
CX3CL1	ITGB1	ppi_l_bidir	ppi_prediction
HSPG2	ITGB1	ppi_l_bidir	ppi_prediction
ICAM4	ITGB1	ppi_l_bidir	ppi_prediction
CX3CL1	ITGB2	ppi_l_bidir	ppi_prediction
MMP13	ITGAM	ppi_l_bidir	ppi_prediction
PSEN1	CDH1	ppi_l_bidir	ppi_prediction
MMP9	ITGAM	ppi_l_bidir	ppi_prediction
COL18A1	SELP	ppi_l_bidir	ppi_prediction
ICAM4	ITGA4	ppi_l_bidir	ppi_prediction
SEMA4D	PTPRC	ppi_l_bidir	ppi_prediction
COL18A1	SELL	ppi_l_bidir	ppi_prediction
IL12A	CD28	ppi_l_bidir	ppi_prediction
PVR	CDH1	ppi_l_bidir	ppi_prediction
CCL5	CDH1	ppi_l_bidir	ppi_prediction
RTN4	CNTNAP1	ppi_l_bidir	ppi_prediction
EFNB2	PECAM1	ppi_l_bidir	ppi_prediction
NLGN1	CNTNAP1	ppi_l_bidir	ppi_prediction
CSF1	CLDN11	ppi_l_bidir	ppi_prediction
APP	NFASC	ppi_l_bidir	ppi_prediction
RPS19	ICAM1	ppi_l_bidir	ppi_prediction
THBS1	ITGB1	ppi_l_bidir	ppi_prediction
TGFB3	ITGB1	ppi_l_bidir	ppi_prediction
HSP90B1	ITGB1	ppi_l_bidir	ppi_prediction
MMP9	ITGB1	ppi_l_bidir	ppi_prediction
VEGFB	ITGB1	ppi_l_bidir	ppi_prediction
PSEN1	ITGB1	ppi_l_bidir	ppi_prediction
LAMB2	ITGB1	ppi_l_bidir	ppi_prediction
LTB	ITGB1	ppi_l_bidir	ppi_prediction
TNFSF13B	ITGB1	ppi_l_bidir	ppi_prediction
IL10	CD28	ppi_l_bidir	ppi_prediction
IL21	CD28	ppi_l_bidir	ppi_prediction
MMP9	CDH1	ppi_l_bidir	ppi_prediction
ADAM9	CDH1	ppi_l_bidir	ppi_prediction
ADAM15	CDH1	ppi_l_bidir	ppi_prediction
MDK	NCAM1	ppi_l_bidir	ppi_prediction
ARTN	NCAM1	ppi_l_bidir	ppi_prediction
NRTN	NCAM1	ppi_l_bidir	ppi_prediction
TNFSF9	ICAM2	ppi_l_bidir	ppi_prediction
RPS19	ITGA4	ppi_l_bidir	ppi_prediction
COPA	ITGA4	ppi_l_bidir	ppi_prediction
YARS	ITGA4	ppi_l_bidir	ppi_prediction
ARF1	ITGA4	ppi_l_bidir	ppi_prediction
WNT3	CDH2	ppi_l_bidir	ppi_prediction
WNT3A	CDH2	ppi_l_bidir	ppi_prediction
RPS19	VCAM1	ppi_l_bidir	ppi_prediction
COPA	VCAM1	ppi_l_bidir	ppi_prediction
YARS	VCAM1	ppi_l_bidir	ppi_prediction
NCAM1	FGFR1	ppi_bidir_r	ppi_prediction
PTPRC	EPOR	ppi_bidir_r	ppi_prediction
PTPRC	MET	ppi_bidir_r	ppi_prediction
PTPRC	INSR	ppi_bidir_r	ppi_prediction
CNTN2	EGFR	ppi_bidir_r	ppi_prediction
PTPRC	LEPR	ppi_bidir_r	ppi_prediction
PTPRC	ERBB2	ppi_bidir_r	ppi_prediction
PTPRC	GHR	ppi_bidir_r	ppi_prediction
NCAM1	GFRA1	ppi_bidir_r	ppi_prediction
PTPRC	CXCR4	ppi_bidir_r	ppi_prediction
NCAM1	NTRK1	ppi_bidir_r	ppi_prediction
CD99	EPHA2	ppi_bidir_r	ppi_prediction
CD99	INSR	ppi_bidir_r	ppi_prediction
CD99	ROR2	ppi_bidir_r	ppi_prediction
CD99	FZD5	ppi_bidir_r	ppi_prediction
CD99	LRP8	ppi_bidir_r	ppi_prediction
CD99	LRP2	ppi_bidir_r	ppi_prediction
ICAM1	EGFR	ppi_bidir_r	ppi_prediction
CD99	FZD6	ppi_bidir_r	ppi_prediction
CD99	EPHA7	ppi_bidir_r	ppi_prediction
CDH1	LRP6	ppi_bidir_r	ppi_prediction
CNTN1	NOTCH1	ppi_bidir_r	ppi_prediction
CDH2	CDON	ppi_bidir_r	ppi_prediction
CDH15	CDON	ppi_bidir_r	ppi_prediction
PTPRC	PDGFRB	ppi_bidir_r	ppi_prediction
ITGB1	CSF2RB	ppi_bidir_r	ppi_prediction
ICAM1	CSF2RB	ppi_bidir_r	ppi_prediction
ITGB1	ITGA5	ppi_bidir_r	ppi_prediction
ITGB1	DAG1	ppi_bidir_r	ppi_prediction
ITGB1	IGF1R	ppi_bidir_r	ppi_prediction
ITGB1	ITGA3	ppi_bidir_r	ppi_prediction
ITGB1	CD36	ppi_bidir_r	ppi_prediction
ITGB1	PLAUR	ppi_bidir_r	ppi_prediction
ITGB1	CD47	ppi_bidir_r	ppi_prediction
ITGB1	FLT4	ppi_bidir_r	ppi_prediction
ITGB1	ITGAV	ppi_bidir_r	ppi_prediction
ITGB1	ITGA6	ppi_bidir_r	ppi_prediction
ITGB1	CD151	ppi_bidir_r	ppi_prediction
ITGB1	ITGA2	ppi_bidir_r	ppi_prediction
ITGB1	ITGA1	ppi_bidir_r	ppi_prediction
ITGB1	ITGA8	ppi_bidir_r	ppi_prediction
ITGB1	ITGA11	ppi_bidir_r	ppi_prediction
PECAM1	SDC1	ppi_bidir_r	ppi_prediction
ITGB2	PLAUR	ppi_bidir_r	ppi_prediction
ITGB2	ITGAX	ppi_bidir_r	ppi_prediction
ITGB2	ITGAD	ppi_bidir_r	ppi_prediction
PTPRC	IFNAR1	ppi_bidir_r	ppi_prediction
PECAM1	SDC4	ppi_bidir_r	ppi_prediction
ITGAM	PLAUR	ppi_bidir_r	ppi_prediction
ITGB7	ITGAE	ppi_bidir_r	ppi_prediction
CDH5	KDR	ppi_bidir_r	ppi_prediction
PTPRC	TEK	ppi_bidir_r	ppi_prediction
ITGA4	CXCR4	ppi_bidir_r	ppi_prediction
PECAM1	CXCR4	ppi_bidir_r	ppi_prediction
ITGA4	CD44	ppi_bidir_r	ppi_prediction
ICAM1	IL2RG	ppi_bidir_r	ppi_prediction
CDH2	PTPRB	ppi_bidir_r	ppi_prediction
CDH2	BOC	ppi_bidir_r	ppi_prediction
CDH15	BOC	ppi_bidir_r	ppi_prediction
PTPRC	TIE1	ppi_bidir_r	ppi_prediction
CDH2	FGFR4	ppi_bidir_r	ppi_prediction
PECAM1	ACKR3	ppi_bidir_r	ppi_prediction
PECAM1	GPC1	ppi_bidir_r	ppi_prediction
PTPRM	PTPRS	ppi_bidir_r	ppi_prediction
NFASC	NRCAM	ppi_bidir_r	ppi_prediction
CNTN2	NRCAM	ppi_bidir_r	ppi_prediction
MAG	RTN4R	ppi_bidir_r	ppi_prediction
ITGB2	PTCH1	ppi_bidir_r	ppi_prediction
ITGB2	PTCH2	ppi_bidir_r	ppi_prediction
ICAM1	EDA2R	ppi_bidir_r	ppi_prediction
ITGB1	PDGFRB	ppi_bidir_r	ppi_prediction
ITGB1	IGF2R	ppi_bidir_r	ppi_prediction
ITGB1	SDC1	ppi_bidir_r	ppi_prediction
ITGB1	ITGAX	ppi_bidir_r	ppi_prediction
ITGB1	EPHA2	ppi_bidir_r	ppi_prediction
ITGB1	PTCH1	ppi_bidir_r	ppi_prediction
ITGB1	ITGA7	ppi_bidir_r	ppi_prediction
ITGB1	NCSTN	ppi_bidir_r	ppi_prediction
ITGB1	PTCH2	ppi_bidir_r	ppi_prediction
CD28	CTLA4	ppi_bidir_r	ppi_prediction
CDH1	KDR	ppi_bidir_r	ppi_prediction
CDH1	DDR1	ppi_bidir_r	ppi_prediction
CDH1	DDR2	ppi_bidir_r	ppi_prediction
CDH1	CDON	ppi_bidir_r	ppi_prediction
CDH1	NCSTN	ppi_bidir_r	ppi_prediction
CDH1	BOC	ppi_bidir_r	ppi_prediction
NCAM1	FGFR2	ppi_bidir_r	ppi_prediction
ITGA4	PTCH1	ppi_bidir_r	ppi_prediction
CDH2	RYK	ppi_bidir_r	ppi_prediction
CDH2	DDR1	ppi_bidir_r	ppi_prediction
CDH2	DDR2	ppi_bidir_r	ppi_prediction
CDH2	NEO1	ppi_bidir_r	ppi_prediction
MAG	NTRK2	ppi_bidir_r	ppi_prediction
MAG	LINGO1	ppi_bidir_r	ppi_prediction
ITGB7	PTCH1	ppi_bidir_r	ppi_prediction
ITGB7	PTCH2	ppi_bidir_r	ppi_prediction
CDH5	TGFBR1	ppi_bidir_r	ppi_prediction
CDH5	ACVRL1	ppi_bidir_r	ppi_prediction
CDH5	TGFBR2	ppi_bidir_r	ppi_prediction
CDH15	NEO1	ppi_bidir_r	ppi_prediction
NECTIN2	TNFRSF12A	ppi_bidir_r	ppi_prediction
PTPRC	EGFR	ppi_bidir_r	ppi_prediction
CD28	CD4	ppi_bidir_r	ppi_prediction
PTPRC	CD4	ppi_bidir_r	ppi_prediction
CD2	CD4	ppi_bidir_r	ppi_prediction
CNTN1	PTPRB	ppi_bidir_r	ppi_prediction
PTPRC	CD44	ppi_bidir_r	ppi_prediction
NCAM1	EGFR	ppi_bidir_r	ppi_prediction
VCAM1	FAS	ppi_bidir_r	ppi_prediction
ICAM2	NRP1	ppi_bidir_r	ppi_prediction
CD99	EPHB4	ppi_bidir_r	ppi_prediction
CD99	LRP6	ppi_bidir_r	ppi_prediction
CD99	UNC5C	ppi_bidir_r	ppi_prediction
ICAM2	CD44	ppi_bidir_r	ppi_prediction
ALCAM	EGFR	ppi_bidir_r	ppi_prediction
CDH1	EGFR	ppi_bidir_r	ppi_prediction
CDH1	ERBB2	ppi_bidir_r	ppi_prediction
ITGB1	ITGA10	ppi_bidir_r	ppi_prediction
PECAM1	ITGA5	ppi_bidir_r	ppi_prediction
L1CAM	ITGA5	ppi_bidir_r	ppi_prediction
F11R	PTPRB	ppi_bidir_r	ppi_prediction
F11R	F2RL2	ppi_bidir_r	ppi_prediction
PTPRC	NTRK1	ppi_bidir_r	ppi_prediction
CDH1	MET	ppi_bidir_r	ppi_prediction
PECAM1	ITGB3	ppi_bidir_r	ppi_prediction
CDH3	IGF1R	ppi_bidir_r	ppi_prediction
ITGB2	EGFR	ppi_bidir_r	ppi_prediction
CADM1	ITGB4	ppi_bidir_r	ppi_prediction
L1CAM	ERBB3	ppi_bidir_r	ppi_prediction
CDH5	EGFR	ppi_bidir_r	ppi_prediction
SELP	GP1BA	ppi_bidir_r	ppi_prediction
ITGAM	GP1BA	ppi_bidir_r	ppi_prediction
CDH5	PTPRB	ppi_bidir_r	ppi_prediction
CDH5	EPHA2	ppi_bidir_r	ppi_prediction
CDH5	F2RL2	ppi_bidir_r	ppi_prediction
CNTN1	NOTCH2	ppi_bidir_r	ppi_prediction
CNTN1	PTPRZ1	ppi_bidir_r	ppi_prediction
ICAM1	IL2RA	ppi_bidir_r	ppi_prediction
SELL	CD4	ppi_bidir_r	ppi_prediction
SELE	CD44	ppi_bidir_r	ppi_prediction
MADCAM1	CD44	ppi_bidir_r	ppi_prediction
CNTNAP1	PTPRB	ppi_bidir_r	ppi_prediction
CDH1	FGFR1	ppi_bidir_r	ppi_prediction
L1CAM	FGFR1	ppi_bidir_r	ppi_prediction
CD80	NGFR	ppi_bidir_r	ppi_prediction
MAG	NGFR	ppi_bidir_r	ppi_prediction
CDH1	PTPRF	ppi_bidir_r	ppi_prediction
OCLN	TGFBR1	ppi_bidir_r	ppi_prediction
PTPRC	CD8A	ppi_bidir_r	ppi_prediction
L1CAM	ITGAV	ppi_bidir_r	ppi_prediction
JAM3	ITGAX	ppi_bidir_r	ppi_prediction
JAM3	F2RL2	ppi_bidir_r	ppi_prediction
JAM2	F2RL2	ppi_bidir_r	ppi_prediction
CDH4	MTNR1B	ppi_bidir_r	ppi_prediction
L1CAM	NRP1	ppi_bidir_r	ppi_prediction
ITGB1	FZD6	ppi_bidir_r	ppi_prediction
CDH2	LRP5	ppi_bidir_r	ppi_prediction
CDH2	LRP6	ppi_bidir_r	ppi_prediction
L1CAM	EGFR	ppi_bidir_r	ppi_prediction
CD274	CD4	ppi_bidir_r	ppi_prediction
ITGA4	TFRC	ppi_bidir_r	ppi_prediction
VCAM1	TFRC	ppi_bidir_r	ppi_prediction
ITGB1	NTRK1	ppi_bidir_r	ppi_prediction
CDH2	NTRK1	ppi_bidir_r	ppi_prediction
L1CAM	NTRK1	ppi_bidir_r	ppi_prediction
ALCAM	NTRK1	ppi_bidir_r	ppi_prediction
GLG1	NTRK1	ppi_bidir_r	ppi_prediction
ITGB1	ITGB3	ppi_bidir_r	ppi_prediction
L1CAM	ITGB3	ppi_bidir_r	ppi_prediction
PECAM1	ITGAV	ppi_bidir_r	ppi_prediction
L1CAM	ITGA2B	ppi_bidir_r	ppi_prediction
VCAM1	ITGA5	ppi_bidir_r	ppi_prediction
ITGA4	RPSA	ppi_bidir_r	ppi_prediction
VCAM1	RPSA	ppi_bidir_r	ppi_prediction
VCAM1	IGF2R	ppi_bidir_r	ppi_prediction
VCAM1	GP1BB	ppi_bidir_r	ppi_prediction
CADM3	ITGB4	ppi_bidir_r	ppi_prediction
L1CAM	EPHB2	ppi_bidir_r	ppi_prediction
F11R	TGFBR1	ppi_bidir_r	ppi_prediction
OCLN	TGFBR2	ppi_bidir_r	ppi_prediction
F11R	TGFBR2	ppi_bidir_r	ppi_prediction
CADM1	CADM3	ppi_bidir_bidir	ppi_prediction
CNTN2	NCAM1	ppi_bidir_bidir	ppi_prediction
PTPRC	CD2	ppi_bidir_bidir	ppi_prediction
PTPRC	CD28	ppi_bidir_bidir	ppi_prediction
CNTN2	CNTN1	ppi_bidir_bidir	ppi_prediction
CNTN1	NFASC	ppi_bidir_bidir	ppi_prediction
NEGR1	CNTN1	ppi_bidir_bidir	ppi_prediction
ITGB1	ITGA4	ppi_bidir_bidir	ppi_prediction
ITGB1	ITGA9	ppi_bidir_bidir	ppi_prediction
ITGAL	F11R	ppi_bidir_bidir	ppi_prediction
CD2	PTPRC	ppi_bidir_bidir	ppi_prediction
ITGB2	ITGAM	ppi_bidir_bidir	ppi_prediction
ITGB2	ITGAL	ppi_bidir_bidir	ppi_prediction
ITGB2	JAM3	ppi_bidir_bidir	ppi_prediction
ITGB2	ICAM2	ppi_bidir_bidir	ppi_prediction
ICAM1	ITGAM	ppi_bidir_bidir	ppi_prediction
ITGAM	JAM3	ppi_bidir_bidir	ppi_prediction
ITGAM	ICAM2	ppi_bidir_bidir	ppi_prediction
ITGA4	ITGB7	ppi_bidir_bidir	ppi_prediction
ITGB7	ITGA9	ppi_bidir_bidir	ppi_prediction
ITGB7	MADCAM1	ppi_bidir_bidir	ppi_prediction
CD6	ALCAM	ppi_bidir_bidir	ppi_prediction
L1CAM	CNTN1	ppi_bidir_bidir	ppi_prediction
CNTN1	CNTNAP2	ppi_bidir_bidir	ppi_prediction
ITGA4	MADCAM1	ppi_bidir_bidir	ppi_prediction
SELL	SELE	ppi_bidir_bidir	ppi_prediction
SELE	SELPLG	ppi_bidir_bidir	ppi_prediction
PTPRC	CDH2	ppi_bidir_bidir	ppi_prediction
PTPRC	ITGAL	ppi_bidir_bidir	ppi_prediction
SELL	SELPLG	ppi_bidir_bidir	ppi_prediction
CDH1	PTPRM	ppi_bidir_bidir	ppi_prediction
CDH1	CDH3	ppi_bidir_bidir	ppi_prediction
CDH2	CDH4	ppi_bidir_bidir	ppi_prediction
L1CAM	CNTN2	ppi_bidir_bidir	ppi_prediction
NCAM1	L1CAM	ppi_bidir_bidir	ppi_prediction
NECTIN1	NECTIN3	ppi_bidir_bidir	ppi_prediction
CLDN11	ITGB1	ppi_bidir_bidir	ppi_prediction
NFASC	MPZ	ppi_bidir_bidir	ppi_prediction
ITGB2	F11R	ppi_bidir_bidir	ppi_prediction
ITGB1	L1CAM	ppi_bidir_bidir	ppi_prediction
ITGB1	JAM2	ppi_bidir_bidir	ppi_prediction
ITGB1	JAM3	ppi_bidir_bidir	ppi_prediction
CDH1	CDH2	ppi_bidir_bidir	ppi_prediction
NCAM1	CNTN2	ppi_bidir_bidir	ppi_prediction
ITGA4	JAM2	ppi_bidir_bidir	ppi_prediction
ITGA4	JAM3	ppi_bidir_bidir	ppi_prediction
SELL	CD34	ppi_bidir_bidir	ppi_prediction
CDH2	PTPRM	ppi_bidir_bidir	ppi_prediction
VCAM1	ITGA9	ppi_bidir_bidir	ppi_prediction
PTPRM	CDH4	ppi_bidir_bidir	ppi_prediction
L1CAM	ALCAM	ppi_bidir_bidir	ppi_prediction
L1CAM	ITGA9	ppi_bidir_bidir	ppi_prediction
JAM2	F11R	ppi_bidir_bidir	ppi_prediction
CNTNAP1	CNTN1	ppi_bidir_bidir	ppi_prediction
SELPLG	ESAM	ppi_bidir_bidir	ppi_prediction
NECTIN1	CADM3	ppi_bidir_bidir	ppi_prediction
CADM3	CADM1	ppi_bidir_bidir	ppi_prediction
CADM3	NECTIN3	ppi_bidir_bidir	ppi_prediction
CADM1	NECTIN3	ppi_bidir_bidir	ppi_prediction
IL34	CSF1R	ppi_lr_go	ppi_prediction_go
FGF1	SPHK1	ppi_lr_go	ppi_prediction_go
WNT2	FZD1	ppi_lr_go	ppi_prediction_go
WNT4	SFRP1	ppi_lr_go	ppi_prediction_go
HMGB1	TLR9	ppi_lr_go	ppi_prediction_go
WNT4	P2RX4	ppi_lr_go	ppi_prediction_go
TNF	RACK1	ppi_lr_go	ppi_prediction_go
GPNMB	EGFR	ppi_lr_go	ppi_prediction_go
WNT3	DLG4	ppi_lr_go	ppi_prediction_go
FLRT3	FGFR1	ppi_lr_go	ppi_prediction_go
FGF2	GPC4	ppi_lr_go	ppi_prediction_go
IL1B	ADRB2	ppi_lr_go	ppi_prediction_go
CCL5	PIGR	ppi_lr_go	ppi_prediction_go
CCL5	ACKR1	ppi_lr_go	ppi_prediction_go
KLK3	EPOR	ppi_lr_go	ppi_prediction_go
BDNF	ESR1	ppi_lr_go	ppi_prediction_go
CCL2	ACKR1	ppi_lr_go	ppi_prediction_go
CCL8	ACKR1	ppi_lr_go	ppi_prediction_go
CCL17	ACKR1	ppi_lr_go	ppi_prediction_go
CXCL5	ACKR1	ppi_lr_go	ppi_prediction_go
CCL7	ACKR1	ppi_lr_go	ppi_prediction_go
CRLF2	IL7R	ppi_lr_go	ppi_prediction_go
CRLF1	CNTFR	ppi_lr_go	ppi_prediction_go
PDGFB	LYVE1	ppi_lr_go	ppi_prediction_go
VEGFB	ADRB2	ppi_lr_go	ppi_prediction_go
NRG1	LSR	ppi_lr_go	ppi_prediction_go
NRG1	EXTL3	ppi_lr_go	ppi_prediction_go
FGF1	GPC6	ppi_lr_go	ppi_prediction_go
FAM3C	GLRA2	ppi_lr_go	ppi_prediction_go
HDGF	NTRK1	ppi_lr_go	ppi_prediction_go
VGF	NTRK1	ppi_lr_go	ppi_prediction_go
AIMP1	NTRK1	ppi_lr_go	ppi_prediction_go
HMGB1	NTRK1	ppi_lr_go	ppi_prediction_go
HMGB2	NTRK1	ppi_lr_go	ppi_prediction_go
IL17F	RHO	ppi_lr_go	ppi_prediction_go
INSL6	ALK	ppi_lr_go	ppi_prediction_go
WISP2	IGF1R	ppi_lr_go	ppi_prediction_go
NGF	ROR1	ppi_lr_go	ppi_prediction_go
GDF15	ERBB2	ppi_lr_go	ppi_prediction_go
HMGB1	TLR4	ppi_lr_go	ppi_prediction_go
TGFB1	RHO	ppi_lr_go	ppi_prediction_go
IGF1	RACK1	ppi_lr_go	ppi_prediction_go
HMGB1	TLR2	ppi_lr_go	ppi_prediction_go
HMGB1	TLR1	ppi_lr_go	ppi_prediction_go
NGF	TRPV1	ppi_lr_go	ppi_prediction_go
JAG2	PTK7	ppi_lr_go	ppi_prediction_go
JAG2	LSR	ppi_lr_go	ppi_prediction_go
JAG2	DLG1	ppi_lr_go	ppi_prediction_go
IL12B	VDR	ppi_lr_go	ppi_prediction_go
GMFB	ANXA6	ppi_lr_go	ppi_prediction_go
GMFB	ITPR3	ppi_lr_go	ppi_prediction_go
FBRS	GPC4	ppi_lr_go	ppi_prediction_go
NENF	GRM1	ppi_lr_go	ppi_prediction_go
IL25	ESR1	ppi_lr_go	ppi_prediction_go
HMGB2	ITPR1	ppi_lr_go	ppi_prediction_go
HMGB2	ITPR3	ppi_lr_go	ppi_prediction_go
MANF	GRM1	ppi_lr_go	ppi_prediction_go
TIMP1	LRP1	ppi_lr_go	ppi_prediction_go
KL	INSR	ppi_lr_go	ppi_prediction_go
WNT10B	LRP6	ppi_lr_go	ppi_prediction_go
WNT2	LRP6	ppi_lr_go	ppi_prediction_go
WNT9B	LRP6	ppi_lr_go	ppi_prediction_go
WNT10A	LRP6	ppi_lr_go	ppi_prediction_go
WNT8B	LRP6	ppi_lr_go	ppi_prediction_go
WNT9A	LRP6	ppi_lr_go	ppi_prediction_go
KL	IGF1R	ppi_lr_go	ppi_prediction_go
MIF	CD74	ppi_lr_go	ppi_prediction_go
WNT10B	FZD5	ppi_lr_go	ppi_prediction_go
WNT5A	ROR1	ppi_lr_go	ppi_prediction_go
LGALS3	FAS	ppi_lr_go	ppi_prediction_go
WNT10B	LRP5	ppi_lr_go	ppi_prediction_go
WNT10B	FZD3	ppi_lr_go	ppi_prediction_go
WNT10B	FZD1	ppi_lr_go	ppi_prediction_go
WNT10B	FZD2	ppi_lr_go	ppi_prediction_go
WNT8A	LRP5	ppi_lr_go	ppi_prediction_go
WNT2	LRP5	ppi_lr_go	ppi_prediction_go
WNT9B	LRP5	ppi_lr_go	ppi_prediction_go
WNT10A	LRP5	ppi_lr_go	ppi_prediction_go
WNT9A	LRP5	ppi_lr_go	ppi_prediction_go
GRN	TNFRSF1A	ppi_lr_go	ppi_prediction_go
IL33	IL1RL1	ppi_lr_go	ppi_prediction_go
WNT8A	FZD3	ppi_lr_go	ppi_prediction_go
WNT9B	FZD3	ppi_lr_go	ppi_prediction_go
WNT10A	FZD3	ppi_lr_go	ppi_prediction_go
WNT8B	FZD3	ppi_lr_go	ppi_prediction_go
WNT9A	FZD3	ppi_lr_go	ppi_prediction_go
IL15	INPP5K	ppi_lr_go	ppi_prediction_go
WNT8A	FZD8	ppi_lr_go	ppi_prediction_go
WNT8A	FZD7	ppi_lr_go	ppi_prediction_go
PF4	ACKR1	ppi_lr_go	ppi_prediction_go
APOA1	ABCA1	ppi_lr_go	ppi_prediction_go
WNT9A	MUSK	ppi_lr_go	ppi_prediction_go
WNT9B	CHRNA1	ppi_lr_go	ppi_prediction_go
WNT9A	CHRNA1	ppi_lr_go	ppi_prediction_go
IL27	IL27RA	ppi_lr_go	ppi_prediction_go
NPPA	ESR1	ppi_lr_go	ppi_prediction_go
TTR	LRP2	ppi_lr_go	ppi_prediction_go
TG	LRP2	ppi_lr_go	ppi_prediction_go
IL16	GRIN2C	ppi_lr_go	ppi_prediction_go
WNT3A	DLG4	ppi_lr_go	ppi_prediction_go
WNT3A	DLG1	ppi_lr_go	ppi_prediction_go
TGFA	DLG1	ppi_lr_go	ppi_prediction_go
HMGB1	AR	ppi_lr_go	ppi_prediction_go
KLK3	AR	ppi_lr_go	ppi_prediction_go
IL24	ESR2	ppi_lr_go	ppi_prediction_go
TFF1	ESR2	ppi_lr_go	ppi_prediction_go
OXT	ESR2	ppi_lr_go	ppi_prediction_go
FBN1	EBP	ppi_lr_go	ppi_prediction_go
PTN	RACK1	ppi_lr_go	ppi_prediction_go
TTR	DDR1	ppi_lr_go	ppi_prediction_go
HMGB1	AGER	ppi_lr_go	ppi_prediction_go
HMGB1	AGTRAP	ppi_lr_go	ppi_prediction_go
INS	HLA-DQB1	ppi_lr_go	ppi_prediction_go
INS	HLA-DQA2	ppi_lr_go	ppi_prediction_go
PGLYRP1	TREM1	ppi_lr_go	ppi_prediction_go
GREM1	KDR	ppi_lr_go	ppi_prediction_go
TNF	CALM1	ppi_lr_go	ppi_prediction_go
TGFB1	MCC	ppi_lr_go	ppi_prediction_go
BMP2	ENG	ppi_lr_go	ppi_prediction_go
BMP2	RGMA	ppi_lr_go	ppi_prediction_go
BMP2	RGMB	ppi_lr_go	ppi_prediction_go
BMP2	HFE2	ppi_lr_go	ppi_prediction_go
EGF	VTN	ppi_lr_go	ppi_prediction_go
APOA1	ATP5B	ppi_lr_go	ppi_prediction_go
IGF2	VTN	ppi_lr_go	ppi_prediction_go
CXCL14	CXCR4	ppi_lr_go	ppi_prediction_go
IL18	IL1RL2	ppi_lr_go	ppi_prediction_go
IL33	IL1RAP	ppi_lr_go	ppi_prediction_go
TTR	AGER	ppi_lr_go	ppi_prediction_go
TTR	NGFR	ppi_lr_go	ppi_prediction_go
TTR	INPP5K	ppi_lr_go	ppi_prediction_go
TTR	IL7R	ppi_lr_go	ppi_prediction_go
WNT1	SFRP1	ppi_lr_go	ppi_prediction_go
TGFB1	ENG	ppi_lr_go	ppi_prediction_go
TGFB1	VTN	ppi_lr_go	ppi_prediction_go
TFF1	FGFR2	ppi_lr_go	ppi_prediction_go
TGFB3	ENG	ppi_lr_go	ppi_prediction_go
INHBA	ENG	ppi_lr_go	ppi_prediction_go
MSTN	ACVR2B	ppi_lr_go	ppi_prediction_go
LGALS3	CD6	ppi_lr_go	ppi_prediction_go
IL16	KCNJ15	ppi_lr_go	ppi_prediction_go
BDNF	INPP5K	ppi_lr_go	ppi_prediction_go
APOA1	IL7R	ppi_lr_go	ppi_prediction_go
APOA1	SCARB1	ppi_lr_go	ppi_prediction_go
FGF2	FGFRL1	ppi_lr_go	ppi_prediction_go
NGF	SORCS3	ppi_lr_go	ppi_prediction_go
IGF1	IGSF1	ppi_lr_go	ppi_prediction_go
WNT2	SFRP1	ppi_lr_go	ppi_prediction_go
CHGB	FGFR3	ppi_lr_go	ppi_prediction_go
GRN	SORT1	ppi_lr_go	ppi_prediction_go
BDNF	SORCS2	ppi_lr_go	ppi_prediction_go
POMC	VTN	ppi_lr_go	ppi_prediction_go
TNFRSF11B	VTN	ppi_lr_go	ppi_prediction_go
BMP1	ADRA1A	ppi_lr_go	ppi_prediction_go
NTF3	SORCS2	ppi_lr_go	ppi_prediction_go
GDNF	AGTRAP	ppi_lr_go	ppi_prediction_go
MIF	TNFRSF14	ppi_lr_go	ppi_prediction_go
BMP6	HFE2	ppi_lr_go	ppi_prediction_go
EBI3	IL27RA	ppi_lr_go	ppi_prediction_go
SCGB3A1	MARCO	ppi_lr_go	ppi_prediction_go
TG	ASGR1	ppi_lr_go	ppi_prediction_go
HAMP	SLC40A1	ppi_lr_go	ppi_prediction_go
GAL	GPR151	ppi_lr_go	ppi_prediction_go
TFF1	SIGLEC8	ppi_lr_go	ppi_prediction_go
INHBB	IGSF1	ppi_lr_go	ppi_prediction_go
CORT	GRM6	ppi_lr_go	ppi_prediction_go
CORT	GABBR2	ppi_lr_go	ppi_prediction_go
CORT	S1PR2	ppi_lr_go	ppi_prediction_go
CORT	S1PR4	ppi_lr_go	ppi_prediction_go
CORT	CHRM2	ppi_lr_go	ppi_prediction_go
CORT	CHRM4	ppi_lr_go	ppi_prediction_go
CORT	ADRA2A	ppi_lr_go	ppi_prediction_go
CORT	ADORA3	ppi_lr_go	ppi_prediction_go
CORT	DRD2	ppi_lr_go	ppi_prediction_go
CORT	ADRA2B	ppi_lr_go	ppi_prediction_go
CORT	ADRA2C	ppi_lr_go	ppi_prediction_go
CORT	S1PR1	ppi_lr_go	ppi_prediction_go
CORT	CNR1	ppi_lr_go	ppi_prediction_go
CORT	DRD4	ppi_lr_go	ppi_prediction_go
CORT	ADORA1	ppi_lr_go	ppi_prediction_go
CORT	CNR2	ppi_lr_go	ppi_prediction_go
CORT	DRD3	ppi_lr_go	ppi_prediction_go
CORT	CASR	ppi_lr_go	ppi_prediction_go
CORT	PTGER3	ppi_lr_go	ppi_prediction_go
CORT	HCAR3	ppi_lr_go	ppi_prediction_go
CORT	P2RY4	ppi_lr_go	ppi_prediction_go
CORT	TAS2R38	ppi_lr_go	ppi_prediction_go
CORT	TAS2R39	ppi_lr_go	ppi_prediction_go
CORT	TAS2R40	ppi_lr_go	ppi_prediction_go
CORT	TAS2R41	ppi_lr_go	ppi_prediction_go
CORT	TAS2R31	ppi_lr_go	ppi_prediction_go
CORT	TAS2R46	ppi_lr_go	ppi_prediction_go
CORT	TAS2R60	ppi_lr_go	ppi_prediction_go
CORT	GPR17	ppi_lr_go	ppi_prediction_go
CORT	GPR18	ppi_lr_go	ppi_prediction_go
CORT	GRM2	ppi_lr_go	ppi_prediction_go
CORT	GRM7	ppi_lr_go	ppi_prediction_go
CORT	GRM3	ppi_lr_go	ppi_prediction_go
CORT	HCAR2	ppi_lr_go	ppi_prediction_go
CORT	OXGR1	ppi_lr_go	ppi_prediction_go
CORT	S1PR3	ppi_lr_go	ppi_prediction_go
CORT	GPER1	ppi_lr_go	ppi_prediction_go
CORT	P2RY13	ppi_lr_go	ppi_prediction_go
CORT	SUCNR1	ppi_lr_go	ppi_prediction_go
CORT	HCAR1	ppi_lr_go	ppi_prediction_go
CORT	LPAR5	ppi_lr_go	ppi_prediction_go
CORT	S1PR5	ppi_lr_go	ppi_prediction_go
CORT	P2RY12	ppi_lr_go	ppi_prediction_go
CORT	TAS2R16	ppi_lr_go	ppi_prediction_go
CORT	TAS2R14	ppi_lr_go	ppi_prediction_go
CORT	TAS2R13	ppi_lr_go	ppi_prediction_go
CORT	TAS2R10	ppi_lr_go	ppi_prediction_go
CORT	TAS2R7	ppi_lr_go	ppi_prediction_go
CORT	TAS2R4	ppi_lr_go	ppi_prediction_go
CORT	TAS2R3	ppi_lr_go	ppi_prediction_go
CORT	TAS2R1	ppi_lr_go	ppi_prediction_go
CORT	GABBR1	ppi_lr_go	ppi_prediction_go
CORT	LPAR3	ppi_lr_go	ppi_prediction_go
CORT	GPR55	ppi_lr_go	ppi_prediction_go
TNFRSF11B	TNFRSF11A	ppi_lr_go	ppi_prediction_go
CCL21	GRM6	ppi_lr_go	ppi_prediction_go
CCL21	GABBR2	ppi_lr_go	ppi_prediction_go
CCL21	S1PR2	ppi_lr_go	ppi_prediction_go
CCL21	S1PR4	ppi_lr_go	ppi_prediction_go
CCL21	CHRM2	ppi_lr_go	ppi_prediction_go
CCL21	CHRM4	ppi_lr_go	ppi_prediction_go
CCL21	ADRA2A	ppi_lr_go	ppi_prediction_go
CCL21	ADORA3	ppi_lr_go	ppi_prediction_go
CCL21	DRD2	ppi_lr_go	ppi_prediction_go
CCL21	ADRA2B	ppi_lr_go	ppi_prediction_go
CCL21	ADRA2C	ppi_lr_go	ppi_prediction_go
CCL21	S1PR1	ppi_lr_go	ppi_prediction_go
CCL21	CNR1	ppi_lr_go	ppi_prediction_go
CCL21	DRD4	ppi_lr_go	ppi_prediction_go
CCL21	ADORA1	ppi_lr_go	ppi_prediction_go
CCL21	CNR2	ppi_lr_go	ppi_prediction_go
CCL21	DRD3	ppi_lr_go	ppi_prediction_go
CCL21	CASR	ppi_lr_go	ppi_prediction_go
CCL21	PTGER3	ppi_lr_go	ppi_prediction_go
CCL21	HCAR3	ppi_lr_go	ppi_prediction_go
CCL21	P2RY4	ppi_lr_go	ppi_prediction_go
CCL21	TAS2R38	ppi_lr_go	ppi_prediction_go
CCL21	TAS2R39	ppi_lr_go	ppi_prediction_go
CCL21	TAS2R40	ppi_lr_go	ppi_prediction_go
CCL21	TAS2R41	ppi_lr_go	ppi_prediction_go
CCL21	TAS2R31	ppi_lr_go	ppi_prediction_go
CCL21	TAS2R46	ppi_lr_go	ppi_prediction_go
CCL21	TAS2R60	ppi_lr_go	ppi_prediction_go
CCL21	GPR17	ppi_lr_go	ppi_prediction_go
CCL21	GPR18	ppi_lr_go	ppi_prediction_go
CCL21	GRM2	ppi_lr_go	ppi_prediction_go
CCL21	GRM7	ppi_lr_go	ppi_prediction_go
CCL21	GRM3	ppi_lr_go	ppi_prediction_go
CCL21	HCAR2	ppi_lr_go	ppi_prediction_go
CCL21	OXGR1	ppi_lr_go	ppi_prediction_go
CCL21	S1PR3	ppi_lr_go	ppi_prediction_go
CCL21	GPER1	ppi_lr_go	ppi_prediction_go
CCL21	P2RY13	ppi_lr_go	ppi_prediction_go
CCL21	SUCNR1	ppi_lr_go	ppi_prediction_go
CCL21	HCAR1	ppi_lr_go	ppi_prediction_go
CCL21	LPAR5	ppi_lr_go	ppi_prediction_go
CCL21	S1PR5	ppi_lr_go	ppi_prediction_go
CCL21	P2RY12	ppi_lr_go	ppi_prediction_go
CCL21	TAS2R16	ppi_lr_go	ppi_prediction_go
CCL21	TAS2R14	ppi_lr_go	ppi_prediction_go
CCL21	TAS2R13	ppi_lr_go	ppi_prediction_go
CCL21	TAS2R10	ppi_lr_go	ppi_prediction_go
CCL21	TAS2R7	ppi_lr_go	ppi_prediction_go
CCL21	TAS2R4	ppi_lr_go	ppi_prediction_go
CCL21	TAS2R3	ppi_lr_go	ppi_prediction_go
CCL21	TAS2R1	ppi_lr_go	ppi_prediction_go
CCL21	GABBR1	ppi_lr_go	ppi_prediction_go
CCL21	LPAR3	ppi_lr_go	ppi_prediction_go
CCL21	GPR55	ppi_lr_go	ppi_prediction_go
CXCL11	GRM6	ppi_lr_go	ppi_prediction_go
CXCL11	GABBR2	ppi_lr_go	ppi_prediction_go
CXCL11	S1PR2	ppi_lr_go	ppi_prediction_go
CXCL11	S1PR4	ppi_lr_go	ppi_prediction_go
CXCL11	CHRM2	ppi_lr_go	ppi_prediction_go
CXCL11	CHRM4	ppi_lr_go	ppi_prediction_go
CXCL11	ADRA2A	ppi_lr_go	ppi_prediction_go
CXCL11	ADORA3	ppi_lr_go	ppi_prediction_go
CXCL11	DRD2	ppi_lr_go	ppi_prediction_go
CXCL11	ADRA2B	ppi_lr_go	ppi_prediction_go
CXCL11	ADRA2C	ppi_lr_go	ppi_prediction_go
CXCL11	S1PR1	ppi_lr_go	ppi_prediction_go
CXCL11	CNR1	ppi_lr_go	ppi_prediction_go
CXCL11	DRD4	ppi_lr_go	ppi_prediction_go
CXCL11	ADORA1	ppi_lr_go	ppi_prediction_go
CXCL11	CNR2	ppi_lr_go	ppi_prediction_go
CXCL11	DRD3	ppi_lr_go	ppi_prediction_go
CXCL11	CASR	ppi_lr_go	ppi_prediction_go
CXCL11	PTGER3	ppi_lr_go	ppi_prediction_go
CXCL11	HCAR3	ppi_lr_go	ppi_prediction_go
CXCL11	P2RY4	ppi_lr_go	ppi_prediction_go
CXCL11	TAS2R38	ppi_lr_go	ppi_prediction_go
CXCL11	TAS2R39	ppi_lr_go	ppi_prediction_go
CXCL11	TAS2R40	ppi_lr_go	ppi_prediction_go
CXCL11	TAS2R41	ppi_lr_go	ppi_prediction_go
CXCL11	TAS2R31	ppi_lr_go	ppi_prediction_go
CXCL11	TAS2R46	ppi_lr_go	ppi_prediction_go
CXCL11	TAS2R60	ppi_lr_go	ppi_prediction_go
CXCL11	GPR17	ppi_lr_go	ppi_prediction_go
CXCL11	GPR18	ppi_lr_go	ppi_prediction_go
CXCL11	GRM2	ppi_lr_go	ppi_prediction_go
CXCL11	GRM7	ppi_lr_go	ppi_prediction_go
CXCL11	GRM3	ppi_lr_go	ppi_prediction_go
CXCL11	HCAR2	ppi_lr_go	ppi_prediction_go
CXCL11	OXGR1	ppi_lr_go	ppi_prediction_go
CXCL11	S1PR3	ppi_lr_go	ppi_prediction_go
CXCL11	GPER1	ppi_lr_go	ppi_prediction_go
CXCL11	P2RY13	ppi_lr_go	ppi_prediction_go
CXCL11	SUCNR1	ppi_lr_go	ppi_prediction_go
CXCL11	HCAR1	ppi_lr_go	ppi_prediction_go
CXCL11	LPAR5	ppi_lr_go	ppi_prediction_go
CXCL11	S1PR5	ppi_lr_go	ppi_prediction_go
CXCL11	P2RY12	ppi_lr_go	ppi_prediction_go
CXCL11	TAS2R16	ppi_lr_go	ppi_prediction_go
CXCL11	TAS2R14	ppi_lr_go	ppi_prediction_go
CXCL11	TAS2R13	ppi_lr_go	ppi_prediction_go
CXCL11	TAS2R10	ppi_lr_go	ppi_prediction_go
CXCL11	TAS2R7	ppi_lr_go	ppi_prediction_go
CXCL11	TAS2R4	ppi_lr_go	ppi_prediction_go
CXCL11	TAS2R3	ppi_lr_go	ppi_prediction_go
CXCL11	TAS2R1	ppi_lr_go	ppi_prediction_go
CXCL11	GABBR1	ppi_lr_go	ppi_prediction_go
CXCL11	LPAR3	ppi_lr_go	ppi_prediction_go
CXCL11	GPR55	ppi_lr_go	ppi_prediction_go
MSTN	ACVR1B	ppi_lr_go	ppi_prediction_go
MSTN	TGFBR1	ppi_lr_go	ppi_prediction_go
MSTN	ACVR1C	ppi_lr_go	ppi_prediction_go
WNT9A	PTK7	ppi_lr_go	ppi_prediction_go
NPFF	FFAR2	ppi_lr_go	ppi_prediction_go
NPFF	CHRM5	ppi_lr_go	ppi_prediction_go
NPFF	CHRM1	ppi_lr_go	ppi_prediction_go
NPFF	CHRM3	ppi_lr_go	ppi_prediction_go
NPFF	TBXA2R	ppi_lr_go	ppi_prediction_go
NPFF	ADRA1D	ppi_lr_go	ppi_prediction_go
NPFF	PTAFR	ppi_lr_go	ppi_prediction_go
NPFF	PTGER1	ppi_lr_go	ppi_prediction_go
NPFF	ADRA1A	ppi_lr_go	ppi_prediction_go
NPFF	ADRA1B	ppi_lr_go	ppi_prediction_go
NPFF	CASR	ppi_lr_go	ppi_prediction_go
NPFF	P2RY2	ppi_lr_go	ppi_prediction_go
NPFF	GRM5	ppi_lr_go	ppi_prediction_go
NPFF	PTGFR	ppi_lr_go	ppi_prediction_go
NPFF	LPAR6	ppi_lr_go	ppi_prediction_go
NPFF	GPR4	ppi_lr_go	ppi_prediction_go
NPFF	P2RY1	ppi_lr_go	ppi_prediction_go
NPFF	GRM1	ppi_lr_go	ppi_prediction_go
NPFF	GPR17	ppi_lr_go	ppi_prediction_go
NPFF	P2RY6	ppi_lr_go	ppi_prediction_go
NPFF	LTB4R	ppi_lr_go	ppi_prediction_go
NPFF	GPR68	ppi_lr_go	ppi_prediction_go
NPFF	GPRC6A	ppi_lr_go	ppi_prediction_go
NPFF	GPR65	ppi_lr_go	ppi_prediction_go
NPFF	LPAR5	ppi_lr_go	ppi_prediction_go
NPFF	LTB4R2	ppi_lr_go	ppi_prediction_go
NPFF	CYSLTR2	ppi_lr_go	ppi_prediction_go
NPFF	LPAR3	ppi_lr_go	ppi_prediction_go
NPFF	OPN4	ppi_lr_go	ppi_prediction_go
NPFF	GPR132	ppi_lr_go	ppi_prediction_go
NPFF	CYSLTR1	ppi_lr_go	ppi_prediction_go
CCL25	GABBR2	ppi_lr_go	ppi_prediction_go
CCL25	S1PR2	ppi_lr_go	ppi_prediction_go
CCL25	S1PR4	ppi_lr_go	ppi_prediction_go
CCL25	CHRM2	ppi_lr_go	ppi_prediction_go
CCL25	CHRM4	ppi_lr_go	ppi_prediction_go
CCL25	ADRA2A	ppi_lr_go	ppi_prediction_go
CCL25	ADORA3	ppi_lr_go	ppi_prediction_go
CCL25	DRD2	ppi_lr_go	ppi_prediction_go
CCL25	ADRA2B	ppi_lr_go	ppi_prediction_go
CCL25	ADRA2C	ppi_lr_go	ppi_prediction_go
CCL25	S1PR1	ppi_lr_go	ppi_prediction_go
CCL25	CNR1	ppi_lr_go	ppi_prediction_go
CCL25	DRD4	ppi_lr_go	ppi_prediction_go
CCL25	ADORA1	ppi_lr_go	ppi_prediction_go
CCL25	CNR2	ppi_lr_go	ppi_prediction_go
CCL25	DRD3	ppi_lr_go	ppi_prediction_go
CCL25	CASR	ppi_lr_go	ppi_prediction_go
CCL25	PTGER3	ppi_lr_go	ppi_prediction_go
CCL25	HCAR3	ppi_lr_go	ppi_prediction_go
CCL25	P2RY4	ppi_lr_go	ppi_prediction_go
CCL25	TAS2R38	ppi_lr_go	ppi_prediction_go
CCL25	TAS2R39	ppi_lr_go	ppi_prediction_go
CCL25	TAS2R40	ppi_lr_go	ppi_prediction_go
CCL25	TAS2R41	ppi_lr_go	ppi_prediction_go
CCL25	TAS2R31	ppi_lr_go	ppi_prediction_go
CCL25	TAS2R46	ppi_lr_go	ppi_prediction_go
CCL25	TAS2R60	ppi_lr_go	ppi_prediction_go
CCL25	GPR17	ppi_lr_go	ppi_prediction_go
CCL25	GPR18	ppi_lr_go	ppi_prediction_go
CCL25	GRM2	ppi_lr_go	ppi_prediction_go
CCL25	GRM7	ppi_lr_go	ppi_prediction_go
CCL25	GRM3	ppi_lr_go	ppi_prediction_go
CCL25	HCAR2	ppi_lr_go	ppi_prediction_go
CCL25	OXGR1	ppi_lr_go	ppi_prediction_go
CCL25	S1PR3	ppi_lr_go	ppi_prediction_go
CCL25	GPER1	ppi_lr_go	ppi_prediction_go
CCL25	P2RY13	ppi_lr_go	ppi_prediction_go
CCL25	SUCNR1	ppi_lr_go	ppi_prediction_go
CCL25	HCAR1	ppi_lr_go	ppi_prediction_go
CCL25	LPAR5	ppi_lr_go	ppi_prediction_go
CCL25	S1PR5	ppi_lr_go	ppi_prediction_go
CCL25	P2RY12	ppi_lr_go	ppi_prediction_go
CCL25	TAS2R16	ppi_lr_go	ppi_prediction_go
CCL25	TAS2R14	ppi_lr_go	ppi_prediction_go
CCL25	TAS2R13	ppi_lr_go	ppi_prediction_go
CCL25	TAS2R10	ppi_lr_go	ppi_prediction_go
CCL25	TAS2R7	ppi_lr_go	ppi_prediction_go
CCL25	TAS2R4	ppi_lr_go	ppi_prediction_go
CCL25	TAS2R3	ppi_lr_go	ppi_prediction_go
CCL25	TAS2R1	ppi_lr_go	ppi_prediction_go
CCL25	GABBR1	ppi_lr_go	ppi_prediction_go
CCL25	LPAR3	ppi_lr_go	ppi_prediction_go
CCL25	GPR55	ppi_lr_go	ppi_prediction_go
FGF10	FGFRL1	ppi_lr_go	ppi_prediction_go
FLRT2	FGFR1	ppi_lr_go	ppi_prediction_go
FLRT2	ADGRL3	ppi_lr_go	ppi_prediction_go
TNFSF12	CD163	ppi_lr_go	ppi_prediction_go
HCRT	HLA-DQA1	ppi_lr_go	ppi_prediction_go
HCRT	HLA-DQB1	ppi_lr_go	ppi_prediction_go
HCRT	CHRM5	ppi_lr_go	ppi_prediction_go
HCRT	CHRM1	ppi_lr_go	ppi_prediction_go
HCRT	CHRM3	ppi_lr_go	ppi_prediction_go
HCRT	TBXA2R	ppi_lr_go	ppi_prediction_go
HCRT	ADRA1D	ppi_lr_go	ppi_prediction_go
HCRT	PTAFR	ppi_lr_go	ppi_prediction_go
HCRT	PTGER1	ppi_lr_go	ppi_prediction_go
HCRT	ADRA1A	ppi_lr_go	ppi_prediction_go
HCRT	ADRA1B	ppi_lr_go	ppi_prediction_go
HCRT	CASR	ppi_lr_go	ppi_prediction_go
HCRT	P2RY2	ppi_lr_go	ppi_prediction_go
HCRT	GRM5	ppi_lr_go	ppi_prediction_go
HCRT	PTGFR	ppi_lr_go	ppi_prediction_go
HCRT	LPAR6	ppi_lr_go	ppi_prediction_go
HCRT	GPR4	ppi_lr_go	ppi_prediction_go
HCRT	P2RY1	ppi_lr_go	ppi_prediction_go
HCRT	GRM1	ppi_lr_go	ppi_prediction_go
HCRT	GPR17	ppi_lr_go	ppi_prediction_go
HCRT	P2RY6	ppi_lr_go	ppi_prediction_go
HCRT	LTB4R	ppi_lr_go	ppi_prediction_go
HCRT	GPR68	ppi_lr_go	ppi_prediction_go
HCRT	GPRC6A	ppi_lr_go	ppi_prediction_go
HCRT	GPR65	ppi_lr_go	ppi_prediction_go
HCRT	LPAR5	ppi_lr_go	ppi_prediction_go
HCRT	LTB4R2	ppi_lr_go	ppi_prediction_go
HCRT	CYSLTR2	ppi_lr_go	ppi_prediction_go
HCRT	LPAR3	ppi_lr_go	ppi_prediction_go
HCRT	OPN4	ppi_lr_go	ppi_prediction_go
HCRT	GPR132	ppi_lr_go	ppi_prediction_go
HCRT	CYSLTR1	ppi_lr_go	ppi_prediction_go
CXCL13	GABBR2	ppi_lr_go	ppi_prediction_go
CXCL13	S1PR2	ppi_lr_go	ppi_prediction_go
CXCL13	S1PR4	ppi_lr_go	ppi_prediction_go
CXCL13	CHRM2	ppi_lr_go	ppi_prediction_go
CXCL13	CHRM4	ppi_lr_go	ppi_prediction_go
CXCL13	ADRA2A	ppi_lr_go	ppi_prediction_go
CXCL13	ADORA3	ppi_lr_go	ppi_prediction_go
CXCL13	DRD2	ppi_lr_go	ppi_prediction_go
CXCL13	ADRA2B	ppi_lr_go	ppi_prediction_go
CXCL13	ADRA2C	ppi_lr_go	ppi_prediction_go
CXCL13	S1PR1	ppi_lr_go	ppi_prediction_go
CXCL13	CNR1	ppi_lr_go	ppi_prediction_go
CXCL13	DRD4	ppi_lr_go	ppi_prediction_go
CXCL13	ADORA1	ppi_lr_go	ppi_prediction_go
CXCL13	CNR2	ppi_lr_go	ppi_prediction_go
CXCL13	DRD3	ppi_lr_go	ppi_prediction_go
CXCL13	CASR	ppi_lr_go	ppi_prediction_go
CXCL13	PTGER3	ppi_lr_go	ppi_prediction_go
CXCL13	HCAR3	ppi_lr_go	ppi_prediction_go
CXCL13	P2RY4	ppi_lr_go	ppi_prediction_go
CXCL13	TAS2R38	ppi_lr_go	ppi_prediction_go
CXCL13	TAS2R39	ppi_lr_go	ppi_prediction_go
CXCL13	TAS2R40	ppi_lr_go	ppi_prediction_go
CXCL13	TAS2R41	ppi_lr_go	ppi_prediction_go
CXCL13	TAS2R31	ppi_lr_go	ppi_prediction_go
CXCL13	TAS2R46	ppi_lr_go	ppi_prediction_go
CXCL13	TAS2R60	ppi_lr_go	ppi_prediction_go
CXCL13	GPR17	ppi_lr_go	ppi_prediction_go
CXCL13	GPR18	ppi_lr_go	ppi_prediction_go
CXCL13	GRM2	ppi_lr_go	ppi_prediction_go
CXCL13	GRM7	ppi_lr_go	ppi_prediction_go
CXCL13	GRM3	ppi_lr_go	ppi_prediction_go
CXCL13	HCAR2	ppi_lr_go	ppi_prediction_go
CXCL13	OXGR1	ppi_lr_go	ppi_prediction_go
CXCL13	S1PR3	ppi_lr_go	ppi_prediction_go
CXCL13	GPER1	ppi_lr_go	ppi_prediction_go
CXCL13	P2RY13	ppi_lr_go	ppi_prediction_go
CXCL13	SUCNR1	ppi_lr_go	ppi_prediction_go
CXCL13	HCAR1	ppi_lr_go	ppi_prediction_go
CXCL13	LPAR5	ppi_lr_go	ppi_prediction_go
CXCL13	S1PR5	ppi_lr_go	ppi_prediction_go
CXCL13	P2RY12	ppi_lr_go	ppi_prediction_go
CXCL13	TAS2R16	ppi_lr_go	ppi_prediction_go
CXCL13	TAS2R14	ppi_lr_go	ppi_prediction_go
CXCL13	TAS2R13	ppi_lr_go	ppi_prediction_go
CXCL13	TAS2R10	ppi_lr_go	ppi_prediction_go
CXCL13	TAS2R7	ppi_lr_go	ppi_prediction_go
CXCL13	TAS2R4	ppi_lr_go	ppi_prediction_go
CXCL13	TAS2R3	ppi_lr_go	ppi_prediction_go
CXCL13	TAS2R1	ppi_lr_go	ppi_prediction_go
CXCL13	GABBR1	ppi_lr_go	ppi_prediction_go
CXCL13	LPAR3	ppi_lr_go	ppi_prediction_go
CXCL13	GPR55	ppi_lr_go	ppi_prediction_go
GREM1	FLT1	ppi_lr_go	ppi_prediction_go
CRLF1	IL6ST	ppi_lr_go	ppi_prediction_go
CRLF1	LIFR	ppi_lr_go	ppi_prediction_go
LEFTY1	ACVR2A	ppi_lr_go	ppi_prediction_go
LEFTY1	ACVR1B	ppi_lr_go	ppi_prediction_go
LEFTY1	ACVR2B	ppi_lr_go	ppi_prediction_go
LEFTY1	ACVR1C	ppi_lr_go	ppi_prediction_go
WISP3	SCARB2	ppi_lr_go	ppi_prediction_go
WISP3	SORL1	ppi_lr_go	ppi_prediction_go
GDF11	ANTXR1	ppi_lr_go	ppi_prediction_go
UTS2	CHRM5	ppi_lr_go	ppi_prediction_go
UTS2	CHRM1	ppi_lr_go	ppi_prediction_go
UTS2	CHRM3	ppi_lr_go	ppi_prediction_go
UTS2	TBXA2R	ppi_lr_go	ppi_prediction_go
UTS2	ADRA1D	ppi_lr_go	ppi_prediction_go
UTS2	PTAFR	ppi_lr_go	ppi_prediction_go
UTS2	PTGER1	ppi_lr_go	ppi_prediction_go
UTS2	ADRA1A	ppi_lr_go	ppi_prediction_go
UTS2	ADRA1B	ppi_lr_go	ppi_prediction_go
UTS2	CASR	ppi_lr_go	ppi_prediction_go
UTS2	P2RY2	ppi_lr_go	ppi_prediction_go
UTS2	GRM5	ppi_lr_go	ppi_prediction_go
UTS2	PTGFR	ppi_lr_go	ppi_prediction_go
UTS2	LPAR6	ppi_lr_go	ppi_prediction_go
UTS2	GPR4	ppi_lr_go	ppi_prediction_go
UTS2	P2RY1	ppi_lr_go	ppi_prediction_go
UTS2	GRM1	ppi_lr_go	ppi_prediction_go
UTS2	GPR17	ppi_lr_go	ppi_prediction_go
UTS2	P2RY6	ppi_lr_go	ppi_prediction_go
UTS2	LTB4R	ppi_lr_go	ppi_prediction_go
UTS2	GPR68	ppi_lr_go	ppi_prediction_go
UTS2	GPRC6A	ppi_lr_go	ppi_prediction_go
UTS2	GPR65	ppi_lr_go	ppi_prediction_go
UTS2	LPAR5	ppi_lr_go	ppi_prediction_go
UTS2	LTB4R2	ppi_lr_go	ppi_prediction_go
UTS2	CYSLTR2	ppi_lr_go	ppi_prediction_go
UTS2	LPAR3	ppi_lr_go	ppi_prediction_go
UTS2	OPN4	ppi_lr_go	ppi_prediction_go
UTS2	GPR132	ppi_lr_go	ppi_prediction_go
UTS2	CYSLTR1	ppi_lr_go	ppi_prediction_go
IL33	IL1R1	ppi_lr_go	ppi_prediction_go
F2	VTN	ppi_lr_go	ppi_prediction_go
F2	CHRM5	ppi_lr_go	ppi_prediction_go
F2	CHRM1	ppi_lr_go	ppi_prediction_go
F2	CHRM3	ppi_lr_go	ppi_prediction_go
F2	TBXA2R	ppi_lr_go	ppi_prediction_go
F2	ADRA1D	ppi_lr_go	ppi_prediction_go
F2	PTAFR	ppi_lr_go	ppi_prediction_go
F2	PTGER1	ppi_lr_go	ppi_prediction_go
F2	ADRA1A	ppi_lr_go	ppi_prediction_go
F2	ADRA1B	ppi_lr_go	ppi_prediction_go
F2	CASR	ppi_lr_go	ppi_prediction_go
F2	P2RY2	ppi_lr_go	ppi_prediction_go
F2	GRM5	ppi_lr_go	ppi_prediction_go
F2	PTGFR	ppi_lr_go	ppi_prediction_go
F2	LPAR6	ppi_lr_go	ppi_prediction_go
F2	GPR4	ppi_lr_go	ppi_prediction_go
F2	P2RY1	ppi_lr_go	ppi_prediction_go
F2	GRM1	ppi_lr_go	ppi_prediction_go
F2	GPR17	ppi_lr_go	ppi_prediction_go
F2	P2RY6	ppi_lr_go	ppi_prediction_go
F2	LTB4R	ppi_lr_go	ppi_prediction_go
F2	GPR68	ppi_lr_go	ppi_prediction_go
F2	GPRC6A	ppi_lr_go	ppi_prediction_go
F2	GPR65	ppi_lr_go	ppi_prediction_go
F2	LPAR5	ppi_lr_go	ppi_prediction_go
F2	LTB4R2	ppi_lr_go	ppi_prediction_go
F2	CYSLTR2	ppi_lr_go	ppi_prediction_go
F2	LPAR3	ppi_lr_go	ppi_prediction_go
F2	OPN4	ppi_lr_go	ppi_prediction_go
F2	GPR132	ppi_lr_go	ppi_prediction_go
F2	CYSLTR1	ppi_lr_go	ppi_prediction_go
AGT	CHRM2	ppi_lr_go	ppi_prediction_go
AGT	CHRM4	ppi_lr_go	ppi_prediction_go
AGT	CHRM5	ppi_lr_go	ppi_prediction_go
AGT	ADRA2A	ppi_lr_go	ppi_prediction_go
AGT	ADORA3	ppi_lr_go	ppi_prediction_go
AGT	CHRM1	ppi_lr_go	ppi_prediction_go
AGT	DRD2	ppi_lr_go	ppi_prediction_go
AGT	ANPEP	ppi_lr_go	ppi_prediction_go
AGT	ADRA2B	ppi_lr_go	ppi_prediction_go
AGT	ADRA2C	ppi_lr_go	ppi_prediction_go
AGT	CHRM3	ppi_lr_go	ppi_prediction_go
AGT	S1PR1	ppi_lr_go	ppi_prediction_go
AGT	CNR1	ppi_lr_go	ppi_prediction_go
AGT	TBXA2R	ppi_lr_go	ppi_prediction_go
AGT	DRD4	ppi_lr_go	ppi_prediction_go
AGT	ADRA1D	ppi_lr_go	ppi_prediction_go
AGT	PTAFR	ppi_lr_go	ppi_prediction_go
AGT	ADORA1	ppi_lr_go	ppi_prediction_go
AGT	CNR2	ppi_lr_go	ppi_prediction_go
AGT	PTGER1	ppi_lr_go	ppi_prediction_go
AGT	ADRA1A	ppi_lr_go	ppi_prediction_go
AGT	ADRA1B	ppi_lr_go	ppi_prediction_go
AGT	DRD3	ppi_lr_go	ppi_prediction_go
AGT	CASR	ppi_lr_go	ppi_prediction_go
AGT	P2RY2	ppi_lr_go	ppi_prediction_go
AGT	GRM5	ppi_lr_go	ppi_prediction_go
AGT	PTGFR	ppi_lr_go	ppi_prediction_go
AGT	PTGER3	ppi_lr_go	ppi_prediction_go
AGT	LPAR6	ppi_lr_go	ppi_prediction_go
AGT	GPR4	ppi_lr_go	ppi_prediction_go
AGT	P2RY1	ppi_lr_go	ppi_prediction_go
AGT	HCAR3	ppi_lr_go	ppi_prediction_go
AGT	P2RY4	ppi_lr_go	ppi_prediction_go
AGT	TAS2R38	ppi_lr_go	ppi_prediction_go
AGT	TAS2R39	ppi_lr_go	ppi_prediction_go
AGT	TAS2R40	ppi_lr_go	ppi_prediction_go
AGT	TAS2R41	ppi_lr_go	ppi_prediction_go
AGT	TAS2R31	ppi_lr_go	ppi_prediction_go
AGT	TAS2R46	ppi_lr_go	ppi_prediction_go
AGT	TAS2R60	ppi_lr_go	ppi_prediction_go
AGT	GRM1	ppi_lr_go	ppi_prediction_go
AGT	GPR17	ppi_lr_go	ppi_prediction_go
AGT	GPR18	ppi_lr_go	ppi_prediction_go
AGT	GRM2	ppi_lr_go	ppi_prediction_go
AGT	GRM7	ppi_lr_go	ppi_prediction_go
AGT	GRM3	ppi_lr_go	ppi_prediction_go
AGT	P2RY6	ppi_lr_go	ppi_prediction_go
AGT	LTB4R	ppi_lr_go	ppi_prediction_go
AGT	GPR68	ppi_lr_go	ppi_prediction_go
AGT	GPRC6A	ppi_lr_go	ppi_prediction_go
AGT	GPR65	ppi_lr_go	ppi_prediction_go
AGT	HCAR2	ppi_lr_go	ppi_prediction_go
AGT	OXGR1	ppi_lr_go	ppi_prediction_go
AGT	S1PR3	ppi_lr_go	ppi_prediction_go
AGT	GPER1	ppi_lr_go	ppi_prediction_go
AGT	P2RY13	ppi_lr_go	ppi_prediction_go
AGT	SUCNR1	ppi_lr_go	ppi_prediction_go
AGT	HCAR1	ppi_lr_go	ppi_prediction_go
AGT	LPAR5	ppi_lr_go	ppi_prediction_go
AGT	S1PR5	ppi_lr_go	ppi_prediction_go
AGT	P2RY12	ppi_lr_go	ppi_prediction_go
AGT	LTB4R2	ppi_lr_go	ppi_prediction_go
AGT	CYSLTR2	ppi_lr_go	ppi_prediction_go
AGT	TAS2R16	ppi_lr_go	ppi_prediction_go
AGT	TAS2R14	ppi_lr_go	ppi_prediction_go
AGT	TAS2R13	ppi_lr_go	ppi_prediction_go
AGT	TAS2R10	ppi_lr_go	ppi_prediction_go
AGT	TAS2R7	ppi_lr_go	ppi_prediction_go
AGT	TAS2R4	ppi_lr_go	ppi_prediction_go
AGT	TAS2R3	ppi_lr_go	ppi_prediction_go
AGT	TAS2R1	ppi_lr_go	ppi_prediction_go
AGT	GABBR1	ppi_lr_go	ppi_prediction_go
AGT	LPAR3	ppi_lr_go	ppi_prediction_go
AGT	OPN4	ppi_lr_go	ppi_prediction_go
AGT	GPR132	ppi_lr_go	ppi_prediction_go
AGT	CYSLTR1	ppi_lr_go	ppi_prediction_go
AGT	GPR55	ppi_lr_go	ppi_prediction_go
C5	VTN	ppi_lr_go	ppi_prediction_go
C5	CHRM2	ppi_lr_go	ppi_prediction_go
C5	CHRM4	ppi_lr_go	ppi_prediction_go
C5	ADRA2A	ppi_lr_go	ppi_prediction_go
C5	ADORA3	ppi_lr_go	ppi_prediction_go
C5	DRD2	ppi_lr_go	ppi_prediction_go
C5	ADRA2B	ppi_lr_go	ppi_prediction_go
C5	ADRA2C	ppi_lr_go	ppi_prediction_go
C5	S1PR1	ppi_lr_go	ppi_prediction_go
C5	CNR1	ppi_lr_go	ppi_prediction_go
C5	DRD4	ppi_lr_go	ppi_prediction_go
C5	ADORA1	ppi_lr_go	ppi_prediction_go
C5	CNR2	ppi_lr_go	ppi_prediction_go
C5	DRD3	ppi_lr_go	ppi_prediction_go
C5	CASR	ppi_lr_go	ppi_prediction_go
C5	PTGER3	ppi_lr_go	ppi_prediction_go
C5	HCAR3	ppi_lr_go	ppi_prediction_go
C5	P2RY4	ppi_lr_go	ppi_prediction_go
C5	TAS2R38	ppi_lr_go	ppi_prediction_go
C5	TAS2R39	ppi_lr_go	ppi_prediction_go
C5	TAS2R40	ppi_lr_go	ppi_prediction_go
C5	TAS2R41	ppi_lr_go	ppi_prediction_go
C5	TAS2R31	ppi_lr_go	ppi_prediction_go
C5	TAS2R46	ppi_lr_go	ppi_prediction_go
C5	TAS2R60	ppi_lr_go	ppi_prediction_go
C5	GPR17	ppi_lr_go	ppi_prediction_go
C5	GPR18	ppi_lr_go	ppi_prediction_go
C5	GRM2	ppi_lr_go	ppi_prediction_go
C5	GRM7	ppi_lr_go	ppi_prediction_go
C5	GRM3	ppi_lr_go	ppi_prediction_go
C5	HCAR2	ppi_lr_go	ppi_prediction_go
C5	OXGR1	ppi_lr_go	ppi_prediction_go
C5	S1PR3	ppi_lr_go	ppi_prediction_go
C5	GPER1	ppi_lr_go	ppi_prediction_go
C5	P2RY13	ppi_lr_go	ppi_prediction_go
C5	SUCNR1	ppi_lr_go	ppi_prediction_go
C5	HCAR1	ppi_lr_go	ppi_prediction_go
C5	LPAR5	ppi_lr_go	ppi_prediction_go
C5	S1PR5	ppi_lr_go	ppi_prediction_go
C5	P2RY12	ppi_lr_go	ppi_prediction_go
C5	TAS2R16	ppi_lr_go	ppi_prediction_go
C5	TAS2R14	ppi_lr_go	ppi_prediction_go
C5	TAS2R13	ppi_lr_go	ppi_prediction_go
C5	TAS2R10	ppi_lr_go	ppi_prediction_go
C5	TAS2R7	ppi_lr_go	ppi_prediction_go
C5	TAS2R4	ppi_lr_go	ppi_prediction_go
C5	TAS2R3	ppi_lr_go	ppi_prediction_go
C5	TAS2R1	ppi_lr_go	ppi_prediction_go
C5	GABBR1	ppi_lr_go	ppi_prediction_go
C5	LPAR3	ppi_lr_go	ppi_prediction_go
C5	GPR55	ppi_lr_go	ppi_prediction_go
EGF	CD3D	ppi_lr_go	ppi_prediction_go
EGF	ADRB2	ppi_lr_go	ppi_prediction_go
EGF	CHRM2	ppi_lr_go	ppi_prediction_go
EGF	CD3G	ppi_lr_go	ppi_prediction_go
EGF	CFTR	ppi_lr_go	ppi_prediction_go
EGF	M6PR	ppi_lr_go	ppi_prediction_go
EGF	DAB2	ppi_lr_go	ppi_prediction_go
EGF	SCARB2	ppi_lr_go	ppi_prediction_go
TGFA	FOLR1	ppi_lr_go	ppi_prediction_go
TGFA	GRIA1	ppi_lr_go	ppi_prediction_go
TGFB1	VDR	ppi_lr_go	ppi_prediction_go
NGF	SORCS2	ppi_lr_go	ppi_prediction_go
GNRH1	CHRM5	ppi_lr_go	ppi_prediction_go
GNRH1	CHRM1	ppi_lr_go	ppi_prediction_go
GNRH1	CHRM3	ppi_lr_go	ppi_prediction_go
GNRH1	TBXA2R	ppi_lr_go	ppi_prediction_go
GNRH1	ADRA1D	ppi_lr_go	ppi_prediction_go
GNRH1	PTAFR	ppi_lr_go	ppi_prediction_go
GNRH1	PTGER1	ppi_lr_go	ppi_prediction_go
GNRH1	ADRA1A	ppi_lr_go	ppi_prediction_go
GNRH1	ADRA1B	ppi_lr_go	ppi_prediction_go
GNRH1	CASR	ppi_lr_go	ppi_prediction_go
GNRH1	P2RY2	ppi_lr_go	ppi_prediction_go
GNRH1	GRM5	ppi_lr_go	ppi_prediction_go
GNRH1	PTGFR	ppi_lr_go	ppi_prediction_go
GNRH1	LPAR6	ppi_lr_go	ppi_prediction_go
GNRH1	GPR4	ppi_lr_go	ppi_prediction_go
GNRH1	P2RY1	ppi_lr_go	ppi_prediction_go
GNRH1	GRM1	ppi_lr_go	ppi_prediction_go
GNRH1	GPR17	ppi_lr_go	ppi_prediction_go
GNRH1	P2RY6	ppi_lr_go	ppi_prediction_go
GNRH1	LTB4R	ppi_lr_go	ppi_prediction_go
GNRH1	GPR68	ppi_lr_go	ppi_prediction_go
GNRH1	GPRC6A	ppi_lr_go	ppi_prediction_go
GNRH1	GPR65	ppi_lr_go	ppi_prediction_go
GNRH1	LPAR5	ppi_lr_go	ppi_prediction_go
GNRH1	LTB4R2	ppi_lr_go	ppi_prediction_go
GNRH1	CYSLTR2	ppi_lr_go	ppi_prediction_go
GNRH1	LPAR3	ppi_lr_go	ppi_prediction_go
GNRH1	OPN4	ppi_lr_go	ppi_prediction_go
GNRH1	GPR132	ppi_lr_go	ppi_prediction_go
GNRH1	CYSLTR1	ppi_lr_go	ppi_prediction_go
NPPA	CORIN	ppi_lr_go	ppi_prediction_go
OXT	CHRM5	ppi_lr_go	ppi_prediction_go
OXT	CHRM1	ppi_lr_go	ppi_prediction_go
OXT	CHRM3	ppi_lr_go	ppi_prediction_go
OXT	TBXA2R	ppi_lr_go	ppi_prediction_go
OXT	ADRA1D	ppi_lr_go	ppi_prediction_go
OXT	PTAFR	ppi_lr_go	ppi_prediction_go
OXT	PTGER1	ppi_lr_go	ppi_prediction_go
OXT	ADRA1A	ppi_lr_go	ppi_prediction_go
OXT	ADRA1B	ppi_lr_go	ppi_prediction_go
OXT	CASR	ppi_lr_go	ppi_prediction_go
OXT	P2RY2	ppi_lr_go	ppi_prediction_go
OXT	GRM5	ppi_lr_go	ppi_prediction_go
OXT	PTGFR	ppi_lr_go	ppi_prediction_go
OXT	LPAR6	ppi_lr_go	ppi_prediction_go
OXT	GPR4	ppi_lr_go	ppi_prediction_go
OXT	P2RY1	ppi_lr_go	ppi_prediction_go
OXT	GRM1	ppi_lr_go	ppi_prediction_go
OXT	GPR17	ppi_lr_go	ppi_prediction_go
OXT	P2RY6	ppi_lr_go	ppi_prediction_go
OXT	LTB4R	ppi_lr_go	ppi_prediction_go
OXT	GPR68	ppi_lr_go	ppi_prediction_go
OXT	GPRC6A	ppi_lr_go	ppi_prediction_go
OXT	GPR65	ppi_lr_go	ppi_prediction_go
OXT	LPAR5	ppi_lr_go	ppi_prediction_go
OXT	LTB4R2	ppi_lr_go	ppi_prediction_go
OXT	CYSLTR2	ppi_lr_go	ppi_prediction_go
OXT	LPAR3	ppi_lr_go	ppi_prediction_go
OXT	OPN4	ppi_lr_go	ppi_prediction_go
OXT	GPR132	ppi_lr_go	ppi_prediction_go
OXT	CYSLTR1	ppi_lr_go	ppi_prediction_go
AVP	CD3D	ppi_lr_go	ppi_prediction_go
AVP	ADRB2	ppi_lr_go	ppi_prediction_go
AVP	CHRM2	ppi_lr_go	ppi_prediction_go
AVP	ADRB1	ppi_lr_go	ppi_prediction_go
AVP	CHRM5	ppi_lr_go	ppi_prediction_go
AVP	CD3G	ppi_lr_go	ppi_prediction_go
AVP	CHRM1	ppi_lr_go	ppi_prediction_go
AVP	CFTR	ppi_lr_go	ppi_prediction_go
AVP	ADRB3	ppi_lr_go	ppi_prediction_go
AVP	CHRM3	ppi_lr_go	ppi_prediction_go
AVP	M6PR	ppi_lr_go	ppi_prediction_go
AVP	DRD1	ppi_lr_go	ppi_prediction_go
AVP	TBXA2R	ppi_lr_go	ppi_prediction_go
AVP	DRD5	ppi_lr_go	ppi_prediction_go
AVP	ADRA1D	ppi_lr_go	ppi_prediction_go
AVP	PTAFR	ppi_lr_go	ppi_prediction_go
AVP	ADORA2A	ppi_lr_go	ppi_prediction_go
AVP	ADORA2B	ppi_lr_go	ppi_prediction_go
AVP	PTGER1	ppi_lr_go	ppi_prediction_go
AVP	ADRA1A	ppi_lr_go	ppi_prediction_go
AVP	ADRA1B	ppi_lr_go	ppi_prediction_go
AVP	PTGER4	ppi_lr_go	ppi_prediction_go
AVP	CASR	ppi_lr_go	ppi_prediction_go
AVP	P2RY2	ppi_lr_go	ppi_prediction_go
AVP	GRM5	ppi_lr_go	ppi_prediction_go
AVP	PTGFR	ppi_lr_go	ppi_prediction_go
AVP	PTGER2	ppi_lr_go	ppi_prediction_go
AVP	PTGIR	ppi_lr_go	ppi_prediction_go
AVP	LPAR6	ppi_lr_go	ppi_prediction_go
AVP	GPR4	ppi_lr_go	ppi_prediction_go
AVP	P2RY1	ppi_lr_go	ppi_prediction_go
AVP	GPR15	ppi_lr_go	ppi_prediction_go
AVP	DAB2	ppi_lr_go	ppi_prediction_go
AVP	GRM1	ppi_lr_go	ppi_prediction_go
AVP	PTGDR	ppi_lr_go	ppi_prediction_go
AVP	GPR17	ppi_lr_go	ppi_prediction_go
AVP	SCARB2	ppi_lr_go	ppi_prediction_go
AVP	GPR176	ppi_lr_go	ppi_prediction_go
AVP	P2RY6	ppi_lr_go	ppi_prediction_go
AVP	LTB4R	ppi_lr_go	ppi_prediction_go
AVP	GPR68	ppi_lr_go	ppi_prediction_go
AVP	GPRC6A	ppi_lr_go	ppi_prediction_go
AVP	GPR65	ppi_lr_go	ppi_prediction_go
AVP	GPR150	ppi_lr_go	ppi_prediction_go
AVP	GPBAR1	ppi_lr_go	ppi_prediction_go
AVP	TAAR1	ppi_lr_go	ppi_prediction_go
AVP	GPR20	ppi_lr_go	ppi_prediction_go
AVP	LPAR5	ppi_lr_go	ppi_prediction_go
AVP	LTB4R2	ppi_lr_go	ppi_prediction_go
AVP	GPR84	ppi_lr_go	ppi_prediction_go
AVP	GPR27	ppi_lr_go	ppi_prediction_go
AVP	CYSLTR2	ppi_lr_go	ppi_prediction_go
AVP	GPR83	ppi_lr_go	ppi_prediction_go
AVP	LPAR3	ppi_lr_go	ppi_prediction_go
AVP	OPN4	ppi_lr_go	ppi_prediction_go
AVP	GPR132	ppi_lr_go	ppi_prediction_go
AVP	CYSLTR1	ppi_lr_go	ppi_prediction_go
AVP	GPR45	ppi_lr_go	ppi_prediction_go
POMC	ADRB2	ppi_lr_go	ppi_prediction_go
POMC	CHRM2	ppi_lr_go	ppi_prediction_go
POMC	CHRM4	ppi_lr_go	ppi_prediction_go
POMC	ADRB1	ppi_lr_go	ppi_prediction_go
POMC	ADRA2A	ppi_lr_go	ppi_prediction_go
POMC	ADORA3	ppi_lr_go	ppi_prediction_go
POMC	ADRB3	ppi_lr_go	ppi_prediction_go
POMC	DRD2	ppi_lr_go	ppi_prediction_go
POMC	ADRA2B	ppi_lr_go	ppi_prediction_go
POMC	ADRA2C	ppi_lr_go	ppi_prediction_go
POMC	GNAT2	ppi_lr_go	ppi_prediction_go
POMC	S1PR1	ppi_lr_go	ppi_prediction_go
POMC	CNR1	ppi_lr_go	ppi_prediction_go
POMC	DRD1	ppi_lr_go	ppi_prediction_go
POMC	DRD4	ppi_lr_go	ppi_prediction_go
POMC	DRD5	ppi_lr_go	ppi_prediction_go
POMC	ADORA2A	ppi_lr_go	ppi_prediction_go
POMC	ADORA2B	ppi_lr_go	ppi_prediction_go
POMC	ADORA1	ppi_lr_go	ppi_prediction_go
POMC	CNR2	ppi_lr_go	ppi_prediction_go
POMC	PTGER4	ppi_lr_go	ppi_prediction_go
POMC	DRD3	ppi_lr_go	ppi_prediction_go
POMC	CASR	ppi_lr_go	ppi_prediction_go
POMC	PTGER3	ppi_lr_go	ppi_prediction_go
POMC	PTGER2	ppi_lr_go	ppi_prediction_go
POMC	PTGIR	ppi_lr_go	ppi_prediction_go
POMC	HCAR3	ppi_lr_go	ppi_prediction_go
POMC	GPR15	ppi_lr_go	ppi_prediction_go
POMC	P2RY4	ppi_lr_go	ppi_prediction_go
POMC	TAS2R38	ppi_lr_go	ppi_prediction_go
POMC	TAS2R39	ppi_lr_go	ppi_prediction_go
POMC	TAS2R40	ppi_lr_go	ppi_prediction_go
POMC	TAS2R41	ppi_lr_go	ppi_prediction_go
POMC	TAS2R31	ppi_lr_go	ppi_prediction_go
POMC	TAS2R46	ppi_lr_go	ppi_prediction_go
POMC	TAS2R60	ppi_lr_go	ppi_prediction_go
POMC	PTGDR	ppi_lr_go	ppi_prediction_go
POMC	GPR17	ppi_lr_go	ppi_prediction_go
POMC	GPR18	ppi_lr_go	ppi_prediction_go
POMC	GRM2	ppi_lr_go	ppi_prediction_go
POMC	GPR176	ppi_lr_go	ppi_prediction_go
POMC	GRM7	ppi_lr_go	ppi_prediction_go
POMC	GRM3	ppi_lr_go	ppi_prediction_go
POMC	GPR150	ppi_lr_go	ppi_prediction_go
POMC	HCAR2	ppi_lr_go	ppi_prediction_go
POMC	GPBAR1	ppi_lr_go	ppi_prediction_go
POMC	OXGR1	ppi_lr_go	ppi_prediction_go
POMC	TAAR1	ppi_lr_go	ppi_prediction_go
POMC	S1PR3	ppi_lr_go	ppi_prediction_go
POMC	GPER1	ppi_lr_go	ppi_prediction_go
POMC	GPR20	ppi_lr_go	ppi_prediction_go
POMC	P2RY13	ppi_lr_go	ppi_prediction_go
POMC	SUCNR1	ppi_lr_go	ppi_prediction_go
POMC	HCAR1	ppi_lr_go	ppi_prediction_go
POMC	LPAR5	ppi_lr_go	ppi_prediction_go
POMC	S1PR5	ppi_lr_go	ppi_prediction_go
POMC	P2RY12	ppi_lr_go	ppi_prediction_go
POMC	GPR84	ppi_lr_go	ppi_prediction_go
POMC	GPR27	ppi_lr_go	ppi_prediction_go
POMC	GPR83	ppi_lr_go	ppi_prediction_go
POMC	TAS2R16	ppi_lr_go	ppi_prediction_go
POMC	TAS2R14	ppi_lr_go	ppi_prediction_go
POMC	TAS2R13	ppi_lr_go	ppi_prediction_go
POMC	TAS2R10	ppi_lr_go	ppi_prediction_go
POMC	TAS2R7	ppi_lr_go	ppi_prediction_go
POMC	TAS2R4	ppi_lr_go	ppi_prediction_go
POMC	TAS2R3	ppi_lr_go	ppi_prediction_go
POMC	TAS2R1	ppi_lr_go	ppi_prediction_go
POMC	GABBR1	ppi_lr_go	ppi_prediction_go
POMC	LPAR3	ppi_lr_go	ppi_prediction_go
POMC	GPR55	ppi_lr_go	ppi_prediction_go
POMC	GPR45	ppi_lr_go	ppi_prediction_go
PENK	CHRM2	ppi_lr_go	ppi_prediction_go
PENK	CHRM4	ppi_lr_go	ppi_prediction_go
PENK	ADRA2A	ppi_lr_go	ppi_prediction_go
PENK	ADORA3	ppi_lr_go	ppi_prediction_go
PENK	DRD2	ppi_lr_go	ppi_prediction_go
PENK	ADRA2B	ppi_lr_go	ppi_prediction_go
PENK	ADRA2C	ppi_lr_go	ppi_prediction_go
PENK	S1PR1	ppi_lr_go	ppi_prediction_go
PENK	CNR1	ppi_lr_go	ppi_prediction_go
PENK	DRD4	ppi_lr_go	ppi_prediction_go
PENK	ADORA1	ppi_lr_go	ppi_prediction_go
PENK	CNR2	ppi_lr_go	ppi_prediction_go
PENK	DRD3	ppi_lr_go	ppi_prediction_go
PENK	CASR	ppi_lr_go	ppi_prediction_go
PENK	PTGER3	ppi_lr_go	ppi_prediction_go
PENK	HCAR3	ppi_lr_go	ppi_prediction_go
PENK	P2RY4	ppi_lr_go	ppi_prediction_go
PENK	TAS2R38	ppi_lr_go	ppi_prediction_go
PENK	TAS2R39	ppi_lr_go	ppi_prediction_go
PENK	TAS2R40	ppi_lr_go	ppi_prediction_go
PENK	TAS2R41	ppi_lr_go	ppi_prediction_go
PENK	TAS2R31	ppi_lr_go	ppi_prediction_go
PENK	TAS2R46	ppi_lr_go	ppi_prediction_go
PENK	TAS2R60	ppi_lr_go	ppi_prediction_go
PENK	GPR17	ppi_lr_go	ppi_prediction_go
PENK	GPR18	ppi_lr_go	ppi_prediction_go
PENK	GRM2	ppi_lr_go	ppi_prediction_go
PENK	GRM7	ppi_lr_go	ppi_prediction_go
PENK	GRM3	ppi_lr_go	ppi_prediction_go
PENK	HCAR2	ppi_lr_go	ppi_prediction_go
PENK	OXGR1	ppi_lr_go	ppi_prediction_go
PENK	S1PR3	ppi_lr_go	ppi_prediction_go
PENK	GPER1	ppi_lr_go	ppi_prediction_go
PENK	P2RY13	ppi_lr_go	ppi_prediction_go
PENK	SUCNR1	ppi_lr_go	ppi_prediction_go
PENK	HCAR1	ppi_lr_go	ppi_prediction_go
PENK	LPAR5	ppi_lr_go	ppi_prediction_go
PENK	S1PR5	ppi_lr_go	ppi_prediction_go
PENK	P2RY12	ppi_lr_go	ppi_prediction_go
PENK	TAS2R16	ppi_lr_go	ppi_prediction_go
PENK	TAS2R14	ppi_lr_go	ppi_prediction_go
PENK	TAS2R13	ppi_lr_go	ppi_prediction_go
PENK	TAS2R10	ppi_lr_go	ppi_prediction_go
PENK	TAS2R7	ppi_lr_go	ppi_prediction_go
PENK	TAS2R4	ppi_lr_go	ppi_prediction_go
PENK	TAS2R3	ppi_lr_go	ppi_prediction_go
PENK	TAS2R1	ppi_lr_go	ppi_prediction_go
PENK	GABBR1	ppi_lr_go	ppi_prediction_go
PENK	LPAR3	ppi_lr_go	ppi_prediction_go
PENK	GPR55	ppi_lr_go	ppi_prediction_go
PDYN	CHRM2	ppi_lr_go	ppi_prediction_go
PDYN	CHRM4	ppi_lr_go	ppi_prediction_go
PDYN	ADRA2A	ppi_lr_go	ppi_prediction_go
PDYN	ADORA3	ppi_lr_go	ppi_prediction_go
PDYN	DRD2	ppi_lr_go	ppi_prediction_go
PDYN	ADRA2B	ppi_lr_go	ppi_prediction_go
PDYN	ADRA2C	ppi_lr_go	ppi_prediction_go
PDYN	GNAT2	ppi_lr_go	ppi_prediction_go
PDYN	S1PR1	ppi_lr_go	ppi_prediction_go
PDYN	CNR1	ppi_lr_go	ppi_prediction_go
PDYN	DRD4	ppi_lr_go	ppi_prediction_go
PDYN	ADORA1	ppi_lr_go	ppi_prediction_go
PDYN	CNR2	ppi_lr_go	ppi_prediction_go
PDYN	DRD3	ppi_lr_go	ppi_prediction_go
PDYN	CASR	ppi_lr_go	ppi_prediction_go
PDYN	PTGER3	ppi_lr_go	ppi_prediction_go
PDYN	HCAR3	ppi_lr_go	ppi_prediction_go
PDYN	P2RY4	ppi_lr_go	ppi_prediction_go
PDYN	TAS2R38	ppi_lr_go	ppi_prediction_go
PDYN	TAS2R39	ppi_lr_go	ppi_prediction_go
PDYN	TAS2R40	ppi_lr_go	ppi_prediction_go
PDYN	TAS2R41	ppi_lr_go	ppi_prediction_go
PDYN	TAS2R31	ppi_lr_go	ppi_prediction_go
PDYN	TAS2R46	ppi_lr_go	ppi_prediction_go
PDYN	TAS2R60	ppi_lr_go	ppi_prediction_go
PDYN	GPR17	ppi_lr_go	ppi_prediction_go
PDYN	GPR18	ppi_lr_go	ppi_prediction_go
PDYN	GRM2	ppi_lr_go	ppi_prediction_go
PDYN	GRM7	ppi_lr_go	ppi_prediction_go
PDYN	GRM3	ppi_lr_go	ppi_prediction_go
PDYN	HCAR2	ppi_lr_go	ppi_prediction_go
PDYN	OXGR1	ppi_lr_go	ppi_prediction_go
PDYN	S1PR3	ppi_lr_go	ppi_prediction_go
PDYN	GPER1	ppi_lr_go	ppi_prediction_go
PDYN	P2RY13	ppi_lr_go	ppi_prediction_go
PDYN	SUCNR1	ppi_lr_go	ppi_prediction_go
PDYN	HCAR1	ppi_lr_go	ppi_prediction_go
PDYN	LPAR5	ppi_lr_go	ppi_prediction_go
PDYN	S1PR5	ppi_lr_go	ppi_prediction_go
PDYN	P2RY12	ppi_lr_go	ppi_prediction_go
PDYN	TAS2R16	ppi_lr_go	ppi_prediction_go
PDYN	TAS2R14	ppi_lr_go	ppi_prediction_go
PDYN	TAS2R13	ppi_lr_go	ppi_prediction_go
PDYN	TAS2R10	ppi_lr_go	ppi_prediction_go
PDYN	TAS2R7	ppi_lr_go	ppi_prediction_go
PDYN	TAS2R4	ppi_lr_go	ppi_prediction_go
PDYN	TAS2R3	ppi_lr_go	ppi_prediction_go
PDYN	TAS2R1	ppi_lr_go	ppi_prediction_go
PDYN	GABBR1	ppi_lr_go	ppi_prediction_go
PDYN	LPAR3	ppi_lr_go	ppi_prediction_go
PDYN	GPR55	ppi_lr_go	ppi_prediction_go
CGA	ADRB2	ppi_lr_go	ppi_prediction_go
CGA	ADRB1	ppi_lr_go	ppi_prediction_go
CGA	ADRB3	ppi_lr_go	ppi_prediction_go
CGA	DRD1	ppi_lr_go	ppi_prediction_go
CGA	DRD5	ppi_lr_go	ppi_prediction_go
CGA	ADORA2A	ppi_lr_go	ppi_prediction_go
CGA	ADORA2B	ppi_lr_go	ppi_prediction_go
CGA	PTGER4	ppi_lr_go	ppi_prediction_go
CGA	PTGER2	ppi_lr_go	ppi_prediction_go
CGA	PTGIR	ppi_lr_go	ppi_prediction_go
CGA	GPR15	ppi_lr_go	ppi_prediction_go
CGA	PTGDR	ppi_lr_go	ppi_prediction_go
CGA	GPR176	ppi_lr_go	ppi_prediction_go
CGA	GPR150	ppi_lr_go	ppi_prediction_go
CGA	GPBAR1	ppi_lr_go	ppi_prediction_go
CGA	TAAR1	ppi_lr_go	ppi_prediction_go
CGA	GPR20	ppi_lr_go	ppi_prediction_go
CGA	GPR84	ppi_lr_go	ppi_prediction_go
CGA	GPR27	ppi_lr_go	ppi_prediction_go
CGA	GPR83	ppi_lr_go	ppi_prediction_go
CGA	GPR45	ppi_lr_go	ppi_prediction_go
TSHB	ADRB2	ppi_lr_go	ppi_prediction_go
TSHB	ADRB1	ppi_lr_go	ppi_prediction_go
TSHB	ADRB3	ppi_lr_go	ppi_prediction_go
TSHB	DRD1	ppi_lr_go	ppi_prediction_go
TSHB	DRD5	ppi_lr_go	ppi_prediction_go
TSHB	ADORA2A	ppi_lr_go	ppi_prediction_go
TSHB	ADORA2B	ppi_lr_go	ppi_prediction_go
TSHB	PTGER4	ppi_lr_go	ppi_prediction_go
TSHB	PTGER2	ppi_lr_go	ppi_prediction_go
TSHB	PTGIR	ppi_lr_go	ppi_prediction_go
TSHB	GPR15	ppi_lr_go	ppi_prediction_go
TSHB	PTGDR	ppi_lr_go	ppi_prediction_go
TSHB	GPR176	ppi_lr_go	ppi_prediction_go
TSHB	GPR150	ppi_lr_go	ppi_prediction_go
TSHB	GPBAR1	ppi_lr_go	ppi_prediction_go
TSHB	TAAR1	ppi_lr_go	ppi_prediction_go
TSHB	GPR20	ppi_lr_go	ppi_prediction_go
TSHB	GPR84	ppi_lr_go	ppi_prediction_go
TSHB	GPR27	ppi_lr_go	ppi_prediction_go
TSHB	GPR83	ppi_lr_go	ppi_prediction_go
TSHB	GPR45	ppi_lr_go	ppi_prediction_go
FSHB	ADRB2	ppi_lr_go	ppi_prediction_go
FSHB	ADRB1	ppi_lr_go	ppi_prediction_go
FSHB	ADRB3	ppi_lr_go	ppi_prediction_go
FSHB	DRD1	ppi_lr_go	ppi_prediction_go
FSHB	DRD5	ppi_lr_go	ppi_prediction_go
FSHB	ADORA2A	ppi_lr_go	ppi_prediction_go
FSHB	ADORA2B	ppi_lr_go	ppi_prediction_go
FSHB	PTGER4	ppi_lr_go	ppi_prediction_go
FSHB	PTGER2	ppi_lr_go	ppi_prediction_go
FSHB	PTGIR	ppi_lr_go	ppi_prediction_go
FSHB	GPR15	ppi_lr_go	ppi_prediction_go
FSHB	PTGDR	ppi_lr_go	ppi_prediction_go
FSHB	GPR176	ppi_lr_go	ppi_prediction_go
FSHB	GPR150	ppi_lr_go	ppi_prediction_go
FSHB	GPBAR1	ppi_lr_go	ppi_prediction_go
FSHB	TAAR1	ppi_lr_go	ppi_prediction_go
FSHB	GPR20	ppi_lr_go	ppi_prediction_go
FSHB	GPR84	ppi_lr_go	ppi_prediction_go
FSHB	GPR27	ppi_lr_go	ppi_prediction_go
FSHB	GPR83	ppi_lr_go	ppi_prediction_go
FSHB	GPR45	ppi_lr_go	ppi_prediction_go
LHB	ADRB2	ppi_lr_go	ppi_prediction_go
LHB	ADRB1	ppi_lr_go	ppi_prediction_go
LHB	ADRB3	ppi_lr_go	ppi_prediction_go
LHB	DRD1	ppi_lr_go	ppi_prediction_go
LHB	DRD5	ppi_lr_go	ppi_prediction_go
LHB	ADORA2A	ppi_lr_go	ppi_prediction_go
LHB	ADORA2B	ppi_lr_go	ppi_prediction_go
LHB	PTGER4	ppi_lr_go	ppi_prediction_go
LHB	PTGER2	ppi_lr_go	ppi_prediction_go
LHB	PTGIR	ppi_lr_go	ppi_prediction_go
LHB	GPR15	ppi_lr_go	ppi_prediction_go
LHB	PTGDR	ppi_lr_go	ppi_prediction_go
LHB	GPR176	ppi_lr_go	ppi_prediction_go
LHB	GPR150	ppi_lr_go	ppi_prediction_go
LHB	GPBAR1	ppi_lr_go	ppi_prediction_go
LHB	TAAR1	ppi_lr_go	ppi_prediction_go
LHB	GPR20	ppi_lr_go	ppi_prediction_go
LHB	GPR84	ppi_lr_go	ppi_prediction_go
LHB	GPR27	ppi_lr_go	ppi_prediction_go
LHB	GPR83	ppi_lr_go	ppi_prediction_go
LHB	GPR45	ppi_lr_go	ppi_prediction_go
PRL	HLA-DQB2	ppi_lr_go	ppi_prediction_go
PRL	TRAM1	ppi_lr_go	ppi_prediction_go
CALCA	ADRB2	ppi_lr_go	ppi_prediction_go
CALCA	ADRB1	ppi_lr_go	ppi_prediction_go
CALCA	ADRB3	ppi_lr_go	ppi_prediction_go
CALCA	DRD1	ppi_lr_go	ppi_prediction_go
CALCA	DRD5	ppi_lr_go	ppi_prediction_go
CALCA	ADORA2A	ppi_lr_go	ppi_prediction_go
CALCA	ADORA2B	ppi_lr_go	ppi_prediction_go
CALCA	PTGER4	ppi_lr_go	ppi_prediction_go
CALCA	PTGER2	ppi_lr_go	ppi_prediction_go
CALCA	PTGIR	ppi_lr_go	ppi_prediction_go
CALCA	GPR15	ppi_lr_go	ppi_prediction_go
CALCA	PTGDR	ppi_lr_go	ppi_prediction_go
CALCA	GPR176	ppi_lr_go	ppi_prediction_go
CALCA	GPR150	ppi_lr_go	ppi_prediction_go
CALCA	GPBAR1	ppi_lr_go	ppi_prediction_go
CALCA	TAAR1	ppi_lr_go	ppi_prediction_go
CALCA	GPR20	ppi_lr_go	ppi_prediction_go
CALCA	GPR84	ppi_lr_go	ppi_prediction_go
CALCA	GPR27	ppi_lr_go	ppi_prediction_go
CALCA	GPR83	ppi_lr_go	ppi_prediction_go
CALCA	GPR45	ppi_lr_go	ppi_prediction_go
PTH	ADRB2	ppi_lr_go	ppi_prediction_go
PTH	ADRB1	ppi_lr_go	ppi_prediction_go
PTH	ADRB3	ppi_lr_go	ppi_prediction_go
PTH	DRD1	ppi_lr_go	ppi_prediction_go
PTH	DRD5	ppi_lr_go	ppi_prediction_go
PTH	ADORA2A	ppi_lr_go	ppi_prediction_go
PTH	ADORA2B	ppi_lr_go	ppi_prediction_go
PTH	PTGER4	ppi_lr_go	ppi_prediction_go
PTH	PTGER2	ppi_lr_go	ppi_prediction_go
PTH	PTGIR	ppi_lr_go	ppi_prediction_go
PTH	GPR15	ppi_lr_go	ppi_prediction_go
PTH	PTGDR	ppi_lr_go	ppi_prediction_go
PTH	GPR176	ppi_lr_go	ppi_prediction_go
PTH	GPR150	ppi_lr_go	ppi_prediction_go
PTH	GPBAR1	ppi_lr_go	ppi_prediction_go
PTH	TAAR1	ppi_lr_go	ppi_prediction_go
PTH	GPR20	ppi_lr_go	ppi_prediction_go
PTH	GPR84	ppi_lr_go	ppi_prediction_go
PTH	GPR27	ppi_lr_go	ppi_prediction_go
PTH	GPR83	ppi_lr_go	ppi_prediction_go
PTH	GPR45	ppi_lr_go	ppi_prediction_go
GCG	ADRB2	ppi_lr_go	ppi_prediction_go
GCG	ADRB1	ppi_lr_go	ppi_prediction_go
GCG	CHRM5	ppi_lr_go	ppi_prediction_go
GCG	CHRM1	ppi_lr_go	ppi_prediction_go
GCG	ADRB3	ppi_lr_go	ppi_prediction_go
GCG	CHRM3	ppi_lr_go	ppi_prediction_go
GCG	DRD1	ppi_lr_go	ppi_prediction_go
GCG	TBXA2R	ppi_lr_go	ppi_prediction_go
GCG	DRD5	ppi_lr_go	ppi_prediction_go
GCG	ADRA1D	ppi_lr_go	ppi_prediction_go
GCG	PTAFR	ppi_lr_go	ppi_prediction_go
GCG	ADORA2A	ppi_lr_go	ppi_prediction_go
GCG	ADORA2B	ppi_lr_go	ppi_prediction_go
GCG	PTGER1	ppi_lr_go	ppi_prediction_go
GCG	ADRA1A	ppi_lr_go	ppi_prediction_go
GCG	ADRA1B	ppi_lr_go	ppi_prediction_go
GCG	PTGER4	ppi_lr_go	ppi_prediction_go
GCG	CASR	ppi_lr_go	ppi_prediction_go
GCG	P2RY2	ppi_lr_go	ppi_prediction_go
GCG	GRM5	ppi_lr_go	ppi_prediction_go
GCG	PTGFR	ppi_lr_go	ppi_prediction_go
GCG	PTGER2	ppi_lr_go	ppi_prediction_go
GCG	PTGIR	ppi_lr_go	ppi_prediction_go
GCG	LPAR6	ppi_lr_go	ppi_prediction_go
GCG	GPR4	ppi_lr_go	ppi_prediction_go
GCG	P2RY1	ppi_lr_go	ppi_prediction_go
GCG	GPR15	ppi_lr_go	ppi_prediction_go
GCG	GRM1	ppi_lr_go	ppi_prediction_go
GCG	PTGDR	ppi_lr_go	ppi_prediction_go
GCG	GPR17	ppi_lr_go	ppi_prediction_go
GCG	GPR176	ppi_lr_go	ppi_prediction_go
GCG	P2RY6	ppi_lr_go	ppi_prediction_go
GCG	LTB4R	ppi_lr_go	ppi_prediction_go
GCG	GPR68	ppi_lr_go	ppi_prediction_go
GCG	GPRC6A	ppi_lr_go	ppi_prediction_go
GCG	GPR65	ppi_lr_go	ppi_prediction_go
GCG	GPR150	ppi_lr_go	ppi_prediction_go
GCG	GPBAR1	ppi_lr_go	ppi_prediction_go
GCG	TAAR1	ppi_lr_go	ppi_prediction_go
GCG	GPR20	ppi_lr_go	ppi_prediction_go
GCG	LPAR5	ppi_lr_go	ppi_prediction_go
GCG	LTB4R2	ppi_lr_go	ppi_prediction_go
GCG	GPR84	ppi_lr_go	ppi_prediction_go
GCG	GPR27	ppi_lr_go	ppi_prediction_go
GCG	CYSLTR2	ppi_lr_go	ppi_prediction_go
GCG	GPR83	ppi_lr_go	ppi_prediction_go
GCG	LPAR3	ppi_lr_go	ppi_prediction_go
GCG	OPN4	ppi_lr_go	ppi_prediction_go
GCG	GPR132	ppi_lr_go	ppi_prediction_go
GCG	CYSLTR1	ppi_lr_go	ppi_prediction_go
GCG	GPR45	ppi_lr_go	ppi_prediction_go
VIP	ADRB2	ppi_lr_go	ppi_prediction_go
VIP	ADRB1	ppi_lr_go	ppi_prediction_go
VIP	ADRB3	ppi_lr_go	ppi_prediction_go
VIP	DRD1	ppi_lr_go	ppi_prediction_go
VIP	DRD5	ppi_lr_go	ppi_prediction_go
VIP	ADORA2A	ppi_lr_go	ppi_prediction_go
VIP	ADORA2B	ppi_lr_go	ppi_prediction_go
VIP	PTGER4	ppi_lr_go	ppi_prediction_go
VIP	PTGER2	ppi_lr_go	ppi_prediction_go
VIP	PTGIR	ppi_lr_go	ppi_prediction_go
VIP	GPR15	ppi_lr_go	ppi_prediction_go
VIP	PTGDR	ppi_lr_go	ppi_prediction_go
VIP	GPR176	ppi_lr_go	ppi_prediction_go
VIP	GPR150	ppi_lr_go	ppi_prediction_go
VIP	GPBAR1	ppi_lr_go	ppi_prediction_go
VIP	TAAR1	ppi_lr_go	ppi_prediction_go
VIP	GPR20	ppi_lr_go	ppi_prediction_go
VIP	GPR84	ppi_lr_go	ppi_prediction_go
VIP	GPR27	ppi_lr_go	ppi_prediction_go
VIP	GPR83	ppi_lr_go	ppi_prediction_go
VIP	GPR45	ppi_lr_go	ppi_prediction_go
GHRH	ADRB2	ppi_lr_go	ppi_prediction_go
GHRH	ADRB1	ppi_lr_go	ppi_prediction_go
GHRH	ADRB3	ppi_lr_go	ppi_prediction_go
GHRH	DRD1	ppi_lr_go	ppi_prediction_go
GHRH	DRD5	ppi_lr_go	ppi_prediction_go
GHRH	ADORA2A	ppi_lr_go	ppi_prediction_go
GHRH	ADORA2B	ppi_lr_go	ppi_prediction_go
GHRH	PTGER4	ppi_lr_go	ppi_prediction_go
GHRH	PTGER2	ppi_lr_go	ppi_prediction_go
GHRH	PTGIR	ppi_lr_go	ppi_prediction_go
GHRH	GPR15	ppi_lr_go	ppi_prediction_go
GHRH	PTGDR	ppi_lr_go	ppi_prediction_go
GHRH	GPR176	ppi_lr_go	ppi_prediction_go
GHRH	GPR150	ppi_lr_go	ppi_prediction_go
GHRH	GPBAR1	ppi_lr_go	ppi_prediction_go
GHRH	TAAR1	ppi_lr_go	ppi_prediction_go
GHRH	GPR20	ppi_lr_go	ppi_prediction_go
GHRH	GPR84	ppi_lr_go	ppi_prediction_go
GHRH	GPR27	ppi_lr_go	ppi_prediction_go
GHRH	GPR83	ppi_lr_go	ppi_prediction_go
GHRH	GPR45	ppi_lr_go	ppi_prediction_go
PPY	CHRM2	ppi_lr_go	ppi_prediction_go
PPY	CHRM4	ppi_lr_go	ppi_prediction_go
PPY	ADRA2A	ppi_lr_go	ppi_prediction_go
PPY	ADORA3	ppi_lr_go	ppi_prediction_go
PPY	DRD2	ppi_lr_go	ppi_prediction_go
PPY	ADRA2B	ppi_lr_go	ppi_prediction_go
PPY	ADRA2C	ppi_lr_go	ppi_prediction_go
PPY	S1PR1	ppi_lr_go	ppi_prediction_go
PPY	CNR1	ppi_lr_go	ppi_prediction_go
PPY	DRD4	ppi_lr_go	ppi_prediction_go
PPY	ADORA1	ppi_lr_go	ppi_prediction_go
PPY	CNR2	ppi_lr_go	ppi_prediction_go
PPY	DRD3	ppi_lr_go	ppi_prediction_go
PPY	CASR	ppi_lr_go	ppi_prediction_go
PPY	PTGER3	ppi_lr_go	ppi_prediction_go
PPY	HCAR3	ppi_lr_go	ppi_prediction_go
PPY	P2RY4	ppi_lr_go	ppi_prediction_go
PPY	TAS2R38	ppi_lr_go	ppi_prediction_go
PPY	TAS2R39	ppi_lr_go	ppi_prediction_go
PPY	TAS2R40	ppi_lr_go	ppi_prediction_go
PPY	TAS2R41	ppi_lr_go	ppi_prediction_go
PPY	TAS2R31	ppi_lr_go	ppi_prediction_go
PPY	TAS2R46	ppi_lr_go	ppi_prediction_go
PPY	TAS2R60	ppi_lr_go	ppi_prediction_go
PPY	GPR17	ppi_lr_go	ppi_prediction_go
PPY	GPR18	ppi_lr_go	ppi_prediction_go
PPY	GRM2	ppi_lr_go	ppi_prediction_go
PPY	GRM7	ppi_lr_go	ppi_prediction_go
PPY	GRM3	ppi_lr_go	ppi_prediction_go
PPY	HCAR2	ppi_lr_go	ppi_prediction_go
PPY	OXGR1	ppi_lr_go	ppi_prediction_go
PPY	S1PR3	ppi_lr_go	ppi_prediction_go
PPY	GPER1	ppi_lr_go	ppi_prediction_go
PPY	P2RY13	ppi_lr_go	ppi_prediction_go
PPY	SUCNR1	ppi_lr_go	ppi_prediction_go
PPY	HCAR1	ppi_lr_go	ppi_prediction_go
PPY	LPAR5	ppi_lr_go	ppi_prediction_go
PPY	S1PR5	ppi_lr_go	ppi_prediction_go
PPY	P2RY12	ppi_lr_go	ppi_prediction_go
PPY	TAS2R16	ppi_lr_go	ppi_prediction_go
PPY	TAS2R14	ppi_lr_go	ppi_prediction_go
PPY	TAS2R13	ppi_lr_go	ppi_prediction_go
PPY	TAS2R10	ppi_lr_go	ppi_prediction_go
PPY	TAS2R7	ppi_lr_go	ppi_prediction_go
PPY	TAS2R4	ppi_lr_go	ppi_prediction_go
PPY	TAS2R3	ppi_lr_go	ppi_prediction_go
PPY	TAS2R1	ppi_lr_go	ppi_prediction_go
PPY	GABBR1	ppi_lr_go	ppi_prediction_go
PPY	LPAR3	ppi_lr_go	ppi_prediction_go
PPY	GPR55	ppi_lr_go	ppi_prediction_go
NPY	CHRM2	ppi_lr_go	ppi_prediction_go
NPY	CHRM4	ppi_lr_go	ppi_prediction_go
NPY	ADRA2A	ppi_lr_go	ppi_prediction_go
NPY	ADORA3	ppi_lr_go	ppi_prediction_go
NPY	DRD2	ppi_lr_go	ppi_prediction_go
NPY	ADRA2B	ppi_lr_go	ppi_prediction_go
NPY	ADRA2C	ppi_lr_go	ppi_prediction_go
NPY	S1PR1	ppi_lr_go	ppi_prediction_go
NPY	CNR1	ppi_lr_go	ppi_prediction_go
NPY	DRD4	ppi_lr_go	ppi_prediction_go
NPY	ADORA1	ppi_lr_go	ppi_prediction_go
NPY	CNR2	ppi_lr_go	ppi_prediction_go
NPY	DRD3	ppi_lr_go	ppi_prediction_go
NPY	CASR	ppi_lr_go	ppi_prediction_go
NPY	PTGER3	ppi_lr_go	ppi_prediction_go
NPY	HCAR3	ppi_lr_go	ppi_prediction_go
NPY	P2RY4	ppi_lr_go	ppi_prediction_go
NPY	TAS2R38	ppi_lr_go	ppi_prediction_go
NPY	TAS2R39	ppi_lr_go	ppi_prediction_go
NPY	TAS2R40	ppi_lr_go	ppi_prediction_go
NPY	TAS2R41	ppi_lr_go	ppi_prediction_go
NPY	TAS2R31	ppi_lr_go	ppi_prediction_go
NPY	TAS2R46	ppi_lr_go	ppi_prediction_go
NPY	TAS2R60	ppi_lr_go	ppi_prediction_go
NPY	GPR17	ppi_lr_go	ppi_prediction_go
NPY	GPR18	ppi_lr_go	ppi_prediction_go
NPY	GRM2	ppi_lr_go	ppi_prediction_go
NPY	GRM7	ppi_lr_go	ppi_prediction_go
NPY	GRM3	ppi_lr_go	ppi_prediction_go
NPY	HCAR2	ppi_lr_go	ppi_prediction_go
NPY	OXGR1	ppi_lr_go	ppi_prediction_go
NPY	S1PR3	ppi_lr_go	ppi_prediction_go
NPY	GPER1	ppi_lr_go	ppi_prediction_go
NPY	P2RY13	ppi_lr_go	ppi_prediction_go
NPY	SUCNR1	ppi_lr_go	ppi_prediction_go
NPY	HCAR1	ppi_lr_go	ppi_prediction_go
NPY	LPAR5	ppi_lr_go	ppi_prediction_go
NPY	S1PR5	ppi_lr_go	ppi_prediction_go
NPY	P2RY12	ppi_lr_go	ppi_prediction_go
NPY	TAS2R16	ppi_lr_go	ppi_prediction_go
NPY	TAS2R14	ppi_lr_go	ppi_prediction_go
NPY	TAS2R13	ppi_lr_go	ppi_prediction_go
NPY	TAS2R10	ppi_lr_go	ppi_prediction_go
NPY	TAS2R7	ppi_lr_go	ppi_prediction_go
NPY	TAS2R4	ppi_lr_go	ppi_prediction_go
NPY	TAS2R3	ppi_lr_go	ppi_prediction_go
NPY	TAS2R1	ppi_lr_go	ppi_prediction_go
NPY	GABBR1	ppi_lr_go	ppi_prediction_go
NPY	LPAR3	ppi_lr_go	ppi_prediction_go
NPY	GPR55	ppi_lr_go	ppi_prediction_go
INS	HLA-DQA1	ppi_lr_go	ppi_prediction_go
INS	FOLR1	ppi_lr_go	ppi_prediction_go
GAST	CHRM5	ppi_lr_go	ppi_prediction_go
GAST	CHRM1	ppi_lr_go	ppi_prediction_go
GAST	CHRM3	ppi_lr_go	ppi_prediction_go
GAST	TBXA2R	ppi_lr_go	ppi_prediction_go
GAST	ADRA1D	ppi_lr_go	ppi_prediction_go
GAST	PTAFR	ppi_lr_go	ppi_prediction_go
GAST	PTGER1	ppi_lr_go	ppi_prediction_go
GAST	ADRA1A	ppi_lr_go	ppi_prediction_go
GAST	ADRA1B	ppi_lr_go	ppi_prediction_go
GAST	CASR	ppi_lr_go	ppi_prediction_go
GAST	P2RY2	ppi_lr_go	ppi_prediction_go
GAST	GRM5	ppi_lr_go	ppi_prediction_go
GAST	PTGFR	ppi_lr_go	ppi_prediction_go
GAST	LPAR6	ppi_lr_go	ppi_prediction_go
GAST	GPR4	ppi_lr_go	ppi_prediction_go
GAST	P2RY1	ppi_lr_go	ppi_prediction_go
GAST	GRM1	ppi_lr_go	ppi_prediction_go
GAST	GPR17	ppi_lr_go	ppi_prediction_go
GAST	P2RY6	ppi_lr_go	ppi_prediction_go
GAST	LTB4R	ppi_lr_go	ppi_prediction_go
GAST	GPR68	ppi_lr_go	ppi_prediction_go
GAST	GPRC6A	ppi_lr_go	ppi_prediction_go
GAST	GPR65	ppi_lr_go	ppi_prediction_go
GAST	LPAR5	ppi_lr_go	ppi_prediction_go
GAST	LTB4R2	ppi_lr_go	ppi_prediction_go
GAST	CYSLTR2	ppi_lr_go	ppi_prediction_go
GAST	LPAR3	ppi_lr_go	ppi_prediction_go
GAST	OPN4	ppi_lr_go	ppi_prediction_go
GAST	GPR132	ppi_lr_go	ppi_prediction_go
GAST	CYSLTR1	ppi_lr_go	ppi_prediction_go
TNF	RASA3	ppi_lr_go	ppi_prediction_go
IFNB1	PTPN6	ppi_lr_go	ppi_prediction_go
IFNG	PTPN6	ppi_lr_go	ppi_prediction_go
IL1B	IL1RL1	ppi_lr_go	ppi_prediction_go
APOA1	KRT1	ppi_lr_go	ppi_prediction_go
APOA1	CD36	ppi_lr_go	ppi_prediction_go
APOA1	MSR1	ppi_lr_go	ppi_prediction_go
APOA1	SDC4	ppi_lr_go	ppi_prediction_go
APOA1	LRP2	ppi_lr_go	ppi_prediction_go
APOA1	LRP1	ppi_lr_go	ppi_prediction_go
APOA1	LRP8	ppi_lr_go	ppi_prediction_go
APOA1	ABCA7	ppi_lr_go	ppi_prediction_go
APOA1	GPC6	ppi_lr_go	ppi_prediction_go
TTR	STRA6	ppi_lr_go	ppi_prediction_go
PPBP	CHRM2	ppi_lr_go	ppi_prediction_go
PPBP	CHRM4	ppi_lr_go	ppi_prediction_go
PPBP	ADRA2A	ppi_lr_go	ppi_prediction_go
PPBP	ADORA3	ppi_lr_go	ppi_prediction_go
PPBP	DRD2	ppi_lr_go	ppi_prediction_go
PPBP	ADRA2B	ppi_lr_go	ppi_prediction_go
PPBP	ADRA2C	ppi_lr_go	ppi_prediction_go
PPBP	S1PR1	ppi_lr_go	ppi_prediction_go
PPBP	CNR1	ppi_lr_go	ppi_prediction_go
PPBP	DRD4	ppi_lr_go	ppi_prediction_go
PPBP	ADORA1	ppi_lr_go	ppi_prediction_go
PPBP	CNR2	ppi_lr_go	ppi_prediction_go
PPBP	DRD3	ppi_lr_go	ppi_prediction_go
PPBP	CASR	ppi_lr_go	ppi_prediction_go
PPBP	PTGER3	ppi_lr_go	ppi_prediction_go
PPBP	HCAR3	ppi_lr_go	ppi_prediction_go
PPBP	P2RY4	ppi_lr_go	ppi_prediction_go
PPBP	TAS2R38	ppi_lr_go	ppi_prediction_go
PPBP	TAS2R39	ppi_lr_go	ppi_prediction_go
PPBP	TAS2R40	ppi_lr_go	ppi_prediction_go
PPBP	TAS2R41	ppi_lr_go	ppi_prediction_go
PPBP	TAS2R31	ppi_lr_go	ppi_prediction_go
PPBP	TAS2R46	ppi_lr_go	ppi_prediction_go
PPBP	TAS2R60	ppi_lr_go	ppi_prediction_go
PPBP	GPR17	ppi_lr_go	ppi_prediction_go
PPBP	GPR18	ppi_lr_go	ppi_prediction_go
PPBP	GRM2	ppi_lr_go	ppi_prediction_go
PPBP	GRM7	ppi_lr_go	ppi_prediction_go
PPBP	GRM3	ppi_lr_go	ppi_prediction_go
PPBP	HCAR2	ppi_lr_go	ppi_prediction_go
PPBP	OXGR1	ppi_lr_go	ppi_prediction_go
PPBP	S1PR3	ppi_lr_go	ppi_prediction_go
PPBP	GPER1	ppi_lr_go	ppi_prediction_go
PPBP	P2RY13	ppi_lr_go	ppi_prediction_go
PPBP	SUCNR1	ppi_lr_go	ppi_prediction_go
PPBP	HCAR1	ppi_lr_go	ppi_prediction_go
PPBP	LPAR5	ppi_lr_go	ppi_prediction_go
PPBP	S1PR5	ppi_lr_go	ppi_prediction_go
PPBP	P2RY12	ppi_lr_go	ppi_prediction_go
PPBP	TAS2R16	ppi_lr_go	ppi_prediction_go
PPBP	TAS2R14	ppi_lr_go	ppi_prediction_go
PPBP	TAS2R13	ppi_lr_go	ppi_prediction_go
PPBP	TAS2R10	ppi_lr_go	ppi_prediction_go
PPBP	TAS2R7	ppi_lr_go	ppi_prediction_go
PPBP	TAS2R4	ppi_lr_go	ppi_prediction_go
PPBP	TAS2R3	ppi_lr_go	ppi_prediction_go
PPBP	TAS2R1	ppi_lr_go	ppi_prediction_go
PPBP	GABBR1	ppi_lr_go	ppi_prediction_go
PPBP	LPAR3	ppi_lr_go	ppi_prediction_go
PPBP	GPR55	ppi_lr_go	ppi_prediction_go
PF4	CHRM2	ppi_lr_go	ppi_prediction_go
PF4	CHRM4	ppi_lr_go	ppi_prediction_go
PF4	ADRA2A	ppi_lr_go	ppi_prediction_go
PF4	ADORA3	ppi_lr_go	ppi_prediction_go
PF4	DRD2	ppi_lr_go	ppi_prediction_go
PF4	ADRA2B	ppi_lr_go	ppi_prediction_go
PF4	ADRA2C	ppi_lr_go	ppi_prediction_go
PF4	S1PR1	ppi_lr_go	ppi_prediction_go
PF4	CNR1	ppi_lr_go	ppi_prediction_go
PF4	DRD4	ppi_lr_go	ppi_prediction_go
PF4	ADORA1	ppi_lr_go	ppi_prediction_go
PF4	CNR2	ppi_lr_go	ppi_prediction_go
PF4	DRD3	ppi_lr_go	ppi_prediction_go
PF4	CASR	ppi_lr_go	ppi_prediction_go
PF4	PTGER3	ppi_lr_go	ppi_prediction_go
PF4	HCAR3	ppi_lr_go	ppi_prediction_go
PF4	P2RY4	ppi_lr_go	ppi_prediction_go
PF4	TAS2R38	ppi_lr_go	ppi_prediction_go
PF4	TAS2R39	ppi_lr_go	ppi_prediction_go
PF4	TAS2R40	ppi_lr_go	ppi_prediction_go
PF4	TAS2R41	ppi_lr_go	ppi_prediction_go
PF4	TAS2R31	ppi_lr_go	ppi_prediction_go
PF4	TAS2R46	ppi_lr_go	ppi_prediction_go
PF4	TAS2R60	ppi_lr_go	ppi_prediction_go
PF4	GPR17	ppi_lr_go	ppi_prediction_go
PF4	GPR18	ppi_lr_go	ppi_prediction_go
PF4	GRM2	ppi_lr_go	ppi_prediction_go
PF4	GRM7	ppi_lr_go	ppi_prediction_go
PF4	GRM3	ppi_lr_go	ppi_prediction_go
PF4	HCAR2	ppi_lr_go	ppi_prediction_go
PF4	OXGR1	ppi_lr_go	ppi_prediction_go
PF4	S1PR3	ppi_lr_go	ppi_prediction_go
PF4	GPER1	ppi_lr_go	ppi_prediction_go
PF4	P2RY13	ppi_lr_go	ppi_prediction_go
PF4	SUCNR1	ppi_lr_go	ppi_prediction_go
PF4	HCAR1	ppi_lr_go	ppi_prediction_go
PF4	LPAR5	ppi_lr_go	ppi_prediction_go
PF4	S1PR5	ppi_lr_go	ppi_prediction_go
PF4	P2RY12	ppi_lr_go	ppi_prediction_go
PF4	TAS2R16	ppi_lr_go	ppi_prediction_go
PF4	TAS2R14	ppi_lr_go	ppi_prediction_go
PF4	TAS2R13	ppi_lr_go	ppi_prediction_go
PF4	TAS2R10	ppi_lr_go	ppi_prediction_go
PF4	TAS2R7	ppi_lr_go	ppi_prediction_go
PF4	TAS2R4	ppi_lr_go	ppi_prediction_go
PF4	TAS2R3	ppi_lr_go	ppi_prediction_go
PF4	TAS2R1	ppi_lr_go	ppi_prediction_go
PF4	GABBR1	ppi_lr_go	ppi_prediction_go
PF4	LPAR3	ppi_lr_go	ppi_prediction_go
PF4	GPR55	ppi_lr_go	ppi_prediction_go
CXCL10	CHRM2	ppi_lr_go	ppi_prediction_go
CXCL10	CHRM4	ppi_lr_go	ppi_prediction_go
CXCL10	ADRA2A	ppi_lr_go	ppi_prediction_go
CXCL10	ADORA3	ppi_lr_go	ppi_prediction_go
CXCL10	DRD2	ppi_lr_go	ppi_prediction_go
CXCL10	ADRA2B	ppi_lr_go	ppi_prediction_go
CXCL10	ADRA2C	ppi_lr_go	ppi_prediction_go
CXCL10	S1PR1	ppi_lr_go	ppi_prediction_go
CXCL10	CNR1	ppi_lr_go	ppi_prediction_go
CXCL10	DRD4	ppi_lr_go	ppi_prediction_go
CXCL10	ADORA1	ppi_lr_go	ppi_prediction_go
CXCL10	CNR2	ppi_lr_go	ppi_prediction_go
CXCL10	DRD3	ppi_lr_go	ppi_prediction_go
CXCL10	CASR	ppi_lr_go	ppi_prediction_go
CXCL10	PTGER3	ppi_lr_go	ppi_prediction_go
CXCL10	HCAR3	ppi_lr_go	ppi_prediction_go
CXCL10	P2RY4	ppi_lr_go	ppi_prediction_go
CXCL10	TAS2R38	ppi_lr_go	ppi_prediction_go
CXCL10	TAS2R39	ppi_lr_go	ppi_prediction_go
CXCL10	TAS2R40	ppi_lr_go	ppi_prediction_go
CXCL10	TAS2R41	ppi_lr_go	ppi_prediction_go
CXCL10	TAS2R31	ppi_lr_go	ppi_prediction_go
CXCL10	TAS2R46	ppi_lr_go	ppi_prediction_go
CXCL10	TAS2R60	ppi_lr_go	ppi_prediction_go
CXCL10	GPR17	ppi_lr_go	ppi_prediction_go
CXCL10	GPR18	ppi_lr_go	ppi_prediction_go
CXCL10	GRM2	ppi_lr_go	ppi_prediction_go
CXCL10	GRM7	ppi_lr_go	ppi_prediction_go
CXCL10	GRM3	ppi_lr_go	ppi_prediction_go
CXCL10	HCAR2	ppi_lr_go	ppi_prediction_go
CXCL10	OXGR1	ppi_lr_go	ppi_prediction_go
CXCL10	S1PR3	ppi_lr_go	ppi_prediction_go
CXCL10	GPER1	ppi_lr_go	ppi_prediction_go
CXCL10	P2RY13	ppi_lr_go	ppi_prediction_go
CXCL10	SUCNR1	ppi_lr_go	ppi_prediction_go
CXCL10	HCAR1	ppi_lr_go	ppi_prediction_go
CXCL10	LPAR5	ppi_lr_go	ppi_prediction_go
CXCL10	S1PR5	ppi_lr_go	ppi_prediction_go
CXCL10	P2RY12	ppi_lr_go	ppi_prediction_go
CXCL10	TAS2R16	ppi_lr_go	ppi_prediction_go
CXCL10	TAS2R14	ppi_lr_go	ppi_prediction_go
CXCL10	TAS2R13	ppi_lr_go	ppi_prediction_go
CXCL10	TAS2R10	ppi_lr_go	ppi_prediction_go
CXCL10	TAS2R7	ppi_lr_go	ppi_prediction_go
CXCL10	TAS2R4	ppi_lr_go	ppi_prediction_go
CXCL10	TAS2R3	ppi_lr_go	ppi_prediction_go
CXCL10	TAS2R1	ppi_lr_go	ppi_prediction_go
CXCL10	GABBR1	ppi_lr_go	ppi_prediction_go
CXCL10	LPAR3	ppi_lr_go	ppi_prediction_go
CXCL10	GPR55	ppi_lr_go	ppi_prediction_go
RLN2	ADRB2	ppi_lr_go	ppi_prediction_go
RLN2	ADRB1	ppi_lr_go	ppi_prediction_go
RLN2	ADRB3	ppi_lr_go	ppi_prediction_go
RLN2	DRD1	ppi_lr_go	ppi_prediction_go
RLN2	DRD5	ppi_lr_go	ppi_prediction_go
RLN2	ADORA2A	ppi_lr_go	ppi_prediction_go
RLN2	ADORA2B	ppi_lr_go	ppi_prediction_go
RLN2	PTGER4	ppi_lr_go	ppi_prediction_go
RLN2	PTGER2	ppi_lr_go	ppi_prediction_go
RLN2	PTGIR	ppi_lr_go	ppi_prediction_go
RLN2	GPR15	ppi_lr_go	ppi_prediction_go
RLN2	PTGDR	ppi_lr_go	ppi_prediction_go
RLN2	GPR176	ppi_lr_go	ppi_prediction_go
RLN2	GPR150	ppi_lr_go	ppi_prediction_go
RLN2	GPBAR1	ppi_lr_go	ppi_prediction_go
RLN2	TAAR1	ppi_lr_go	ppi_prediction_go
RLN2	GPR20	ppi_lr_go	ppi_prediction_go
RLN2	GPR84	ppi_lr_go	ppi_prediction_go
RLN2	GPR27	ppi_lr_go	ppi_prediction_go
RLN2	GPR83	ppi_lr_go	ppi_prediction_go
RLN2	GPR45	ppi_lr_go	ppi_prediction_go
CSF2	PTPN6	ppi_lr_go	ppi_prediction_go
TFF1	RARG	ppi_lr_go	ppi_prediction_go
WNT1	FRZB	ppi_lr_go	ppi_prediction_go
RLN1	AR	ppi_lr_go	ppi_prediction_go
IFNA4	PTPN6	ppi_lr_go	ppi_prediction_go
IL5	PTPN6	ppi_lr_go	ppi_prediction_go
EDN1	CHRM5	ppi_lr_go	ppi_prediction_go
EDN1	CHRM1	ppi_lr_go	ppi_prediction_go
EDN1	CHRM3	ppi_lr_go	ppi_prediction_go
EDN1	TBXA2R	ppi_lr_go	ppi_prediction_go
EDN1	ADRA1D	ppi_lr_go	ppi_prediction_go
EDN1	PTAFR	ppi_lr_go	ppi_prediction_go
EDN1	PTGER1	ppi_lr_go	ppi_prediction_go
EDN1	ADRA1A	ppi_lr_go	ppi_prediction_go
EDN1	ADRA1B	ppi_lr_go	ppi_prediction_go
EDN1	CASR	ppi_lr_go	ppi_prediction_go
EDN1	P2RY2	ppi_lr_go	ppi_prediction_go
EDN1	GRM5	ppi_lr_go	ppi_prediction_go
EDN1	PTGFR	ppi_lr_go	ppi_prediction_go
EDN1	LPAR6	ppi_lr_go	ppi_prediction_go
EDN1	GPR4	ppi_lr_go	ppi_prediction_go
EDN1	P2RY1	ppi_lr_go	ppi_prediction_go
EDN1	GRM1	ppi_lr_go	ppi_prediction_go
EDN1	GPR17	ppi_lr_go	ppi_prediction_go
EDN1	P2RY6	ppi_lr_go	ppi_prediction_go
EDN1	LTB4R	ppi_lr_go	ppi_prediction_go
EDN1	GPR68	ppi_lr_go	ppi_prediction_go
EDN1	GPRC6A	ppi_lr_go	ppi_prediction_go
EDN1	GPR65	ppi_lr_go	ppi_prediction_go
EDN1	LPAR5	ppi_lr_go	ppi_prediction_go
EDN1	LTB4R2	ppi_lr_go	ppi_prediction_go
EDN1	CYSLTR2	ppi_lr_go	ppi_prediction_go
EDN1	LPAR3	ppi_lr_go	ppi_prediction_go
EDN1	OPN4	ppi_lr_go	ppi_prediction_go
EDN1	GPR132	ppi_lr_go	ppi_prediction_go
EDN1	CYSLTR1	ppi_lr_go	ppi_prediction_go
CCK	CHRM5	ppi_lr_go	ppi_prediction_go
CCK	CHRM1	ppi_lr_go	ppi_prediction_go
CCK	CHRM3	ppi_lr_go	ppi_prediction_go
CCK	TBXA2R	ppi_lr_go	ppi_prediction_go
CCK	ADRA1D	ppi_lr_go	ppi_prediction_go
CCK	PTAFR	ppi_lr_go	ppi_prediction_go
CCK	PTGER1	ppi_lr_go	ppi_prediction_go
CCK	ADRA1A	ppi_lr_go	ppi_prediction_go
CCK	ADRA1B	ppi_lr_go	ppi_prediction_go
CCK	CASR	ppi_lr_go	ppi_prediction_go
CCK	P2RY2	ppi_lr_go	ppi_prediction_go
CCK	GRM5	ppi_lr_go	ppi_prediction_go
CCK	PTGFR	ppi_lr_go	ppi_prediction_go
CCK	LPAR6	ppi_lr_go	ppi_prediction_go
CCK	GPR4	ppi_lr_go	ppi_prediction_go
CCK	P2RY1	ppi_lr_go	ppi_prediction_go
CCK	GRM1	ppi_lr_go	ppi_prediction_go
CCK	GPR17	ppi_lr_go	ppi_prediction_go
CCK	P2RY6	ppi_lr_go	ppi_prediction_go
CCK	LTB4R	ppi_lr_go	ppi_prediction_go
CCK	GPR68	ppi_lr_go	ppi_prediction_go
CCK	GPRC6A	ppi_lr_go	ppi_prediction_go
CCK	GPR65	ppi_lr_go	ppi_prediction_go
CCK	LPAR5	ppi_lr_go	ppi_prediction_go
CCK	LTB4R2	ppi_lr_go	ppi_prediction_go
CCK	CYSLTR2	ppi_lr_go	ppi_prediction_go
CCK	LPAR3	ppi_lr_go	ppi_prediction_go
CCK	OPN4	ppi_lr_go	ppi_prediction_go
CCK	GPR132	ppi_lr_go	ppi_prediction_go
CCK	CYSLTR1	ppi_lr_go	ppi_prediction_go
GPI	FKBP1B	ppi_lr_go	ppi_prediction_go
GPI	DLG4	ppi_lr_go	ppi_prediction_go
CRH	ADRB2	ppi_lr_go	ppi_prediction_go
CRH	ADRB1	ppi_lr_go	ppi_prediction_go
CRH	ADRB3	ppi_lr_go	ppi_prediction_go
CRH	DRD1	ppi_lr_go	ppi_prediction_go
CRH	DRD5	ppi_lr_go	ppi_prediction_go
CRH	ADORA2A	ppi_lr_go	ppi_prediction_go
CRH	ADORA2B	ppi_lr_go	ppi_prediction_go
CRH	PTGER4	ppi_lr_go	ppi_prediction_go
CRH	PTGER2	ppi_lr_go	ppi_prediction_go
CRH	PTGIR	ppi_lr_go	ppi_prediction_go
CRH	GPR15	ppi_lr_go	ppi_prediction_go
CRH	PTGDR	ppi_lr_go	ppi_prediction_go
CRH	GPR176	ppi_lr_go	ppi_prediction_go
CRH	GPR150	ppi_lr_go	ppi_prediction_go
CRH	GPBAR1	ppi_lr_go	ppi_prediction_go
CRH	TAAR1	ppi_lr_go	ppi_prediction_go
CRH	GPR20	ppi_lr_go	ppi_prediction_go
CRH	GPR84	ppi_lr_go	ppi_prediction_go
CRH	GPR27	ppi_lr_go	ppi_prediction_go
CRH	GPR83	ppi_lr_go	ppi_prediction_go
CRH	GPR45	ppi_lr_go	ppi_prediction_go
GRP	CHRM5	ppi_lr_go	ppi_prediction_go
GRP	CHRM1	ppi_lr_go	ppi_prediction_go
GRP	CHRM3	ppi_lr_go	ppi_prediction_go
GRP	TBXA2R	ppi_lr_go	ppi_prediction_go
GRP	ADRA1D	ppi_lr_go	ppi_prediction_go
GRP	PTAFR	ppi_lr_go	ppi_prediction_go
GRP	PTGER1	ppi_lr_go	ppi_prediction_go
GRP	ADRA1A	ppi_lr_go	ppi_prediction_go
GRP	ADRA1B	ppi_lr_go	ppi_prediction_go
GRP	CASR	ppi_lr_go	ppi_prediction_go
GRP	P2RY2	ppi_lr_go	ppi_prediction_go
GRP	GRM5	ppi_lr_go	ppi_prediction_go
GRP	PTGFR	ppi_lr_go	ppi_prediction_go
GRP	LPAR6	ppi_lr_go	ppi_prediction_go
GRP	GPR4	ppi_lr_go	ppi_prediction_go
GRP	P2RY1	ppi_lr_go	ppi_prediction_go
GRP	GRM1	ppi_lr_go	ppi_prediction_go
GRP	GPR17	ppi_lr_go	ppi_prediction_go
GRP	P2RY6	ppi_lr_go	ppi_prediction_go
GRP	LTB4R	ppi_lr_go	ppi_prediction_go
GRP	GPR68	ppi_lr_go	ppi_prediction_go
GRP	GPRC6A	ppi_lr_go	ppi_prediction_go
GRP	GPR65	ppi_lr_go	ppi_prediction_go
GRP	LPAR5	ppi_lr_go	ppi_prediction_go
GRP	LTB4R2	ppi_lr_go	ppi_prediction_go
GRP	CYSLTR2	ppi_lr_go	ppi_prediction_go
GRP	LPAR3	ppi_lr_go	ppi_prediction_go
GRP	OPN4	ppi_lr_go	ppi_prediction_go
GRP	GPR132	ppi_lr_go	ppi_prediction_go
GRP	CYSLTR1	ppi_lr_go	ppi_prediction_go
FGF4	FGFRL1	ppi_lr_go	ppi_prediction_go
NMB	CHRM1	ppi_lr_go	ppi_prediction_go
NMB	CHRM3	ppi_lr_go	ppi_prediction_go
NMB	TBXA2R	ppi_lr_go	ppi_prediction_go
NMB	ADRA1D	ppi_lr_go	ppi_prediction_go
NMB	PTAFR	ppi_lr_go	ppi_prediction_go
NMB	PTGER1	ppi_lr_go	ppi_prediction_go
NMB	ADRA1A	ppi_lr_go	ppi_prediction_go
NMB	ADRA1B	ppi_lr_go	ppi_prediction_go
NMB	CASR	ppi_lr_go	ppi_prediction_go
NMB	P2RY2	ppi_lr_go	ppi_prediction_go
NMB	GRM5	ppi_lr_go	ppi_prediction_go
NMB	PTGFR	ppi_lr_go	ppi_prediction_go
NMB	LPAR6	ppi_lr_go	ppi_prediction_go
NMB	GPR4	ppi_lr_go	ppi_prediction_go
NMB	P2RY1	ppi_lr_go	ppi_prediction_go
NMB	DLG4	ppi_lr_go	ppi_prediction_go
NMB	GRM1	ppi_lr_go	ppi_prediction_go
NMB	GPR17	ppi_lr_go	ppi_prediction_go
NMB	P2RY6	ppi_lr_go	ppi_prediction_go
NMB	LTB4R	ppi_lr_go	ppi_prediction_go
NMB	GPR68	ppi_lr_go	ppi_prediction_go
NMB	GPRC6A	ppi_lr_go	ppi_prediction_go
NMB	GPR65	ppi_lr_go	ppi_prediction_go
NMB	LPAR5	ppi_lr_go	ppi_prediction_go
NMB	LTB4R2	ppi_lr_go	ppi_prediction_go
NMB	CYSLTR2	ppi_lr_go	ppi_prediction_go
NMB	LPAR3	ppi_lr_go	ppi_prediction_go
NMB	OPN4	ppi_lr_go	ppi_prediction_go
NMB	GPR132	ppi_lr_go	ppi_prediction_go
NMB	CYSLTR1	ppi_lr_go	ppi_prediction_go
HMGB1	ITGA4	ppi_lr_go	ppi_prediction_go
HMGB1	PTPRZ1	ppi_lr_go	ppi_prediction_go
HMGB1	LY96	ppi_lr_go	ppi_prediction_go
WNT2	ROR2	ppi_lr_go	ppi_prediction_go
WNT2	FZD5	ppi_lr_go	ppi_prediction_go
WNT2	FZD8	ppi_lr_go	ppi_prediction_go
WNT2	FZD3	ppi_lr_go	ppi_prediction_go
WNT2	FZD4	ppi_lr_go	ppi_prediction_go
GIP	ADRB3	ppi_lr_go	ppi_prediction_go
GIP	DRD1	ppi_lr_go	ppi_prediction_go
GIP	DRD5	ppi_lr_go	ppi_prediction_go
GIP	ADORA2A	ppi_lr_go	ppi_prediction_go
GIP	ADORA2B	ppi_lr_go	ppi_prediction_go
GIP	PTGER4	ppi_lr_go	ppi_prediction_go
GIP	PTGER2	ppi_lr_go	ppi_prediction_go
GIP	PTGIR	ppi_lr_go	ppi_prediction_go
GIP	GPR15	ppi_lr_go	ppi_prediction_go
GIP	PTGDR	ppi_lr_go	ppi_prediction_go
GIP	GPR176	ppi_lr_go	ppi_prediction_go
GIP	GPR150	ppi_lr_go	ppi_prediction_go
GIP	GPBAR1	ppi_lr_go	ppi_prediction_go
GIP	TAAR1	ppi_lr_go	ppi_prediction_go
GIP	GPR20	ppi_lr_go	ppi_prediction_go
GIP	GPR84	ppi_lr_go	ppi_prediction_go
GIP	GPR27	ppi_lr_go	ppi_prediction_go
GIP	GPR83	ppi_lr_go	ppi_prediction_go
GIP	GPR45	ppi_lr_go	ppi_prediction_go
SCT	ADRB3	ppi_lr_go	ppi_prediction_go
SCT	DRD1	ppi_lr_go	ppi_prediction_go
SCT	DRD5	ppi_lr_go	ppi_prediction_go
SCT	ADORA2A	ppi_lr_go	ppi_prediction_go
SCT	ADORA2B	ppi_lr_go	ppi_prediction_go
SCT	PTGER4	ppi_lr_go	ppi_prediction_go
SCT	PTGER2	ppi_lr_go	ppi_prediction_go
SCT	PTGIR	ppi_lr_go	ppi_prediction_go
SCT	GPR15	ppi_lr_go	ppi_prediction_go
SCT	PTGDR	ppi_lr_go	ppi_prediction_go
SCT	GPR176	ppi_lr_go	ppi_prediction_go
SCT	GPR150	ppi_lr_go	ppi_prediction_go
SCT	GPBAR1	ppi_lr_go	ppi_prediction_go
SCT	TAAR1	ppi_lr_go	ppi_prediction_go
SCT	GPR20	ppi_lr_go	ppi_prediction_go
SCT	GPR84	ppi_lr_go	ppi_prediction_go
SCT	GPR27	ppi_lr_go	ppi_prediction_go
SCT	GPR83	ppi_lr_go	ppi_prediction_go
SCT	GPR45	ppi_lr_go	ppi_prediction_go
SAA1	ADORA3	ppi_lr_go	ppi_prediction_go
SAA1	CHRM1	ppi_lr_go	ppi_prediction_go
SAA1	DRD2	ppi_lr_go	ppi_prediction_go
SAA1	ADRA2B	ppi_lr_go	ppi_prediction_go
SAA1	ADRA2C	ppi_lr_go	ppi_prediction_go
SAA1	CHRM3	ppi_lr_go	ppi_prediction_go
SAA1	S1PR1	ppi_lr_go	ppi_prediction_go
SAA1	CNR1	ppi_lr_go	ppi_prediction_go
SAA1	TBXA2R	ppi_lr_go	ppi_prediction_go
SAA1	DRD4	ppi_lr_go	ppi_prediction_go
SAA1	ADRA1D	ppi_lr_go	ppi_prediction_go
SAA1	PTAFR	ppi_lr_go	ppi_prediction_go
SAA1	ADORA1	ppi_lr_go	ppi_prediction_go
SAA1	CNR2	ppi_lr_go	ppi_prediction_go
SAA1	PTGER1	ppi_lr_go	ppi_prediction_go
SAA1	ADRA1A	ppi_lr_go	ppi_prediction_go
SAA1	ADRA1B	ppi_lr_go	ppi_prediction_go
SAA1	DRD3	ppi_lr_go	ppi_prediction_go
SAA1	CASR	ppi_lr_go	ppi_prediction_go
SAA1	P2RY2	ppi_lr_go	ppi_prediction_go
SAA1	GRM5	ppi_lr_go	ppi_prediction_go
SAA1	PTGFR	ppi_lr_go	ppi_prediction_go
SAA1	PTGER3	ppi_lr_go	ppi_prediction_go
SAA1	LPAR6	ppi_lr_go	ppi_prediction_go
SAA1	GPR4	ppi_lr_go	ppi_prediction_go
SAA1	P2RY1	ppi_lr_go	ppi_prediction_go
SAA1	HCAR3	ppi_lr_go	ppi_prediction_go
SAA1	P2RY4	ppi_lr_go	ppi_prediction_go
SAA1	TAS2R38	ppi_lr_go	ppi_prediction_go
SAA1	TAS2R39	ppi_lr_go	ppi_prediction_go
SAA1	TAS2R40	ppi_lr_go	ppi_prediction_go
SAA1	TAS2R41	ppi_lr_go	ppi_prediction_go
SAA1	TAS2R31	ppi_lr_go	ppi_prediction_go
SAA1	TAS2R46	ppi_lr_go	ppi_prediction_go
SAA1	TAS2R60	ppi_lr_go	ppi_prediction_go
SAA1	GRM1	ppi_lr_go	ppi_prediction_go
SAA1	GPR17	ppi_lr_go	ppi_prediction_go
SAA1	GPR18	ppi_lr_go	ppi_prediction_go
SAA1	GRM2	ppi_lr_go	ppi_prediction_go
SAA1	GRM7	ppi_lr_go	ppi_prediction_go
SAA1	GRM3	ppi_lr_go	ppi_prediction_go
SAA1	P2RY6	ppi_lr_go	ppi_prediction_go
SAA1	AGER	ppi_lr_go	ppi_prediction_go
SAA1	LTB4R	ppi_lr_go	ppi_prediction_go
SAA1	GPR68	ppi_lr_go	ppi_prediction_go
SAA1	GPRC6A	ppi_lr_go	ppi_prediction_go
SAA1	GPR65	ppi_lr_go	ppi_prediction_go
SAA1	HCAR2	ppi_lr_go	ppi_prediction_go
SAA1	OXGR1	ppi_lr_go	ppi_prediction_go
SAA1	S1PR3	ppi_lr_go	ppi_prediction_go
SAA1	GPER1	ppi_lr_go	ppi_prediction_go
SAA1	P2RY13	ppi_lr_go	ppi_prediction_go
SAA1	SELENOS	ppi_lr_go	ppi_prediction_go
SAA1	SUCNR1	ppi_lr_go	ppi_prediction_go
SAA1	HCAR1	ppi_lr_go	ppi_prediction_go
SAA1	LPAR5	ppi_lr_go	ppi_prediction_go
SAA1	S1PR5	ppi_lr_go	ppi_prediction_go
SAA1	P2RY12	ppi_lr_go	ppi_prediction_go
SAA1	LTB4R2	ppi_lr_go	ppi_prediction_go
SAA1	CYSLTR2	ppi_lr_go	ppi_prediction_go
SAA1	TAS2R16	ppi_lr_go	ppi_prediction_go
SAA1	TAS2R14	ppi_lr_go	ppi_prediction_go
SAA1	TAS2R13	ppi_lr_go	ppi_prediction_go
SAA1	TAS2R10	ppi_lr_go	ppi_prediction_go
SAA1	TAS2R7	ppi_lr_go	ppi_prediction_go
SAA1	TAS2R4	ppi_lr_go	ppi_prediction_go
SAA1	TAS2R3	ppi_lr_go	ppi_prediction_go
SAA1	TAS2R1	ppi_lr_go	ppi_prediction_go
SAA1	GABBR1	ppi_lr_go	ppi_prediction_go
SAA1	LPAR3	ppi_lr_go	ppi_prediction_go
SAA1	OPN4	ppi_lr_go	ppi_prediction_go
SAA1	GPR132	ppi_lr_go	ppi_prediction_go
SAA1	CYSLTR1	ppi_lr_go	ppi_prediction_go
SAA1	GPR55	ppi_lr_go	ppi_prediction_go
PYY	DRD2	ppi_lr_go	ppi_prediction_go
PYY	ADRA2B	ppi_lr_go	ppi_prediction_go
PYY	ADRA2C	ppi_lr_go	ppi_prediction_go
PYY	S1PR1	ppi_lr_go	ppi_prediction_go
PYY	CNR1	ppi_lr_go	ppi_prediction_go
PYY	DRD4	ppi_lr_go	ppi_prediction_go
PYY	ADORA1	ppi_lr_go	ppi_prediction_go
PYY	CNR2	ppi_lr_go	ppi_prediction_go
PYY	DRD3	ppi_lr_go	ppi_prediction_go
PYY	CASR	ppi_lr_go	ppi_prediction_go
PYY	PTGER3	ppi_lr_go	ppi_prediction_go
PYY	HCAR3	ppi_lr_go	ppi_prediction_go
PYY	P2RY4	ppi_lr_go	ppi_prediction_go
PYY	TAS2R38	ppi_lr_go	ppi_prediction_go
PYY	TAS2R39	ppi_lr_go	ppi_prediction_go
PYY	TAS2R40	ppi_lr_go	ppi_prediction_go
PYY	TAS2R41	ppi_lr_go	ppi_prediction_go
PYY	TAS2R31	ppi_lr_go	ppi_prediction_go
PYY	TAS2R46	ppi_lr_go	ppi_prediction_go
PYY	TAS2R60	ppi_lr_go	ppi_prediction_go
PYY	GPR17	ppi_lr_go	ppi_prediction_go
PYY	GPR18	ppi_lr_go	ppi_prediction_go
PYY	GRM2	ppi_lr_go	ppi_prediction_go
PYY	GRM7	ppi_lr_go	ppi_prediction_go
PYY	GRM3	ppi_lr_go	ppi_prediction_go
PYY	HCAR2	ppi_lr_go	ppi_prediction_go
PYY	OXGR1	ppi_lr_go	ppi_prediction_go
PYY	S1PR3	ppi_lr_go	ppi_prediction_go
PYY	GPER1	ppi_lr_go	ppi_prediction_go
PYY	P2RY13	ppi_lr_go	ppi_prediction_go
PYY	SUCNR1	ppi_lr_go	ppi_prediction_go
PYY	HCAR1	ppi_lr_go	ppi_prediction_go
PYY	LPAR5	ppi_lr_go	ppi_prediction_go
PYY	S1PR5	ppi_lr_go	ppi_prediction_go
PYY	P2RY12	ppi_lr_go	ppi_prediction_go
PYY	TAS2R16	ppi_lr_go	ppi_prediction_go
PYY	TAS2R14	ppi_lr_go	ppi_prediction_go
PYY	TAS2R13	ppi_lr_go	ppi_prediction_go
PYY	TAS2R10	ppi_lr_go	ppi_prediction_go
PYY	TAS2R7	ppi_lr_go	ppi_prediction_go
PYY	TAS2R4	ppi_lr_go	ppi_prediction_go
PYY	TAS2R3	ppi_lr_go	ppi_prediction_go
PYY	TAS2R1	ppi_lr_go	ppi_prediction_go
PYY	GABBR1	ppi_lr_go	ppi_prediction_go
PYY	LPAR3	ppi_lr_go	ppi_prediction_go
PYY	GPR55	ppi_lr_go	ppi_prediction_go
CALCB	ADRB3	ppi_lr_go	ppi_prediction_go
CALCB	DRD1	ppi_lr_go	ppi_prediction_go
CALCB	DRD5	ppi_lr_go	ppi_prediction_go
CALCB	ADORA2A	ppi_lr_go	ppi_prediction_go
CALCB	ADORA2B	ppi_lr_go	ppi_prediction_go
CALCB	PTGER4	ppi_lr_go	ppi_prediction_go
CALCB	PTGER2	ppi_lr_go	ppi_prediction_go
CALCB	PTGIR	ppi_lr_go	ppi_prediction_go
CALCB	GPR15	ppi_lr_go	ppi_prediction_go
CALCB	PTGDR	ppi_lr_go	ppi_prediction_go
CALCB	GPR176	ppi_lr_go	ppi_prediction_go
CALCB	GPR150	ppi_lr_go	ppi_prediction_go
CALCB	GPBAR1	ppi_lr_go	ppi_prediction_go
CALCB	TAAR1	ppi_lr_go	ppi_prediction_go
CALCB	GPR20	ppi_lr_go	ppi_prediction_go
CALCB	GPR84	ppi_lr_go	ppi_prediction_go
CALCB	GPR27	ppi_lr_go	ppi_prediction_go
CALCB	GPR83	ppi_lr_go	ppi_prediction_go
CALCB	GPR45	ppi_lr_go	ppi_prediction_go
MAPT	PTK2B	ppi_lr_go	ppi_prediction_go
IAPP	ADRB3	ppi_lr_go	ppi_prediction_go
IAPP	DRD1	ppi_lr_go	ppi_prediction_go
IAPP	DRD5	ppi_lr_go	ppi_prediction_go
IAPP	ADORA2A	ppi_lr_go	ppi_prediction_go
IAPP	ADORA2B	ppi_lr_go	ppi_prediction_go
IAPP	PTGER4	ppi_lr_go	ppi_prediction_go
IAPP	PTGER2	ppi_lr_go	ppi_prediction_go
IAPP	PTGIR	ppi_lr_go	ppi_prediction_go
IAPP	GPR15	ppi_lr_go	ppi_prediction_go
IAPP	PTGDR	ppi_lr_go	ppi_prediction_go
IAPP	GPR176	ppi_lr_go	ppi_prediction_go
IAPP	GPR150	ppi_lr_go	ppi_prediction_go
IAPP	GPBAR1	ppi_lr_go	ppi_prediction_go
IAPP	TAAR1	ppi_lr_go	ppi_prediction_go
IAPP	GPR20	ppi_lr_go	ppi_prediction_go
IAPP	GPR84	ppi_lr_go	ppi_prediction_go
IAPP	GPR27	ppi_lr_go	ppi_prediction_go
IAPP	GPR83	ppi_lr_go	ppi_prediction_go
IAPP	GPR45	ppi_lr_go	ppi_prediction_go
FGF3	FGFRL1	ppi_lr_go	ppi_prediction_go
PTHLH	ADRB3	ppi_lr_go	ppi_prediction_go
PTHLH	DRD1	ppi_lr_go	ppi_prediction_go
PTHLH	DRD5	ppi_lr_go	ppi_prediction_go
PTHLH	ADORA2A	ppi_lr_go	ppi_prediction_go
PTHLH	ADORA2B	ppi_lr_go	ppi_prediction_go
PTHLH	PTGER4	ppi_lr_go	ppi_prediction_go
PTHLH	PTGER2	ppi_lr_go	ppi_prediction_go
PTHLH	PTGIR	ppi_lr_go	ppi_prediction_go
PTHLH	GPR15	ppi_lr_go	ppi_prediction_go
PTHLH	PTGDR	ppi_lr_go	ppi_prediction_go
PTHLH	GPR176	ppi_lr_go	ppi_prediction_go
PTHLH	GPR150	ppi_lr_go	ppi_prediction_go
PTHLH	GPBAR1	ppi_lr_go	ppi_prediction_go
PTHLH	TAAR1	ppi_lr_go	ppi_prediction_go
PTHLH	GPR20	ppi_lr_go	ppi_prediction_go
PTHLH	GPR84	ppi_lr_go	ppi_prediction_go
PTHLH	GPR27	ppi_lr_go	ppi_prediction_go
PTHLH	GPR83	ppi_lr_go	ppi_prediction_go
PTHLH	GPR45	ppi_lr_go	ppi_prediction_go
BMP4	TSKU	ppi_lr_go	ppi_prediction_go
CCL5	DRD2	ppi_lr_go	ppi_prediction_go
CCL5	ADRA2B	ppi_lr_go	ppi_prediction_go
CCL5	ADRA2C	ppi_lr_go	ppi_prediction_go
CCL5	S1PR1	ppi_lr_go	ppi_prediction_go
CCL5	CNR1	ppi_lr_go	ppi_prediction_go
CCL5	DRD4	ppi_lr_go	ppi_prediction_go
CCL5	ADORA1	ppi_lr_go	ppi_prediction_go
CCL5	CNR2	ppi_lr_go	ppi_prediction_go
CCL5	DRD3	ppi_lr_go	ppi_prediction_go
CCL5	CASR	ppi_lr_go	ppi_prediction_go
CCL5	PTGER3	ppi_lr_go	ppi_prediction_go
CCL5	HCAR3	ppi_lr_go	ppi_prediction_go
CCL5	P2RY4	ppi_lr_go	ppi_prediction_go
CCL5	TAS2R38	ppi_lr_go	ppi_prediction_go
CCL5	TAS2R39	ppi_lr_go	ppi_prediction_go
CCL5	TAS2R40	ppi_lr_go	ppi_prediction_go
CCL5	TAS2R41	ppi_lr_go	ppi_prediction_go
CCL5	TAS2R31	ppi_lr_go	ppi_prediction_go
CCL5	TAS2R46	ppi_lr_go	ppi_prediction_go
CCL5	TAS2R60	ppi_lr_go	ppi_prediction_go
CCL5	GPR17	ppi_lr_go	ppi_prediction_go
CCL5	GPR18	ppi_lr_go	ppi_prediction_go
CCL5	GRM2	ppi_lr_go	ppi_prediction_go
CCL5	GRM7	ppi_lr_go	ppi_prediction_go
CCL5	GRM3	ppi_lr_go	ppi_prediction_go
CCL5	HCAR2	ppi_lr_go	ppi_prediction_go
CCL5	OXGR1	ppi_lr_go	ppi_prediction_go
CCL5	S1PR3	ppi_lr_go	ppi_prediction_go
CCL5	GPER1	ppi_lr_go	ppi_prediction_go
CCL5	P2RY13	ppi_lr_go	ppi_prediction_go
CCL5	SUCNR1	ppi_lr_go	ppi_prediction_go
CCL5	HCAR1	ppi_lr_go	ppi_prediction_go
CCL5	LPAR5	ppi_lr_go	ppi_prediction_go
CCL5	S1PR5	ppi_lr_go	ppi_prediction_go
CCL5	P2RY12	ppi_lr_go	ppi_prediction_go
CCL5	TAS2R16	ppi_lr_go	ppi_prediction_go
CCL5	TAS2R14	ppi_lr_go	ppi_prediction_go
CCL5	TAS2R13	ppi_lr_go	ppi_prediction_go
CCL5	TAS2R10	ppi_lr_go	ppi_prediction_go
CCL5	TAS2R7	ppi_lr_go	ppi_prediction_go
CCL5	TAS2R4	ppi_lr_go	ppi_prediction_go
CCL5	TAS2R3	ppi_lr_go	ppi_prediction_go
CCL5	TAS2R1	ppi_lr_go	ppi_prediction_go
CCL5	GABBR1	ppi_lr_go	ppi_prediction_go
CCL5	LPAR3	ppi_lr_go	ppi_prediction_go
CCL5	GPR55	ppi_lr_go	ppi_prediction_go
EDN3	CHRM3	ppi_lr_go	ppi_prediction_go
EDN3	TBXA2R	ppi_lr_go	ppi_prediction_go
EDN3	ADRA1D	ppi_lr_go	ppi_prediction_go
EDN3	PTAFR	ppi_lr_go	ppi_prediction_go
EDN3	PTGER1	ppi_lr_go	ppi_prediction_go
EDN3	ADRA1A	ppi_lr_go	ppi_prediction_go
EDN3	ADRA1B	ppi_lr_go	ppi_prediction_go
EDN3	CASR	ppi_lr_go	ppi_prediction_go
EDN3	P2RY2	ppi_lr_go	ppi_prediction_go
EDN3	GRM5	ppi_lr_go	ppi_prediction_go
EDN3	PTGFR	ppi_lr_go	ppi_prediction_go
EDN3	LPAR6	ppi_lr_go	ppi_prediction_go
EDN3	GPR4	ppi_lr_go	ppi_prediction_go
EDN3	P2RY1	ppi_lr_go	ppi_prediction_go
EDN3	GRM1	ppi_lr_go	ppi_prediction_go
EDN3	GPR17	ppi_lr_go	ppi_prediction_go
EDN3	P2RY6	ppi_lr_go	ppi_prediction_go
EDN3	LTB4R	ppi_lr_go	ppi_prediction_go
EDN3	GPR68	ppi_lr_go	ppi_prediction_go
EDN3	GPRC6A	ppi_lr_go	ppi_prediction_go
EDN3	GPR65	ppi_lr_go	ppi_prediction_go
EDN3	LPAR5	ppi_lr_go	ppi_prediction_go
EDN3	LTB4R2	ppi_lr_go	ppi_prediction_go
EDN3	CYSLTR2	ppi_lr_go	ppi_prediction_go
EDN3	LPAR3	ppi_lr_go	ppi_prediction_go
EDN3	OPN4	ppi_lr_go	ppi_prediction_go
EDN3	GPR132	ppi_lr_go	ppi_prediction_go
EDN3	CYSLTR1	ppi_lr_go	ppi_prediction_go
AREG	GRIA1	ppi_lr_go	ppi_prediction_go
VEGFA	GRIN2B	ppi_lr_go	ppi_prediction_go
VEGFA	PTK2B	ppi_lr_go	ppi_prediction_go
VEGFA	LYVE1	ppi_lr_go	ppi_prediction_go
LGALS3	PTPRZ1	ppi_lr_go	ppi_prediction_go
LGALS3	FCGR2B	ppi_lr_go	ppi_prediction_go
LGALS3	FLT4	ppi_lr_go	ppi_prediction_go
LGALS3	TGFBR2	ppi_lr_go	ppi_prediction_go
LGALS3	PTPRK	ppi_lr_go	ppi_prediction_go
LGALS3	SLC1A5	ppi_lr_go	ppi_prediction_go
LGALS3	COLEC12	ppi_lr_go	ppi_prediction_go
LGALS3	SCARA3	ppi_lr_go	ppi_prediction_go
LGALS3	RTN4RL2	ppi_lr_go	ppi_prediction_go
LGALS3	LPAR1	ppi_lr_go	ppi_prediction_go
LGALS3	CLEC7A	ppi_lr_go	ppi_prediction_go
LGALS3	P2RY12	ppi_lr_go	ppi_prediction_go
LGALS3	GPR35	ppi_lr_go	ppi_prediction_go
LGALS3	MRC2	ppi_lr_go	ppi_prediction_go
LGALS3	GPR52	ppi_lr_go	ppi_prediction_go
LGALS3	GPR55	ppi_lr_go	ppi_prediction_go
ADCYAP1	DRD1	ppi_lr_go	ppi_prediction_go
ADCYAP1	DRD5	ppi_lr_go	ppi_prediction_go
ADCYAP1	ADORA2A	ppi_lr_go	ppi_prediction_go
ADCYAP1	ADORA2B	ppi_lr_go	ppi_prediction_go
ADCYAP1	PTGER4	ppi_lr_go	ppi_prediction_go
ADCYAP1	PTGER2	ppi_lr_go	ppi_prediction_go
ADCYAP1	PTGIR	ppi_lr_go	ppi_prediction_go
ADCYAP1	GPR15	ppi_lr_go	ppi_prediction_go
ADCYAP1	PTGDR	ppi_lr_go	ppi_prediction_go
ADCYAP1	GPR176	ppi_lr_go	ppi_prediction_go
ADCYAP1	GPR150	ppi_lr_go	ppi_prediction_go
ADCYAP1	GPBAR1	ppi_lr_go	ppi_prediction_go
ADCYAP1	TAAR1	ppi_lr_go	ppi_prediction_go
ADCYAP1	GPR20	ppi_lr_go	ppi_prediction_go
ADCYAP1	GPR84	ppi_lr_go	ppi_prediction_go
ADCYAP1	GPR27	ppi_lr_go	ppi_prediction_go
ADCYAP1	GPR83	ppi_lr_go	ppi_prediction_go
ADCYAP1	GPR45	ppi_lr_go	ppi_prediction_go
CXCL2	S1PR1	ppi_lr_go	ppi_prediction_go
CXCL2	CNR1	ppi_lr_go	ppi_prediction_go
CXCL2	DRD4	ppi_lr_go	ppi_prediction_go
CXCL2	ADORA1	ppi_lr_go	ppi_prediction_go
CXCL2	CNR2	ppi_lr_go	ppi_prediction_go
CXCL2	DRD3	ppi_lr_go	ppi_prediction_go
CXCL2	CASR	ppi_lr_go	ppi_prediction_go
CXCL2	PTGER3	ppi_lr_go	ppi_prediction_go
CXCL2	HCAR3	ppi_lr_go	ppi_prediction_go
CXCL2	P2RY4	ppi_lr_go	ppi_prediction_go
CXCL2	TAS2R38	ppi_lr_go	ppi_prediction_go
CXCL2	TAS2R39	ppi_lr_go	ppi_prediction_go
CXCL2	TAS2R40	ppi_lr_go	ppi_prediction_go
CXCL2	TAS2R41	ppi_lr_go	ppi_prediction_go
CXCL2	TAS2R31	ppi_lr_go	ppi_prediction_go
CXCL2	TAS2R46	ppi_lr_go	ppi_prediction_go
CXCL2	TAS2R60	ppi_lr_go	ppi_prediction_go
CXCL2	GPR17	ppi_lr_go	ppi_prediction_go
CXCL2	GPR18	ppi_lr_go	ppi_prediction_go
CXCL2	GRM2	ppi_lr_go	ppi_prediction_go
CXCL2	GRM7	ppi_lr_go	ppi_prediction_go
CXCL2	GRM3	ppi_lr_go	ppi_prediction_go
CXCL2	HCAR2	ppi_lr_go	ppi_prediction_go
CXCL2	OXGR1	ppi_lr_go	ppi_prediction_go
CXCL2	S1PR3	ppi_lr_go	ppi_prediction_go
CXCL2	GPER1	ppi_lr_go	ppi_prediction_go
CXCL2	P2RY13	ppi_lr_go	ppi_prediction_go
CXCL2	SUCNR1	ppi_lr_go	ppi_prediction_go
CXCL2	HCAR1	ppi_lr_go	ppi_prediction_go
CXCL2	LPAR5	ppi_lr_go	ppi_prediction_go
CXCL2	S1PR5	ppi_lr_go	ppi_prediction_go
CXCL2	P2RY12	ppi_lr_go	ppi_prediction_go
CXCL2	TAS2R16	ppi_lr_go	ppi_prediction_go
CXCL2	TAS2R14	ppi_lr_go	ppi_prediction_go
CXCL2	TAS2R13	ppi_lr_go	ppi_prediction_go
CXCL2	TAS2R10	ppi_lr_go	ppi_prediction_go
CXCL2	TAS2R7	ppi_lr_go	ppi_prediction_go
CXCL2	TAS2R4	ppi_lr_go	ppi_prediction_go
CXCL2	TAS2R3	ppi_lr_go	ppi_prediction_go
CXCL2	TAS2R1	ppi_lr_go	ppi_prediction_go
CXCL2	GABBR1	ppi_lr_go	ppi_prediction_go
CXCL2	LPAR3	ppi_lr_go	ppi_prediction_go
CXCL2	GPR55	ppi_lr_go	ppi_prediction_go
CXCL3	S1PR1	ppi_lr_go	ppi_prediction_go
CXCL3	CNR1	ppi_lr_go	ppi_prediction_go
CXCL3	DRD4	ppi_lr_go	ppi_prediction_go
CXCL3	ADORA1	ppi_lr_go	ppi_prediction_go
CXCL3	CNR2	ppi_lr_go	ppi_prediction_go
CXCL3	DRD3	ppi_lr_go	ppi_prediction_go
CXCL3	CASR	ppi_lr_go	ppi_prediction_go
CXCL3	PTGER3	ppi_lr_go	ppi_prediction_go
CXCL3	HCAR3	ppi_lr_go	ppi_prediction_go
CXCL3	P2RY4	ppi_lr_go	ppi_prediction_go
CXCL3	TAS2R38	ppi_lr_go	ppi_prediction_go
CXCL3	TAS2R39	ppi_lr_go	ppi_prediction_go
CXCL3	TAS2R40	ppi_lr_go	ppi_prediction_go
CXCL3	TAS2R41	ppi_lr_go	ppi_prediction_go
CXCL3	TAS2R31	ppi_lr_go	ppi_prediction_go
CXCL3	TAS2R46	ppi_lr_go	ppi_prediction_go
CXCL3	TAS2R60	ppi_lr_go	ppi_prediction_go
CXCL3	GPR17	ppi_lr_go	ppi_prediction_go
CXCL3	GPR18	ppi_lr_go	ppi_prediction_go
CXCL3	GRM2	ppi_lr_go	ppi_prediction_go
CXCL3	GRM7	ppi_lr_go	ppi_prediction_go
CXCL3	GRM3	ppi_lr_go	ppi_prediction_go
CXCL3	HCAR2	ppi_lr_go	ppi_prediction_go
CXCL3	OXGR1	ppi_lr_go	ppi_prediction_go
CXCL3	S1PR3	ppi_lr_go	ppi_prediction_go
CXCL3	GPER1	ppi_lr_go	ppi_prediction_go
CXCL3	P2RY13	ppi_lr_go	ppi_prediction_go
CXCL3	SUCNR1	ppi_lr_go	ppi_prediction_go
CXCL3	HCAR1	ppi_lr_go	ppi_prediction_go
CXCL3	LPAR5	ppi_lr_go	ppi_prediction_go
CXCL3	S1PR5	ppi_lr_go	ppi_prediction_go
CXCL3	P2RY12	ppi_lr_go	ppi_prediction_go
CXCL3	TAS2R16	ppi_lr_go	ppi_prediction_go
CXCL3	TAS2R14	ppi_lr_go	ppi_prediction_go
CXCL3	TAS2R13	ppi_lr_go	ppi_prediction_go
CXCL3	TAS2R10	ppi_lr_go	ppi_prediction_go
CXCL3	TAS2R7	ppi_lr_go	ppi_prediction_go
CXCL3	TAS2R4	ppi_lr_go	ppi_prediction_go
CXCL3	TAS2R3	ppi_lr_go	ppi_prediction_go
CXCL3	TAS2R1	ppi_lr_go	ppi_prediction_go
CXCL3	GABBR1	ppi_lr_go	ppi_prediction_go
CXCL3	LPAR3	ppi_lr_go	ppi_prediction_go
CXCL3	GPR55	ppi_lr_go	ppi_prediction_go
PMCH	S1PR1	ppi_lr_go	ppi_prediction_go
PMCH	CNR1	ppi_lr_go	ppi_prediction_go
PMCH	TBXA2R	ppi_lr_go	ppi_prediction_go
PMCH	DRD4	ppi_lr_go	ppi_prediction_go
PMCH	ADRA1D	ppi_lr_go	ppi_prediction_go
PMCH	PTAFR	ppi_lr_go	ppi_prediction_go
PMCH	ADORA1	ppi_lr_go	ppi_prediction_go
PMCH	CNR2	ppi_lr_go	ppi_prediction_go
PMCH	PTGER1	ppi_lr_go	ppi_prediction_go
PMCH	ADRA1A	ppi_lr_go	ppi_prediction_go
PMCH	ADRA1B	ppi_lr_go	ppi_prediction_go
PMCH	DRD3	ppi_lr_go	ppi_prediction_go
PMCH	CASR	ppi_lr_go	ppi_prediction_go
PMCH	P2RY2	ppi_lr_go	ppi_prediction_go
PMCH	GRM5	ppi_lr_go	ppi_prediction_go
PMCH	PTGFR	ppi_lr_go	ppi_prediction_go
PMCH	PTGER3	ppi_lr_go	ppi_prediction_go
PMCH	LPAR6	ppi_lr_go	ppi_prediction_go
PMCH	GPR4	ppi_lr_go	ppi_prediction_go
PMCH	P2RY1	ppi_lr_go	ppi_prediction_go
PMCH	HCAR3	ppi_lr_go	ppi_prediction_go
PMCH	P2RY4	ppi_lr_go	ppi_prediction_go
PMCH	TAS2R38	ppi_lr_go	ppi_prediction_go
PMCH	TAS2R39	ppi_lr_go	ppi_prediction_go
PMCH	TAS2R40	ppi_lr_go	ppi_prediction_go
PMCH	TAS2R41	ppi_lr_go	ppi_prediction_go
PMCH	TAS2R31	ppi_lr_go	ppi_prediction_go
PMCH	TAS2R46	ppi_lr_go	ppi_prediction_go
PMCH	TAS2R60	ppi_lr_go	ppi_prediction_go
PMCH	GRM1	ppi_lr_go	ppi_prediction_go
PMCH	GPR17	ppi_lr_go	ppi_prediction_go
PMCH	GPR18	ppi_lr_go	ppi_prediction_go
PMCH	GRM2	ppi_lr_go	ppi_prediction_go
PMCH	GRM7	ppi_lr_go	ppi_prediction_go
PMCH	GRM3	ppi_lr_go	ppi_prediction_go
PMCH	P2RY6	ppi_lr_go	ppi_prediction_go
PMCH	LTB4R	ppi_lr_go	ppi_prediction_go
PMCH	GPR68	ppi_lr_go	ppi_prediction_go
PMCH	GPRC6A	ppi_lr_go	ppi_prediction_go
PMCH	GPR65	ppi_lr_go	ppi_prediction_go
PMCH	HCAR2	ppi_lr_go	ppi_prediction_go
PMCH	OXGR1	ppi_lr_go	ppi_prediction_go
PMCH	S1PR3	ppi_lr_go	ppi_prediction_go
PMCH	GPER1	ppi_lr_go	ppi_prediction_go
PMCH	P2RY13	ppi_lr_go	ppi_prediction_go
PMCH	SUCNR1	ppi_lr_go	ppi_prediction_go
PMCH	HCAR1	ppi_lr_go	ppi_prediction_go
PMCH	LPAR5	ppi_lr_go	ppi_prediction_go
PMCH	S1PR5	ppi_lr_go	ppi_prediction_go
PMCH	P2RY12	ppi_lr_go	ppi_prediction_go
PMCH	LTB4R2	ppi_lr_go	ppi_prediction_go
PMCH	CYSLTR2	ppi_lr_go	ppi_prediction_go
PMCH	TAS2R16	ppi_lr_go	ppi_prediction_go
PMCH	TAS2R14	ppi_lr_go	ppi_prediction_go
PMCH	TAS2R13	ppi_lr_go	ppi_prediction_go
PMCH	TAS2R10	ppi_lr_go	ppi_prediction_go
PMCH	TAS2R7	ppi_lr_go	ppi_prediction_go
PMCH	TAS2R4	ppi_lr_go	ppi_prediction_go
PMCH	TAS2R3	ppi_lr_go	ppi_prediction_go
PMCH	TAS2R1	ppi_lr_go	ppi_prediction_go
PMCH	GABBR1	ppi_lr_go	ppi_prediction_go
PMCH	LPAR3	ppi_lr_go	ppi_prediction_go
PMCH	OPN4	ppi_lr_go	ppi_prediction_go
PMCH	GPR132	ppi_lr_go	ppi_prediction_go
PMCH	CYSLTR1	ppi_lr_go	ppi_prediction_go
PMCH	GPR55	ppi_lr_go	ppi_prediction_go
TRH	TBXA2R	ppi_lr_go	ppi_prediction_go
TRH	ADRA1D	ppi_lr_go	ppi_prediction_go
TRH	PTAFR	ppi_lr_go	ppi_prediction_go
TRH	PTGER1	ppi_lr_go	ppi_prediction_go
TRH	ADRA1A	ppi_lr_go	ppi_prediction_go
TRH	ADRA1B	ppi_lr_go	ppi_prediction_go
TRH	CASR	ppi_lr_go	ppi_prediction_go
TRH	P2RY2	ppi_lr_go	ppi_prediction_go
TRH	GRM5	ppi_lr_go	ppi_prediction_go
TRH	PTGFR	ppi_lr_go	ppi_prediction_go
TRH	LPAR6	ppi_lr_go	ppi_prediction_go
TRH	GPR4	ppi_lr_go	ppi_prediction_go
TRH	P2RY1	ppi_lr_go	ppi_prediction_go
TRH	GRM1	ppi_lr_go	ppi_prediction_go
TRH	GPR17	ppi_lr_go	ppi_prediction_go
TRH	P2RY6	ppi_lr_go	ppi_prediction_go
TRH	LTB4R	ppi_lr_go	ppi_prediction_go
TRH	GPR68	ppi_lr_go	ppi_prediction_go
TRH	GPRC6A	ppi_lr_go	ppi_prediction_go
TRH	GPR65	ppi_lr_go	ppi_prediction_go
TRH	LPAR5	ppi_lr_go	ppi_prediction_go
TRH	LTB4R2	ppi_lr_go	ppi_prediction_go
TRH	CYSLTR2	ppi_lr_go	ppi_prediction_go
TRH	LPAR3	ppi_lr_go	ppi_prediction_go
TRH	OPN4	ppi_lr_go	ppi_prediction_go
TRH	GPR132	ppi_lr_go	ppi_prediction_go
TRH	CYSLTR1	ppi_lr_go	ppi_prediction_go
EDN2	TBXA2R	ppi_lr_go	ppi_prediction_go
EDN2	ADRA1D	ppi_lr_go	ppi_prediction_go
EDN2	PTAFR	ppi_lr_go	ppi_prediction_go
EDN2	PTGER1	ppi_lr_go	ppi_prediction_go
EDN2	ADRA1A	ppi_lr_go	ppi_prediction_go
EDN2	ADRA1B	ppi_lr_go	ppi_prediction_go
EDN2	CASR	ppi_lr_go	ppi_prediction_go
EDN2	P2RY2	ppi_lr_go	ppi_prediction_go
EDN2	GRM5	ppi_lr_go	ppi_prediction_go
EDN2	PTGFR	ppi_lr_go	ppi_prediction_go
EDN2	LPAR6	ppi_lr_go	ppi_prediction_go
EDN2	GPR4	ppi_lr_go	ppi_prediction_go
EDN2	P2RY1	ppi_lr_go	ppi_prediction_go
EDN2	GRM1	ppi_lr_go	ppi_prediction_go
EDN2	GPR17	ppi_lr_go	ppi_prediction_go
EDN2	P2RY6	ppi_lr_go	ppi_prediction_go
EDN2	LTB4R	ppi_lr_go	ppi_prediction_go
EDN2	GPR68	ppi_lr_go	ppi_prediction_go
EDN2	GPRC6A	ppi_lr_go	ppi_prediction_go
EDN2	GPR65	ppi_lr_go	ppi_prediction_go
EDN2	LPAR5	ppi_lr_go	ppi_prediction_go
EDN2	LTB4R2	ppi_lr_go	ppi_prediction_go
EDN2	CYSLTR2	ppi_lr_go	ppi_prediction_go
EDN2	LPAR3	ppi_lr_go	ppi_prediction_go
EDN2	OPN4	ppi_lr_go	ppi_prediction_go
EDN2	GPR132	ppi_lr_go	ppi_prediction_go
EDN2	CYSLTR1	ppi_lr_go	ppi_prediction_go
PTN	RYR1	ppi_lr_go	ppi_prediction_go
KITLG	PTPN6	ppi_lr_go	ppi_prediction_go
ZP3	ZP2	ppi_lr_go	ppi_prediction_go
ZP3	OR2L13	ppi_lr_go	ppi_prediction_go
GAL	ADORA1	ppi_lr_go	ppi_prediction_go
GAL	CNR2	ppi_lr_go	ppi_prediction_go
GAL	DRD3	ppi_lr_go	ppi_prediction_go
GAL	CASR	ppi_lr_go	ppi_prediction_go
GAL	PTGER3	ppi_lr_go	ppi_prediction_go
GAL	HCAR3	ppi_lr_go	ppi_prediction_go
GAL	P2RY4	ppi_lr_go	ppi_prediction_go
GAL	TAS2R38	ppi_lr_go	ppi_prediction_go
GAL	TAS2R39	ppi_lr_go	ppi_prediction_go
GAL	TAS2R40	ppi_lr_go	ppi_prediction_go
GAL	TAS2R41	ppi_lr_go	ppi_prediction_go
GAL	TAS2R31	ppi_lr_go	ppi_prediction_go
GAL	TAS2R46	ppi_lr_go	ppi_prediction_go
GAL	TAS2R60	ppi_lr_go	ppi_prediction_go
GAL	GPR17	ppi_lr_go	ppi_prediction_go
GAL	GPR18	ppi_lr_go	ppi_prediction_go
GAL	GRM2	ppi_lr_go	ppi_prediction_go
GAL	GRM7	ppi_lr_go	ppi_prediction_go
GAL	GRM3	ppi_lr_go	ppi_prediction_go
GAL	HCAR2	ppi_lr_go	ppi_prediction_go
GAL	OXGR1	ppi_lr_go	ppi_prediction_go
GAL	S1PR3	ppi_lr_go	ppi_prediction_go
GAL	GPER1	ppi_lr_go	ppi_prediction_go
GAL	P2RY13	ppi_lr_go	ppi_prediction_go
GAL	SUCNR1	ppi_lr_go	ppi_prediction_go
GAL	HCAR1	ppi_lr_go	ppi_prediction_go
GAL	LPAR5	ppi_lr_go	ppi_prediction_go
GAL	S1PR5	ppi_lr_go	ppi_prediction_go
GAL	P2RY12	ppi_lr_go	ppi_prediction_go
GAL	TAS2R16	ppi_lr_go	ppi_prediction_go
GAL	TAS2R14	ppi_lr_go	ppi_prediction_go
GAL	TAS2R13	ppi_lr_go	ppi_prediction_go
GAL	TAS2R10	ppi_lr_go	ppi_prediction_go
GAL	TAS2R7	ppi_lr_go	ppi_prediction_go
GAL	TAS2R4	ppi_lr_go	ppi_prediction_go
GAL	TAS2R3	ppi_lr_go	ppi_prediction_go
GAL	TAS2R1	ppi_lr_go	ppi_prediction_go
GAL	GABBR1	ppi_lr_go	ppi_prediction_go
GAL	LPAR3	ppi_lr_go	ppi_prediction_go
GAL	GPR55	ppi_lr_go	ppi_prediction_go
GDF1	ACVR1B	ppi_lr_go	ppi_prediction_go
GDF1	ACVR2B	ppi_lr_go	ppi_prediction_go
GDF1	ACVR1C	ppi_lr_go	ppi_prediction_go
GDF1	TSKU	ppi_lr_go	ppi_prediction_go
GRN	CLEC4M	ppi_lr_go	ppi_prediction_go
NTS	PTGER1	ppi_lr_go	ppi_prediction_go
NTS	ADRA1A	ppi_lr_go	ppi_prediction_go
NTS	ADRA1B	ppi_lr_go	ppi_prediction_go
NTS	CASR	ppi_lr_go	ppi_prediction_go
NTS	P2RY2	ppi_lr_go	ppi_prediction_go
NTS	GRM5	ppi_lr_go	ppi_prediction_go
NTS	PTGFR	ppi_lr_go	ppi_prediction_go
NTS	LPAR6	ppi_lr_go	ppi_prediction_go
NTS	GPR4	ppi_lr_go	ppi_prediction_go
NTS	P2RY1	ppi_lr_go	ppi_prediction_go
NTS	GRM1	ppi_lr_go	ppi_prediction_go
NTS	GPR17	ppi_lr_go	ppi_prediction_go
NTS	P2RY6	ppi_lr_go	ppi_prediction_go
NTS	LTB4R	ppi_lr_go	ppi_prediction_go
NTS	GPR68	ppi_lr_go	ppi_prediction_go
NTS	GPRC6A	ppi_lr_go	ppi_prediction_go
NTS	GPR65	ppi_lr_go	ppi_prediction_go
NTS	LPAR5	ppi_lr_go	ppi_prediction_go
NTS	LTB4R2	ppi_lr_go	ppi_prediction_go
NTS	CYSLTR2	ppi_lr_go	ppi_prediction_go
NTS	LPAR3	ppi_lr_go	ppi_prediction_go
NTS	OPN4	ppi_lr_go	ppi_prediction_go
NTS	GPR132	ppi_lr_go	ppi_prediction_go
NTS	CYSLTR1	ppi_lr_go	ppi_prediction_go
ADM	PTGER4	ppi_lr_go	ppi_prediction_go
ADM	PTGER2	ppi_lr_go	ppi_prediction_go
ADM	PTGIR	ppi_lr_go	ppi_prediction_go
ADM	GPR15	ppi_lr_go	ppi_prediction_go
ADM	PTGDR	ppi_lr_go	ppi_prediction_go
ADM	GPR176	ppi_lr_go	ppi_prediction_go
ADM	GPR150	ppi_lr_go	ppi_prediction_go
ADM	GPBAR1	ppi_lr_go	ppi_prediction_go
ADM	TAAR1	ppi_lr_go	ppi_prediction_go
ADM	GPR20	ppi_lr_go	ppi_prediction_go
ADM	GPR84	ppi_lr_go	ppi_prediction_go
ADM	GPR27	ppi_lr_go	ppi_prediction_go
ADM	GPR83	ppi_lr_go	ppi_prediction_go
ADM	GPR45	ppi_lr_go	ppi_prediction_go
THBS4	FKBP1B	ppi_lr_go	ppi_prediction_go
THBS4	LRP1	ppi_lr_go	ppi_prediction_go
WNT5A	DAB2	ppi_lr_go	ppi_prediction_go
WNT5A	SCARB2	ppi_lr_go	ppi_prediction_go
WNT5A	PTPRK	ppi_lr_go	ppi_prediction_go
WNT5A	SFRP1	ppi_lr_go	ppi_prediction_go
WNT5A	FRZB	ppi_lr_go	ppi_prediction_go
WNT5A	ANTXR1	ppi_lr_go	ppi_prediction_go
CXCL5	PTGER3	ppi_lr_go	ppi_prediction_go
CXCL5	HCAR3	ppi_lr_go	ppi_prediction_go
CXCL5	P2RY4	ppi_lr_go	ppi_prediction_go
CXCL5	TAS2R38	ppi_lr_go	ppi_prediction_go
CXCL5	TAS2R39	ppi_lr_go	ppi_prediction_go
CXCL5	TAS2R40	ppi_lr_go	ppi_prediction_go
CXCL5	TAS2R41	ppi_lr_go	ppi_prediction_go
CXCL5	TAS2R31	ppi_lr_go	ppi_prediction_go
CXCL5	TAS2R46	ppi_lr_go	ppi_prediction_go
CXCL5	TAS2R60	ppi_lr_go	ppi_prediction_go
CXCL5	GPR17	ppi_lr_go	ppi_prediction_go
CXCL5	GPR18	ppi_lr_go	ppi_prediction_go
CXCL5	GRM2	ppi_lr_go	ppi_prediction_go
CXCL5	GRM7	ppi_lr_go	ppi_prediction_go
CXCL5	GRM3	ppi_lr_go	ppi_prediction_go
CXCL5	HCAR2	ppi_lr_go	ppi_prediction_go
CXCL5	OXGR1	ppi_lr_go	ppi_prediction_go
CXCL5	S1PR3	ppi_lr_go	ppi_prediction_go
CXCL5	GPER1	ppi_lr_go	ppi_prediction_go
CXCL5	P2RY13	ppi_lr_go	ppi_prediction_go
CXCL5	SUCNR1	ppi_lr_go	ppi_prediction_go
CXCL5	HCAR1	ppi_lr_go	ppi_prediction_go
CXCL5	LPAR5	ppi_lr_go	ppi_prediction_go
CXCL5	S1PR5	ppi_lr_go	ppi_prediction_go
CXCL5	P2RY12	ppi_lr_go	ppi_prediction_go
CXCL5	TAS2R16	ppi_lr_go	ppi_prediction_go
CXCL5	TAS2R14	ppi_lr_go	ppi_prediction_go
CXCL5	TAS2R13	ppi_lr_go	ppi_prediction_go
CXCL5	TAS2R10	ppi_lr_go	ppi_prediction_go
CXCL5	TAS2R7	ppi_lr_go	ppi_prediction_go
CXCL5	TAS2R4	ppi_lr_go	ppi_prediction_go
CXCL5	TAS2R3	ppi_lr_go	ppi_prediction_go
CXCL5	TAS2R1	ppi_lr_go	ppi_prediction_go
CXCL5	GABBR1	ppi_lr_go	ppi_prediction_go
CXCL5	LPAR3	ppi_lr_go	ppi_prediction_go
CXCL5	GPR55	ppi_lr_go	ppi_prediction_go
NAMPT	CUL5	ppi_lr_go	ppi_prediction_go
XCL1	GRM1	ppi_lr_go	ppi_prediction_go
XCL1	GPR17	ppi_lr_go	ppi_prediction_go
XCL1	P2RY6	ppi_lr_go	ppi_prediction_go
XCL1	LTB4R	ppi_lr_go	ppi_prediction_go
XCL1	GPR68	ppi_lr_go	ppi_prediction_go
XCL1	GPRC6A	ppi_lr_go	ppi_prediction_go
XCL1	GPR65	ppi_lr_go	ppi_prediction_go
XCL1	LPAR5	ppi_lr_go	ppi_prediction_go
XCL1	LTB4R2	ppi_lr_go	ppi_prediction_go
XCL1	CYSLTR2	ppi_lr_go	ppi_prediction_go
XCL1	LPAR3	ppi_lr_go	ppi_prediction_go
XCL1	OPN4	ppi_lr_go	ppi_prediction_go
XCL1	GPR132	ppi_lr_go	ppi_prediction_go
XCL1	CYSLTR1	ppi_lr_go	ppi_prediction_go
CXCL12	HCAR3	ppi_lr_go	ppi_prediction_go
CXCL12	P2RY4	ppi_lr_go	ppi_prediction_go
CXCL12	TAS2R38	ppi_lr_go	ppi_prediction_go
CXCL12	TAS2R39	ppi_lr_go	ppi_prediction_go
CXCL12	TAS2R40	ppi_lr_go	ppi_prediction_go
CXCL12	TAS2R41	ppi_lr_go	ppi_prediction_go
CXCL12	TAS2R31	ppi_lr_go	ppi_prediction_go
CXCL12	TAS2R46	ppi_lr_go	ppi_prediction_go
CXCL12	TAS2R60	ppi_lr_go	ppi_prediction_go
CXCL12	GPR17	ppi_lr_go	ppi_prediction_go
CXCL12	GPR18	ppi_lr_go	ppi_prediction_go
CXCL12	GRM2	ppi_lr_go	ppi_prediction_go
CXCL12	GRM7	ppi_lr_go	ppi_prediction_go
CXCL12	GRM3	ppi_lr_go	ppi_prediction_go
CXCL12	HCAR2	ppi_lr_go	ppi_prediction_go
CXCL12	OXGR1	ppi_lr_go	ppi_prediction_go
CXCL12	S1PR3	ppi_lr_go	ppi_prediction_go
CXCL12	GPER1	ppi_lr_go	ppi_prediction_go
CXCL12	P2RY13	ppi_lr_go	ppi_prediction_go
CXCL12	SUCNR1	ppi_lr_go	ppi_prediction_go
CXCL12	HCAR1	ppi_lr_go	ppi_prediction_go
CXCL12	LPAR5	ppi_lr_go	ppi_prediction_go
CXCL12	S1PR5	ppi_lr_go	ppi_prediction_go
CXCL12	P2RY12	ppi_lr_go	ppi_prediction_go
CXCL12	TAS2R16	ppi_lr_go	ppi_prediction_go
CXCL12	TAS2R14	ppi_lr_go	ppi_prediction_go
CXCL12	TAS2R13	ppi_lr_go	ppi_prediction_go
CXCL12	TAS2R10	ppi_lr_go	ppi_prediction_go
CXCL12	TAS2R7	ppi_lr_go	ppi_prediction_go
CXCL12	TAS2R4	ppi_lr_go	ppi_prediction_go
CXCL12	TAS2R3	ppi_lr_go	ppi_prediction_go
CXCL12	TAS2R1	ppi_lr_go	ppi_prediction_go
CXCL12	GABBR1	ppi_lr_go	ppi_prediction_go
CXCL12	LPAR3	ppi_lr_go	ppi_prediction_go
CXCL12	GPR55	ppi_lr_go	ppi_prediction_go
INSL3	PTGDR	ppi_lr_go	ppi_prediction_go
INSL3	GPR176	ppi_lr_go	ppi_prediction_go
INSL3	GPR150	ppi_lr_go	ppi_prediction_go
INSL3	GPBAR1	ppi_lr_go	ppi_prediction_go
INSL3	TAAR1	ppi_lr_go	ppi_prediction_go
INSL3	GPR20	ppi_lr_go	ppi_prediction_go
INSL3	GPR84	ppi_lr_go	ppi_prediction_go
INSL3	GPR27	ppi_lr_go	ppi_prediction_go
INSL3	GPR83	ppi_lr_go	ppi_prediction_go
INSL3	GPR45	ppi_lr_go	ppi_prediction_go
EFNA5	EFNB3	ppi_lr_go	ppi_prediction_go
EFNA5	EPHA10	ppi_lr_go	ppi_prediction_go
COPA	SPHK1	ppi_lr_go	ppi_prediction_go
FGF8	FGFRL1	ppi_lr_go	ppi_prediction_go
WNT3	ROR1	ppi_lr_go	ppi_prediction_go
WNT3	PTPRO	ppi_lr_go	ppi_prediction_go
WNT3	SFRP4	ppi_lr_go	ppi_prediction_go
WNT3	SFRP1	ppi_lr_go	ppi_prediction_go
WNT3	FRZB	ppi_lr_go	ppi_prediction_go
WNT3A	PTPRO	ppi_lr_go	ppi_prediction_go
WNT3A	SFRP4	ppi_lr_go	ppi_prediction_go
WNT3A	SFRP1	ppi_lr_go	ppi_prediction_go
WNT3A	FRZB	ppi_lr_go	ppi_prediction_go
PROK1	GRM1	ppi_lr_go	ppi_prediction_go
PROK1	GPR17	ppi_lr_go	ppi_prediction_go
PROK1	P2RY6	ppi_lr_go	ppi_prediction_go
PROK1	LTB4R	ppi_lr_go	ppi_prediction_go
PROK1	GPR68	ppi_lr_go	ppi_prediction_go
PROK1	GPRC6A	ppi_lr_go	ppi_prediction_go
PROK1	GPR65	ppi_lr_go	ppi_prediction_go
PROK1	LPAR5	ppi_lr_go	ppi_prediction_go
PROK1	LTB4R2	ppi_lr_go	ppi_prediction_go
PROK1	CYSLTR2	ppi_lr_go	ppi_prediction_go
PROK1	LPAR3	ppi_lr_go	ppi_prediction_go
PROK1	OPN4	ppi_lr_go	ppi_prediction_go
PROK1	GPR132	ppi_lr_go	ppi_prediction_go
PROK1	CYSLTR1	ppi_lr_go	ppi_prediction_go
SST	GPR17	ppi_lr_go	ppi_prediction_go
SST	GPR18	ppi_lr_go	ppi_prediction_go
SST	GRM2	ppi_lr_go	ppi_prediction_go
SST	GRM7	ppi_lr_go	ppi_prediction_go
SST	GRM3	ppi_lr_go	ppi_prediction_go
SST	HCAR2	ppi_lr_go	ppi_prediction_go
SST	OXGR1	ppi_lr_go	ppi_prediction_go
SST	S1PR3	ppi_lr_go	ppi_prediction_go
SST	GPER1	ppi_lr_go	ppi_prediction_go
SST	P2RY13	ppi_lr_go	ppi_prediction_go
SST	SUCNR1	ppi_lr_go	ppi_prediction_go
SST	HCAR1	ppi_lr_go	ppi_prediction_go
SST	LPAR5	ppi_lr_go	ppi_prediction_go
SST	S1PR5	ppi_lr_go	ppi_prediction_go
SST	P2RY12	ppi_lr_go	ppi_prediction_go
SST	TAS2R16	ppi_lr_go	ppi_prediction_go
SST	TAS2R14	ppi_lr_go	ppi_prediction_go
SST	TAS2R13	ppi_lr_go	ppi_prediction_go
SST	TAS2R10	ppi_lr_go	ppi_prediction_go
SST	TAS2R7	ppi_lr_go	ppi_prediction_go
SST	TAS2R4	ppi_lr_go	ppi_prediction_go
SST	TAS2R3	ppi_lr_go	ppi_prediction_go
SST	TAS2R1	ppi_lr_go	ppi_prediction_go
SST	GABBR1	ppi_lr_go	ppi_prediction_go
SST	LPAR3	ppi_lr_go	ppi_prediction_go
SST	GPR55	ppi_lr_go	ppi_prediction_go
CCL20	GPR17	ppi_lr_go	ppi_prediction_go
CCL20	GPR18	ppi_lr_go	ppi_prediction_go
CCL20	GRM2	ppi_lr_go	ppi_prediction_go
CCL20	GRM7	ppi_lr_go	ppi_prediction_go
CCL20	GRM3	ppi_lr_go	ppi_prediction_go
CCL20	HCAR2	ppi_lr_go	ppi_prediction_go
CCL20	OXGR1	ppi_lr_go	ppi_prediction_go
CCL20	S1PR3	ppi_lr_go	ppi_prediction_go
CCL20	GPER1	ppi_lr_go	ppi_prediction_go
CCL20	P2RY13	ppi_lr_go	ppi_prediction_go
CCL20	SUCNR1	ppi_lr_go	ppi_prediction_go
CCL20	HCAR1	ppi_lr_go	ppi_prediction_go
CCL20	LPAR5	ppi_lr_go	ppi_prediction_go
CCL20	S1PR5	ppi_lr_go	ppi_prediction_go
CCL20	P2RY12	ppi_lr_go	ppi_prediction_go
CCL20	TAS2R16	ppi_lr_go	ppi_prediction_go
CCL20	TAS2R14	ppi_lr_go	ppi_prediction_go
CCL20	TAS2R13	ppi_lr_go	ppi_prediction_go
CCL20	TAS2R10	ppi_lr_go	ppi_prediction_go
CCL20	TAS2R7	ppi_lr_go	ppi_prediction_go
CCL20	TAS2R4	ppi_lr_go	ppi_prediction_go
CCL20	TAS2R3	ppi_lr_go	ppi_prediction_go
CCL20	TAS2R1	ppi_lr_go	ppi_prediction_go
CCL20	GABBR1	ppi_lr_go	ppi_prediction_go
CCL20	LPAR3	ppi_lr_go	ppi_prediction_go
CCL20	GPR55	ppi_lr_go	ppi_prediction_go
CXCL6	GPR17	ppi_lr_go	ppi_prediction_go
CXCL6	GPR18	ppi_lr_go	ppi_prediction_go
CXCL6	GRM2	ppi_lr_go	ppi_prediction_go
CXCL6	GRM7	ppi_lr_go	ppi_prediction_go
CXCL6	GRM3	ppi_lr_go	ppi_prediction_go
CXCL6	HCAR2	ppi_lr_go	ppi_prediction_go
CXCL6	OXGR1	ppi_lr_go	ppi_prediction_go
CXCL6	S1PR3	ppi_lr_go	ppi_prediction_go
CXCL6	GPER1	ppi_lr_go	ppi_prediction_go
CXCL6	P2RY13	ppi_lr_go	ppi_prediction_go
CXCL6	SUCNR1	ppi_lr_go	ppi_prediction_go
CXCL6	HCAR1	ppi_lr_go	ppi_prediction_go
CXCL6	LPAR5	ppi_lr_go	ppi_prediction_go
CXCL6	S1PR5	ppi_lr_go	ppi_prediction_go
CXCL6	P2RY12	ppi_lr_go	ppi_prediction_go
CXCL6	TAS2R16	ppi_lr_go	ppi_prediction_go
CXCL6	TAS2R14	ppi_lr_go	ppi_prediction_go
CXCL6	TAS2R13	ppi_lr_go	ppi_prediction_go
CXCL6	TAS2R10	ppi_lr_go	ppi_prediction_go
CXCL6	TAS2R7	ppi_lr_go	ppi_prediction_go
CXCL6	TAS2R4	ppi_lr_go	ppi_prediction_go
CXCL6	TAS2R3	ppi_lr_go	ppi_prediction_go
CXCL6	TAS2R1	ppi_lr_go	ppi_prediction_go
CXCL6	GABBR1	ppi_lr_go	ppi_prediction_go
CXCL6	LPAR3	ppi_lr_go	ppi_prediction_go
CXCL6	GPR55	ppi_lr_go	ppi_prediction_go
QRFP	GRM1	ppi_lr_go	ppi_prediction_go
QRFP	GPR17	ppi_lr_go	ppi_prediction_go
QRFP	P2RY6	ppi_lr_go	ppi_prediction_go
QRFP	LTB4R	ppi_lr_go	ppi_prediction_go
QRFP	GPR68	ppi_lr_go	ppi_prediction_go
QRFP	GPRC6A	ppi_lr_go	ppi_prediction_go
QRFP	GPR65	ppi_lr_go	ppi_prediction_go
QRFP	LPAR5	ppi_lr_go	ppi_prediction_go
QRFP	LTB4R2	ppi_lr_go	ppi_prediction_go
QRFP	CYSLTR2	ppi_lr_go	ppi_prediction_go
QRFP	LPAR3	ppi_lr_go	ppi_prediction_go
QRFP	OPN4	ppi_lr_go	ppi_prediction_go
QRFP	GPR132	ppi_lr_go	ppi_prediction_go
QRFP	CYSLTR1	ppi_lr_go	ppi_prediction_go
CXCL9	GPR17	ppi_lr_go	ppi_prediction_go
CXCL9	GPR18	ppi_lr_go	ppi_prediction_go
CXCL9	GRM2	ppi_lr_go	ppi_prediction_go
CXCL9	GRM7	ppi_lr_go	ppi_prediction_go
CXCL9	GRM3	ppi_lr_go	ppi_prediction_go
CXCL9	HCAR2	ppi_lr_go	ppi_prediction_go
CXCL9	OXGR1	ppi_lr_go	ppi_prediction_go
CXCL9	S1PR3	ppi_lr_go	ppi_prediction_go
CXCL9	GPER1	ppi_lr_go	ppi_prediction_go
CXCL9	P2RY13	ppi_lr_go	ppi_prediction_go
CXCL9	SUCNR1	ppi_lr_go	ppi_prediction_go
CXCL9	HCAR1	ppi_lr_go	ppi_prediction_go
CXCL9	LPAR5	ppi_lr_go	ppi_prediction_go
CXCL9	S1PR5	ppi_lr_go	ppi_prediction_go
CXCL9	P2RY12	ppi_lr_go	ppi_prediction_go
CXCL9	TAS2R16	ppi_lr_go	ppi_prediction_go
CXCL9	TAS2R14	ppi_lr_go	ppi_prediction_go
CXCL9	TAS2R13	ppi_lr_go	ppi_prediction_go
CXCL9	TAS2R10	ppi_lr_go	ppi_prediction_go
CXCL9	TAS2R7	ppi_lr_go	ppi_prediction_go
CXCL9	TAS2R4	ppi_lr_go	ppi_prediction_go
CXCL9	TAS2R3	ppi_lr_go	ppi_prediction_go
CXCL9	TAS2R1	ppi_lr_go	ppi_prediction_go
CXCL9	GABBR1	ppi_lr_go	ppi_prediction_go
CXCL9	LPAR3	ppi_lr_go	ppi_prediction_go
CXCL9	GPR55	ppi_lr_go	ppi_prediction_go
PNOC	GPR18	ppi_lr_go	ppi_prediction_go
PNOC	GRM2	ppi_lr_go	ppi_prediction_go
PNOC	GRM7	ppi_lr_go	ppi_prediction_go
PNOC	GRM3	ppi_lr_go	ppi_prediction_go
PNOC	HCAR2	ppi_lr_go	ppi_prediction_go
PNOC	OXGR1	ppi_lr_go	ppi_prediction_go
PNOC	S1PR3	ppi_lr_go	ppi_prediction_go
PNOC	GPER1	ppi_lr_go	ppi_prediction_go
PNOC	P2RY13	ppi_lr_go	ppi_prediction_go
PNOC	SUCNR1	ppi_lr_go	ppi_prediction_go
PNOC	HCAR1	ppi_lr_go	ppi_prediction_go
PNOC	LPAR5	ppi_lr_go	ppi_prediction_go
PNOC	S1PR5	ppi_lr_go	ppi_prediction_go
PNOC	P2RY12	ppi_lr_go	ppi_prediction_go
PNOC	TAS2R16	ppi_lr_go	ppi_prediction_go
PNOC	TAS2R14	ppi_lr_go	ppi_prediction_go
PNOC	TAS2R13	ppi_lr_go	ppi_prediction_go
PNOC	TAS2R10	ppi_lr_go	ppi_prediction_go
PNOC	TAS2R7	ppi_lr_go	ppi_prediction_go
PNOC	TAS2R4	ppi_lr_go	ppi_prediction_go
PNOC	TAS2R3	ppi_lr_go	ppi_prediction_go
PNOC	TAS2R1	ppi_lr_go	ppi_prediction_go
PNOC	GABBR1	ppi_lr_go	ppi_prediction_go
PNOC	LPAR3	ppi_lr_go	ppi_prediction_go
PNOC	GPR55	ppi_lr_go	ppi_prediction_go
EBI3	IL12RB2	ppi_lr_go	ppi_prediction_go
SHH	DERL1	ppi_lr_go	ppi_prediction_go
UTS2B	GPR65	ppi_lr_go	ppi_prediction_go
UTS2B	LPAR5	ppi_lr_go	ppi_prediction_go
UTS2B	LTB4R2	ppi_lr_go	ppi_prediction_go
UTS2B	CYSLTR2	ppi_lr_go	ppi_prediction_go
UTS2B	LPAR3	ppi_lr_go	ppi_prediction_go
UTS2B	OPN4	ppi_lr_go	ppi_prediction_go
UTS2B	GPR132	ppi_lr_go	ppi_prediction_go
UTS2B	CYSLTR1	ppi_lr_go	ppi_prediction_go
ADM2	GPR150	ppi_lr_go	ppi_prediction_go
ADM2	GPBAR1	ppi_lr_go	ppi_prediction_go
ADM2	TAAR1	ppi_lr_go	ppi_prediction_go
ADM2	GPR20	ppi_lr_go	ppi_prediction_go
ADM2	GPR84	ppi_lr_go	ppi_prediction_go
ADM2	GPR27	ppi_lr_go	ppi_prediction_go
ADM2	GPR83	ppi_lr_go	ppi_prediction_go
ADM2	GPR45	ppi_lr_go	ppi_prediction_go
RLN3	OXGR1	ppi_lr_go	ppi_prediction_go
RLN3	TAAR1	ppi_lr_go	ppi_prediction_go
RLN3	S1PR3	ppi_lr_go	ppi_prediction_go
RLN3	GPER1	ppi_lr_go	ppi_prediction_go
RLN3	GPR20	ppi_lr_go	ppi_prediction_go
RLN3	P2RY13	ppi_lr_go	ppi_prediction_go
RLN3	SUCNR1	ppi_lr_go	ppi_prediction_go
RLN3	HCAR1	ppi_lr_go	ppi_prediction_go
RLN3	LPAR5	ppi_lr_go	ppi_prediction_go
RLN3	S1PR5	ppi_lr_go	ppi_prediction_go
RLN3	P2RY12	ppi_lr_go	ppi_prediction_go
RLN3	GPR84	ppi_lr_go	ppi_prediction_go
RLN3	GPR27	ppi_lr_go	ppi_prediction_go
RLN3	GPR83	ppi_lr_go	ppi_prediction_go
RLN3	TAS2R16	ppi_lr_go	ppi_prediction_go
RLN3	TAS2R14	ppi_lr_go	ppi_prediction_go
RLN3	TAS2R13	ppi_lr_go	ppi_prediction_go
RLN3	TAS2R10	ppi_lr_go	ppi_prediction_go
RLN3	TAS2R7	ppi_lr_go	ppi_prediction_go
RLN3	TAS2R4	ppi_lr_go	ppi_prediction_go
RLN3	TAS2R3	ppi_lr_go	ppi_prediction_go
RLN3	TAS2R1	ppi_lr_go	ppi_prediction_go
RLN3	GABBR1	ppi_lr_go	ppi_prediction_go
RLN3	LPAR3	ppi_lr_go	ppi_prediction_go
RLN3	GPR55	ppi_lr_go	ppi_prediction_go
RLN3	GPR45	ppi_lr_go	ppi_prediction_go
WNT8B	FZD1	ppi_lr_go	ppi_prediction_go
SCGB3A1	NOTCH3	ppi_lr_go	ppi_prediction_go
GPHA2	INPP5K	ppi_lr_go	ppi_prediction_go
CCL19	P2RY13	ppi_lr_go	ppi_prediction_go
CCL19	SUCNR1	ppi_lr_go	ppi_prediction_go
CCL19	HCAR1	ppi_lr_go	ppi_prediction_go
CCL19	LPAR5	ppi_lr_go	ppi_prediction_go
CCL19	S1PR5	ppi_lr_go	ppi_prediction_go
CCL19	P2RY12	ppi_lr_go	ppi_prediction_go
CCL19	TAS2R16	ppi_lr_go	ppi_prediction_go
CCL19	TAS2R14	ppi_lr_go	ppi_prediction_go
CCL19	TAS2R13	ppi_lr_go	ppi_prediction_go
CCL19	TAS2R10	ppi_lr_go	ppi_prediction_go
CCL19	TAS2R7	ppi_lr_go	ppi_prediction_go
CCL19	TAS2R4	ppi_lr_go	ppi_prediction_go
CCL19	TAS2R3	ppi_lr_go	ppi_prediction_go
CCL19	TAS2R1	ppi_lr_go	ppi_prediction_go
CCL19	GABBR1	ppi_lr_go	ppi_prediction_go
CCL19	LPAR3	ppi_lr_go	ppi_prediction_go
CCL19	GPR55	ppi_lr_go	ppi_prediction_go
WNT8A	FZD1	ppi_lr_go	ppi_prediction_go
CXCL16	TAS2R16	ppi_lr_go	ppi_prediction_go
CXCL16	TAS2R14	ppi_lr_go	ppi_prediction_go
CXCL16	TAS2R13	ppi_lr_go	ppi_prediction_go
CXCL16	TAS2R10	ppi_lr_go	ppi_prediction_go
CXCL16	TAS2R7	ppi_lr_go	ppi_prediction_go
CXCL16	TAS2R4	ppi_lr_go	ppi_prediction_go
CXCL16	TAS2R3	ppi_lr_go	ppi_prediction_go
CXCL16	TAS2R1	ppi_lr_go	ppi_prediction_go
CXCL16	GABBR1	ppi_lr_go	ppi_prediction_go
CXCL16	LPAR3	ppi_lr_go	ppi_prediction_go
CXCL16	GPR55	ppi_lr_go	ppi_prediction_go
CCL28	TAS2R16	ppi_lr_go	ppi_prediction_go
CCL28	TAS2R14	ppi_lr_go	ppi_prediction_go
CCL28	TAS2R13	ppi_lr_go	ppi_prediction_go
CCL28	TAS2R10	ppi_lr_go	ppi_prediction_go
CCL28	TAS2R7	ppi_lr_go	ppi_prediction_go
CCL28	TAS2R4	ppi_lr_go	ppi_prediction_go
CCL28	TAS2R3	ppi_lr_go	ppi_prediction_go
CCL28	TAS2R1	ppi_lr_go	ppi_prediction_go
CCL28	GABBR1	ppi_lr_go	ppi_prediction_go
CCL28	LPAR3	ppi_lr_go	ppi_prediction_go
CCL28	GPR55	ppi_lr_go	ppi_prediction_go
XCL2	LPAR3	ppi_lr_go	ppi_prediction_go
XCL2	OPN4	ppi_lr_go	ppi_prediction_go
XCL2	GPR132	ppi_lr_go	ppi_prediction_go
XCL2	CYSLTR1	ppi_lr_go	ppi_prediction_go
GHRL	LPAR3	ppi_lr_go	ppi_prediction_go
GHRL	OPN4	ppi_lr_go	ppi_prediction_go
GHRL	GPR132	ppi_lr_go	ppi_prediction_go
GHRL	CYSLTR1	ppi_lr_go	ppi_prediction_go
APLN	GPR55	ppi_lr_go	ppi_prediction_go
WNT2	FZD9	ppi_lr_go	ppi_prediction_go
LEP	CD33	ppi_lr_go	ppi_prediction_go
SFRP2	DCC	ppi_lr_go	ppi_prediction_go
IL24	RARG	ppi_lr_go	ppi_prediction_go
TGFB1	TLR2	ppi_lr_go	ppi_prediction_go
MIF	EGFR	ppi_lr_go	ppi_prediction_go
WNT3	DLG1	ppi_lr_go	ppi_prediction_go
TGFB1	FCN1	ppi_lr_go	ppi_prediction_go
IL16	KCNJ4	ppi_lr_go	ppi_prediction_go
IL16	KCNJ2	ppi_lr_go	ppi_prediction_go
NAMPT	ANXA6	ppi_lr_go	ppi_prediction_go
FAM3D	PKD2	ppi_lr_go	ppi_prediction_go
ADM2	RHO	ppi_lr_go	ppi_prediction_go
BDNF	RHO	ppi_lr_go	ppi_prediction_go
GDF15	NLGN3	ppi_lr_go	ppi_prediction_go
JAG2	ROR1	ppi_lr_go	ppi_prediction_go
JAG2	UNC5B	ppi_lr_go	ppi_prediction_go
JAG2	SEC63	ppi_lr_go	ppi_prediction_go
APOA1	RYR1	ppi_lr_go	ppi_prediction_go
GMFB	EGFR	ppi_lr_go	ppi_prediction_go
HMGB1	FAS	ppi_lr_go	ppi_prediction_go
FBRS	NRP1	ppi_lr_go	ppi_prediction_go
NENF	SEC63	ppi_lr_go	ppi_prediction_go
MANF	SEC63	ppi_lr_go	ppi_prediction_go
IL25	ESR2	ppi_lr_go	ppi_prediction_go
HMGB2	DAB2	ppi_lr_go	ppi_prediction_go
HMGB2	CD44	ppi_lr_go	ppi_prediction_go
HMGB2	FAS	ppi_lr_go	ppi_prediction_go
HDGF	FAS	ppi_lr_go	ppi_prediction_go
APOA1	OR5H6	ppi_lr_go	ppi_prediction_go
APOA1	PIGR	ppi_lr_go	ppi_prediction_go
APOA1	OR8D2	ppi_lr_go	ppi_prediction_go
KLK3	OR8D2	ppi_lr_go	ppi_prediction_go
APOA1	OR2T6	ppi_lr_go	ppi_prediction_go
KLK3	OR2T6	ppi_lr_go	ppi_prediction_go
AIMP1	RACK1	ppi_lr_go	ppi_prediction_go
AIMP1	LRP5	ppi_lr_go	ppi_prediction_go
AIMP1	FAS	ppi_lr_go	ppi_prediction_go
AIMP1	CUL5	ppi_lr_go	ppi_prediction_go
AIMP1	AMOT	ppi_lr_go	ppi_prediction_go
AIMP1	RRBP1	ppi_lr_go	ppi_prediction_go
APOA1	RYR2	ppi_lr_go	ppi_prediction_go
KLK3	RYR2	ppi_lr_go	ppi_prediction_go
APOA1	CLCA2	ppi_lr_go	ppi_prediction_go
KLK3	CLCA2	ppi_lr_go	ppi_prediction_go
APOA1	DERL1	ppi_lr_go	ppi_prediction_go
KLK3	DERL1	ppi_lr_go	ppi_prediction_go
APOA1	OR3A2	ppi_lr_go	ppi_prediction_go
KLK3	OR3A2	ppi_lr_go	ppi_prediction_go
CXCL12	ESR1	ppi_lr_go	ppi_prediction_go
IGF1	ESR1	ppi_lr_go	ppi_prediction_go
TFF1	ESR1	ppi_lr_go	ppi_prediction_go
FGF8	AR	ppi_lr_go	ppi_prediction_go
WISP2	AR	ppi_lr_go	ppi_prediction_go
WNT5A	GPC4	ppi_lr_go	ppi_prediction_go
WNT8A	FRZB	ppi_lr_go	ppi_prediction_go
WNT3A	GPC4	ppi_lr_go	ppi_prediction_go
TIMP1	GNRHR	ppi_lr_go	ppi_prediction_go
SCG2	GNRHR	ppi_lr_go	ppi_prediction_go
IL16	GRIN2A	ppi_lr_go	ppi_prediction_go
MAPT	EGFR	ppi_lr_go	ppi_prediction_go
MAPT	CALM1	ppi_lr_go	ppi_prediction_go
MAPT	PRNP	ppi_lr_go	ppi_prediction_go
ANGPTL3	ITGB3	ppi_lr_go	ppi_prediction_go
ANGPTL3	ITGAV	ppi_lr_go	ppi_prediction_go
IL16	GRIN2B	ppi_lr_go	ppi_prediction_go
IL16	GRIN2D	ppi_lr_go	ppi_prediction_go
GRN	TNFRSF1B	ppi_lr_go	ppi_prediction_go
FBN1	ITGB3	ppi_lr_go	ppi_prediction_go
FBN1	ITGAV	ppi_lr_go	ppi_prediction_go
LGALS3	ITGB4	ppi_lr_go	ppi_prediction_go
HMGB2	PGR	ppi_lr_go	ppi_prediction_go
LGALS3	EGFR	ppi_lr_go	ppi_prediction_go
CMTM8	EGFR	ppi_lr_go	ppi_prediction_go
AIMP1	MCC	ppi_lr_go	ppi_prediction_go
SFRP2	BMPR1A	ppi_lr_go	ppi_prediction_go
TGFB2	ENG	ppi_lr_go	ppi_prediction_go
TGFB2	VTN	ppi_lr_go	ppi_prediction_go
TSLP	PRNP	ppi_lr_go	ppi_prediction_go
LGALS3	FCGR2A	ppi_lr_go	ppi_prediction_go
GHRL	TBXA2R	ppi_lr_go	ppi_prediction_go
JAG1	CD46	ppi_lr_go	ppi_prediction_go
BMP7	ENG	ppi_lr_go	ppi_prediction_go
LGALS3	SPN	ppi_lr_go	ppi_prediction_go
LGALS3	TFRC	ppi_lr_go	ppi_prediction_go
LGALS3	CUBN	ppi_lr_go	ppi_prediction_go
IL16	FCGR1A	ppi_lr_go	ppi_prediction_go
IL16	KCNJ10	ppi_lr_go	ppi_prediction_go
BMP7	TRIM27	ppi_lr_go	ppi_prediction_go
IL1F10	IL1R1	ppi_lr_go	ppi_prediction_go
FGF2	VTN	ppi_lr_go	ppi_prediction_go
HGF	VTN	ppi_lr_go	ppi_prediction_go
CXCL5	PIGR	ppi_lr_go	ppi_prediction_go
RABEP1	KCNH1	ppi_lr_go	ppi_prediction_go
OSGIN1	FGFR4	ppi_lr_go	ppi_prediction_go
SCGB3A1	FGFR4	ppi_lr_go	ppi_prediction_go
GHRL	PTGER3	ppi_lr_go	ppi_prediction_go
FGF13	PRNP	ppi_lr_go	ppi_prediction_go
VEGFA	VTN	ppi_lr_go	ppi_prediction_go
FLRT3	ADGRL3	ppi_lr_go	ppi_prediction_go
NAMPT	ADORA2A	ppi_lr_go	ppi_prediction_go
SECTM1	CD7	ppi_lr_go	ppi_prediction_go
AVP	GPR25	ppi_lr_go	ppi_prediction_go
POMC	GPR25	ppi_lr_go	ppi_prediction_go
CGA	GPR25	ppi_lr_go	ppi_prediction_go
TSHB	GPR25	ppi_lr_go	ppi_prediction_go
FSHB	GPR25	ppi_lr_go	ppi_prediction_go
LHB	GPR25	ppi_lr_go	ppi_prediction_go
CALCA	GPR25	ppi_lr_go	ppi_prediction_go
PTH	GPR25	ppi_lr_go	ppi_prediction_go
GCG	GPR25	ppi_lr_go	ppi_prediction_go
VIP	GPR25	ppi_lr_go	ppi_prediction_go
GHRH	GPR25	ppi_lr_go	ppi_prediction_go
RLN2	GPR25	ppi_lr_go	ppi_prediction_go
CRH	GPR25	ppi_lr_go	ppi_prediction_go
GIP	GPR25	ppi_lr_go	ppi_prediction_go
SCT	GPR25	ppi_lr_go	ppi_prediction_go
CALCB	GPR25	ppi_lr_go	ppi_prediction_go
IAPP	GPR25	ppi_lr_go	ppi_prediction_go
PTHLH	GPR25	ppi_lr_go	ppi_prediction_go
ADCYAP1	GPR25	ppi_lr_go	ppi_prediction_go
ADM	GPR25	ppi_lr_go	ppi_prediction_go
INSL3	GPR25	ppi_lr_go	ppi_prediction_go
ADM2	GPR25	ppi_lr_go	ppi_prediction_go
RLN3	GPR25	ppi_lr_go	ppi_prediction_go
TNFSF9	TLR4	ppi_lr_go	ppi_prediction_go
CORT	GRM8	ppi_lr_go	ppi_prediction_go
CCL21	GRM8	ppi_lr_go	ppi_prediction_go
CXCL11	GRM8	ppi_lr_go	ppi_prediction_go
CCL25	GRM8	ppi_lr_go	ppi_prediction_go
CXCL13	GRM8	ppi_lr_go	ppi_prediction_go
AGT	GRM8	ppi_lr_go	ppi_prediction_go
C5	GRM8	ppi_lr_go	ppi_prediction_go
POMC	GRM8	ppi_lr_go	ppi_prediction_go
PENK	GRM8	ppi_lr_go	ppi_prediction_go
PDYN	GRM8	ppi_lr_go	ppi_prediction_go
PPY	GRM8	ppi_lr_go	ppi_prediction_go
NPY	GRM8	ppi_lr_go	ppi_prediction_go
PPBP	GRM8	ppi_lr_go	ppi_prediction_go
PF4	GRM8	ppi_lr_go	ppi_prediction_go
CXCL10	GRM8	ppi_lr_go	ppi_prediction_go
SAA1	GRM8	ppi_lr_go	ppi_prediction_go
PYY	GRM8	ppi_lr_go	ppi_prediction_go
CCL5	GRM8	ppi_lr_go	ppi_prediction_go
CXCL2	GRM8	ppi_lr_go	ppi_prediction_go
CXCL3	GRM8	ppi_lr_go	ppi_prediction_go
PMCH	GRM8	ppi_lr_go	ppi_prediction_go
GAL	GRM8	ppi_lr_go	ppi_prediction_go
CXCL5	GRM8	ppi_lr_go	ppi_prediction_go
CXCL12	GRM8	ppi_lr_go	ppi_prediction_go
SST	GRM8	ppi_lr_go	ppi_prediction_go
CCL20	GRM8	ppi_lr_go	ppi_prediction_go
CXCL6	GRM8	ppi_lr_go	ppi_prediction_go
CXCL9	GRM8	ppi_lr_go	ppi_prediction_go
PNOC	GRM8	ppi_lr_go	ppi_prediction_go
RLN3	GRM8	ppi_lr_go	ppi_prediction_go
CCL19	GRM8	ppi_lr_go	ppi_prediction_go
CXCL16	GRM8	ppi_lr_go	ppi_prediction_go
CCL28	GRM8	ppi_lr_go	ppi_prediction_go
APLN	GRM8	ppi_lr_go	ppi_prediction_go
CCL27	GRM8	ppi_lr_go	ppi_prediction_go
INSL5	GRM8	ppi_lr_go	ppi_prediction_go
NPFF	P2RY10	ppi_lr_go	ppi_prediction_go
HCRT	P2RY10	ppi_lr_go	ppi_prediction_go
UTS2	P2RY10	ppi_lr_go	ppi_prediction_go
F2	P2RY10	ppi_lr_go	ppi_prediction_go
AGT	P2RY10	ppi_lr_go	ppi_prediction_go
GNRH1	P2RY10	ppi_lr_go	ppi_prediction_go
OXT	P2RY10	ppi_lr_go	ppi_prediction_go
AVP	P2RY10	ppi_lr_go	ppi_prediction_go
GCG	P2RY10	ppi_lr_go	ppi_prediction_go
GAST	P2RY10	ppi_lr_go	ppi_prediction_go
EDN1	P2RY10	ppi_lr_go	ppi_prediction_go
CCK	P2RY10	ppi_lr_go	ppi_prediction_go
GRP	P2RY10	ppi_lr_go	ppi_prediction_go
NMB	P2RY10	ppi_lr_go	ppi_prediction_go
SAA1	P2RY10	ppi_lr_go	ppi_prediction_go
EDN3	P2RY10	ppi_lr_go	ppi_prediction_go
PMCH	P2RY10	ppi_lr_go	ppi_prediction_go
TRH	P2RY10	ppi_lr_go	ppi_prediction_go
EDN2	P2RY10	ppi_lr_go	ppi_prediction_go
NTS	P2RY10	ppi_lr_go	ppi_prediction_go
XCL1	P2RY10	ppi_lr_go	ppi_prediction_go
PROK1	P2RY10	ppi_lr_go	ppi_prediction_go
QRFP	P2RY10	ppi_lr_go	ppi_prediction_go
UTS2B	P2RY10	ppi_lr_go	ppi_prediction_go
XCL2	P2RY10	ppi_lr_go	ppi_prediction_go
GHRL	P2RY10	ppi_lr_go	ppi_prediction_go
NPFF	FFAR1	ppi_lr_go	ppi_prediction_go
HCRT	FFAR1	ppi_lr_go	ppi_prediction_go
UTS2	FFAR1	ppi_lr_go	ppi_prediction_go
F2	FFAR1	ppi_lr_go	ppi_prediction_go
AGT	FFAR1	ppi_lr_go	ppi_prediction_go
GNRH1	FFAR1	ppi_lr_go	ppi_prediction_go
OXT	FFAR1	ppi_lr_go	ppi_prediction_go
AVP	FFAR1	ppi_lr_go	ppi_prediction_go
GCG	FFAR1	ppi_lr_go	ppi_prediction_go
GAST	FFAR1	ppi_lr_go	ppi_prediction_go
EDN1	FFAR1	ppi_lr_go	ppi_prediction_go
CCK	FFAR1	ppi_lr_go	ppi_prediction_go
GRP	FFAR1	ppi_lr_go	ppi_prediction_go
NMB	FFAR1	ppi_lr_go	ppi_prediction_go
SAA1	FFAR1	ppi_lr_go	ppi_prediction_go
EDN3	FFAR1	ppi_lr_go	ppi_prediction_go
PMCH	FFAR1	ppi_lr_go	ppi_prediction_go
TRH	FFAR1	ppi_lr_go	ppi_prediction_go
EDN2	FFAR1	ppi_lr_go	ppi_prediction_go
NTS	FFAR1	ppi_lr_go	ppi_prediction_go
XCL1	FFAR1	ppi_lr_go	ppi_prediction_go
PROK1	FFAR1	ppi_lr_go	ppi_prediction_go
QRFP	FFAR1	ppi_lr_go	ppi_prediction_go
UTS2B	FFAR1	ppi_lr_go	ppi_prediction_go
XCL2	FFAR1	ppi_lr_go	ppi_prediction_go
GHRL	FFAR1	ppi_lr_go	ppi_prediction_go
NPFF	FFAR3	ppi_lr_go	ppi_prediction_go
HCRT	FFAR3	ppi_lr_go	ppi_prediction_go
UTS2	FFAR3	ppi_lr_go	ppi_prediction_go
F2	FFAR3	ppi_lr_go	ppi_prediction_go
AGT	FFAR3	ppi_lr_go	ppi_prediction_go
GNRH1	FFAR3	ppi_lr_go	ppi_prediction_go
OXT	FFAR3	ppi_lr_go	ppi_prediction_go
AVP	FFAR3	ppi_lr_go	ppi_prediction_go
GCG	FFAR3	ppi_lr_go	ppi_prediction_go
GAST	FFAR3	ppi_lr_go	ppi_prediction_go
EDN1	FFAR3	ppi_lr_go	ppi_prediction_go
CCK	FFAR3	ppi_lr_go	ppi_prediction_go
GRP	FFAR3	ppi_lr_go	ppi_prediction_go
NMB	FFAR3	ppi_lr_go	ppi_prediction_go
SAA1	FFAR3	ppi_lr_go	ppi_prediction_go
EDN3	FFAR3	ppi_lr_go	ppi_prediction_go
PMCH	FFAR3	ppi_lr_go	ppi_prediction_go
TRH	FFAR3	ppi_lr_go	ppi_prediction_go
EDN2	FFAR3	ppi_lr_go	ppi_prediction_go
NTS	FFAR3	ppi_lr_go	ppi_prediction_go
XCL1	FFAR3	ppi_lr_go	ppi_prediction_go
PROK1	FFAR3	ppi_lr_go	ppi_prediction_go
QRFP	FFAR3	ppi_lr_go	ppi_prediction_go
UTS2B	FFAR3	ppi_lr_go	ppi_prediction_go
XCL2	FFAR3	ppi_lr_go	ppi_prediction_go
GHRL	FFAR3	ppi_lr_go	ppi_prediction_go
CCL25	GRM6	ppi_lr_go	ppi_prediction_go
CXCL13	GRM6	ppi_lr_go	ppi_prediction_go
AGT	GRM6	ppi_lr_go	ppi_prediction_go
C5	GRM6	ppi_lr_go	ppi_prediction_go
POMC	GRM6	ppi_lr_go	ppi_prediction_go
PENK	GRM6	ppi_lr_go	ppi_prediction_go
PDYN	GRM6	ppi_lr_go	ppi_prediction_go
PPY	GRM6	ppi_lr_go	ppi_prediction_go
NPY	GRM6	ppi_lr_go	ppi_prediction_go
PPBP	GRM6	ppi_lr_go	ppi_prediction_go
PF4	GRM6	ppi_lr_go	ppi_prediction_go
CXCL10	GRM6	ppi_lr_go	ppi_prediction_go
SAA1	GRM6	ppi_lr_go	ppi_prediction_go
PYY	GRM6	ppi_lr_go	ppi_prediction_go
CCL5	GRM6	ppi_lr_go	ppi_prediction_go
CXCL2	GRM6	ppi_lr_go	ppi_prediction_go
CXCL3	GRM6	ppi_lr_go	ppi_prediction_go
PMCH	GRM6	ppi_lr_go	ppi_prediction_go
GAL	GRM6	ppi_lr_go	ppi_prediction_go
CXCL5	GRM6	ppi_lr_go	ppi_prediction_go
CXCL12	GRM6	ppi_lr_go	ppi_prediction_go
SST	GRM6	ppi_lr_go	ppi_prediction_go
CCL20	GRM6	ppi_lr_go	ppi_prediction_go
CXCL6	GRM6	ppi_lr_go	ppi_prediction_go
CXCL9	GRM6	ppi_lr_go	ppi_prediction_go
PNOC	GRM6	ppi_lr_go	ppi_prediction_go
RLN3	GRM6	ppi_lr_go	ppi_prediction_go
CCL19	GRM6	ppi_lr_go	ppi_prediction_go
CXCL16	GRM6	ppi_lr_go	ppi_prediction_go
CCL28	GRM6	ppi_lr_go	ppi_prediction_go
APLN	GRM6	ppi_lr_go	ppi_prediction_go
CCL27	GRM6	ppi_lr_go	ppi_prediction_go
INSL5	GRM6	ppi_lr_go	ppi_prediction_go
HCRT	FFAR2	ppi_lr_go	ppi_prediction_go
UTS2	FFAR2	ppi_lr_go	ppi_prediction_go
F2	FFAR2	ppi_lr_go	ppi_prediction_go
AGT	FFAR2	ppi_lr_go	ppi_prediction_go
GNRH1	FFAR2	ppi_lr_go	ppi_prediction_go
OXT	FFAR2	ppi_lr_go	ppi_prediction_go
AVP	FFAR2	ppi_lr_go	ppi_prediction_go
GCG	FFAR2	ppi_lr_go	ppi_prediction_go
GAST	FFAR2	ppi_lr_go	ppi_prediction_go
EDN1	FFAR2	ppi_lr_go	ppi_prediction_go
CCK	FFAR2	ppi_lr_go	ppi_prediction_go
GRP	FFAR2	ppi_lr_go	ppi_prediction_go
NMB	FFAR2	ppi_lr_go	ppi_prediction_go
SAA1	FFAR2	ppi_lr_go	ppi_prediction_go
EDN3	FFAR2	ppi_lr_go	ppi_prediction_go
PMCH	FFAR2	ppi_lr_go	ppi_prediction_go
TRH	FFAR2	ppi_lr_go	ppi_prediction_go
EDN2	FFAR2	ppi_lr_go	ppi_prediction_go
NTS	FFAR2	ppi_lr_go	ppi_prediction_go
XCL1	FFAR2	ppi_lr_go	ppi_prediction_go
PROK1	FFAR2	ppi_lr_go	ppi_prediction_go
QRFP	FFAR2	ppi_lr_go	ppi_prediction_go
UTS2B	FFAR2	ppi_lr_go	ppi_prediction_go
XCL2	FFAR2	ppi_lr_go	ppi_prediction_go
GHRL	FFAR2	ppi_lr_go	ppi_prediction_go
APOA1	CUBN	ppi_lr_go	ppi_prediction_go
AVP	RAMP3	ppi_lr_go	ppi_prediction_go
POMC	RAMP3	ppi_lr_go	ppi_prediction_go
CGA	RAMP3	ppi_lr_go	ppi_prediction_go
TSHB	RAMP3	ppi_lr_go	ppi_prediction_go
FSHB	RAMP3	ppi_lr_go	ppi_prediction_go
LHB	RAMP3	ppi_lr_go	ppi_prediction_go
CALCA	RAMP3	ppi_lr_go	ppi_prediction_go
PTH	RAMP3	ppi_lr_go	ppi_prediction_go
GCG	RAMP3	ppi_lr_go	ppi_prediction_go
VIP	RAMP3	ppi_lr_go	ppi_prediction_go
GHRH	RAMP3	ppi_lr_go	ppi_prediction_go
RLN2	RAMP3	ppi_lr_go	ppi_prediction_go
CRH	RAMP3	ppi_lr_go	ppi_prediction_go
GIP	RAMP3	ppi_lr_go	ppi_prediction_go
SCT	RAMP3	ppi_lr_go	ppi_prediction_go
CALCB	RAMP3	ppi_lr_go	ppi_prediction_go
IAPP	RAMP3	ppi_lr_go	ppi_prediction_go
PTHLH	RAMP3	ppi_lr_go	ppi_prediction_go
ADCYAP1	RAMP3	ppi_lr_go	ppi_prediction_go
ADM	RAMP3	ppi_lr_go	ppi_prediction_go
INSL3	RAMP3	ppi_lr_go	ppi_prediction_go
ADM2	RAMP3	ppi_lr_go	ppi_prediction_go
RLN3	RAMP3	ppi_lr_go	ppi_prediction_go
WNT2	FZD7	ppi_lr_go	ppi_prediction_go
WNT8B	LRP5	ppi_lr_go	ppi_prediction_go
APOA1	GPC4	ppi_lr_go	ppi_prediction_go
WNT8A	LRP6	ppi_lr_go	ppi_prediction_go
AGT	GABBR2	ppi_lr_go	ppi_prediction_go
C5	GABBR2	ppi_lr_go	ppi_prediction_go
POMC	GABBR2	ppi_lr_go	ppi_prediction_go
PENK	GABBR2	ppi_lr_go	ppi_prediction_go
PDYN	GABBR2	ppi_lr_go	ppi_prediction_go
PPY	GABBR2	ppi_lr_go	ppi_prediction_go
NPY	GABBR2	ppi_lr_go	ppi_prediction_go
PPBP	GABBR2	ppi_lr_go	ppi_prediction_go
PF4	GABBR2	ppi_lr_go	ppi_prediction_go
CXCL10	GABBR2	ppi_lr_go	ppi_prediction_go
SAA1	GABBR2	ppi_lr_go	ppi_prediction_go
PYY	GABBR2	ppi_lr_go	ppi_prediction_go
CCL5	GABBR2	ppi_lr_go	ppi_prediction_go
CXCL2	GABBR2	ppi_lr_go	ppi_prediction_go
CXCL3	GABBR2	ppi_lr_go	ppi_prediction_go
PMCH	GABBR2	ppi_lr_go	ppi_prediction_go
GAL	GABBR2	ppi_lr_go	ppi_prediction_go
CXCL5	GABBR2	ppi_lr_go	ppi_prediction_go
CXCL12	GABBR2	ppi_lr_go	ppi_prediction_go
SST	GABBR2	ppi_lr_go	ppi_prediction_go
CCL20	GABBR2	ppi_lr_go	ppi_prediction_go
CXCL6	GABBR2	ppi_lr_go	ppi_prediction_go
CXCL9	GABBR2	ppi_lr_go	ppi_prediction_go
PNOC	GABBR2	ppi_lr_go	ppi_prediction_go
RLN3	GABBR2	ppi_lr_go	ppi_prediction_go
CCL19	GABBR2	ppi_lr_go	ppi_prediction_go
CXCL16	GABBR2	ppi_lr_go	ppi_prediction_go
CCL28	GABBR2	ppi_lr_go	ppi_prediction_go
APLN	GABBR2	ppi_lr_go	ppi_prediction_go
CCL27	GABBR2	ppi_lr_go	ppi_prediction_go
INSL5	GABBR2	ppi_lr_go	ppi_prediction_go
NRG1	ADGRL1	ppi_lr_go	ppi_prediction_go
AGT	S1PR2	ppi_lr_go	ppi_prediction_go
C5	S1PR2	ppi_lr_go	ppi_prediction_go
POMC	S1PR2	ppi_lr_go	ppi_prediction_go
PENK	S1PR2	ppi_lr_go	ppi_prediction_go
PDYN	S1PR2	ppi_lr_go	ppi_prediction_go
PPY	S1PR2	ppi_lr_go	ppi_prediction_go
NPY	S1PR2	ppi_lr_go	ppi_prediction_go
PPBP	S1PR2	ppi_lr_go	ppi_prediction_go
PF4	S1PR2	ppi_lr_go	ppi_prediction_go
CXCL10	S1PR2	ppi_lr_go	ppi_prediction_go
SAA1	S1PR2	ppi_lr_go	ppi_prediction_go
PYY	S1PR2	ppi_lr_go	ppi_prediction_go
CCL5	S1PR2	ppi_lr_go	ppi_prediction_go
CXCL2	S1PR2	ppi_lr_go	ppi_prediction_go
CXCL3	S1PR2	ppi_lr_go	ppi_prediction_go
PMCH	S1PR2	ppi_lr_go	ppi_prediction_go
GAL	S1PR2	ppi_lr_go	ppi_prediction_go
CXCL5	S1PR2	ppi_lr_go	ppi_prediction_go
CXCL12	S1PR2	ppi_lr_go	ppi_prediction_go
SST	S1PR2	ppi_lr_go	ppi_prediction_go
CCL20	S1PR2	ppi_lr_go	ppi_prediction_go
CXCL6	S1PR2	ppi_lr_go	ppi_prediction_go
CXCL9	S1PR2	ppi_lr_go	ppi_prediction_go
PNOC	S1PR2	ppi_lr_go	ppi_prediction_go
RLN3	S1PR2	ppi_lr_go	ppi_prediction_go
CCL19	S1PR2	ppi_lr_go	ppi_prediction_go
CXCL16	S1PR2	ppi_lr_go	ppi_prediction_go
CCL28	S1PR2	ppi_lr_go	ppi_prediction_go
APLN	S1PR2	ppi_lr_go	ppi_prediction_go
CCL27	S1PR2	ppi_lr_go	ppi_prediction_go
INSL5	S1PR2	ppi_lr_go	ppi_prediction_go
AGT	S1PR4	ppi_lr_go	ppi_prediction_go
C5	S1PR4	ppi_lr_go	ppi_prediction_go
POMC	S1PR4	ppi_lr_go	ppi_prediction_go
PENK	S1PR4	ppi_lr_go	ppi_prediction_go
PDYN	S1PR4	ppi_lr_go	ppi_prediction_go
PPY	S1PR4	ppi_lr_go	ppi_prediction_go
NPY	S1PR4	ppi_lr_go	ppi_prediction_go
PPBP	S1PR4	ppi_lr_go	ppi_prediction_go
PF4	S1PR4	ppi_lr_go	ppi_prediction_go
CXCL10	S1PR4	ppi_lr_go	ppi_prediction_go
SAA1	S1PR4	ppi_lr_go	ppi_prediction_go
PYY	S1PR4	ppi_lr_go	ppi_prediction_go
CCL5	S1PR4	ppi_lr_go	ppi_prediction_go
CXCL2	S1PR4	ppi_lr_go	ppi_prediction_go
CXCL3	S1PR4	ppi_lr_go	ppi_prediction_go
PMCH	S1PR4	ppi_lr_go	ppi_prediction_go
GAL	S1PR4	ppi_lr_go	ppi_prediction_go
CXCL5	S1PR4	ppi_lr_go	ppi_prediction_go
CXCL12	S1PR4	ppi_lr_go	ppi_prediction_go
SST	S1PR4	ppi_lr_go	ppi_prediction_go
CCL20	S1PR4	ppi_lr_go	ppi_prediction_go
CXCL6	S1PR4	ppi_lr_go	ppi_prediction_go
CXCL9	S1PR4	ppi_lr_go	ppi_prediction_go
PNOC	S1PR4	ppi_lr_go	ppi_prediction_go
RLN3	S1PR4	ppi_lr_go	ppi_prediction_go
CCL19	S1PR4	ppi_lr_go	ppi_prediction_go
CXCL16	S1PR4	ppi_lr_go	ppi_prediction_go
CCL28	S1PR4	ppi_lr_go	ppi_prediction_go
APLN	S1PR4	ppi_lr_go	ppi_prediction_go
CCL27	S1PR4	ppi_lr_go	ppi_prediction_go
INSL5	S1PR4	ppi_lr_go	ppi_prediction_go
GRN	EGFR	ppi_lr_go	ppi_prediction_go
APOA1	LDLR	ppi_lr_go	ppi_prediction_go
EFEMP1	VTN	ppi_lr_go	ppi_prediction_go
WNT5A	CD3D	ppi_lr_go	ppi_prediction_go
HDGF	KRT1	ppi_lr_go	ppi_prediction_go
GRN	NTRK1	ppi_lr_go	ppi_prediction_go
TXLNA	NTRK1	ppi_lr_go	ppi_prediction_go
RABEP1	NTRK1	ppi_lr_go	ppi_prediction_go
RABEP2	NTRK1	ppi_lr_go	ppi_prediction_go
HMGB1	PGR	ppi_lr_go	ppi_prediction_go
GPI	ATP5B	ppi_lr_go	ppi_prediction_go
COPA	ATP5B	ppi_lr_go	ppi_prediction_go
GIP	ADRB2	ppi_lr_go	ppi_prediction_go
SCT	ADRB2	ppi_lr_go	ppi_prediction_go
CALCB	ADRB2	ppi_lr_go	ppi_prediction_go
IAPP	ADRB2	ppi_lr_go	ppi_prediction_go
PTHLH	ADRB2	ppi_lr_go	ppi_prediction_go
ADCYAP1	ADRB2	ppi_lr_go	ppi_prediction_go
ADM	ADRB2	ppi_lr_go	ppi_prediction_go
WNT5A	ADRB2	ppi_lr_go	ppi_prediction_go
INSL3	ADRB2	ppi_lr_go	ppi_prediction_go
ADM2	ADRB2	ppi_lr_go	ppi_prediction_go
RLN3	ADRB2	ppi_lr_go	ppi_prediction_go
SAA1	CHRM2	ppi_lr_go	ppi_prediction_go
PYY	CHRM2	ppi_lr_go	ppi_prediction_go
CCL5	CHRM2	ppi_lr_go	ppi_prediction_go
CXCL2	CHRM2	ppi_lr_go	ppi_prediction_go
CXCL3	CHRM2	ppi_lr_go	ppi_prediction_go
PMCH	CHRM2	ppi_lr_go	ppi_prediction_go
GAL	CHRM2	ppi_lr_go	ppi_prediction_go
WNT5A	CHRM2	ppi_lr_go	ppi_prediction_go
CXCL5	CHRM2	ppi_lr_go	ppi_prediction_go
CXCL12	CHRM2	ppi_lr_go	ppi_prediction_go
SST	CHRM2	ppi_lr_go	ppi_prediction_go
CCL20	CHRM2	ppi_lr_go	ppi_prediction_go
CXCL6	CHRM2	ppi_lr_go	ppi_prediction_go
CXCL9	CHRM2	ppi_lr_go	ppi_prediction_go
PNOC	CHRM2	ppi_lr_go	ppi_prediction_go
RLN3	CHRM2	ppi_lr_go	ppi_prediction_go
CCL19	CHRM2	ppi_lr_go	ppi_prediction_go
CXCL16	CHRM2	ppi_lr_go	ppi_prediction_go
CCL28	CHRM2	ppi_lr_go	ppi_prediction_go
APLN	CHRM2	ppi_lr_go	ppi_prediction_go
CCL27	CHRM2	ppi_lr_go	ppi_prediction_go
INSL5	CHRM2	ppi_lr_go	ppi_prediction_go
SAA1	CHRM4	ppi_lr_go	ppi_prediction_go
PYY	CHRM4	ppi_lr_go	ppi_prediction_go
CCL5	CHRM4	ppi_lr_go	ppi_prediction_go
CXCL2	CHRM4	ppi_lr_go	ppi_prediction_go
CXCL3	CHRM4	ppi_lr_go	ppi_prediction_go
PMCH	CHRM4	ppi_lr_go	ppi_prediction_go
GAL	CHRM4	ppi_lr_go	ppi_prediction_go
CXCL5	CHRM4	ppi_lr_go	ppi_prediction_go
CXCL12	CHRM4	ppi_lr_go	ppi_prediction_go
SST	CHRM4	ppi_lr_go	ppi_prediction_go
CCL20	CHRM4	ppi_lr_go	ppi_prediction_go
CXCL6	CHRM4	ppi_lr_go	ppi_prediction_go
CXCL9	CHRM4	ppi_lr_go	ppi_prediction_go
PNOC	CHRM4	ppi_lr_go	ppi_prediction_go
RLN3	CHRM4	ppi_lr_go	ppi_prediction_go
CCL19	CHRM4	ppi_lr_go	ppi_prediction_go
CXCL16	CHRM4	ppi_lr_go	ppi_prediction_go
CCL28	CHRM4	ppi_lr_go	ppi_prediction_go
APLN	CHRM4	ppi_lr_go	ppi_prediction_go
CCL27	CHRM4	ppi_lr_go	ppi_prediction_go
INSL5	CHRM4	ppi_lr_go	ppi_prediction_go
GIP	ADRB1	ppi_lr_go	ppi_prediction_go
SCT	ADRB1	ppi_lr_go	ppi_prediction_go
CALCB	ADRB1	ppi_lr_go	ppi_prediction_go
IAPP	ADRB1	ppi_lr_go	ppi_prediction_go
PTHLH	ADRB1	ppi_lr_go	ppi_prediction_go
ADCYAP1	ADRB1	ppi_lr_go	ppi_prediction_go
ADM	ADRB1	ppi_lr_go	ppi_prediction_go
INSL3	ADRB1	ppi_lr_go	ppi_prediction_go
ADM2	ADRB1	ppi_lr_go	ppi_prediction_go
RLN3	ADRB1	ppi_lr_go	ppi_prediction_go
IL27	IL6R	ppi_lr_go	ppi_prediction_go
NMB	CHRM5	ppi_lr_go	ppi_prediction_go
SAA1	CHRM5	ppi_lr_go	ppi_prediction_go
EDN3	CHRM5	ppi_lr_go	ppi_prediction_go
PMCH	CHRM5	ppi_lr_go	ppi_prediction_go
TRH	CHRM5	ppi_lr_go	ppi_prediction_go
EDN2	CHRM5	ppi_lr_go	ppi_prediction_go
NTS	CHRM5	ppi_lr_go	ppi_prediction_go
XCL1	CHRM5	ppi_lr_go	ppi_prediction_go
PROK1	CHRM5	ppi_lr_go	ppi_prediction_go
QRFP	CHRM5	ppi_lr_go	ppi_prediction_go
UTS2B	CHRM5	ppi_lr_go	ppi_prediction_go
XCL2	CHRM5	ppi_lr_go	ppi_prediction_go
GHRL	CHRM5	ppi_lr_go	ppi_prediction_go
SAA1	ADRA2A	ppi_lr_go	ppi_prediction_go
PYY	ADRA2A	ppi_lr_go	ppi_prediction_go
CCL5	ADRA2A	ppi_lr_go	ppi_prediction_go
CXCL2	ADRA2A	ppi_lr_go	ppi_prediction_go
CXCL3	ADRA2A	ppi_lr_go	ppi_prediction_go
PMCH	ADRA2A	ppi_lr_go	ppi_prediction_go
GAL	ADRA2A	ppi_lr_go	ppi_prediction_go
CXCL5	ADRA2A	ppi_lr_go	ppi_prediction_go
CXCL12	ADRA2A	ppi_lr_go	ppi_prediction_go
SST	ADRA2A	ppi_lr_go	ppi_prediction_go
CCL20	ADRA2A	ppi_lr_go	ppi_prediction_go
CXCL6	ADRA2A	ppi_lr_go	ppi_prediction_go
CXCL9	ADRA2A	ppi_lr_go	ppi_prediction_go
PNOC	ADRA2A	ppi_lr_go	ppi_prediction_go
RLN3	ADRA2A	ppi_lr_go	ppi_prediction_go
CCL19	ADRA2A	ppi_lr_go	ppi_prediction_go
CXCL16	ADRA2A	ppi_lr_go	ppi_prediction_go
CCL28	ADRA2A	ppi_lr_go	ppi_prediction_go
APLN	ADRA2A	ppi_lr_go	ppi_prediction_go
CCL27	ADRA2A	ppi_lr_go	ppi_prediction_go
INSL5	ADRA2A	ppi_lr_go	ppi_prediction_go
WNT5A	CD3G	ppi_lr_go	ppi_prediction_go
PYY	ADORA3	ppi_lr_go	ppi_prediction_go
CCL5	ADORA3	ppi_lr_go	ppi_prediction_go
CXCL2	ADORA3	ppi_lr_go	ppi_prediction_go
CXCL3	ADORA3	ppi_lr_go	ppi_prediction_go
PMCH	ADORA3	ppi_lr_go	ppi_prediction_go
GAL	ADORA3	ppi_lr_go	ppi_prediction_go
CXCL5	ADORA3	ppi_lr_go	ppi_prediction_go
CXCL12	ADORA3	ppi_lr_go	ppi_prediction_go
SST	ADORA3	ppi_lr_go	ppi_prediction_go
CCL20	ADORA3	ppi_lr_go	ppi_prediction_go
CXCL6	ADORA3	ppi_lr_go	ppi_prediction_go
CXCL9	ADORA3	ppi_lr_go	ppi_prediction_go
PNOC	ADORA3	ppi_lr_go	ppi_prediction_go
RLN3	ADORA3	ppi_lr_go	ppi_prediction_go
CCL19	ADORA3	ppi_lr_go	ppi_prediction_go
CXCL16	ADORA3	ppi_lr_go	ppi_prediction_go
CCL28	ADORA3	ppi_lr_go	ppi_prediction_go
APLN	ADORA3	ppi_lr_go	ppi_prediction_go
CCL27	ADORA3	ppi_lr_go	ppi_prediction_go
INSL5	ADORA3	ppi_lr_go	ppi_prediction_go
HMGB2	AR	ppi_lr_go	ppi_prediction_go
CMTM2	AR	ppi_lr_go	ppi_prediction_go
EDN3	CHRM1	ppi_lr_go	ppi_prediction_go
PMCH	CHRM1	ppi_lr_go	ppi_prediction_go
TRH	CHRM1	ppi_lr_go	ppi_prediction_go
EDN2	CHRM1	ppi_lr_go	ppi_prediction_go
NTS	CHRM1	ppi_lr_go	ppi_prediction_go
XCL1	CHRM1	ppi_lr_go	ppi_prediction_go
PROK1	CHRM1	ppi_lr_go	ppi_prediction_go
QRFP	CHRM1	ppi_lr_go	ppi_prediction_go
UTS2B	CHRM1	ppi_lr_go	ppi_prediction_go
XCL2	CHRM1	ppi_lr_go	ppi_prediction_go
GHRL	CHRM1	ppi_lr_go	ppi_prediction_go
FGF20	FGFR1	ppi_lr_go	ppi_prediction_go
FGF21	FGFR1	ppi_lr_go	ppi_prediction_go
KL	FGFR1	ppi_lr_go	ppi_prediction_go
LGALS3	CFTR	ppi_lr_go	ppi_prediction_go
GRN	CFTR	ppi_lr_go	ppi_prediction_go
WNT5A	CFTR	ppi_lr_go	ppi_prediction_go
MIF	ITGA4	ppi_lr_go	ppi_prediction_go
ADCYAP1	ADRB3	ppi_lr_go	ppi_prediction_go
ADM	ADRB3	ppi_lr_go	ppi_prediction_go
INSL3	ADRB3	ppi_lr_go	ppi_prediction_go
ADM2	ADRB3	ppi_lr_go	ppi_prediction_go
RLN3	ADRB3	ppi_lr_go	ppi_prediction_go
CXCL2	DRD2	ppi_lr_go	ppi_prediction_go
CXCL3	DRD2	ppi_lr_go	ppi_prediction_go
PMCH	DRD2	ppi_lr_go	ppi_prediction_go
GAL	DRD2	ppi_lr_go	ppi_prediction_go
CXCL5	DRD2	ppi_lr_go	ppi_prediction_go
CXCL12	DRD2	ppi_lr_go	ppi_prediction_go
SST	DRD2	ppi_lr_go	ppi_prediction_go
CCL20	DRD2	ppi_lr_go	ppi_prediction_go
CXCL6	DRD2	ppi_lr_go	ppi_prediction_go
CXCL9	DRD2	ppi_lr_go	ppi_prediction_go
PNOC	DRD2	ppi_lr_go	ppi_prediction_go
RLN3	DRD2	ppi_lr_go	ppi_prediction_go
CCL19	DRD2	ppi_lr_go	ppi_prediction_go
CXCL16	DRD2	ppi_lr_go	ppi_prediction_go
CCL28	DRD2	ppi_lr_go	ppi_prediction_go
APLN	DRD2	ppi_lr_go	ppi_prediction_go
CCL27	DRD2	ppi_lr_go	ppi_prediction_go
INSL5	DRD2	ppi_lr_go	ppi_prediction_go
AREG	FOLR1	ppi_lr_go	ppi_prediction_go
COPA	FOLR1	ppi_lr_go	ppi_prediction_go
FGF21	CD36	ppi_lr_go	ppi_prediction_go
LGALS3	ITGA2	ppi_lr_go	ppi_prediction_go
CXCL2	ADRA2B	ppi_lr_go	ppi_prediction_go
CXCL3	ADRA2B	ppi_lr_go	ppi_prediction_go
PMCH	ADRA2B	ppi_lr_go	ppi_prediction_go
GAL	ADRA2B	ppi_lr_go	ppi_prediction_go
CXCL5	ADRA2B	ppi_lr_go	ppi_prediction_go
CXCL12	ADRA2B	ppi_lr_go	ppi_prediction_go
SST	ADRA2B	ppi_lr_go	ppi_prediction_go
CCL20	ADRA2B	ppi_lr_go	ppi_prediction_go
CXCL6	ADRA2B	ppi_lr_go	ppi_prediction_go
CXCL9	ADRA2B	ppi_lr_go	ppi_prediction_go
PNOC	ADRA2B	ppi_lr_go	ppi_prediction_go
RLN3	ADRA2B	ppi_lr_go	ppi_prediction_go
CCL19	ADRA2B	ppi_lr_go	ppi_prediction_go
CXCL16	ADRA2B	ppi_lr_go	ppi_prediction_go
CCL28	ADRA2B	ppi_lr_go	ppi_prediction_go
APLN	ADRA2B	ppi_lr_go	ppi_prediction_go
CCL27	ADRA2B	ppi_lr_go	ppi_prediction_go
INSL5	ADRA2B	ppi_lr_go	ppi_prediction_go
CXCL2	ADRA2C	ppi_lr_go	ppi_prediction_go
CXCL3	ADRA2C	ppi_lr_go	ppi_prediction_go
PMCH	ADRA2C	ppi_lr_go	ppi_prediction_go
GAL	ADRA2C	ppi_lr_go	ppi_prediction_go
CXCL5	ADRA2C	ppi_lr_go	ppi_prediction_go
CXCL12	ADRA2C	ppi_lr_go	ppi_prediction_go
SST	ADRA2C	ppi_lr_go	ppi_prediction_go
CCL20	ADRA2C	ppi_lr_go	ppi_prediction_go
CXCL6	ADRA2C	ppi_lr_go	ppi_prediction_go
CXCL9	ADRA2C	ppi_lr_go	ppi_prediction_go
PNOC	ADRA2C	ppi_lr_go	ppi_prediction_go
RLN3	ADRA2C	ppi_lr_go	ppi_prediction_go
CCL19	ADRA2C	ppi_lr_go	ppi_prediction_go
CXCL16	ADRA2C	ppi_lr_go	ppi_prediction_go
CCL28	ADRA2C	ppi_lr_go	ppi_prediction_go
APLN	ADRA2C	ppi_lr_go	ppi_prediction_go
CCL27	ADRA2C	ppi_lr_go	ppi_prediction_go
INSL5	ADRA2C	ppi_lr_go	ppi_prediction_go
PMCH	CHRM3	ppi_lr_go	ppi_prediction_go
TRH	CHRM3	ppi_lr_go	ppi_prediction_go
EDN2	CHRM3	ppi_lr_go	ppi_prediction_go
NTS	CHRM3	ppi_lr_go	ppi_prediction_go
XCL1	CHRM3	ppi_lr_go	ppi_prediction_go
PROK1	CHRM3	ppi_lr_go	ppi_prediction_go
QRFP	CHRM3	ppi_lr_go	ppi_prediction_go
UTS2B	CHRM3	ppi_lr_go	ppi_prediction_go
XCL2	CHRM3	ppi_lr_go	ppi_prediction_go
GHRL	CHRM3	ppi_lr_go	ppi_prediction_go
WNT5A	M6PR	ppi_lr_go	ppi_prediction_go
GAL	S1PR1	ppi_lr_go	ppi_prediction_go
CXCL5	S1PR1	ppi_lr_go	ppi_prediction_go
CXCL12	S1PR1	ppi_lr_go	ppi_prediction_go
SST	S1PR1	ppi_lr_go	ppi_prediction_go
CCL20	S1PR1	ppi_lr_go	ppi_prediction_go
CXCL6	S1PR1	ppi_lr_go	ppi_prediction_go
CXCL9	S1PR1	ppi_lr_go	ppi_prediction_go
PNOC	S1PR1	ppi_lr_go	ppi_prediction_go
RLN3	S1PR1	ppi_lr_go	ppi_prediction_go
CCL19	S1PR1	ppi_lr_go	ppi_prediction_go
CXCL16	S1PR1	ppi_lr_go	ppi_prediction_go
CCL28	S1PR1	ppi_lr_go	ppi_prediction_go
APLN	S1PR1	ppi_lr_go	ppi_prediction_go
CCL27	S1PR1	ppi_lr_go	ppi_prediction_go
INSL5	S1PR1	ppi_lr_go	ppi_prediction_go
GAL	CNR1	ppi_lr_go	ppi_prediction_go
CXCL5	CNR1	ppi_lr_go	ppi_prediction_go
CXCL12	CNR1	ppi_lr_go	ppi_prediction_go
SST	CNR1	ppi_lr_go	ppi_prediction_go
CCL20	CNR1	ppi_lr_go	ppi_prediction_go
CXCL6	CNR1	ppi_lr_go	ppi_prediction_go
CXCL9	CNR1	ppi_lr_go	ppi_prediction_go
PNOC	CNR1	ppi_lr_go	ppi_prediction_go
RLN3	CNR1	ppi_lr_go	ppi_prediction_go
CCL19	CNR1	ppi_lr_go	ppi_prediction_go
CXCL16	CNR1	ppi_lr_go	ppi_prediction_go
CCL28	CNR1	ppi_lr_go	ppi_prediction_go
APLN	CNR1	ppi_lr_go	ppi_prediction_go
CCL27	CNR1	ppi_lr_go	ppi_prediction_go
INSL5	CNR1	ppi_lr_go	ppi_prediction_go
ADM	DRD1	ppi_lr_go	ppi_prediction_go
INSL3	DRD1	ppi_lr_go	ppi_prediction_go
ADM2	DRD1	ppi_lr_go	ppi_prediction_go
RLN3	DRD1	ppi_lr_go	ppi_prediction_go
NTS	TBXA2R	ppi_lr_go	ppi_prediction_go
XCL1	TBXA2R	ppi_lr_go	ppi_prediction_go
PROK1	TBXA2R	ppi_lr_go	ppi_prediction_go
QRFP	TBXA2R	ppi_lr_go	ppi_prediction_go
UTS2B	TBXA2R	ppi_lr_go	ppi_prediction_go
XCL2	TBXA2R	ppi_lr_go	ppi_prediction_go
FGF20	FGFR2	ppi_lr_go	ppi_prediction_go
KL	FGFR2	ppi_lr_go	ppi_prediction_go
GAL	DRD4	ppi_lr_go	ppi_prediction_go
CXCL5	DRD4	ppi_lr_go	ppi_prediction_go
CXCL12	DRD4	ppi_lr_go	ppi_prediction_go
SST	DRD4	ppi_lr_go	ppi_prediction_go
CCL20	DRD4	ppi_lr_go	ppi_prediction_go
CXCL6	DRD4	ppi_lr_go	ppi_prediction_go
CXCL9	DRD4	ppi_lr_go	ppi_prediction_go
PNOC	DRD4	ppi_lr_go	ppi_prediction_go
RLN3	DRD4	ppi_lr_go	ppi_prediction_go
CCL19	DRD4	ppi_lr_go	ppi_prediction_go
CXCL16	DRD4	ppi_lr_go	ppi_prediction_go
CCL28	DRD4	ppi_lr_go	ppi_prediction_go
APLN	DRD4	ppi_lr_go	ppi_prediction_go
CCL27	DRD4	ppi_lr_go	ppi_prediction_go
INSL5	DRD4	ppi_lr_go	ppi_prediction_go
ADM	DRD5	ppi_lr_go	ppi_prediction_go
INSL3	DRD5	ppi_lr_go	ppi_prediction_go
ADM2	DRD5	ppi_lr_go	ppi_prediction_go
RLN3	DRD5	ppi_lr_go	ppi_prediction_go
FGF20	FGFR4	ppi_lr_go	ppi_prediction_go
FGF21	FGFR4	ppi_lr_go	ppi_prediction_go
KL	FGFR4	ppi_lr_go	ppi_prediction_go
FGF20	FGFR3	ppi_lr_go	ppi_prediction_go
KL	FGFR3	ppi_lr_go	ppi_prediction_go
NTS	ADRA1D	ppi_lr_go	ppi_prediction_go
XCL1	ADRA1D	ppi_lr_go	ppi_prediction_go
PROK1	ADRA1D	ppi_lr_go	ppi_prediction_go
QRFP	ADRA1D	ppi_lr_go	ppi_prediction_go
UTS2B	ADRA1D	ppi_lr_go	ppi_prediction_go
XCL2	ADRA1D	ppi_lr_go	ppi_prediction_go
GHRL	ADRA1D	ppi_lr_go	ppi_prediction_go
NTS	PTAFR	ppi_lr_go	ppi_prediction_go
XCL1	PTAFR	ppi_lr_go	ppi_prediction_go
PROK1	PTAFR	ppi_lr_go	ppi_prediction_go
QRFP	PTAFR	ppi_lr_go	ppi_prediction_go
UTS2B	PTAFR	ppi_lr_go	ppi_prediction_go
XCL2	PTAFR	ppi_lr_go	ppi_prediction_go
GHRL	PTAFR	ppi_lr_go	ppi_prediction_go
GDF1	ACVR2A	ppi_lr_go	ppi_prediction_go
ADM	ADORA2A	ppi_lr_go	ppi_prediction_go
INSL3	ADORA2A	ppi_lr_go	ppi_prediction_go
ADM2	ADORA2A	ppi_lr_go	ppi_prediction_go
RLN3	ADORA2A	ppi_lr_go	ppi_prediction_go
ADM	ADORA2B	ppi_lr_go	ppi_prediction_go
INSL3	ADORA2B	ppi_lr_go	ppi_prediction_go
ADM2	ADORA2B	ppi_lr_go	ppi_prediction_go
RLN3	ADORA2B	ppi_lr_go	ppi_prediction_go
IL2	PTPN6	ppi_lr_go	ppi_prediction_go
CXCL5	ADORA1	ppi_lr_go	ppi_prediction_go
CXCL12	ADORA1	ppi_lr_go	ppi_prediction_go
SST	ADORA1	ppi_lr_go	ppi_prediction_go
CCL20	ADORA1	ppi_lr_go	ppi_prediction_go
CXCL6	ADORA1	ppi_lr_go	ppi_prediction_go
CXCL9	ADORA1	ppi_lr_go	ppi_prediction_go
PNOC	ADORA1	ppi_lr_go	ppi_prediction_go
RLN3	ADORA1	ppi_lr_go	ppi_prediction_go
CCL19	ADORA1	ppi_lr_go	ppi_prediction_go
CXCL16	ADORA1	ppi_lr_go	ppi_prediction_go
CCL28	ADORA1	ppi_lr_go	ppi_prediction_go
APLN	ADORA1	ppi_lr_go	ppi_prediction_go
CCL27	ADORA1	ppi_lr_go	ppi_prediction_go
INSL5	ADORA1	ppi_lr_go	ppi_prediction_go
CXCL5	CNR2	ppi_lr_go	ppi_prediction_go
CXCL12	CNR2	ppi_lr_go	ppi_prediction_go
SST	CNR2	ppi_lr_go	ppi_prediction_go
CCL20	CNR2	ppi_lr_go	ppi_prediction_go
CXCL6	CNR2	ppi_lr_go	ppi_prediction_go
CXCL9	CNR2	ppi_lr_go	ppi_prediction_go
PNOC	CNR2	ppi_lr_go	ppi_prediction_go
RLN3	CNR2	ppi_lr_go	ppi_prediction_go
CCL19	CNR2	ppi_lr_go	ppi_prediction_go
CXCL16	CNR2	ppi_lr_go	ppi_prediction_go
CCL28	CNR2	ppi_lr_go	ppi_prediction_go
APLN	CNR2	ppi_lr_go	ppi_prediction_go
CCL27	CNR2	ppi_lr_go	ppi_prediction_go
INSL5	CNR2	ppi_lr_go	ppi_prediction_go
XCL1	PTGER1	ppi_lr_go	ppi_prediction_go
PROK1	PTGER1	ppi_lr_go	ppi_prediction_go
QRFP	PTGER1	ppi_lr_go	ppi_prediction_go
UTS2B	PTGER1	ppi_lr_go	ppi_prediction_go
XCL2	PTGER1	ppi_lr_go	ppi_prediction_go
GHRL	PTGER1	ppi_lr_go	ppi_prediction_go
XCL1	ADRA1A	ppi_lr_go	ppi_prediction_go
PROK1	ADRA1A	ppi_lr_go	ppi_prediction_go
QRFP	ADRA1A	ppi_lr_go	ppi_prediction_go
UTS2B	ADRA1A	ppi_lr_go	ppi_prediction_go
XCL2	ADRA1A	ppi_lr_go	ppi_prediction_go
GHRL	ADRA1A	ppi_lr_go	ppi_prediction_go
XCL1	ADRA1B	ppi_lr_go	ppi_prediction_go
PROK1	ADRA1B	ppi_lr_go	ppi_prediction_go
QRFP	ADRA1B	ppi_lr_go	ppi_prediction_go
UTS2B	ADRA1B	ppi_lr_go	ppi_prediction_go
XCL2	ADRA1B	ppi_lr_go	ppi_prediction_go
GHRL	ADRA1B	ppi_lr_go	ppi_prediction_go
INSL3	PTGER4	ppi_lr_go	ppi_prediction_go
ADM2	PTGER4	ppi_lr_go	ppi_prediction_go
RLN3	PTGER4	ppi_lr_go	ppi_prediction_go
CXCL5	DRD3	ppi_lr_go	ppi_prediction_go
CXCL12	DRD3	ppi_lr_go	ppi_prediction_go
SST	DRD3	ppi_lr_go	ppi_prediction_go
CCL20	DRD3	ppi_lr_go	ppi_prediction_go
CXCL6	DRD3	ppi_lr_go	ppi_prediction_go
CXCL9	DRD3	ppi_lr_go	ppi_prediction_go
PNOC	DRD3	ppi_lr_go	ppi_prediction_go
RLN3	DRD3	ppi_lr_go	ppi_prediction_go
CCL19	DRD3	ppi_lr_go	ppi_prediction_go
CXCL16	DRD3	ppi_lr_go	ppi_prediction_go
CCL28	DRD3	ppi_lr_go	ppi_prediction_go
APLN	DRD3	ppi_lr_go	ppi_prediction_go
CCL27	DRD3	ppi_lr_go	ppi_prediction_go
INSL5	DRD3	ppi_lr_go	ppi_prediction_go
CD320	TGFBR2	ppi_lr_go	ppi_prediction_go
EBI3	IL6ST	ppi_lr_go	ppi_prediction_go
IL27	IL6ST	ppi_lr_go	ppi_prediction_go
CXCL5	CASR	ppi_lr_go	ppi_prediction_go
XCL1	CASR	ppi_lr_go	ppi_prediction_go
CXCL12	CASR	ppi_lr_go	ppi_prediction_go
PROK1	CASR	ppi_lr_go	ppi_prediction_go
SST	CASR	ppi_lr_go	ppi_prediction_go
CCL20	CASR	ppi_lr_go	ppi_prediction_go
CXCL6	CASR	ppi_lr_go	ppi_prediction_go
QRFP	CASR	ppi_lr_go	ppi_prediction_go
CXCL9	CASR	ppi_lr_go	ppi_prediction_go
PNOC	CASR	ppi_lr_go	ppi_prediction_go
UTS2B	CASR	ppi_lr_go	ppi_prediction_go
RLN3	CASR	ppi_lr_go	ppi_prediction_go
CCL19	CASR	ppi_lr_go	ppi_prediction_go
CXCL16	CASR	ppi_lr_go	ppi_prediction_go
CCL28	CASR	ppi_lr_go	ppi_prediction_go
XCL2	CASR	ppi_lr_go	ppi_prediction_go
GHRL	CASR	ppi_lr_go	ppi_prediction_go
APLN	CASR	ppi_lr_go	ppi_prediction_go
CCL27	CASR	ppi_lr_go	ppi_prediction_go
INSL5	CASR	ppi_lr_go	ppi_prediction_go
XCL1	P2RY2	ppi_lr_go	ppi_prediction_go
PROK1	P2RY2	ppi_lr_go	ppi_prediction_go
QRFP	P2RY2	ppi_lr_go	ppi_prediction_go
UTS2B	P2RY2	ppi_lr_go	ppi_prediction_go
XCL2	P2RY2	ppi_lr_go	ppi_prediction_go
GHRL	P2RY2	ppi_lr_go	ppi_prediction_go
XCL1	GRM5	ppi_lr_go	ppi_prediction_go
PROK1	GRM5	ppi_lr_go	ppi_prediction_go
QRFP	GRM5	ppi_lr_go	ppi_prediction_go
UTS2B	GRM5	ppi_lr_go	ppi_prediction_go
XCL2	GRM5	ppi_lr_go	ppi_prediction_go
GHRL	GRM5	ppi_lr_go	ppi_prediction_go
XCL1	PTGFR	ppi_lr_go	ppi_prediction_go
PROK1	PTGFR	ppi_lr_go	ppi_prediction_go
QRFP	PTGFR	ppi_lr_go	ppi_prediction_go
UTS2B	PTGFR	ppi_lr_go	ppi_prediction_go
XCL2	PTGFR	ppi_lr_go	ppi_prediction_go
GHRL	PTGFR	ppi_lr_go	ppi_prediction_go
CXCL12	PTGER3	ppi_lr_go	ppi_prediction_go
SST	PTGER3	ppi_lr_go	ppi_prediction_go
CCL20	PTGER3	ppi_lr_go	ppi_prediction_go
CXCL6	PTGER3	ppi_lr_go	ppi_prediction_go
CXCL9	PTGER3	ppi_lr_go	ppi_prediction_go
PNOC	PTGER3	ppi_lr_go	ppi_prediction_go
CMTM4	PTGER3	ppi_lr_go	ppi_prediction_go
RLN3	PTGER3	ppi_lr_go	ppi_prediction_go
CCL19	PTGER3	ppi_lr_go	ppi_prediction_go
CXCL16	PTGER3	ppi_lr_go	ppi_prediction_go
CCL28	PTGER3	ppi_lr_go	ppi_prediction_go
APLN	PTGER3	ppi_lr_go	ppi_prediction_go
CCL27	PTGER3	ppi_lr_go	ppi_prediction_go
INSL5	PTGER3	ppi_lr_go	ppi_prediction_go
INSL3	PTGER2	ppi_lr_go	ppi_prediction_go
ADM2	PTGER2	ppi_lr_go	ppi_prediction_go
RLN3	PTGER2	ppi_lr_go	ppi_prediction_go
INSL3	PTGIR	ppi_lr_go	ppi_prediction_go
ADM2	PTGIR	ppi_lr_go	ppi_prediction_go
RLN3	PTGIR	ppi_lr_go	ppi_prediction_go
GHRL	PTGIR	ppi_lr_go	ppi_prediction_go
XCL1	LPAR6	ppi_lr_go	ppi_prediction_go
PROK1	LPAR6	ppi_lr_go	ppi_prediction_go
QRFP	LPAR6	ppi_lr_go	ppi_prediction_go
UTS2B	LPAR6	ppi_lr_go	ppi_prediction_go
XCL2	LPAR6	ppi_lr_go	ppi_prediction_go
GHRL	LPAR6	ppi_lr_go	ppi_prediction_go
XCL1	GPR4	ppi_lr_go	ppi_prediction_go
PROK1	GPR4	ppi_lr_go	ppi_prediction_go
QRFP	GPR4	ppi_lr_go	ppi_prediction_go
UTS2B	GPR4	ppi_lr_go	ppi_prediction_go
XCL2	GPR4	ppi_lr_go	ppi_prediction_go
GHRL	GPR4	ppi_lr_go	ppi_prediction_go
XCL1	P2RY1	ppi_lr_go	ppi_prediction_go
PROK1	P2RY1	ppi_lr_go	ppi_prediction_go
QRFP	P2RY1	ppi_lr_go	ppi_prediction_go
UTS2B	P2RY1	ppi_lr_go	ppi_prediction_go
XCL2	P2RY1	ppi_lr_go	ppi_prediction_go
GHRL	P2RY1	ppi_lr_go	ppi_prediction_go
GMFB	MTNR1A	ppi_lr_go	ppi_prediction_go
IL16	KCNJ1	ppi_lr_go	ppi_prediction_go
SST	HCAR3	ppi_lr_go	ppi_prediction_go
CCL20	HCAR3	ppi_lr_go	ppi_prediction_go
CXCL6	HCAR3	ppi_lr_go	ppi_prediction_go
CXCL9	HCAR3	ppi_lr_go	ppi_prediction_go
PNOC	HCAR3	ppi_lr_go	ppi_prediction_go
RLN3	HCAR3	ppi_lr_go	ppi_prediction_go
CCL19	HCAR3	ppi_lr_go	ppi_prediction_go
CXCL16	HCAR3	ppi_lr_go	ppi_prediction_go
CCL28	HCAR3	ppi_lr_go	ppi_prediction_go
APLN	HCAR3	ppi_lr_go	ppi_prediction_go
CCL27	HCAR3	ppi_lr_go	ppi_prediction_go
INSL5	HCAR3	ppi_lr_go	ppi_prediction_go
GMFB	MTNR1B	ppi_lr_go	ppi_prediction_go
INSL3	GPR15	ppi_lr_go	ppi_prediction_go
ADM2	GPR15	ppi_lr_go	ppi_prediction_go
RLN3	GPR15	ppi_lr_go	ppi_prediction_go
SST	P2RY4	ppi_lr_go	ppi_prediction_go
CCL20	P2RY4	ppi_lr_go	ppi_prediction_go
CXCL6	P2RY4	ppi_lr_go	ppi_prediction_go
CXCL9	P2RY4	ppi_lr_go	ppi_prediction_go
PNOC	P2RY4	ppi_lr_go	ppi_prediction_go
RLN3	P2RY4	ppi_lr_go	ppi_prediction_go
CCL19	P2RY4	ppi_lr_go	ppi_prediction_go
CXCL16	P2RY4	ppi_lr_go	ppi_prediction_go
CCL28	P2RY4	ppi_lr_go	ppi_prediction_go
APLN	P2RY4	ppi_lr_go	ppi_prediction_go
CCL27	P2RY4	ppi_lr_go	ppi_prediction_go
INSL5	P2RY4	ppi_lr_go	ppi_prediction_go
EFNA5	EFNA3	ppi_lr_go	ppi_prediction_go
EFNA5	EFNA4	ppi_lr_go	ppi_prediction_go
SST	TAS2R38	ppi_lr_go	ppi_prediction_go
CCL20	TAS2R38	ppi_lr_go	ppi_prediction_go
CXCL6	TAS2R38	ppi_lr_go	ppi_prediction_go
CXCL9	TAS2R38	ppi_lr_go	ppi_prediction_go
PNOC	TAS2R38	ppi_lr_go	ppi_prediction_go
RLN3	TAS2R38	ppi_lr_go	ppi_prediction_go
CCL19	TAS2R38	ppi_lr_go	ppi_prediction_go
CXCL16	TAS2R38	ppi_lr_go	ppi_prediction_go
CCL28	TAS2R38	ppi_lr_go	ppi_prediction_go
APLN	TAS2R38	ppi_lr_go	ppi_prediction_go
CCL27	TAS2R38	ppi_lr_go	ppi_prediction_go
INSL5	TAS2R38	ppi_lr_go	ppi_prediction_go
SST	TAS2R39	ppi_lr_go	ppi_prediction_go
CCL20	TAS2R39	ppi_lr_go	ppi_prediction_go
CXCL6	TAS2R39	ppi_lr_go	ppi_prediction_go
CXCL9	TAS2R39	ppi_lr_go	ppi_prediction_go
PNOC	TAS2R39	ppi_lr_go	ppi_prediction_go
RLN3	TAS2R39	ppi_lr_go	ppi_prediction_go
CCL19	TAS2R39	ppi_lr_go	ppi_prediction_go
CXCL16	TAS2R39	ppi_lr_go	ppi_prediction_go
CCL28	TAS2R39	ppi_lr_go	ppi_prediction_go
APLN	TAS2R39	ppi_lr_go	ppi_prediction_go
CCL27	TAS2R39	ppi_lr_go	ppi_prediction_go
INSL5	TAS2R39	ppi_lr_go	ppi_prediction_go
SST	TAS2R40	ppi_lr_go	ppi_prediction_go
CCL20	TAS2R40	ppi_lr_go	ppi_prediction_go
CXCL6	TAS2R40	ppi_lr_go	ppi_prediction_go
CXCL9	TAS2R40	ppi_lr_go	ppi_prediction_go
PNOC	TAS2R40	ppi_lr_go	ppi_prediction_go
RLN3	TAS2R40	ppi_lr_go	ppi_prediction_go
CCL19	TAS2R40	ppi_lr_go	ppi_prediction_go
CXCL16	TAS2R40	ppi_lr_go	ppi_prediction_go
CCL28	TAS2R40	ppi_lr_go	ppi_prediction_go
APLN	TAS2R40	ppi_lr_go	ppi_prediction_go
CCL27	TAS2R40	ppi_lr_go	ppi_prediction_go
INSL5	TAS2R40	ppi_lr_go	ppi_prediction_go
SST	TAS2R41	ppi_lr_go	ppi_prediction_go
CCL20	TAS2R41	ppi_lr_go	ppi_prediction_go
CXCL6	TAS2R41	ppi_lr_go	ppi_prediction_go
CXCL9	TAS2R41	ppi_lr_go	ppi_prediction_go
PNOC	TAS2R41	ppi_lr_go	ppi_prediction_go
RLN3	TAS2R41	ppi_lr_go	ppi_prediction_go
CCL19	TAS2R41	ppi_lr_go	ppi_prediction_go
CXCL16	TAS2R41	ppi_lr_go	ppi_prediction_go
CCL28	TAS2R41	ppi_lr_go	ppi_prediction_go
APLN	TAS2R41	ppi_lr_go	ppi_prediction_go
CCL27	TAS2R41	ppi_lr_go	ppi_prediction_go
INSL5	TAS2R41	ppi_lr_go	ppi_prediction_go
SST	TAS2R31	ppi_lr_go	ppi_prediction_go
CCL20	TAS2R31	ppi_lr_go	ppi_prediction_go
CXCL6	TAS2R31	ppi_lr_go	ppi_prediction_go
CXCL9	TAS2R31	ppi_lr_go	ppi_prediction_go
PNOC	TAS2R31	ppi_lr_go	ppi_prediction_go
RLN3	TAS2R31	ppi_lr_go	ppi_prediction_go
CCL19	TAS2R31	ppi_lr_go	ppi_prediction_go
CXCL16	TAS2R31	ppi_lr_go	ppi_prediction_go
CCL28	TAS2R31	ppi_lr_go	ppi_prediction_go
APLN	TAS2R31	ppi_lr_go	ppi_prediction_go
CCL27	TAS2R31	ppi_lr_go	ppi_prediction_go
INSL5	TAS2R31	ppi_lr_go	ppi_prediction_go
SST	TAS2R46	ppi_lr_go	ppi_prediction_go
CCL20	TAS2R46	ppi_lr_go	ppi_prediction_go
CXCL6	TAS2R46	ppi_lr_go	ppi_prediction_go
CXCL9	TAS2R46	ppi_lr_go	ppi_prediction_go
PNOC	TAS2R46	ppi_lr_go	ppi_prediction_go
RLN3	TAS2R46	ppi_lr_go	ppi_prediction_go
CCL19	TAS2R46	ppi_lr_go	ppi_prediction_go
CXCL16	TAS2R46	ppi_lr_go	ppi_prediction_go
CCL28	TAS2R46	ppi_lr_go	ppi_prediction_go
APLN	TAS2R46	ppi_lr_go	ppi_prediction_go
CCL27	TAS2R46	ppi_lr_go	ppi_prediction_go
INSL5	TAS2R46	ppi_lr_go	ppi_prediction_go
SST	TAS2R60	ppi_lr_go	ppi_prediction_go
CCL20	TAS2R60	ppi_lr_go	ppi_prediction_go
CXCL6	TAS2R60	ppi_lr_go	ppi_prediction_go
CXCL9	TAS2R60	ppi_lr_go	ppi_prediction_go
PNOC	TAS2R60	ppi_lr_go	ppi_prediction_go
RLN3	TAS2R60	ppi_lr_go	ppi_prediction_go
CCL19	TAS2R60	ppi_lr_go	ppi_prediction_go
CXCL16	TAS2R60	ppi_lr_go	ppi_prediction_go
CCL28	TAS2R60	ppi_lr_go	ppi_prediction_go
APLN	TAS2R60	ppi_lr_go	ppi_prediction_go
CCL27	TAS2R60	ppi_lr_go	ppi_prediction_go
INSL5	TAS2R60	ppi_lr_go	ppi_prediction_go
NRG1	DLG4	ppi_lr_go	ppi_prediction_go
BMP8A	DLG4	ppi_lr_go	ppi_prediction_go
UTS2B	GRM1	ppi_lr_go	ppi_prediction_go
XCL2	GRM1	ppi_lr_go	ppi_prediction_go
GHRL	GRM1	ppi_lr_go	ppi_prediction_go
ADM2	PTGDR	ppi_lr_go	ppi_prediction_go
RLN3	PTGDR	ppi_lr_go	ppi_prediction_go
PNOC	GPR17	ppi_lr_go	ppi_prediction_go
UTS2B	GPR17	ppi_lr_go	ppi_prediction_go
RLN3	GPR17	ppi_lr_go	ppi_prediction_go
CCL19	GPR17	ppi_lr_go	ppi_prediction_go
CXCL16	GPR17	ppi_lr_go	ppi_prediction_go
CCL28	GPR17	ppi_lr_go	ppi_prediction_go
XCL2	GPR17	ppi_lr_go	ppi_prediction_go
GHRL	GPR17	ppi_lr_go	ppi_prediction_go
APLN	GPR17	ppi_lr_go	ppi_prediction_go
CCL27	GPR17	ppi_lr_go	ppi_prediction_go
INSL5	GPR17	ppi_lr_go	ppi_prediction_go
RLN3	GPR18	ppi_lr_go	ppi_prediction_go
CCL19	GPR18	ppi_lr_go	ppi_prediction_go
CXCL16	GPR18	ppi_lr_go	ppi_prediction_go
CCL28	GPR18	ppi_lr_go	ppi_prediction_go
APLN	GPR18	ppi_lr_go	ppi_prediction_go
CCL27	GPR18	ppi_lr_go	ppi_prediction_go
INSL5	GPR18	ppi_lr_go	ppi_prediction_go
WNT8B	FZD2	ppi_lr_go	ppi_prediction_go
WNT8A	FZD2	ppi_lr_go	ppi_prediction_go
RLN3	GRM2	ppi_lr_go	ppi_prediction_go
CCL19	GRM2	ppi_lr_go	ppi_prediction_go
CXCL16	GRM2	ppi_lr_go	ppi_prediction_go
CCL28	GRM2	ppi_lr_go	ppi_prediction_go
APLN	GRM2	ppi_lr_go	ppi_prediction_go
CCL27	GRM2	ppi_lr_go	ppi_prediction_go
INSL5	GRM2	ppi_lr_go	ppi_prediction_go
ADM2	GPR176	ppi_lr_go	ppi_prediction_go
RLN3	GPR176	ppi_lr_go	ppi_prediction_go
RLN3	GRM7	ppi_lr_go	ppi_prediction_go
CCL19	GRM7	ppi_lr_go	ppi_prediction_go
CXCL16	GRM7	ppi_lr_go	ppi_prediction_go
CCL28	GRM7	ppi_lr_go	ppi_prediction_go
APLN	GRM7	ppi_lr_go	ppi_prediction_go
CCL27	GRM7	ppi_lr_go	ppi_prediction_go
INSL5	GRM7	ppi_lr_go	ppi_prediction_go
RLN3	GRM3	ppi_lr_go	ppi_prediction_go
CCL19	GRM3	ppi_lr_go	ppi_prediction_go
CXCL16	GRM3	ppi_lr_go	ppi_prediction_go
CCL28	GRM3	ppi_lr_go	ppi_prediction_go
APLN	GRM3	ppi_lr_go	ppi_prediction_go
CCL27	GRM3	ppi_lr_go	ppi_prediction_go
INSL5	GRM3	ppi_lr_go	ppi_prediction_go
UTS2B	P2RY6	ppi_lr_go	ppi_prediction_go
XCL2	P2RY6	ppi_lr_go	ppi_prediction_go
GHRL	P2RY6	ppi_lr_go	ppi_prediction_go
UTS2B	LTB4R	ppi_lr_go	ppi_prediction_go
XCL2	LTB4R	ppi_lr_go	ppi_prediction_go
GHRL	LTB4R	ppi_lr_go	ppi_prediction_go
UTS2B	GPR68	ppi_lr_go	ppi_prediction_go
XCL2	GPR68	ppi_lr_go	ppi_prediction_go
GHRL	GPR68	ppi_lr_go	ppi_prediction_go
UTS2B	GPRC6A	ppi_lr_go	ppi_prediction_go
XCL2	GPRC6A	ppi_lr_go	ppi_prediction_go
GHRL	GPRC6A	ppi_lr_go	ppi_prediction_go
CMTM6	SCARA3	ppi_lr_go	ppi_prediction_go
XCL2	GPR65	ppi_lr_go	ppi_prediction_go
GHRL	GPR65	ppi_lr_go	ppi_prediction_go
FGF22	FGFRL1	ppi_lr_go	ppi_prediction_go
WNT8B	SFRP1	ppi_lr_go	ppi_prediction_go
WNT8A	SFRP1	ppi_lr_go	ppi_prediction_go
RLN3	GPR150	ppi_lr_go	ppi_prediction_go
RLN3	HCAR2	ppi_lr_go	ppi_prediction_go
CCL19	HCAR2	ppi_lr_go	ppi_prediction_go
CXCL16	HCAR2	ppi_lr_go	ppi_prediction_go
CCL28	HCAR2	ppi_lr_go	ppi_prediction_go
APLN	HCAR2	ppi_lr_go	ppi_prediction_go
CCL27	HCAR2	ppi_lr_go	ppi_prediction_go
INSL5	HCAR2	ppi_lr_go	ppi_prediction_go
RLN3	GPBAR1	ppi_lr_go	ppi_prediction_go
GDF3	TSKU	ppi_lr_go	ppi_prediction_go
GPHA2	ADGRV1	ppi_lr_go	ppi_prediction_go
CMTM6	LPAR1	ppi_lr_go	ppi_prediction_go
IL23A	ESR2	ppi_lr_go	ppi_prediction_go
CLCF1	ESR2	ppi_lr_go	ppi_prediction_go
CCL19	OXGR1	ppi_lr_go	ppi_prediction_go
CXCL16	OXGR1	ppi_lr_go	ppi_prediction_go
CCL28	OXGR1	ppi_lr_go	ppi_prediction_go
APLN	OXGR1	ppi_lr_go	ppi_prediction_go
CCL27	OXGR1	ppi_lr_go	ppi_prediction_go
INSL5	OXGR1	ppi_lr_go	ppi_prediction_go
CCL19	S1PR3	ppi_lr_go	ppi_prediction_go
CXCL16	S1PR3	ppi_lr_go	ppi_prediction_go
CCL28	S1PR3	ppi_lr_go	ppi_prediction_go
APLN	S1PR3	ppi_lr_go	ppi_prediction_go
CCL27	S1PR3	ppi_lr_go	ppi_prediction_go
INSL5	S1PR3	ppi_lr_go	ppi_prediction_go
CCL19	GPER1	ppi_lr_go	ppi_prediction_go
CXCL16	GPER1	ppi_lr_go	ppi_prediction_go
CCL28	GPER1	ppi_lr_go	ppi_prediction_go
APLN	GPER1	ppi_lr_go	ppi_prediction_go
CCL27	GPER1	ppi_lr_go	ppi_prediction_go
INSL5	GPER1	ppi_lr_go	ppi_prediction_go
CXCL16	P2RY13	ppi_lr_go	ppi_prediction_go
CCL28	P2RY13	ppi_lr_go	ppi_prediction_go
APLN	P2RY13	ppi_lr_go	ppi_prediction_go
CCL27	P2RY13	ppi_lr_go	ppi_prediction_go
INSL5	P2RY13	ppi_lr_go	ppi_prediction_go
CXCL16	SUCNR1	ppi_lr_go	ppi_prediction_go
CCL28	SUCNR1	ppi_lr_go	ppi_prediction_go
APLN	SUCNR1	ppi_lr_go	ppi_prediction_go
CCL27	SUCNR1	ppi_lr_go	ppi_prediction_go
INSL5	SUCNR1	ppi_lr_go	ppi_prediction_go
CXCL16	HCAR1	ppi_lr_go	ppi_prediction_go
CCL28	HCAR1	ppi_lr_go	ppi_prediction_go
APLN	HCAR1	ppi_lr_go	ppi_prediction_go
CCL27	HCAR1	ppi_lr_go	ppi_prediction_go
INSL5	HCAR1	ppi_lr_go	ppi_prediction_go
CXCL16	LPAR5	ppi_lr_go	ppi_prediction_go
CCL28	LPAR5	ppi_lr_go	ppi_prediction_go
XCL2	LPAR5	ppi_lr_go	ppi_prediction_go
GHRL	LPAR5	ppi_lr_go	ppi_prediction_go
APLN	LPAR5	ppi_lr_go	ppi_prediction_go
CCL27	LPAR5	ppi_lr_go	ppi_prediction_go
INSL5	LPAR5	ppi_lr_go	ppi_prediction_go
CXCL16	S1PR5	ppi_lr_go	ppi_prediction_go
CCL28	S1PR5	ppi_lr_go	ppi_prediction_go
APLN	S1PR5	ppi_lr_go	ppi_prediction_go
CCL27	S1PR5	ppi_lr_go	ppi_prediction_go
INSL5	S1PR5	ppi_lr_go	ppi_prediction_go
CXCL16	P2RY12	ppi_lr_go	ppi_prediction_go
CCL28	P2RY12	ppi_lr_go	ppi_prediction_go
CMTM6	P2RY12	ppi_lr_go	ppi_prediction_go
APLN	P2RY12	ppi_lr_go	ppi_prediction_go
CCL27	P2RY12	ppi_lr_go	ppi_prediction_go
INSL5	P2RY12	ppi_lr_go	ppi_prediction_go
IL36B	IL1RL2	ppi_lr_go	ppi_prediction_go
IL36G	IL1RL2	ppi_lr_go	ppi_prediction_go
IL36A	IL1RL2	ppi_lr_go	ppi_prediction_go
XCL2	LTB4R2	ppi_lr_go	ppi_prediction_go
GHRL	LTB4R2	ppi_lr_go	ppi_prediction_go
IL36B	IL1RAP	ppi_lr_go	ppi_prediction_go
IL36G	IL1RAP	ppi_lr_go	ppi_prediction_go
IL36A	IL1RAP	ppi_lr_go	ppi_prediction_go
XCL2	CYSLTR2	ppi_lr_go	ppi_prediction_go
GHRL	CYSLTR2	ppi_lr_go	ppi_prediction_go
APLN	TAS2R16	ppi_lr_go	ppi_prediction_go
CCL27	TAS2R16	ppi_lr_go	ppi_prediction_go
INSL5	TAS2R16	ppi_lr_go	ppi_prediction_go
APLN	TAS2R14	ppi_lr_go	ppi_prediction_go
CCL27	TAS2R14	ppi_lr_go	ppi_prediction_go
INSL5	TAS2R14	ppi_lr_go	ppi_prediction_go
APLN	TAS2R13	ppi_lr_go	ppi_prediction_go
CCL27	TAS2R13	ppi_lr_go	ppi_prediction_go
INSL5	TAS2R13	ppi_lr_go	ppi_prediction_go
APLN	TAS2R10	ppi_lr_go	ppi_prediction_go
CCL27	TAS2R10	ppi_lr_go	ppi_prediction_go
INSL5	TAS2R10	ppi_lr_go	ppi_prediction_go
APLN	TAS2R7	ppi_lr_go	ppi_prediction_go
CCL27	TAS2R7	ppi_lr_go	ppi_prediction_go
INSL5	TAS2R7	ppi_lr_go	ppi_prediction_go
APLN	TAS2R4	ppi_lr_go	ppi_prediction_go
CCL27	TAS2R4	ppi_lr_go	ppi_prediction_go
INSL5	TAS2R4	ppi_lr_go	ppi_prediction_go
APLN	TAS2R3	ppi_lr_go	ppi_prediction_go
CCL27	TAS2R3	ppi_lr_go	ppi_prediction_go
INSL5	TAS2R3	ppi_lr_go	ppi_prediction_go
APLN	TAS2R1	ppi_lr_go	ppi_prediction_go
CCL27	TAS2R1	ppi_lr_go	ppi_prediction_go
INSL5	TAS2R1	ppi_lr_go	ppi_prediction_go
APLN	GABBR1	ppi_lr_go	ppi_prediction_go
CCL27	GABBR1	ppi_lr_go	ppi_prediction_go
INSL5	GABBR1	ppi_lr_go	ppi_prediction_go
APLN	LPAR3	ppi_lr_go	ppi_prediction_go
CCL27	LPAR3	ppi_lr_go	ppi_prediction_go
INSL5	LPAR3	ppi_lr_go	ppi_prediction_go
CCL27	GPR55	ppi_lr_go	ppi_prediction_go
INSL5	GPR55	ppi_lr_go	ppi_prediction_go
VEGFB	FAT1	ppi_l_bidir_go	ppi_prediction_go
TNF	PCDH7	ppi_l_bidir_go	ppi_prediction_go
GPHA2	FAT1	ppi_l_bidir_go	ppi_prediction_go
JAG2	PCDH7	ppi_l_bidir_go	ppi_prediction_go
JAG2	DSG2	ppi_l_bidir_go	ppi_prediction_go
JAG2	DSC2	ppi_l_bidir_go	ppi_prediction_go
TNF	PIK3CB	ppi_l_bidir_go	ppi_prediction_go
PTN	CDH10	ppi_l_bidir_go	ppi_prediction_go
GDF9	PCDHA4	ppi_l_bidir_go	ppi_prediction_go
FGF21	CDH7	ppi_l_bidir_go	ppi_prediction_go
FGF10	PIK3CB	ppi_l_bidir_go	ppi_prediction_go
FGF16	PIK3CB	ppi_l_bidir_go	ppi_prediction_go
FGF17	PIK3CB	ppi_l_bidir_go	ppi_prediction_go
PSPN	PIK3CB	ppi_l_bidir_go	ppi_prediction_go
FGF18	PIK3CB	ppi_l_bidir_go	ppi_prediction_go
FGF19	PIK3CB	ppi_l_bidir_go	ppi_prediction_go
PDGFB	PIK3CB	ppi_l_bidir_go	ppi_prediction_go
NGF	PIK3CB	ppi_l_bidir_go	ppi_prediction_go
TNF	FAT1	ppi_l_bidir_go	ppi_prediction_go
TNF	CELSR2	ppi_l_bidir_go	ppi_prediction_go
PDGFA	PIK3CB	ppi_l_bidir_go	ppi_prediction_go
CSF2	PIK3CB	ppi_l_bidir_go	ppi_prediction_go
IL5	PIK3CB	ppi_l_bidir_go	ppi_prediction_go
FGF1	PIK3CB	ppi_l_bidir_go	ppi_prediction_go
FGF4	PIK3CB	ppi_l_bidir_go	ppi_prediction_go
FGF2	PIK3CB	ppi_l_bidir_go	ppi_prediction_go
CSF1	CELSR3	ppi_l_bidir_go	ppi_prediction_go
FGF6	PIK3CB	ppi_l_bidir_go	ppi_prediction_go
FGF3	PIK3CB	ppi_l_bidir_go	ppi_prediction_go
FGF5	PIK3CB	ppi_l_bidir_go	ppi_prediction_go
VEGFA	PIK3CB	ppi_l_bidir_go	ppi_prediction_go
LGALS3	SDK2	ppi_l_bidir_go	ppi_prediction_go
LGALS3	SDK1	ppi_l_bidir_go	ppi_prediction_go
LGALS3	CADM1	ppi_l_bidir_go	ppi_prediction_go
LGALS3	NPTN	ppi_l_bidir_go	ppi_prediction_go
FGF7	PIK3CB	ppi_l_bidir_go	ppi_prediction_go
FGF7	PKD1	ppi_l_bidir_go	ppi_prediction_go
FGF9	PIK3CB	ppi_l_bidir_go	ppi_prediction_go
GDNF	PIK3CB	ppi_l_bidir_go	ppi_prediction_go
HMGB2	DSG2	ppi_l_bidir_go	ppi_prediction_go
APOA1	PCDH1	ppi_l_bidir_go	ppi_prediction_go
KLK3	PCDH1	ppi_l_bidir_go	ppi_prediction_go
FBN1	ITGB1	ppi_l_bidir_go	ppi_prediction_go
LGALS3	ITGB1	ppi_l_bidir_go	ppi_prediction_go
FBN1	CLSTN1	ppi_l_bidir_go	ppi_prediction_go
SFRP2	CDH1	ppi_l_bidir_go	ppi_prediction_go
CARTPT	CEACAM1	ppi_l_bidir_go	ppi_prediction_go
ADIPOQ	CDH13	ppi_l_bidir_go	ppi_prediction_go
ZP3	PCDH17	ppi_l_bidir_go	ppi_prediction_go
HMGB2	CDH1	ppi_l_bidir_go	ppi_prediction_go
TNFSF10	PIK3CB	ppi_l_bidir_go	ppi_prediction_go
FGF8	PIK3CB	ppi_l_bidir_go	ppi_prediction_go
IL2	PIK3CB	ppi_l_bidir_go	ppi_prediction_go
ARTN	PIK3CB	ppi_l_bidir_go	ppi_prediction_go
NRTN	PIK3CB	ppi_l_bidir_go	ppi_prediction_go
FGF23	PIK3CB	ppi_l_bidir_go	ppi_prediction_go
FGF22	PIK3CB	ppi_l_bidir_go	ppi_prediction_go
FGF20	PIK3CB	ppi_l_bidir_go	ppi_prediction_go
KL	PIK3CB	ppi_l_bidir_go	ppi_prediction_go
ROBO1	ROBO4	ppi_bidir_r_go	ppi_prediction_go
RET	GFRA1	ppi_bidir_r_go	ppi_prediction_go
PTPRF	PTPRD	ppi_bidir_r_go	ppi_prediction_go
PTPRF	INSR	ppi_bidir_r_go	ppi_prediction_go
DSC3	RYK	ppi_bidir_r_go	ppi_prediction_go
PTPRF	RYK	ppi_bidir_r_go	ppi_prediction_go
FAT3	RYK	ppi_bidir_r_go	ppi_prediction_go
DSG1	ESR1	ppi_bidir_r_go	ppi_prediction_go
PTPRF	EGFR	ppi_bidir_r_go	ppi_prediction_go
DSG1	NTRK1	ppi_bidir_r_go	ppi_prediction_go
DSC1	NTRK1	ppi_bidir_r_go	ppi_prediction_go
RET	NTRK1	ppi_bidir_r_go	ppi_prediction_go
PTPRF	NTRK1	ppi_bidir_r_go	ppi_prediction_go
PCDH7	LSR	ppi_bidir_r_go	ppi_prediction_go
PCDH7	DLG1	ppi_bidir_r_go	ppi_prediction_go
PCDH7	EPHA2	ppi_bidir_r_go	ppi_prediction_go
PCDH7	INSR	ppi_bidir_r_go	ppi_prediction_go
PCDH7	ROR2	ppi_bidir_r_go	ppi_prediction_go
PCDH7	FZD5	ppi_bidir_r_go	ppi_prediction_go
PCDH7	LRP8	ppi_bidir_r_go	ppi_prediction_go
DSG2	EPHA2	ppi_bidir_r_go	ppi_prediction_go
DSG2	INSR	ppi_bidir_r_go	ppi_prediction_go
DSG2	ROR2	ppi_bidir_r_go	ppi_prediction_go
DSG2	FZD5	ppi_bidir_r_go	ppi_prediction_go
DSG2	LRP8	ppi_bidir_r_go	ppi_prediction_go
PTPRF	RACK1	ppi_bidir_r_go	ppi_prediction_go
PTPRF	MCC	ppi_bidir_r_go	ppi_prediction_go
PTPRF	EPHA5	ppi_bidir_r_go	ppi_prediction_go
DSG2	FAS	ppi_bidir_r_go	ppi_prediction_go
DSG2	LSR	ppi_bidir_r_go	ppi_prediction_go
DSG2	LRP2	ppi_bidir_r_go	ppi_prediction_go
RET	RACK1	ppi_bidir_r_go	ppi_prediction_go
RET	ABCA7	ppi_bidir_r_go	ppi_prediction_go
DSG2	ITPR3	ppi_bidir_r_go	ppi_prediction_go
SDK1	IL4R	ppi_bidir_r_go	ppi_prediction_go
ROBO2	IL4R	ppi_bidir_r_go	ppi_prediction_go
PTPRF	MET	ppi_bidir_r_go	ppi_prediction_go
RET	GRIN1	ppi_bidir_r_go	ppi_prediction_go
CADM1	DLG1	ppi_bidir_r_go	ppi_prediction_go
DSG2	ITPR1	ppi_bidir_r_go	ppi_prediction_go
DSG2	CXCR4	ppi_bidir_r_go	ppi_prediction_go
DSG2	LIFR	ppi_bidir_r_go	ppi_prediction_go
DSG2	LRP10	ppi_bidir_r_go	ppi_prediction_go
DSG2	DDR2	ppi_bidir_r_go	ppi_prediction_go
DSG2	XPR1	ppi_bidir_r_go	ppi_prediction_go
PCDH7	DDR2	ppi_bidir_r_go	ppi_prediction_go
PCDH7	XPR1	ppi_bidir_r_go	ppi_prediction_go
DSG2	FZD6	ppi_bidir_r_go	ppi_prediction_go
DSG2	EPHA7	ppi_bidir_r_go	ppi_prediction_go
PTPRF	GRIA2	ppi_bidir_r_go	ppi_prediction_go
PTPRF	GRIA3	ppi_bidir_r_go	ppi_prediction_go
PCDH1	DERL1	ppi_bidir_r_go	ppi_prediction_go
PCDH1	OR3A2	ppi_bidir_r_go	ppi_prediction_go
ITGB1	PTK2B	ppi_bidir_r_go	ppi_prediction_go
CEACAM1	PTPN6	ppi_bidir_r_go	ppi_prediction_go
PKD1	PKD2	ppi_bidir_r_go	ppi_prediction_go
PKD1	PKD2L1	ppi_bidir_r_go	ppi_prediction_go
TRO	ERBB4	ppi_bidir_r_go	ppi_prediction_go
ITGB1	RACK1	ppi_bidir_r_go	ppi_prediction_go
ITGB1	CD46	ppi_bidir_r_go	ppi_prediction_go
ITGB1	ENG	ppi_bidir_r_go	ppi_prediction_go
CDH2	GRIN1	ppi_bidir_r_go	ppi_prediction_go
PLXNB2	MET	ppi_bidir_r_go	ppi_prediction_go
CDH1	RACK1	ppi_bidir_r_go	ppi_prediction_go
PTPRM	RACK1	ppi_bidir_r_go	ppi_prediction_go
CDH2	PTPN6	ppi_bidir_r_go	ppi_prediction_go
PTPRT	EGFR	ppi_bidir_r_go	ppi_prediction_go
PLXNB2	MST1R	ppi_bidir_r_go	ppi_prediction_go
CDH5	P2RX4	ppi_bidir_r_go	ppi_prediction_go
PIK3CB	AGTR2	ppi_bidir_r_go	ppi_prediction_go
PTPRF	PTPRA	ppi_bidir_r_go	ppi_prediction_go
CEACAM1	CLEC4M	ppi_bidir_r_go	ppi_prediction_go
CDH1	TRPV1	ppi_bidir_r_go	ppi_prediction_go
CDH1	TRPV4	ppi_bidir_r_go	ppi_prediction_go
CDH2	GRIK1	ppi_bidir_r_go	ppi_prediction_go
CDH2	GRIK2	ppi_bidir_r_go	ppi_prediction_go
CDH2	PTPRR	ppi_bidir_r_go	ppi_prediction_go
CDH2	PTPRK	ppi_bidir_r_go	ppi_prediction_go
CDH2	PTPRO	ppi_bidir_r_go	ppi_prediction_go
CDH2	PTPRG	ppi_bidir_r_go	ppi_prediction_go
CLSTN1	PRNP	ppi_bidir_r_go	ppi_prediction_go
PTPRM	PTPRK	ppi_bidir_r_go	ppi_prediction_go
FAT1	MCHR1	ppi_bidir_r_go	ppi_prediction_go
CD200	CD200R1	ppi_bidir_r_go	ppi_prediction_go
PTPRT	DLG4	ppi_bidir_r_go	ppi_prediction_go
PTPRT	NLGN1	ppi_bidir_r_go	ppi_prediction_go
PTPRT	NLGN2	ppi_bidir_r_go	ppi_prediction_go
PTPRT	NRXN2	ppi_bidir_r_go	ppi_prediction_go
PTPRT	NRXN1	ppi_bidir_r_go	ppi_prediction_go
PTPRT	NRXN3	ppi_bidir_r_go	ppi_prediction_go
PLXNB2	NTRK1	ppi_bidir_r_go	ppi_prediction_go
PLXNB2	PTCH1	ppi_bidir_r_go	ppi_prediction_go
PLXNB2	PTPRK	ppi_bidir_r_go	ppi_prediction_go
PLXNB2	PVRIG	ppi_bidir_r_go	ppi_prediction_go
PCDH7	RYK	ppi_bidir_r_go	ppi_prediction_go
DSCAM	ESR1	ppi_bidir_r_go	ppi_prediction_go
DSCAM	DCC	ppi_bidir_r_go	ppi_prediction_go
DSCAM	LGR4	ppi_bidir_r_go	ppi_prediction_go
CLSTN1	TFRC	ppi_bidir_r_go	ppi_prediction_go
CLSTN1	IGF2R	ppi_bidir_r_go	ppi_prediction_go
CLSTN1	M6PR	ppi_bidir_r_go	ppi_prediction_go
CLSTN1	LRP1	ppi_bidir_r_go	ppi_prediction_go
CLSTN1	CD47	ppi_bidir_r_go	ppi_prediction_go
CLSTN1	PVRIG	ppi_bidir_r_go	ppi_prediction_go
ITGB1	DAB2	ppi_bidir_r_go	ppi_prediction_go
ITGB1	SLC1A5	ppi_bidir_r_go	ppi_prediction_go
RET	NGFR	ppi_bidir_r_go	ppi_prediction_go
RET	EPHA2	ppi_bidir_r_go	ppi_prediction_go
RET	EPHA5	ppi_bidir_r_go	ppi_prediction_go
RET	SORT1	ppi_bidir_r_go	ppi_prediction_go
RET	GFRA4	ppi_bidir_r_go	ppi_prediction_go
RET	NOTCH3	ppi_bidir_r_go	ppi_prediction_go
PTPRF	TGFBR2	ppi_bidir_r_go	ppi_prediction_go
CDH1	CFTR	ppi_bidir_r_go	ppi_prediction_go
CDH1	SLC1A5	ppi_bidir_r_go	ppi_prediction_go
CDH1	KLRG1	ppi_bidir_r_go	ppi_prediction_go
CDH2	GRIN2B	ppi_bidir_r_go	ppi_prediction_go
CD200	CD200R1L	ppi_bidir_r_go	ppi_prediction_go
PIK3CB	PTGER3	ppi_bidir_r_go	ppi_prediction_go
PIK3CB	GFRA1	ppi_bidir_r_go	ppi_prediction_go
PIK3CB	IL5RA	ppi_bidir_r_go	ppi_prediction_go
PIK3CB	TEK	ppi_bidir_r_go	ppi_prediction_go
PIK3CB	KLRD1	ppi_bidir_r_go	ppi_prediction_go
PIK3CB	PTK2B	ppi_bidir_r_go	ppi_prediction_go
PIK3CB	GFRA4	ppi_bidir_r_go	ppi_prediction_go
PIK3CB	TREM2	ppi_bidir_r_go	ppi_prediction_go
PIK3CB	ALK	ppi_bidir_r_go	ppi_prediction_go
CDH4	DLG4	ppi_bidir_r_go	ppi_prediction_go
PKD1	DDR1	ppi_bidir_r_go	ppi_prediction_go
PKD1	CNGB1	ppi_bidir_r_go	ppi_prediction_go
PKD1	CNGA2	ppi_bidir_r_go	ppi_prediction_go
PKD1	CNGA4	ppi_bidir_r_go	ppi_prediction_go
DSG1	GRIN1	ppi_bidir_r_go	ppi_prediction_go
DSG1	GRIN2B	ppi_bidir_r_go	ppi_prediction_go
SDK2	DLG3	ppi_bidir_r_go	ppi_prediction_go
FAT4	FZD1	ppi_bidir_r_go	ppi_prediction_go
DSG4	OR51E2	ppi_bidir_r_go	ppi_prediction_go
CELSR1	CHRNA9	ppi_bidir_r_go	ppi_prediction_go
CELSR1	FZD1	ppi_bidir_r_go	ppi_prediction_go
DSG2	ADRB2	ppi_bidir_r_go	ppi_prediction_go
RET	GPR25	ppi_bidir_r_go	ppi_prediction_go
RET	EGFR	ppi_bidir_r_go	ppi_prediction_go
DSG2	RYK	ppi_bidir_r_go	ppi_prediction_go
FAT4	RYK	ppi_bidir_r_go	ppi_prediction_go
CDHR1	RYK	ppi_bidir_r_go	ppi_prediction_go
PCDH9	RYK	ppi_bidir_r_go	ppi_prediction_go
DSC2	RYK	ppi_bidir_r_go	ppi_prediction_go
PKD1	CFTR	ppi_bidir_r_go	ppi_prediction_go
DSG2	EGFR	ppi_bidir_r_go	ppi_prediction_go
FAT1	CFTR	ppi_bidir_r_go	ppi_prediction_go
ROBO2	DCC	ppi_bidir_r_go	ppi_prediction_go
PCDH7	EPHB4	ppi_bidir_r_go	ppi_prediction_go
DSG2	EPHB4	ppi_bidir_r_go	ppi_prediction_go
DSC2	EPHB4	ppi_bidir_r_go	ppi_prediction_go
PCDH7	ROR1	ppi_bidir_r_go	ppi_prediction_go
DSG2	ROR1	ppi_bidir_r_go	ppi_prediction_go
DSC2	ROR1	ppi_bidir_r_go	ppi_prediction_go
PCDH7	UNC5B	ppi_bidir_r_go	ppi_prediction_go
DSG2	UNC5B	ppi_bidir_r_go	ppi_prediction_go
DSC2	UNC5B	ppi_bidir_r_go	ppi_prediction_go
PCDH7	SEC63	ppi_bidir_r_go	ppi_prediction_go
DSG2	SEC63	ppi_bidir_r_go	ppi_prediction_go
DSC2	SEC63	ppi_bidir_r_go	ppi_prediction_go
PCDH7	LRP6	ppi_bidir_r_go	ppi_prediction_go
DSG2	LRP6	ppi_bidir_r_go	ppi_prediction_go
DSC2	LRP6	ppi_bidir_r_go	ppi_prediction_go
PCDH7	FZD6	ppi_bidir_r_go	ppi_prediction_go
DSC2	FZD6	ppi_bidir_r_go	ppi_prediction_go
PCDH7	PTK7	ppi_bidir_r_go	ppi_prediction_go
DSG2	PTK7	ppi_bidir_r_go	ppi_prediction_go
DSC2	PTK7	ppi_bidir_r_go	ppi_prediction_go
DSC2	LSR	ppi_bidir_r_go	ppi_prediction_go
DSG2	DLG1	ppi_bidir_r_go	ppi_prediction_go
DSC2	DLG1	ppi_bidir_r_go	ppi_prediction_go
DSC2	EPHA2	ppi_bidir_r_go	ppi_prediction_go
DSC2	INSR	ppi_bidir_r_go	ppi_prediction_go
DSC2	ROR2	ppi_bidir_r_go	ppi_prediction_go
DSC2	FZD5	ppi_bidir_r_go	ppi_prediction_go
DSC2	LRP8	ppi_bidir_r_go	ppi_prediction_go
DSG2	UNC5C	ppi_bidir_r_go	ppi_prediction_go
DSG2	DAB2	ppi_bidir_r_go	ppi_prediction_go
DSG2	CD44	ppi_bidir_r_go	ppi_prediction_go
PTPRF	ERBB2	ppi_bidir_r_go	ppi_prediction_go
ROBO2	XPR1	ppi_bidir_r_go	ppi_prediction_go
ROBO2	ITPR3	ppi_bidir_r_go	ppi_prediction_go
FAT1	FAS	ppi_bidir_r_go	ppi_prediction_go
PCDH7	CXCR4	ppi_bidir_r_go	ppi_prediction_go
PCDH7	LIFR	ppi_bidir_r_go	ppi_prediction_go
PCDH7	LRP10	ppi_bidir_r_go	ppi_prediction_go
DSC2	EPHA7	ppi_bidir_r_go	ppi_prediction_go
DSG1	CFTR	ppi_bidir_r_go	ppi_prediction_go
PCDH1	OR8D2	ppi_bidir_r_go	ppi_prediction_go
PCDH1	RYR2	ppi_bidir_r_go	ppi_prediction_go
PCDH1	OR2T6	ppi_bidir_r_go	ppi_prediction_go
PCDH1	CLCA2	ppi_bidir_r_go	ppi_prediction_go
PIK3CB	ERBB4	ppi_bidir_r_go	ppi_prediction_go
ITGB1	VTN	ppi_bidir_r_go	ppi_prediction_go
PIK3CB	ITGB4	ppi_bidir_r_go	ppi_prediction_go
PIK3CB	ERBB3	ppi_bidir_r_go	ppi_prediction_go
CEACAM1	INSR	ppi_bidir_r_go	ppi_prediction_go
PCDH10	DLG4	ppi_bidir_r_go	ppi_prediction_go
CDH2	GRIN2D	ppi_bidir_r_go	ppi_prediction_go
PLXNB3	MET	ppi_bidir_r_go	ppi_prediction_go
CEACAM1	ITGB3	ppi_bidir_r_go	ppi_prediction_go
CD226	ITGB2	ppi_bidir_r_go	ppi_prediction_go
CEACAM1	EGFR	ppi_bidir_r_go	ppi_prediction_go
CEACAM1	ADRB2	ppi_bidir_r_go	ppi_prediction_go
PLXNB3	MST1R	ppi_bidir_r_go	ppi_prediction_go
CDH5	P2RX6	ppi_bidir_r_go	ppi_prediction_go
CDH2	PTPRC	ppi_bidir_r_go	ppi_prediction_go
PTPRM	PTPRA	ppi_bidir_r_go	ppi_prediction_go
L1CAM	PRNP	ppi_bidir_r_go	ppi_prediction_go
NECTIN1	PRNP	ppi_bidir_r_go	ppi_prediction_go
PVR	VTN	ppi_bidir_r_go	ppi_prediction_go
CD200	HCRTR2	ppi_bidir_r_go	ppi_prediction_go
CDH13	MTNR1B	ppi_bidir_r_go	ppi_prediction_go
CDH11	MTNR1B	ppi_bidir_r_go	ppi_prediction_go
RET	GFRA2	ppi_bidir_r_go	ppi_prediction_go
PIK3CB	GFRA2	ppi_bidir_r_go	ppi_prediction_go
PIK3CB	TNFRSF10B	ppi_bidir_r_go	ppi_prediction_go
FAT1	GRID2	ppi_bidir_r_go	ppi_prediction_go
FAT2	GRID2	ppi_bidir_r_go	ppi_prediction_go
RET	GFRA3	ppi_bidir_r_go	ppi_prediction_go
PIK3CB	GFRA3	ppi_bidir_r_go	ppi_prediction_go
PIK3CB	EGFR	ppi_bidir_r_go	ppi_prediction_go
PIK3CB	IL2RA	ppi_bidir_r_go	ppi_prediction_go
CELSR1	HLA-DRA	ppi_bidir_r_go	ppi_prediction_go
CELSR1	ESR1	ppi_bidir_r_go	ppi_prediction_go
CADM3	PRNP	ppi_bidir_r_go	ppi_prediction_go
CDH1	KRT1	ppi_bidir_r_go	ppi_prediction_go
PIK3CB	NTRK1	ppi_bidir_r_go	ppi_prediction_go
PCDHGC3	NTRK1	ppi_bidir_r_go	ppi_prediction_go
PCDHB3	NTRK1	ppi_bidir_r_go	ppi_prediction_go
PKD1	ATP5B	ppi_bidir_r_go	ppi_prediction_go
PKD1	RHO	ppi_bidir_r_go	ppi_prediction_go
PIK3CB	FCGR3A	ppi_bidir_r_go	ppi_prediction_go
PIK3CB	PDGFRB	ppi_bidir_r_go	ppi_prediction_go
PIK3CB	CD3G	ppi_bidir_r_go	ppi_prediction_go
PIK3CB	FGFR1	ppi_bidir_r_go	ppi_prediction_go
PIK3CB	FCGR1A	ppi_bidir_r_go	ppi_prediction_go
PIK3CB	FCGR2A	ppi_bidir_r_go	ppi_prediction_go
TRO	CFTR	ppi_bidir_r_go	ppi_prediction_go
PCDH15	CFTR	ppi_bidir_r_go	ppi_prediction_go
FAT2	CFTR	ppi_bidir_r_go	ppi_prediction_go
PCDHB8	CFTR	ppi_bidir_r_go	ppi_prediction_go
PIK3CB	IL2RB	ppi_bidir_r_go	ppi_prediction_go
NPTN	GABRA1	ppi_bidir_r_go	ppi_prediction_go
PIK3CB	CSF2RA	ppi_bidir_r_go	ppi_prediction_go
CADM2	ITGB4	ppi_bidir_r_go	ppi_prediction_go
CADM4	ITGB4	ppi_bidir_r_go	ppi_prediction_go
PIK3CB	PDGFRA	ppi_bidir_r_go	ppi_prediction_go
DSG2	PDGFRA	ppi_bidir_r_go	ppi_prediction_go
NPTN	GABRB1	ppi_bidir_r_go	ppi_prediction_go
NPTN	GABRG2	ppi_bidir_r_go	ppi_prediction_go
PIK3CB	CD247	ppi_bidir_r_go	ppi_prediction_go
PIK3CB	FGFR2	ppi_bidir_r_go	ppi_prediction_go
PIK3CB	FGFR4	ppi_bidir_r_go	ppi_prediction_go
PIK3CB	FGFR3	ppi_bidir_r_go	ppi_prediction_go
PIK3CB	KLRK1	ppi_bidir_r_go	ppi_prediction_go
PIK3CB	IL3RA	ppi_bidir_r_go	ppi_prediction_go
NPTN	GABRB3	ppi_bidir_r_go	ppi_prediction_go
PIK3CB	AXL	ppi_bidir_r_go	ppi_prediction_go
NPTN	GABRA5	ppi_bidir_r_go	ppi_prediction_go
PIK3CB	IL2RG	ppi_bidir_r_go	ppi_prediction_go
AMIGO1	GPR183	ppi_bidir_r_go	ppi_prediction_go
PIK3CB	CSF2RB	ppi_bidir_r_go	ppi_prediction_go
NPTN	GABRA3	ppi_bidir_r_go	ppi_prediction_go
PCDH20	RYK	ppi_bidir_r_go	ppi_prediction_go
DCHS1	RYK	ppi_bidir_r_go	ppi_prediction_go
CELSR2	RYK	ppi_bidir_r_go	ppi_prediction_go
CELSR1	RYK	ppi_bidir_r_go	ppi_prediction_go
CELSR3	RYK	ppi_bidir_r_go	ppi_prediction_go
PCDHGA11	RYK	ppi_bidir_r_go	ppi_prediction_go
PIK3CB	KDR	ppi_bidir_r_go	ppi_prediction_go
DSG2	BMPR1A	ppi_bidir_r_go	ppi_prediction_go
PIK3CB	TGFBR2	ppi_bidir_r_go	ppi_prediction_go
ROBO1	DCC	ppi_bidir_r_go	ppi_prediction_go
NPTN	GABRA2	ppi_bidir_r_go	ppi_prediction_go
NPTN	GABRB2	ppi_bidir_r_go	ppi_prediction_go
NPTN	GABRA4	ppi_bidir_r_go	ppi_prediction_go
TENM3	MTNR1B	ppi_bidir_r_go	ppi_prediction_go
PCDHB15	PLXNA3	ppi_bidir_r_go	ppi_prediction_go
SDK2	DLG4	ppi_bidir_r_go	ppi_prediction_go
PCDH15	DLG4	ppi_bidir_r_go	ppi_prediction_go
CDH23	DLG4	ppi_bidir_r_go	ppi_prediction_go
ROBO2	DLG4	ppi_bidir_r_go	ppi_prediction_go
CELSR1	DLG4	ppi_bidir_r_go	ppi_prediction_go
PCDHGA7	DLG4	ppi_bidir_r_go	ppi_prediction_go
PCDHA13	DLG4	ppi_bidir_r_go	ppi_prediction_go
NPTN	DLG4	ppi_bidir_r_go	ppi_prediction_go
SDK2	GRIN1	ppi_bidir_r_go	ppi_prediction_go
PLXNB3	SEMA5A	ppi_bidir_r_go	ppi_prediction_go
AMIGO1	PTPRK	ppi_bidir_r_go	ppi_prediction_go
NPTN	GABRA6	ppi_bidir_r_go	ppi_prediction_go
ROBO2	NEO1	ppi_bidir_r_go	ppi_prediction_go
NPTN	GABRG3	ppi_bidir_r_go	ppi_prediction_go
NECTIN3	INPP5K	ppi_bidir_r_go	ppi_prediction_go
PCDHB15	DERL1	ppi_bidir_r_go	ppi_prediction_go
NPTN	GABRQ	ppi_bidir_r_go	ppi_prediction_go
CD226	PVR	ppi_bidir_bidir_go	ppi_prediction_go
CDHR5	CDHR2	ppi_bidir_bidir_go	ppi_prediction_go
TIGIT	CD226	ppi_bidir_bidir_go	ppi_prediction_go
DSC2	DSG2	ppi_bidir_bidir_go	ppi_prediction_go
ROBO1	ROBO2	ppi_bidir_bidir_go	ppi_prediction_go
TIGIT	PVR	ppi_bidir_bidir_go	ppi_prediction_go
DSC2	DSG1	ppi_bidir_bidir_go	ppi_prediction_go
DSG2	DSC1	ppi_bidir_bidir_go	ppi_prediction_go
PTPRF	RET	ppi_bidir_bidir_go	ppi_prediction_go
DSG1	DSC1	ppi_bidir_bidir_go	ppi_prediction_go
PCDH7	DSG2	ppi_bidir_bidir_go	ppi_prediction_go
PCDH7	DSC2	ppi_bidir_bidir_go	ppi_prediction_go
DSG2	DSC2	ppi_bidir_bidir_go	ppi_prediction_go
DSC1	DSG1	ppi_bidir_bidir_go	ppi_prediction_go
SDK1	ROBO2	ppi_bidir_bidir_go	ppi_prediction_go
DSG2	PCDH7	ppi_bidir_bidir_go	ppi_prediction_go
PTPRT	CDH1	ppi_bidir_bidir_go	ppi_prediction_go
CD226	TIGIT	ppi_bidir_bidir_go	ppi_prediction_go
TIGIT	NECTIN4	ppi_bidir_bidir_go	ppi_prediction_go
TIGIT	NECTIN3	ppi_bidir_bidir_go	ppi_prediction_go
TIGIT	NECTIN2	ppi_bidir_bidir_go	ppi_prediction_go
AMIGO2	AMIGO1	ppi_bidir_bidir_go	ppi_prediction_go
PTPRF	CDH1	ppi_bidir_bidir_go	ppi_prediction_go
CDH1	PKD1	ppi_bidir_bidir_go	ppi_prediction_go
CDH1	PVR	ppi_bidir_bidir_go	ppi_prediction_go
ROBO2	ROBO1	ppi_bidir_bidir_go	ppi_prediction_go
CDH2	CDH11	ppi_bidir_bidir_go	ppi_prediction_go
CD226	NECTIN2	ppi_bidir_bidir_go	ppi_prediction_go
DSG1	DSC2	ppi_bidir_bidir_go	ppi_prediction_go
NECTIN1	NECTIN4	ppi_bidir_bidir_go	ppi_prediction_go
NECTIN2	NECTIN4	ppi_bidir_bidir_go	ppi_prediction_go
CRTAM	CADM1	ppi_bidir_bidir_go	ppi_prediction_go
DSC1	DSG2	ppi_bidir_bidir_go	ppi_prediction_go
DSC1	DSC3	ppi_bidir_bidir_go	ppi_prediction_go
DSC2	DSC3	ppi_bidir_bidir_go	ppi_prediction_go
DSC2	DSC1	ppi_bidir_bidir_go	ppi_prediction_go
CDHR2	CDHR5	ppi_bidir_bidir_go	ppi_prediction_go
PCDHGB1	PCDHA1	ppi_bidir_bidir_go	ppi_prediction_go
CDH6	CDH10	ppi_bidir_bidir_go	ppi_prediction_go
CDH9	CDH10	ppi_bidir_bidir_go	ppi_prediction_go
CDH15	CDH9	ppi_bidir_bidir_go	ppi_prediction_go
CDH15	CDH7	ppi_bidir_bidir_go	ppi_prediction_go
CDH6	CDH19	ppi_bidir_bidir_go	ppi_prediction_go
CDH6	CDH9	ppi_bidir_bidir_go	ppi_prediction_go
CDH6	CDH7	ppi_bidir_bidir_go	ppi_prediction_go
CDH6	CDH18	ppi_bidir_bidir_go	ppi_prediction_go
CDH12	CDH7	ppi_bidir_bidir_go	ppi_prediction_go
CDH12	CDH18	ppi_bidir_bidir_go	ppi_prediction_go
CDH9	CDH7	ppi_bidir_bidir_go	ppi_prediction_go
CDH18	CDH9	ppi_bidir_bidir_go	ppi_prediction_go
CRTAM	NECTIN2	ppi_bidir_bidir_go	ppi_prediction_go
ITGB1	CDH17	ppi_bidir_bidir_go	ppi_prediction_go
ITGB1	FAT1	ppi_bidir_bidir_go	ppi_prediction_go
RET	PTPRF	ppi_bidir_bidir_go	ppi_prediction_go
RET	PIK3CB	ppi_bidir_bidir_go	ppi_prediction_go
CDH1	CDH10	ppi_bidir_bidir_go	ppi_prediction_go
FAT4	DCHS1	ppi_bidir_bidir_go	ppi_prediction_go
CADM3	CADM4	ppi_bidir_bidir_go	ppi_prediction_go
PCDH15	CDH23	ppi_bidir_bidir_go	ppi_prediction_go
PCDHB16	PCDHA4	ppi_bidir_bidir_go	ppi_prediction_go
PCDHA7	PCDHGB1	ppi_bidir_bidir_go	ppi_prediction_go
PCDHA6	PCDHGB1	ppi_bidir_bidir_go	ppi_prediction_go
PCDHA4	PCDHGB1	ppi_bidir_bidir_go	ppi_prediction_go
PCDHA12	PCDHGB1	ppi_bidir_bidir_go	ppi_prediction_go
PCDHGB1	PCDHA9	ppi_bidir_bidir_go	ppi_prediction_go
PCDHGB1	PCDHA8	ppi_bidir_bidir_go	ppi_prediction_go
PCDHGB1	PCDHA5	ppi_bidir_bidir_go	ppi_prediction_go
PCDHGB1	PCDHA2	ppi_bidir_bidir_go	ppi_prediction_go
PCDHGB1	PCDHA13	ppi_bidir_bidir_go	ppi_prediction_go
PCDHGB1	PCDHA11	ppi_bidir_bidir_go	ppi_prediction_go
PCDHGB1	PCDHAC2	ppi_bidir_bidir_go	ppi_prediction_go
CCL3L3	CXCR5	ppi_lr	ppi_prediction
CCL3L3	CCR4	ppi_lr	ppi_prediction
TNF	ICOS	ppi_lr	ppi_prediction
CCL3L3	ACKR4	ppi_lr	ppi_prediction
CALM1	CRHR1	ppi_lr	ppi_prediction
HLA-DRA	EPHA3	ppi_lr	ppi_prediction
HLA-DRA	EPHB4	ppi_lr	ppi_prediction
HLA-DRA	PDCD1	ppi_lr	ppi_prediction
HLA-DRA	SCARB1	ppi_lr	ppi_prediction
HLA-DRA	PLXNA1	ppi_lr	ppi_prediction
RLN1	TSHR	ppi_lr	ppi_prediction
RLN1	LHCGR	ppi_lr	ppi_prediction
RLN1	FSHR	ppi_lr	ppi_prediction
RLN1	HRH2	ppi_lr	ppi_prediction
RLN1	AVPR2	ppi_lr	ppi_prediction
RLN1	CALCR	ppi_lr	ppi_prediction
RLN1	VIPR1	ppi_lr	ppi_prediction
RLN1	MC4R	ppi_lr	ppi_prediction
RLN1	MC5R	ppi_lr	ppi_prediction
RLN1	HTR7	ppi_lr	ppi_prediction
RLN1	CRHR1	ppi_lr	ppi_prediction
RLN1	ADCYAP1R1	ppi_lr	ppi_prediction
RLN1	VIPR2	ppi_lr	ppi_prediction
RLN1	MC3R	ppi_lr	ppi_prediction
RLN1	GLP1R	ppi_lr	ppi_prediction
RLN1	GCGR	ppi_lr	ppi_prediction
RLN1	SCTR	ppi_lr	ppi_prediction
RLN1	GIPR	ppi_lr	ppi_prediction
RLN1	PTH2R	ppi_lr	ppi_prediction
RLN1	HTR6	ppi_lr	ppi_prediction
RLN1	MC2R	ppi_lr	ppi_prediction
RLN1	MC1R	ppi_lr	ppi_prediction
RLN1	GHRHR	ppi_lr	ppi_prediction
RLN1	PTH1R	ppi_lr	ppi_prediction
RLN1	CRHR2	ppi_lr	ppi_prediction
RLN1	HTR4	ppi_lr	ppi_prediction
RLN1	CALCRL	ppi_lr	ppi_prediction
RLN1	NPSR1	ppi_lr	ppi_prediction
NRXN1	DAG1	ppi_lr	ppi_prediction
UCN3	CRHR1	ppi_lr	ppi_prediction
FASLG	TNFRSF10A	ppi_lr	ppi_prediction
RLN1	RAMP1	ppi_lr	ppi_prediction
RLN1	RAMP2	ppi_lr	ppi_prediction
RLN1	GLP2R	ppi_lr	ppi_prediction
NLGN2	NLGN1	ppi_lr	ppi_prediction
HLA-DRA	PTPRC	ppi_l_bidir	ppi_prediction
HLA-DRA	CD274	ppi_l_bidir	ppi_prediction
CNTNAP1	NLGN1	ppi_bidir_r	ppi_prediction
ICAM1	SPN	ppi_bidir_bidir	ppi_prediction
SPN	SELE	ppi_bidir_bidir	ppi_prediction
CXCL6	ACKR1	ppi_lr_go	ppi_prediction_go
PRL	HLA-DQB1	ppi_lr_go	ppi_prediction_go
RLN1	ADRB2	ppi_lr_go	ppi_prediction_go
RLN1	ADRB1	ppi_lr_go	ppi_prediction_go
RLN1	ADRB3	ppi_lr_go	ppi_prediction_go
RLN1	DRD1	ppi_lr_go	ppi_prediction_go
RLN1	DRD5	ppi_lr_go	ppi_prediction_go
RLN1	ADORA2A	ppi_lr_go	ppi_prediction_go
RLN1	ADORA2B	ppi_lr_go	ppi_prediction_go
RLN1	PTGER4	ppi_lr_go	ppi_prediction_go
RLN1	PTGER2	ppi_lr_go	ppi_prediction_go
RLN1	PTGIR	ppi_lr_go	ppi_prediction_go
RLN1	GPR15	ppi_lr_go	ppi_prediction_go
RLN1	PTGDR	ppi_lr_go	ppi_prediction_go
RLN1	GPR176	ppi_lr_go	ppi_prediction_go
RLN1	GPR150	ppi_lr_go	ppi_prediction_go
RLN1	GPBAR1	ppi_lr_go	ppi_prediction_go
RLN1	TAAR1	ppi_lr_go	ppi_prediction_go
RLN1	GPR20	ppi_lr_go	ppi_prediction_go
RLN1	GPR84	ppi_lr_go	ppi_prediction_go
RLN1	GPR27	ppi_lr_go	ppi_prediction_go
RLN1	GPR83	ppi_lr_go	ppi_prediction_go
RLN1	GPR45	ppi_lr_go	ppi_prediction_go
CXCL6	PIGR	ppi_lr_go	ppi_prediction_go
RLN1	GPR25	ppi_lr_go	ppi_prediction_go
RLN1	RAMP3	ppi_lr_go	ppi_prediction_go
PIK3CB	TNFRSF10A	ppi_bidir_r_go	ppi_prediction_go
PCDHGB1	PCDHA6	ppi_bidir_bidir_go	ppi_prediction_go