"gene","avg_log2FC","p_val","p_val_adj","pct_roi","pct_rest","sample","roi","reference","test","expression_assay","logfc_cutoff","fdr_cutoff","min_pct","n_spots_roi","n_spots_rest","passes_selected_filters","complete_gene_table","analysis_format_version","n_genes_tested","Moran_I","Moran_padj","Moran_neglog10_padj","spatial_class"
"CXCR5",5.108,8.33715863051127e-22,7.61837645429505e-19,0.146,0.004,"Example_Visium","TLS","Rest","wilcox","SCT",0.25,0.05,0.05,41,1212,TRUE,FALSE,2,12793,0.052151954325867,0.00038288090680445,3.41693629015849,"Weakly structured"
"CCL21",5.0783,1.79370966117452e-42,1.14734638477028e-38,0.878,0.144,"Example_Visium","TLS","Rest","wilcox","SCT",0.25,0.05,0.05,41,1212,TRUE,FALSE,2,12793,0.527567216192901,6.73368027947644e-239,238.171747508108,"Spatially structured"
"AC022144.1",4.8856,9.4596669584175e-14,7.5635949624397e-12,0.098,0.003,"Example_Visium","TLS","Rest","wilcox","SCT",0.25,0.05,0.05,41,1212,TRUE,FALSE,2,12793,-0.00682730923694797,0.662314416535106,0.178935791603417,"Not structured"
"LINC00944",4.8856,1.15808045412148e-10,5.50755511136658e-09,0.073,0.002,"Example_Visium","TLS","Rest","wilcox","SCT",0.25,0.05,0.05,41,1212,TRUE,FALSE,2,12793,0.0510113160474047,0.000292105765511164,3.53445987094506,"Weakly structured"
"MS4A1",4.8639,8.09105316161506e-59,1.03508843096542e-54,0.683,0.049,"Example_Visium","TLS","Rest","wilcox","SCT",0.25,0.05,0.05,41,1212,TRUE,FALSE,2,12793,0.39841724006962,2.52531580045628e-137,136.597684303953,"Spatially structured"
"CXCL13",4.8032,2.62904995550904e-29,3.73704845342524e-26,0.341,0.023,"Example_Visium","TLS","Rest","wilcox","SCT",0.25,0.05,0.05,41,1212,TRUE,FALSE,2,12793,0.26854688323344,1.81891751024012e-65,64.7401869961866,"Weakly structured"
"C11orf86",-4.7401,8.95393693757404e-06,0.000153343661636392,0,0.338,"Example_Visium","TLS","Rest","wilcox","SCT",0.25,0.05,0.05,41,1212,TRUE,FALSE,2,12793,0.382786099930272,4.49557646945907e-125,124.347214610615,"Spatially structured"
"BTNL3",-4.7068,9.14257675242728e-07,2.00275658208565e-05,0,0.389,"Example_Visium","TLS","Rest","wilcox","SCT",0.25,0.05,0.05,41,1212,TRUE,FALSE,2,12793,0.306737167594738,5.86132151601012e-81,80.2320044552437,"Spatially structured"
"FCER2",4.6226,3.31730820538554e-12,1.99240957143179e-10,0.098,0.004,"Example_Visium","TLS","Rest","wilcox","SCT",0.25,0.05,0.05,41,1212,TRUE,FALSE,2,12793,0.0300702631892333,0.0245137240916345,1.6105907063086,"Weakly structured"
"SHISA8",4.6226,4.67364603067005e-08,1.35578126236648e-06,0.073,0.004,"Example_Visium","TLS","Rest","wilcox","SCT",0.25,0.05,0.05,41,1212,TRUE,FALSE,2,12793,0.050027736224402,0.000426392350040432,3.37019059564431,"Weakly structured"
"VPREB3",4.61,1.88728611223523e-30,3.44915017626076e-27,0.317,0.018,"Example_Visium","TLS","Rest","wilcox","SCT",0.25,0.05,0.05,41,1212,TRUE,FALSE,2,12793,0.171623416505118,1.58319870895646e-27,26.8004645729536,"Weakly structured"
"CR2",4.532,1.87074334360504e-31,4.78648391894786e-28,0.317,0.017,"Example_Visium","TLS","Rest","wilcox","SCT",0.25,0.05,0.05,41,1212,TRUE,FALSE,2,12793,0.118296847015402,5.8856112081344e-14,13.2302084299256,"Weakly structured"
"CCL17",4.5231,5.89989242383633e-14,5.16967971083138e-12,0.122,0.006,"Example_Visium","TLS","Rest","wilcox","SCT",0.25,0.05,0.05,41,1212,TRUE,FALSE,2,12793,0.0841656600304983,2.38058038106063e-08,7.62331714984932,"Weakly structured"
"RYR1",4.5231,7.24028626865883e-13,5.00675579648391e-11,0.122,0.007,"Example_Visium","TLS","Rest","wilcox","SCT",0.25,0.05,0.05,41,1212,TRUE,FALSE,2,12793,0.0728093447555867,1.38801977318049e-06,5.85760434704974,"Weakly structured"
"LDHD",-4.4431,9.24801154832708e-07,2.02238994423502e-05,0,0.385,"Example_Visium","TLS","Rest","wilcox","SCT",0.25,0.05,0.05,41,1212,TRUE,FALSE,2,12793,0.197697488190112,1.01450560199571e-34,33.9937455504945,"Weakly structured"
"FAM161A",4.371,9.02209173056346e-16,1.14276850999107e-13,0.146,0.007,"Example_Visium","TLS","Rest","wilcox","SCT",0.25,0.05,0.05,41,1212,TRUE,FALSE,2,12793,0.0327320050260271,0.0183700781258227,1.73588899668594,"Weakly structured"
"C2orf88",-4.3079,3.17759850951928e-08,9.63551295620468e-07,0.024,0.482,"Example_Visium","TLS","Rest","wilcox","SCT",0.25,0.05,0.05,41,1212,TRUE,FALSE,2,12793,0.434934053539245,1.01026184939056e-160,159.995566047003,"Spatially structured"
"DGKG",4.3007,4.88738571143225e-08,1.40820552717011e-06,0.073,0.004,"Example_Visium","TLS","Rest","wilcox","SCT",0.25,0.05,0.05,41,1212,TRUE,FALSE,2,12793,-0.00629183400267744,0.650456852193868,0.186781506905028,"Not structured"
"NBPF26",4.3007,4.88738571143225e-08,1.40820552717011e-06,0.073,0.004,"Example_Visium","TLS","Rest","wilcox","SCT",0.25,0.05,0.05,41,1212,TRUE,FALSE,2,12793,-0.00669344042838022,0.659592592848872,0.180724230078647,"Not structured"
"TBX1",4.3007,3.90142205206806e-09,1.4099122122064e-07,0.098,0.007,"Example_Visium","TLS","Rest","wilcox","SCT",0.25,0.05,0.05,41,1212,TRUE,FALSE,2,12793,0.156777751622481,1.33985272392139e-24,23.8729429364885,"Weakly structured"
"LTF",4.2641,2.57034870929478e-18,7.47328887227457e-16,0.22,0.016,"Example_Visium","TLS","Rest","wilcox","SCT",0.25,0.05,0.05,41,1212,TRUE,FALSE,2,12793,0.113403395013594,4.84374680054247e-13,12.3148185670156,"Weakly structured"
"CHGA",-4.2462,0.000421060542201432,0.00421332916398334,0,0.238,"Example_Visium","TLS","Rest","wilcox","SCT",0.25,0.05,0.05,41,1212,TRUE,FALSE,2,12793,0.19079698093839,1.26597461806032e-32,31.8975750015437,"Weakly structured"
"GUCA2B",-4.2124,0.000273463146596912,0.00294727382848719,0,0.25,"Example_Visium","TLS","Rest","wilcox","SCT",0.25,0.05,0.05,41,1212,TRUE,FALSE,2,12793,0.430590258672349,5.16660121938435e-158,157.286795057886,"Spatially structured"
"KCNIP3",4.2076,1.78325270616801e-06,3.62689218919035e-05,0.073,0.006,"Example_Visium","TLS","Rest","wilcox","SCT",0.25,0.05,0.05,41,1212,TRUE,FALSE,2,12793,-0.00782815250135282,0.684554714981036,0.16459183392199,"Not structured"
"PCDHGA7",4.2076,1.78325270616801e-06,3.62689218919035e-05,0.073,0.006,"Example_Visium","TLS","Rest","wilcox","SCT",0.25,0.05,0.05,41,1212,TRUE,FALSE,2,12793,-0.00684208035723714,0.662180084990951,0.1790238847567,"Not structured"
"HHLA2",-4.1629,3.40243250966638e-08,1.02417221402734e-06,0.024,0.48,"Example_Visium","TLS","Rest","wilcox","SCT",0.25,0.05,0.05,41,1212,TRUE,FALSE,2,12793,0.34227899118692,2.89964041577432e-100,99.5376558555933,"Spatially structured"
"AC004585.1",4.108,4.5259952832394e-11,2.29766101819372e-09,0.122,0.008,"Example_Visium","TLS","Rest","wilcox","SCT",0.25,0.05,0.05,41,1212,TRUE,FALSE,2,12793,0.0476472776372359,0.00112788806750082,2.94773399794025,"Weakly structured"
"CD40LG",4.108,0.000111617282008881,0.00138632998906759,0.073,0.009,"Example_Visium","TLS","Rest","wilcox","SCT",0.25,0.05,0.05,41,1212,TRUE,FALSE,2,12793,0.113014000387197,1.05741765815417e-13,12.9757534414485,"Weakly structured"
"NCR3",4.108,8.13665325806036e-14,6.71562613744298e-12,0.146,0.009,"Example_Visium","TLS","Rest","wilcox","SCT",0.25,0.05,0.05,41,1212,TRUE,FALSE,2,12793,0.0270797639444128,0.0421378776625538,1.37532734207042,"Weakly structured"
"HMSD",4.0783,3.69715911739524e-07,8.80777590108702e-06,0.073,0.005,"Example_Visium","TLS","Rest","wilcox","SCT",0.25,0.05,0.05,41,1212,TRUE,FALSE,2,12793,-0.00710075026795247,0.667231897930995,0.175723199833931,"Not structured"
"PLA2G2D",4.0783,1.17791786229719e-21,1.00460688082453e-18,0.293,0.024,"Example_Visium","TLS","Rest","wilcox","SCT",0.25,0.05,0.05,41,1212,TRUE,FALSE,2,12793,0.251411579799075,8.1436572704472e-57,56.0891805121053,"Weakly structured"
"TMEM200C",4.0783,5.02069857652272e-08,1.44336622223495e-06,0.073,0.004,"Example_Visium","TLS","Rest","wilcox","SCT",0.25,0.05,0.05,41,1212,TRUE,FALSE,2,12793,0.0288474646464644,0.0268571043181649,1.57094081394708,"Weakly structured"
"CCL22",4.072,1.49947858074515e-30,3.19713824724546e-27,0.415,0.034,"Example_Visium","TLS","Rest","wilcox","SCT",0.25,0.05,0.05,41,1212,TRUE,FALSE,2,12793,0.224401377356306,1.08655923853214e-45,44.9639465912337,"Weakly structured"
"FUT7",4.0376,4.15416829528521e-09,1.4844769553515e-07,0.098,0.007,"Example_Visium","TLS","Rest","wilcox","SCT",0.25,0.05,0.05,41,1212,TRUE,FALSE,2,12793,0.018645357686453,0.112619241126909,0.948387403433533,"Not structured"
"PAX5",3.9681,6.59540961510077e-17,1.24080992949977e-14,0.195,0.013,"Example_Visium","TLS","Rest","wilcox","SCT",0.25,0.05,0.05,41,1212,TRUE,FALSE,2,12793,0.101239716119696,9.75285166474291e-11,10.0108683811029,"Weakly structured"
"BANK1",3.9527,9.53344401788199e-32,3.04903373301911e-28,0.415,0.032,"Example_Visium","TLS","Rest","wilcox","SCT",0.25,0.05,0.05,41,1212,TRUE,FALSE,2,12793,0.0900594909459265,1.08386242978127e-08,7.96502583751937,"Weakly structured"
"FCRLA",3.9527,5.28246131696357e-28,6.7578527627915e-25,0.39,0.033,"Example_Visium","TLS","Rest","wilcox","SCT",0.25,0.05,0.05,41,1212,TRUE,FALSE,2,12793,0.157994429424874,3.21017777807462e-23,22.4934709159132,"Weakly structured"
"GREM1",3.9451,2.27840686084543e-36,9.71588632359853e-33,0.732,0.106,"Example_Visium","TLS","Rest","wilcox","SCT",0.25,0.05,0.05,41,1212,TRUE,FALSE,2,12793,0.402354379479183,4.02050724661245e-139,138.395719150769,"Spatially structured"
"CTSE",-3.9441,3.88008117968221e-09,1.40617219636472e-07,0.073,0.556,"Example_Visium","TLS","Rest","wilcox","SCT",0.25,0.05,0.05,41,1212,TRUE,FALSE,2,12793,0.456211929830362,1.39349972447737e-176,175.855893112819,"Spatially structured"
"CD22",3.9345,4.33903635634781e-19,1.59945862797263e-16,0.268,0.023,"Example_Visium","TLS","Rest","wilcox","SCT",0.25,0.05,0.05,41,1212,TRUE,FALSE,2,12793,0.0777581366092666,5.90650683113343e-07,6.22866928941964,"Weakly structured"
"HHIP",-3.9185,0.000105791045148465,0.00132425131172633,0,0.275,"Example_Visium","TLS","Rest","wilcox","SCT",0.25,0.05,0.05,41,1212,TRUE,FALSE,2,12793,0.125433648502597,4.73861624639344e-15,14.3243484609191,"Weakly structured"
"RIC3",3.8856,2.16394280214358e-08,6.78512751662323e-07,0.098,0.007,"Example_Visium","TLS","Rest","wilcox","SCT",0.25,0.05,0.05,41,1212,TRUE,FALSE,2,12793,0.0156947890818867,0.153249949202325,0.814599660764873,"Not structured"
"GPR3",3.8856,1.87359711689831e-06,3.792551885519e-05,0.073,0.006,"Example_Visium","TLS","Rest","wilcox","SCT",0.25,0.05,0.05,41,1212,TRUE,FALSE,2,12793,-0.00804505229283983,0.687906222568584,0.16247076205065,"Not structured"
"LCNL1",3.8856,1.87359711689831e-06,3.792551885519e-05,0.073,0.006,"Example_Visium","TLS","Rest","wilcox","SCT",0.25,0.05,0.05,41,1212,TRUE,FALSE,2,12793,-0.00831322070260116,0.693567235200389,0.158911431546518,"Not structured"
"LINC01857",3.8856,2.49401764810935e-10,1.11950764113203e-08,0.122,0.009,"Example_Visium","TLS","Rest","wilcox","SCT",0.25,0.05,0.05,41,1212,TRUE,FALSE,2,12793,0.0923100242522159,2.21974343116526e-09,8.65369722053518,"Weakly structured"
"MT1H",-3.8693,0.00329314916311006,0.0231225341622761,0,0.177,"Example_Visium","TLS","Rest","wilcox","SCT",0.25,0.05,0.05,41,1212,TRUE,FALSE,2,12793,0.469959758984131,2.40695663923303e-188,187.618531733369,"Spatially structured"
"RAP1GAP",-3.8558,8.15337457048328e-05,0.00107310823950815,0,0.281,"Example_Visium","TLS","Rest","wilcox","SCT",0.25,0.05,0.05,41,1212,TRUE,FALSE,2,12793,0.114429651726878,8.14075337064243e-13,12.0893354022886,"Weakly structured"
"RHBDL2",-3.8457,0.000103729926582584,0.00130483475985349,0,0.275,"Example_Visium","TLS","Rest","wilcox","SCT",0.25,0.05,0.05,41,1212,TRUE,FALSE,2,12793,0.107258130553535,1.82145462036283e-11,10.7395816442802,"Weakly structured"
"SPIB",3.8215,5.84801225179951e-28,6.80123824884284e-25,0.39,0.033,"Example_Visium","TLS","Rest","wilcox","SCT",0.25,0.05,0.05,41,1212,TRUE,FALSE,2,12793,0.121516784111643,1.82015158342166e-14,13.7398924421785,"Weakly structured"
"P4HA3",3.7861,1.19522893218414e-08,3.95105005928467e-07,0.122,0.012,"Example_Visium","TLS","Rest","wilcox","SCT",0.25,0.05,0.05,41,1212,TRUE,FALSE,2,12793,0.0789229588245905,2.84219387502013e-07,6.54634630079996,"Weakly structured"
"ITPKA",-3.7068,0.000269366278817078,0.00291540000415134,0,0.249,"Example_Visium","TLS","Rest","wilcox","SCT",0.25,0.05,0.05,41,1212,TRUE,FALSE,2,12793,0.128620970137388,9.64971113700072e-16,15.0154856870173,"Weakly structured"
"CD19",3.6958,1.77080512247045e-20,9.43912913823521e-18,0.415,0.055,"Example_Visium","TLS","Rest","wilcox","SCT",0.25,0.05,0.05,41,1212,TRUE,FALSE,2,12793,0.151298527664144,2.14137125175503e-21,20.6693080320931,"Weakly structured"
"HEPACAM2",-3.6956,0.000390129505773876,0.00394851801215601,0,0.239,"Example_Visium","TLS","Rest","wilcox","SCT",0.25,0.05,0.05,41,1212,TRUE,FALSE,2,12793,0.223908675769964,4.5144898722775e-44,43.3453913169278,"Weakly structured"
"RSPO3",3.6632,9.80774199160771e-13,6.50105923827137e-11,0.195,0.019,"Example_Visium","TLS","Rest","wilcox","SCT",0.25,0.05,0.05,41,1212,TRUE,FALSE,2,12793,0.0880266594078759,1.45586169119104e-08,7.83687988162027,"Weakly structured"
"IL6",3.6377,2.62498851042519e-26,2.79845650115578e-23,0.805,0.205,"Example_Visium","TLS","Rest","wilcox","SCT",0.25,0.05,0.05,41,1212,TRUE,FALSE,2,12793,0.411559472602132,3.89471524963404e-145,144.409524288963,"Spatially structured"
"FCRL3",3.6055,4.45393905543862e-17,9.04432418035337e-15,0.268,0.026,"Example_Visium","TLS","Rest","wilcox","SCT",0.25,0.05,0.05,41,1212,TRUE,FALSE,2,12793,0.0971127702085562,6.99016314226634e-10,9.15551268820865,"Weakly structured"
"CCR6",3.5861,4.84966775855546e-13,3.42772373675138e-11,0.22,0.024,"Example_Visium","TLS","Rest","wilcox","SCT",0.25,0.05,0.05,41,1212,TRUE,FALSE,2,12793,0.108720713619603,5.17070194762377e-12,11.286450495342,"Weakly structured"
"TBX10",-3.5697,0.000531671756627488,0.00514110112058614,0,0.23,"Example_Visium","TLS","Rest","wilcox","SCT",0.25,0.05,0.05,41,1212,TRUE,FALSE,2,12793,0.18786975014124,1.41484885629377e-31,30.8492899519302,"Weakly structured"
"RNF150",3.5637,7.22878583948361e-06,0.000127731847022809,0.073,0.007,"Example_Visium","TLS","Rest","wilcox","SCT",0.25,0.05,0.05,41,1212,TRUE,FALSE,2,12793,0.0182363099251575,0.114862498165853,0.93982174240061,"Not structured"
"SERPINB9P1",3.5637,2.15554827426623e-05,0.000335383272323885,0.073,0.007,"Example_Visium","TLS","Rest","wilcox","SCT",0.25,0.05,0.05,41,1212,TRUE,FALSE,2,12793,0.045751633986926,0.00163943184063344,2.78530663440914,"Weakly structured"
"TMEM144",-3.4981,0.000574772193780083,0.00551617454990893,0,0.228,"Example_Visium","TLS","Rest","wilcox","SCT",0.25,0.05,0.05,41,1212,TRUE,FALSE,2,12793,0.0737795427599529,2.71669576459951e-06,5.56595899432178,"Weakly structured"
"SLC4A4",-3.4966,3.04576055589457e-07,7.35177637576588e-06,0.049,0.463,"Example_Visium","TLS","Rest","wilcox","SCT",0.25,0.05,0.05,41,1212,TRUE,FALSE,2,12793,0.296106851757344,1.50890050102401e-75,74.8213393972562,"Weakly structured"
"TMEM139",-3.4763,0.000436404114855445,0.0043440732979026,0,0.235,"Example_Visium","TLS","Rest","wilcox","SCT",0.25,0.05,0.05,41,1212,TRUE,FALSE,2,12793,0.00286209964598003,0.421323187322534,0.37538463902383,"Not structured"
"STAG3",3.4706,1.34617954512711e-10,6.35486159439523e-09,0.195,0.024,"Example_Visium","TLS","Rest","wilcox","SCT",0.25,0.05,0.05,41,1212,TRUE,FALSE,2,12793,0.0347329094768612,0.0148248787712768,1.82900884934183,"Weakly structured"
"LTB",3.4649,1.7335361364156e-29,2.7721409741456e-26,0.829,0.199,"Example_Visium","TLS","Rest","wilcox","SCT",0.25,0.05,0.05,41,1212,TRUE,FALSE,2,12793,0.327145763891651,3.76464822493264e-92,91.4242755987749,"Spatially structured"
"ABI3BP",3.4527,8.08719347667309e-10,3.32086131357277e-08,0.171,0.02,"Example_Visium","TLS","Rest","wilcox","SCT",0.25,0.05,0.05,41,1212,TRUE,FALSE,2,12793,0.0463014989081001,0.00184606663311364,2.73375262732349,"Weakly structured"
"NRCAM",3.445,1.56077556739681e-09,6.06899751784419e-08,0.146,0.015,"Example_Visium","TLS","Rest","wilcox","SCT",0.25,0.05,0.05,41,1212,TRUE,FALSE,2,12793,0.0290830395081819,0.0333869950143346,1.47642266772075,"Weakly structured"
"CLEC4D",3.4262,2.19354472935206e-05,0.000340145669364859,0.073,0.007,"Example_Visium","TLS","Rest","wilcox","SCT",0.25,0.05,0.05,41,1212,TRUE,FALSE,2,12793,-0.00931797678453058,0.714448555415666,0.146029037556654,"Not structured"
"GJC3",3.4262,5.53356567656835e-05,0.000759559074037971,0.073,0.008,"Example_Visium","TLS","Rest","wilcox","SCT",0.25,0.05,0.05,41,1212,TRUE,FALSE,2,12793,0.0156947890818861,0.153249949202325,0.814599660764873,"Not structured"
"TNFRSF13B",3.4262,1.93078417657566e-06,3.88984597967439e-05,0.122,0.017,"Example_Visium","TLS","Rest","wilcox","SCT",0.25,0.05,0.05,41,1212,TRUE,FALSE,2,12793,0.0324033577799575,0.0200927538487503,1.69696053615599,"Weakly structured"
"DHRS9",-3.4204,4.80497285195497e-07,1.12093209148967e-05,0.098,0.5,"Example_Visium","TLS","Rest","wilcox","SCT",0.25,0.05,0.05,41,1212,TRUE,FALSE,2,12793,0.575492401181374,6.52500571798485e-280,279.185419103409,"Spatially structured"
"LINC01133",-3.4182,1.76801095907387e-07,4.45239452744725e-06,0.073,0.494,"Example_Visium","TLS","Rest","wilcox","SCT",0.25,0.05,0.05,41,1212,TRUE,FALSE,2,12793,0.339883485502145,6.62103714503581e-99,98.1790739756531,"Spatially structured"
"AC020656.1",3.4002,2.31306336143625e-06,4.56651536772438e-05,0.098,0.011,"Example_Visium","TLS","Rest","wilcox","SCT",0.25,0.05,0.05,41,1212,TRUE,FALSE,2,12793,0.0466876070816702,0.00153548963039064,2.81375311212832,"Weakly structured"
"CHST5",-3.3975,7.52432806651282e-09,2.56689943879729e-07,0.073,0.549,"Example_Visium","TLS","Rest","wilcox","SCT",0.25,0.05,0.05,41,1212,TRUE,FALSE,2,12793,0.252523826378504,1.87474472053305e-55,54.7270578607425,"Weakly structured"
"TNFRSF13C",3.3909,8.38746407782216e-16,1.10619410255236e-13,0.341,0.048,"Example_Visium","TLS","Rest","wilcox","SCT",0.25,0.05,0.05,41,1212,TRUE,FALSE,2,12793,0.0803607591537019,3.03814241171328e-07,6.51739187261555,"Weakly structured"
"SFRP2",3.3831,1.09061620986303e-05,0.000183582278589181,0.098,0.012,"Example_Visium","TLS","Rest","wilcox","SCT",0.25,0.05,0.05,41,1212,TRUE,FALSE,2,12793,0.05891388303009,9.27067618786798e-05,4.03288858797526,"Weakly structured"
"CDK5R1",3.371,4.81037847438307e-07,1.12093209148967e-05,0.122,0.015,"Example_Visium","TLS","Rest","wilcox","SCT",0.25,0.05,0.05,41,1212,TRUE,FALSE,2,12793,0.0295202386531484,0.030861841299655,1.51057816633431,"Weakly structured"
"CST4",3.371,1.61575619428293e-09,6.24482446932372e-08,0.146,0.015,"Example_Visium","TLS","Rest","wilcox","SCT",0.25,0.05,0.05,41,1212,TRUE,FALSE,2,12793,0.0541046594266935,0.000331975745598516,3.47889364502341,"Weakly structured"
"TESPA1",3.371,1.61575619428293e-09,6.24482446932372e-08,0.146,0.015,"Example_Visium","TLS","Rest","wilcox","SCT",0.25,0.05,0.05,41,1212,TRUE,FALSE,2,12793,0.0147610528395122,0.172098671107531,0.76422248314655,"Not structured"
"TREML2",3.371,4.07225961305282e-09,1.45928339579229e-07,0.146,0.016,"Example_Visium","TLS","Rest","wilcox","SCT",0.25,0.05,0.05,41,1212,TRUE,FALSE,2,12793,0.0212703583061888,0.0886943858689541,1.05210386904424,"Not structured"
"MEP1A",-3.3532,1.02020955958662e-10,4.8711079999773e-09,0.244,0.704,"Example_Visium","TLS","Rest","wilcox","SCT",0.25,0.05,0.05,41,1212,TRUE,FALSE,2,12793,0.668023863558661,0,375.212049039445,"Spatially structured"
"AKR1B10",-3.348,6.0513468595859e-05,0.000823562557177472,0.024,0.322,"Example_Visium","TLS","Rest","wilcox","SCT",0.25,0.05,0.05,41,1212,TRUE,FALSE,2,12793,0.308557009726957,6.03304316359985e-82,81.2194635674987,"Spatially structured"
"RNF125",-3.3335,0.000872960938060031,0.00774465276047294,0,0.215,"Example_Visium","TLS","Rest","wilcox","SCT",0.25,0.05,0.05,41,1212,TRUE,FALSE,2,12793,0.0490496534940118,0.00124846221215403,2.90362459812749,"Weakly structured"
"NHEJ1",-3.3238,0.00116864060292387,0.00989438731515887,0,0.207,"Example_Visium","TLS","Rest","wilcox","SCT",0.25,0.05,0.05,41,1212,TRUE,FALSE,2,12793,0.0811654000613996,2.78624759357608e-07,6.55498029360263,"Weakly structured"
"AL360012.1",3.3007,4.44373756186755e-08,1.29791631572994e-06,0.146,0.018,"Example_Visium","TLS","Rest","wilcox","SCT",0.25,0.05,0.05,41,1212,TRUE,FALSE,2,12793,0.011492503289652,0.228756023628846,0.640627461220747,"Not structured"
"APLF",3.3007,0.000124365120997513,0.00151379923208486,0.073,0.009,"Example_Visium","TLS","Rest","wilcox","SCT",0.25,0.05,0.05,41,1212,TRUE,FALSE,2,12793,-0.0110304008609094,0.747855161281831,0.126182504738373,"Not structured"
"CD1C",3.3007,0.000124365120997513,0.00151379923208486,0.073,0.009,"Example_Visium","TLS","Rest","wilcox","SCT",0.25,0.05,0.05,41,1212,TRUE,FALSE,2,12793,0.0121065375302664,0.213565418052945,0.670469069830195,"Not structured"
"CST1",3.3007,2.20664618728332e-16,3.48513884863155e-14,0.244,0.022,"Example_Visium","TLS","Rest","wilcox","SCT",0.25,0.05,0.05,41,1212,TRUE,FALSE,2,12793,0.170227482505885,5.47043240022144e-27,26.2619783443049,"Weakly structured"
"HBG1",3.3007,2.19354472935206e-05,0.000340145669364859,0.073,0.007,"Example_Visium","TLS","Rest","wilcox","SCT",0.25,0.05,0.05,41,1212,TRUE,FALSE,2,12793,0.058663516947636,5.97317186040231e-05,4.22379498953041,"Weakly structured"
"KLHDC8A",3.3007,0.000124365120997513,0.00151379923208486,0.073,0.009,"Example_Visium","TLS","Rest","wilcox","SCT",0.25,0.05,0.05,41,1212,TRUE,FALSE,2,12793,0.062012375571697,3.80000418015162e-05,4.42021592564219,"Weakly structured"
"MARCO",3.3007,2.3179577195306e-07,5.71360946164834e-06,0.122,0.014,"Example_Visium","TLS","Rest","wilcox","SCT",0.25,0.05,0.05,41,1212,TRUE,FALSE,2,12793,0.0279890702311493,0.0383566594149985,1.41615922373306,"Weakly structured"
"SYN1",3.3007,5.62293773630488e-05,0.000770173902147199,0.073,0.008,"Example_Visium","TLS","Rest","wilcox","SCT",0.25,0.05,0.05,41,1212,TRUE,FALSE,2,12793,0.109588147628746,8.03374694836691e-13,12.095081852049,"Weakly structured"
"TWIST1",3.3007,2.36371168919697e-06,4.65931643141709e-05,0.098,0.011,"Example_Visium","TLS","Rest","wilcox","SCT",0.25,0.05,0.05,41,1212,TRUE,FALSE,2,12793,-0.0138425640218325,0.800724907534722,0.0965166620178148,"Not structured"
"PLCE1",-3.2993,1.1044523761837e-05,0.000185180330911115,0.024,0.361,"Example_Visium","TLS","Rest","wilcox","SCT",0.25,0.05,0.05,41,1212,TRUE,FALSE,2,12793,0.0863678013949205,5.12837498068119e-08,7.29002022723207,"Weakly structured"
"LINC01781",3.2779,2.69739935029907e-15,3.02700262178737e-13,0.341,0.05,"Example_Visium","TLS","Rest","wilcox","SCT",0.25,0.05,0.05,41,1212,TRUE,FALSE,2,12793,0.0967626575523481,9.8235673529668e-10,9.00773077286788,"Weakly structured"
"PKDCC",-3.2742,0.00133654184835088,0.0111317577252297,0,0.203,"Example_Visium","TLS","Rest","wilcox","SCT",0.25,0.05,0.05,41,1212,TRUE,FALSE,2,12793,0.0270393305704671,0.0467172627196304,1.33052261154177,"Weakly structured"
"ZG16",-3.2427,7.71359980131459e-14,6.40779754923491e-12,0.854,0.936,"Example_Visium","TLS","Rest","wilcox","SCT",0.25,0.05,0.05,41,1212,TRUE,FALSE,2,12793,0.826340189632694,0,572.713505042866,"Spatially structured"
"GPR174",3.2418,1.07785445621947e-05,0.000181673149649745,0.122,0.019,"Example_Visium","TLS","Rest","wilcox","SCT",0.25,0.05,0.05,41,1212,TRUE,FALSE,2,12793,0.0930501366839923,2.2893484977422e-09,8.6402880914993,"Weakly structured"
"WDFY4",3.2418,3.7034883224262e-12,2.20366167947899e-10,0.268,0.039,"Example_Visium","TLS","Rest","wilcox","SCT",0.25,0.05,0.05,41,1212,TRUE,FALSE,2,12793,0.0375486496134026,0.00980036017667901,2.0087579630963,"Weakly structured"
"INSL5",-3.2385,0.0072042369652761,0.0422575898655558,0.024,0.189,"Example_Visium","TLS","Rest","wilcox","SCT",0.25,0.05,0.05,41,1212,TRUE,FALSE,2,12793,0.277787726639918,1.73506476767415e-67,66.7606843089316,"Weakly structured"
"CLDN23",-3.2359,0.000116981008799846,0.00143897888997734,0.024,0.305,"Example_Visium","TLS","Rest","wilcox","SCT",0.25,0.05,0.05,41,1212,TRUE,FALSE,2,12793,0.242462076570868,2.32358299524392e-51,50.6338418104962,"Weakly structured"
"PARP15",3.2227,1.82817853231547e-10,8.32309180210383e-09,0.22,0.031,"Example_Visium","TLS","Rest","wilcox","SCT",0.25,0.05,0.05,41,1212,TRUE,FALSE,2,12793,0.044669488584031,0.00272088394551052,2.56528998188774,"Weakly structured"
"TLR10",3.2227,5.12625763227187e-07,1.18489520124096e-05,0.122,0.015,"Example_Visium","TLS","Rest","wilcox","SCT",0.25,0.05,0.05,41,1212,TRUE,FALSE,2,12793,0.0552550960292192,0.000257702287926373,3.58888172568896,"Weakly structured"
"CBARP",3.2076,1.149110763244e-05,0.000190854147299462,0.098,0.012,"Example_Visium","TLS","Rest","wilcox","SCT",0.25,0.05,0.05,41,1212,TRUE,FALSE,2,12793,0.0209061957974343,0.0908720325917227,1.04156975770189,"Not structured"
"FCMR",3.2076,4.88973091628668e-20,2.31682694859465e-17,0.439,0.062,"Example_Visium","TLS","Rest","wilcox","SCT",0.25,0.05,0.05,41,1212,TRUE,FALSE,2,12793,0.112297896429539,1.65992302438092e-12,11.7799120510333,"Weakly structured"
"OLR1",3.2076,5.49923904979214e-06,0.00010007363465717,0.098,0.012,"Example_Visium","TLS","Rest","wilcox","SCT",0.25,0.05,0.05,41,1212,TRUE,FALSE,2,12793,0.0123048308542667,0.211335134375642,0.67502829567356,"Not structured"
"ADH1C",-3.2071,0.00379857390940046,0.0258347453604253,0,0.172,"Example_Visium","TLS","Rest","wilcox","SCT",0.25,0.05,0.05,41,1212,TRUE,FALSE,2,12793,0.196670448822975,1.70922488206861e-34,33.7672007935599,"Weakly structured"
"B3GALT1",-3.1965,0.00214553127241762,0.0164653758656501,0,0.189,"Example_Visium","TLS","Rest","wilcox","SCT",0.25,0.05,0.05,41,1212,TRUE,FALSE,2,12793,0.0681669493425554,1.32260731629808e-05,4.87856907922837,"Weakly structured"
"BARX2",-3.1965,0.00233650299899808,0.0176985783603389,0,0.186,"Example_Visium","TLS","Rest","wilcox","SCT",0.25,0.05,0.05,41,1212,TRUE,FALSE,2,12793,0.0446246235099815,0.00296405407488009,2.52811387754568,"Weakly structured"
"SLC22A18AS",-3.1912,0.0023324686851625,0.0176877723113716,0,0.186,"Example_Visium","TLS","Rest","wilcox","SCT",0.25,0.05,0.05,41,1212,TRUE,FALSE,2,12793,0.0820980883891208,2.05277203504097e-07,6.68765927733222,"Weakly structured"
"DLGAP3",3.1852,0.000251252381827629,0.00275430310258857,0.073,0.01,"Example_Visium","TLS","Rest","wilcox","SCT",0.25,0.05,0.05,41,1212,TRUE,FALSE,2,12793,0.0105097828038059,0.244393049520412,0.611911149484536,"Not structured"
"TIMD4",3.1852,0.000251252381827629,0.00275430310258857,0.073,0.01,"Example_Visium","TLS","Rest","wilcox","SCT",0.25,0.05,0.05,41,1212,TRUE,FALSE,2,12793,0.0327320050260274,0.0183700781258227,1.73588899668594,"Weakly structured"
"ULBP3",3.1852,0.000251252381827629,0.00275430310258857,0.073,0.01,"Example_Visium","TLS","Rest","wilcox","SCT",0.25,0.05,0.05,41,1212,TRUE,FALSE,2,12793,0.0092981511398314,0.269370133949626,0.56965055775891,"Not structured"
"MMP28",-3.1751,3.83559389374887e-08,1.13061642126104e-06,0.073,0.532,"Example_Visium","TLS","Rest","wilcox","SCT",0.25,0.05,0.05,41,1212,TRUE,FALSE,2,12793,0.379157730949518,1.38758024604883e-122,121.857741891515,"Spatially structured"
"GAS1",3.1694,1.98376782044025e-06,3.99030530297045e-05,0.122,0.017,"Example_Visium","TLS","Rest","wilcox","SCT",0.25,0.05,0.05,41,1212,TRUE,FALSE,2,12793,0.0927109977997455,2.54543399684204e-09,8.59423815974584,"Weakly structured"
"LSAMP",3.1632,7.9578201216724e-08,2.14325037508537e-06,0.171,0.026,"Example_Visium","TLS","Rest","wilcox","SCT",0.25,0.05,0.05,41,1212,TRUE,FALSE,2,12793,0.0471727105256485,0.0016130317173164,2.79235709292098,"Weakly structured"
"E2F7",3.1487,1.06137443723626e-06,2.28204423118715e-05,0.122,0.016,"Example_Visium","TLS","Rest","wilcox","SCT",0.25,0.05,0.05,41,1212,TRUE,FALSE,2,12793,0.0948377181086665,1.24937986397755e-09,8.90330549777683,"Weakly structured"
"FPR2",3.1487,1.01072050978833e-06,2.18784221348936e-05,0.146,0.022,"Example_Visium","TLS","Rest","wilcox","SCT",0.25,0.05,0.05,41,1212,TRUE,FALSE,2,12793,0.0547757165630133,0.000296823829086271,3.52750123673108,"Weakly structured"
"CD37",3.1276,2.24824716090798e-16,3.50753974749948e-14,0.61,0.165,"Example_Visium","TLS","Rest","wilcox","SCT",0.25,0.05,0.05,41,1212,TRUE,FALSE,2,12793,0.16402331604133,1.46009063569652e-24,23.8356201843792,"Weakly structured"
"SMIM6",-3.1256,0.00368331608535227,0.0252522308038112,0,0.172,"Example_Visium","TLS","Rest","wilcox","SCT",0.25,0.05,0.05,41,1212,TRUE,FALSE,2,12793,0.147554174987561,3.4154354380221e-20,19.4665539197204,"Weakly structured"
"TNFRSF9",3.1201,2.27298823438642e-05,0.000351175814393248,0.098,0.013,"Example_Visium","TLS","Rest","wilcox","SCT",0.25,0.05,0.05,41,1212,TRUE,FALSE,2,12793,0.0172479048391458,0.134821104254763,0.870242120085625,"Not structured"
"TYRO3",3.1201,2.27298823438642e-05,0.000351175814393248,0.098,0.013,"Example_Visium","TLS","Rest","wilcox","SCT",0.25,0.05,0.05,41,1212,TRUE,FALSE,2,12793,-0.0170316301703161,0.84991611165268,0.070623937867171,"Not structured"
"TMEM82",-3.12,0.00321656706750246,0.0227220002730861,0,0.177,"Example_Visium","TLS","Rest","wilcox","SCT",0.25,0.05,0.05,41,1212,TRUE,FALSE,2,12793,0.112102596819368,2.16759383273455e-12,11.6640220933181,"Weakly structured"
"SEMA7A",3.1151,1.92252532082363e-12,1.19974958191691e-10,0.293,0.045,"Example_Visium","TLS","Rest","wilcox","SCT",0.25,0.05,0.05,41,1212,TRUE,FALSE,2,12793,0.0835408465061005,1.04715414279475e-07,6.97998938476065,"Weakly structured"
"GPAT3",-3.1144,0.00238143937784582,0.0179632983259326,0,0.186,"Example_Visium","TLS","Rest","wilcox","SCT",0.25,0.05,0.05,41,1212,TRUE,FALSE,2,12793,0.0385239543174088,0.008767294764975,2.05713439179743,"Weakly structured"
"STYK1",-3.1144,5.05160401878437e-05,0.000703215442432484,0.024,0.326,"Example_Visium","TLS","Rest","wilcox","SCT",0.25,0.05,0.05,41,1212,TRUE,FALSE,2,12793,0.0694822841759688,9.40748921566546e-06,5.02652627086403,"Weakly structured"
"CLCA4",-3.1037,0.00578647278082734,0.0358828629593428,0.317,0.485,"Example_Visium","TLS","Rest","wilcox","SCT",0.25,0.05,0.05,41,1212,TRUE,FALSE,2,12793,0.72685460848907,0,445.403486811513,"Spatially structured"
"GUCA2A",-3.1029,2.98882750341199e-06,5.76712975130462e-05,0.561,0.748,"Example_Visium","TLS","Rest","wilcox","SCT",0.25,0.05,0.05,41,1212,TRUE,FALSE,2,12793,0.823922157520682,0,569.503124032266,"Spatially structured"
"GALNT5",-3.0962,6.46225246888366e-09,2.24042265133953e-07,0.073,0.563,"Example_Visium","TLS","Rest","wilcox","SCT",0.25,0.05,0.05,41,1212,TRUE,FALSE,2,12793,0.243662286642039,9.43943632081111e-52,51.0250539389721,"Weakly structured"
"MT1M",-3.0962,0.000117726752945209,0.00144581948995385,0.098,0.385,"Example_Visium","TLS","Rest","wilcox","SCT",0.25,0.05,0.05,41,1212,TRUE,FALSE,2,12793,0.603082744010896,1.07287212467582e-307,306.969452038386,"Spatially structured"
"SNX22",3.0783,0.00046542930972134,0.00456476750928472,0.073,0.011,"Example_Visium","TLS","Rest","wilcox","SCT",0.25,0.05,0.05,41,1212,TRUE,FALSE,2,12793,-0.0127997844246833,0.781714176436356,0.106952012013388,"Not structured"
"SMIM31",-3.0744,0.000105740305655711,0.00132425131172633,0.024,0.308,"Example_Visium","TLS","Rest","wilcox","SCT",0.25,0.05,0.05,41,1212,TRUE,FALSE,2,12793,0.11232069922203,2.08403788774299e-12,11.6810943898408,"Weakly structured"
"CCR7",3.0597,2.44990219089492e-05,0.000373558983648614,0.146,0.029,"Example_Visium","TLS","Rest","wilcox","SCT",0.25,0.05,0.05,41,1212,TRUE,FALSE,2,12793,0.0678100608997624,1.14326660174141e-05,4.94185248337187,"Weakly structured"
"LIF",3.057,6.11603679328211e-16,8.69360652182867e-14,0.732,0.291,"Example_Visium","TLS","Rest","wilcox","SCT",0.25,0.05,0.05,41,1212,TRUE,FALSE,2,12793,0.270343395571339,1.85168096543557e-63,62.7324338377871,"Weakly structured"
"ALDH1A2",-3.0569,0.00408398077929244,0.0272258291346994,0,0.169,"Example_Visium","TLS","Rest","wilcox","SCT",0.25,0.05,0.05,41,1212,TRUE,FALSE,2,12793,0.0836592554498543,1.2201082432823e-07,6.91360163869009,"Weakly structured"
"BATF",3.0527,4.30708460361317e-13,3.0955355805631e-11,0.39,0.077,"Example_Visium","TLS","Rest","wilcox","SCT",0.25,0.05,0.05,41,1212,TRUE,FALSE,2,12793,0.0913830525820728,7.60233264663455e-09,8.1190531313868,"Weakly structured"
"SCGB2A1",-3.0451,0.0035703725590493,0.0247148569964363,0,0.173,"Example_Visium","TLS","Rest","wilcox","SCT",0.25,0.05,0.05,41,1212,TRUE,FALSE,2,12793,0.126650467344125,2.47723736129278e-15,14.606032378654,"Weakly structured"
"CD5",3.0423,1.65758306189237e-11,8.7625868226401e-10,0.293,0.049,"Example_Visium","TLS","Rest","wilcox","SCT",0.25,0.05,0.05,41,1212,TRUE,FALSE,2,12793,0.0603591389933116,9.16599835821699e-05,4.0378202248806,"Weakly structured"
"ACSL6",3.0376,2.31451610391184e-05,0.000355884669679617,0.098,0.013,"Example_Visium","TLS","Rest","wilcox","SCT",0.25,0.05,0.05,41,1212,TRUE,FALSE,2,12793,0.0159016348273755,0.153240920247902,0.814625248640241,"Not structured"
"NEIL3",3.0376,0.0019249840880561,0.0151081726616574,0.073,0.013,"Example_Visium","TLS","Rest","wilcox","SCT",0.25,0.05,0.05,41,1212,TRUE,FALSE,2,12793,0.0102196657580636,0.250841451763692,0.600600694377568,"Not structured"
"SHISA2",3.0376,0.0019249840880561,0.0151081726616574,0.073,0.013,"Example_Visium","TLS","Rest","wilcox","SCT",0.25,0.05,0.05,41,1212,TRUE,FALSE,2,12793,0.0808046632438448,1.4456818186202e-07,6.83992728077796,"Weakly structured"
"SLC26A3",-3.0328,2.40152592195122e-08,7.4209471303193e-07,0.61,0.828,"Example_Visium","TLS","Rest","wilcox","SCT",0.25,0.05,0.05,41,1212,TRUE,FALSE,2,12793,0.815601520819479,0,558.16319006059,"Spatially structured"
"SAMD13",-3.0273,0.00441523529903293,0.0288478575998612,0,0.167,"Example_Visium","TLS","Rest","wilcox","SCT",0.25,0.05,0.05,41,1212,TRUE,FALSE,2,12793,0.0540576982027144,0.000425990156685495,3.37060043598311,"Weakly structured"
"ENTPD5",-3.0243,5.09160082695145e-09,1.77969533822923e-07,0.098,0.584,"Example_Visium","TLS","Rest","wilcox","SCT",0.25,0.05,0.05,41,1212,TRUE,FALSE,2,12793,0.316353171211848,6.4430916847657e-86,85.1909056886281,"Spatially structured"
"COLEC12",3.0231,1.0172145133475e-06,2.19817994413085e-05,0.171,0.03,"Example_Visium","TLS","Rest","wilcox","SCT",0.25,0.05,0.05,41,1212,TRUE,FALSE,2,12793,-0.00035854954424551,0.499276058723444,0.301659258726757,"Not structured"
"IL11",3.003,1.82568131015384e-21,1.29755227782211e-18,0.78,0.225,"Example_Visium","TLS","Rest","wilcox","SCT",0.25,0.05,0.05,41,1212,TRUE,FALSE,2,12793,0.405581062689025,8.26443326896976e-141,140.082786922685,"Spatially structured"
"RIMKLA",-2.997,0.00516352057039884,0.0327176417321012,0,0.162,"Example_Visium","TLS","Rest","wilcox","SCT",0.25,0.05,0.05,41,1212,TRUE,FALSE,2,12793,0.0782392532944624,6.87324681002165e-07,6.16283806081872,"Weakly structured"
"ICOS",2.9925,1.10385937014496e-05,0.000185180330911115,0.122,0.019,"Example_Visium","TLS","Rest","wilcox","SCT",0.25,0.05,0.05,41,1212,TRUE,FALSE,2,12793,0.0801339707280048,2.39400430758863e-07,6.62087507249256,"Weakly structured"
"CD177",-2.9821,6.49346302042808e-10,2.7236351613225e-08,0.439,0.781,"Example_Visium","TLS","Rest","wilcox","SCT",0.25,0.05,0.05,41,1212,TRUE,FALSE,2,12793,0.725732243436956,0,442.575344808456,"Spatially structured"
"PRELP",2.9787,3.1784463906186e-08,9.63551295620468e-07,0.171,0.024,"Example_Visium","TLS","Rest","wilcox","SCT",0.25,0.05,0.05,41,1212,TRUE,FALSE,2,12793,0.0284396968866987,0.0374483389012274,1.42656744157013,"Weakly structured"
"TMEM163",2.9787,0.000802645831925875,0.00722607187039248,0.073,0.012,"Example_Visium","TLS","Rest","wilcox","SCT",0.25,0.05,0.05,41,1212,TRUE,FALSE,2,12793,0.026135858874294,0.0476118876222312,1.32228460013296,"Weakly structured"
"CDKN2B",-2.9786,3.47733092174217e-05,0.00050724623126394,0.049,0.364,"Example_Visium","TLS","Rest","wilcox","SCT",0.25,0.05,0.05,41,1212,TRUE,FALSE,2,12793,0.290268624451575,1.02710687658963e-72,71.9883843631232,"Weakly structured"
"CLCA1",-2.9731,1.75121812310805e-05,0.000278648425981608,0.171,0.484,"Example_Visium","TLS","Rest","wilcox","SCT",0.25,0.05,0.05,41,1212,TRUE,FALSE,2,12793,0.52249326399718,2.74832326417061e-231,230.560932185882,"Spatially structured"
"CLDN8",-2.9692,0.00072960736217906,0.00668615113492601,0.024,0.257,"Example_Visium","TLS","Rest","wilcox","SCT",0.25,0.05,0.05,41,1212,TRUE,FALSE,2,12793,0.285342503029443,2.06146298801678e-70,69.6858244582162,"Weakly structured"
"IL17RE",-2.9567,0.000171688846972629,0.00200402866726355,0.024,0.295,"Example_Visium","TLS","Rest","wilcox","SCT",0.25,0.05,0.05,41,1212,TRUE,FALSE,2,12793,0.0670080286483112,1.83738531398037e-05,4.73579975921514,"Weakly structured"
"MYZAP",-2.9536,0.00489832759083794,0.0314737844648868,0,0.163,"Example_Visium","TLS","Rest","wilcox","SCT",0.25,0.05,0.05,41,1212,TRUE,FALSE,2,12793,0.0366686820723121,0.0118605064398816,1.92589676633852,"Weakly structured"
"PITPNM3",-2.9536,0.003541171812897,0.0245540439037351,0,0.173,"Example_Visium","TLS","Rest","wilcox","SCT",0.25,0.05,0.05,41,1212,TRUE,FALSE,2,12793,0.0716465387737048,5.03069691997204e-06,5.29837184644857,"Weakly structured"
"NR5A2",-2.9473,9.45752648410727e-05,0.0012129859969618,0.024,0.31,"Example_Visium","TLS","Rest","wilcox","SCT",0.25,0.05,0.05,41,1212,TRUE,FALSE,2,12793,0.0502948575731632,0.000975438775942408,3.0107999841934,"Weakly structured"
"BLK",2.947,1.39255302376802e-10,6.5496069239207e-09,0.293,0.054,"Example_Visium","TLS","Rest","wilcox","SCT",0.25,0.05,0.05,41,1212,TRUE,FALSE,2,12793,0.054210441712226,0.000391607726984662,3.40714874752852,"Weakly structured"
"GPRIN1",2.947,0.000287463860567081,0.00308000432850474,0.098,0.017,"Example_Visium","TLS","Rest","wilcox","SCT",0.25,0.05,0.05,41,1212,TRUE,FALSE,2,12793,0.0224617977462817,0.0768180365576207,1.11453679744536,"Not structured"
"ALDH1L1",-2.9409,1.89936238274107e-05,0.000299612120374927,0.049,0.378,"Example_Visium","TLS","Rest","wilcox","SCT",0.25,0.05,0.05,41,1212,TRUE,FALSE,2,12793,0.137494667593918,1.01707108780892e-17,16.9926486911636,"Weakly structured"
"SLC51B",-2.9388,5.09753819086833e-05,0.0007080682928659,0.049,0.355,"Example_Visium","TLS","Rest","wilcox","SCT",0.25,0.05,0.05,41,1212,TRUE,FALSE,2,12793,0.279407684171001,1.61138915156416e-67,66.7927995645046,"Weakly structured"
"MUC17",-2.9282,0.000188999021530127,0.00216654523515673,0.024,0.293,"Example_Visium","TLS","Rest","wilcox","SCT",0.25,0.05,0.05,41,1212,TRUE,FALSE,2,12793,0.0974722696065822,9.29623842812633e-10,9.03169274610997,"Weakly structured"
"IL21R",2.9241,6.49213340324269e-15,6.80769365800686e-13,0.366,0.058,"Example_Visium","TLS","Rest","wilcox","SCT",0.25,0.05,0.05,41,1212,TRUE,FALSE,2,12793,0.0780054870163799,6.85594247873603e-07,6.16393283479436,"Weakly structured"
"PAQR8",-2.9153,1.24776643371032e-07,3.24444633871061e-06,0.098,0.531,"Example_Visium","TLS","Rest","wilcox","SCT",0.25,0.05,0.05,41,1212,TRUE,FALSE,2,12793,0.315665237543221,1.43210503725381e-85,84.8440251276798,"Spatially structured"
"PCK1",-2.8925,1.13915623562654e-05,0.000189849783526566,0.122,0.457,"Example_Visium","TLS","Rest","wilcox","SCT",0.25,0.05,0.05,41,1212,TRUE,FALSE,2,12793,0.466999360197841,4.21109686552244e-185,184.37560476863,"Spatially structured"
"ENDOD1",-2.8905,1.33950242921017e-07,3.45489003566245e-06,0.098,0.522,"Example_Visium","TLS","Rest","wilcox","SCT",0.25,0.05,0.05,41,1212,TRUE,FALSE,2,12793,0.206831150265649,8.26448765473353e-38,37.0827840647325,"Weakly structured"
"AC103706.1",2.8856,0.00405791678801805,0.0271085793572402,0.073,0.015,"Example_Visium","TLS","Rest","wilcox","SCT",0.25,0.05,0.05,41,1212,TRUE,FALSE,2,12793,-0.00879753439069617,0.700002392704389,0.154900475504976,"Not structured"
"MAP6D1",2.8856,0.000123512931696458,0.00150772989999312,0.098,0.016,"Example_Visium","TLS","Rest","wilcox","SCT",0.25,0.05,0.05,41,1212,TRUE,FALSE,2,12793,0.0264050901378571,0.0473107804094063,1.32503988803887,"Weakly structured"
"AC096667.1",2.8856,0.00130393530822607,0.0109027741164289,0.073,0.012,"Example_Visium","TLS","Rest","wilcox","SCT",0.25,0.05,0.05,41,1212,TRUE,FALSE,2,12793,-0.013900134952766,0.800724907534722,0.0965166620178148,"Not structured"
"ANK1",2.8856,2.75036216379703e-06,5.3581089716699e-05,0.146,0.024,"Example_Visium","TLS","Rest","wilcox","SCT",0.25,0.05,0.05,41,1212,TRUE,FALSE,2,12793,0.0342903265692909,0.0159295393024463,1.79779678423017,"Weakly structured"
"CPNE6",2.8856,4.01801509298936e-06,7.52598346773248e-05,0.122,0.017,"Example_Visium","TLS","Rest","wilcox","SCT",0.25,0.05,0.05,41,1212,TRUE,FALSE,2,12793,0.0341940831883535,0.0156929516205437,1.80429536412777,"Weakly structured"
"HAMP",2.8856,0.000477446304804653,0.00466970227627364,0.073,0.011,"Example_Visium","TLS","Rest","wilcox","SCT",0.25,0.05,0.05,41,1212,TRUE,FALSE,2,12793,0.00601907346643605,0.341826336626846,0.46619447932425,"Not structured"
"RFTN2",2.8856,0.00130393530822607,0.0109027741164289,0.073,0.012,"Example_Visium","TLS","Rest","wilcox","SCT",0.25,0.05,0.05,41,1212,TRUE,FALSE,2,12793,0.0232718548508016,0.0687826299679943,1.16252122254205,"Not structured"
"SLC13A3",2.8856,0.000291548986269764,0.00310815515112424,0.098,0.017,"Example_Visium","TLS","Rest","wilcox","SCT",0.25,0.05,0.05,41,1212,TRUE,FALSE,2,12793,0.109405782653493,2.55581494771485e-12,11.5924705942131,"Weakly structured"
"ZNF831",2.8856,0.000812273040902609,0.00729221685071374,0.073,0.012,"Example_Visium","TLS","Rest","wilcox","SCT",0.25,0.05,0.05,41,1212,TRUE,FALSE,2,12793,0.0231155784301275,0.0689738855973733,1.16131530763488,"Not structured"
"BEST2",-2.8693,0.00800266042052908,0.0458272313159483,0,0.148,"Example_Visium","TLS","Rest","wilcox","SCT",0.25,0.05,0.05,41,1212,TRUE,FALSE,2,12793,0.114464118248839,7.41057393588233e-13,12.1301481553764,"Weakly structured"
"FLT4",2.8646,3.94354643870735e-09,1.4188884098287e-07,0.268,0.052,"Example_Visium","TLS","Rest","wilcox","SCT",0.25,0.05,0.05,41,1212,TRUE,FALSE,2,12793,0.0942058071176458,2.50010801051573e-09,8.60204122838489,"Weakly structured"
"BMP5",-2.8626,0.00864068165135622,0.0489116107813275,0,0.145,"Example_Visium","TLS","Rest","wilcox","SCT",0.25,0.05,0.05,41,1212,TRUE,FALSE,2,12793,0.165728544837975,4.98699393631343e-25,24.30216115984,"Weakly structured"
"LYPD8",-2.8603,1.29292829997772e-08,4.25203900812724e-07,0.463,0.731,"Example_Visium","TLS","Rest","wilcox","SCT",0.25,0.05,0.05,41,1212,TRUE,FALSE,2,12793,0.645739856143318,0,350.902012356602,"Spatially structured"
"STMN2",-2.8491,0.00759035935586553,0.0439581110183738,0,0.149,"Example_Visium","TLS","Rest","wilcox","SCT",0.25,0.05,0.05,41,1212,TRUE,FALSE,2,12793,0.10613673829401,2.71989758694993e-11,10.5654474482672,"Weakly structured"
"MIR100HG",2.8461,1.54600856707395e-08,4.98188604498162e-07,0.195,0.03,"Example_Visium","TLS","Rest","wilcox","SCT",0.25,0.05,0.05,41,1212,TRUE,FALSE,2,12793,0.0590645913226544,0.000120213736041052,3.92004590549467,"Weakly structured"
"SCIN",-2.8457,0.00033326726504485,0.00346625050546241,0.024,0.278,"Example_Visium","TLS","Rest","wilcox","SCT",0.25,0.05,0.05,41,1212,TRUE,FALSE,2,12793,0.167558280793045,1.82410214931185e-25,24.7389508449329,"Weakly structured"
"CGN",-2.8355,4.57603122381482e-07,1.07414986139932e-05,0.098,0.5,"Example_Visium","TLS","Rest","wilcox","SCT",0.25,0.05,0.05,41,1212,TRUE,FALSE,2,12793,0.214695093312817,1.31825499496075e-40,39.8800005744211,"Weakly structured"
"DNAJC22",-2.8252,0.000343737433128508,0.00356067447936275,0.024,0.277,"Example_Visium","TLS","Rest","wilcox","SCT",0.25,0.05,0.05,41,1212,TRUE,FALSE,2,12793,0.0381734570504928,0.00933814844842109,2.02973922637676,"Weakly structured"
"OSM",2.8229,1.71427797472718e-12,1.08568109557846e-10,0.488,0.13,"Example_Visium","TLS","Rest","wilcox","SCT",0.25,0.05,0.05,41,1212,TRUE,FALSE,2,12793,0.196322310563792,1.92410435915072e-34,33.7157713764904,"Weakly structured"
"HSPA1L",2.8152,0.00746350708420581,0.0434200300719622,0.073,0.017,"Example_Visium","TLS","Rest","wilcox","SCT",0.25,0.05,0.05,41,1212,TRUE,FALSE,2,12793,0.00324183362541121,0.410278983534032,0.3869207291188,"Not structured"
"MAL",2.8152,0.00012543946335121,0.00152542495689356,0.098,0.016,"Example_Visium","TLS","Rest","wilcox","SCT",0.25,0.05,0.05,41,1212,TRUE,FALSE,2,12793,-0.0183686501314976,0.86823057032472,0.0613649267562448,"Not structured"
"MS4A12",-2.8105,3.70468005281775e-08,1.09708268323374e-06,0.268,0.639,"Example_Visium","TLS","Rest","wilcox","SCT",0.25,0.05,0.05,41,1212,TRUE,FALSE,2,12793,0.603814389788695,1.26002713064637e-307,306.899620103642,"Spatially structured"
"SPOCK2",2.8084,7.34753480308899e-12,4.15915985557157e-10,0.512,0.148,"Example_Visium","TLS","Rest","wilcox","SCT",0.25,0.05,0.05,41,1212,TRUE,FALSE,2,12793,0.136961915092323,1.13589239426739e-17,16.9446628084044,"Weakly structured"
"TCF7",2.8064,5.6487340684537e-12,3.24054954877705e-10,0.415,0.094,"Example_Visium","TLS","Rest","wilcox","SCT",0.25,0.05,0.05,41,1212,TRUE,FALSE,2,12793,0.0869506494561294,3.76838804392235e-08,7.42384438277483,"Weakly structured"
"SOWAHA",-2.8009,0.0004969096895988,0.00484637373531099,0.024,0.267,"Example_Visium","TLS","Rest","wilcox","SCT",0.25,0.05,0.05,41,1212,TRUE,FALSE,2,12793,0.158288441861987,6.39632538367321e-23,22.194069451627,"Weakly structured"
"AC104083.1",2.7982,0.00201422870521358,0.0156835227180751,0.073,0.013,"Example_Visium","TLS","Rest","wilcox","SCT",0.25,0.05,0.05,41,1212,TRUE,FALSE,2,12793,0.0024169012482581,0.430016619964413,0.366514758794026,"Not structured"
"ADCY1",2.7982,0.00201422870521358,0.0156835227180751,0.073,0.013,"Example_Visium","TLS","Rest","wilcox","SCT",0.25,0.05,0.05,41,1212,TRUE,FALSE,2,12793,0.00160652847678307,0.45001223280134,0.34677568052263,"Not structured"
"FOLH1",2.7982,0.00131859911613845,0.0110181832088564,0.073,0.012,"Example_Visium","TLS","Rest","wilcox","SCT",0.25,0.05,0.05,41,1212,TRUE,FALSE,2,12793,-0.01420153214493,0.806304328876331,0.0935010085597484,"Not structured"
"VIPR1",-2.7953,1.6215624786855e-06,3.34734730584186e-05,0.098,0.476,"Example_Visium","TLS","Rest","wilcox","SCT",0.25,0.05,0.05,41,1212,TRUE,FALSE,2,12793,0.256449165641351,3.83631372212014e-57,56.4160858847614,"Weakly structured"
"C1orf115",-2.7892,7.11594702603813e-05,0.000946302601913782,0.049,0.347,"Example_Visium","TLS","Rest","wilcox","SCT",0.25,0.05,0.05,41,1212,TRUE,FALSE,2,12793,0.182165443734506,9.27704682988649e-30,29.0325902511087,"Weakly structured"
"LAMP3",2.7861,3.06608744296608e-09,1.13038779993848e-07,0.244,0.042,"Example_Visium","TLS","Rest","wilcox","SCT",0.25,0.05,0.05,41,1212,TRUE,FALSE,2,12793,0.125872403353926,2.17808691332335e-15,14.6619247943582,"Weakly structured"
"FDCSP",2.7701,1.88851592658864e-05,0.00029863762977563,0.22,0.058,"Example_Visium","TLS","Rest","wilcox","SCT",0.25,0.05,0.05,41,1212,TRUE,FALSE,2,12793,0.0705026501621799,6.04810047730654e-06,5.21838100249737,"Weakly structured"
"ZBTB32",2.7701,3.02524090026151e-05,0.000446904235993597,0.122,0.021,"Example_Visium","TLS","Rest","wilcox","SCT",0.25,0.05,0.05,41,1212,TRUE,FALSE,2,12793,-0.0058190242572909,0.63346890514106,0.198274698313435,"Not structured"
"PKIB",-2.7603,1.25795715146149e-06,2.67771145401778e-05,0.098,0.495,"Example_Visium","TLS","Rest","wilcox","SCT",0.25,0.05,0.05,41,1212,TRUE,FALSE,2,12793,0.473455627562681,4.74643990864269e-190,189.323632013055,"Spatially structured"
"CXCR4",2.7599,6.1924348640068e-21,4.16946416922311e-18,0.902,0.394,"Example_Visium","TLS","Rest","wilcox","SCT",0.25,0.05,0.05,41,1212,TRUE,FALSE,2,12793,0.202436836158145,2.44416746915989e-36,35.6118690404752,"Weakly structured"
"TFF1",-2.7567,7.73751590182475e-16,1.04195832560046e-13,0.829,0.958,"Example_Visium","TLS","Rest","wilcox","SCT",0.25,0.05,0.05,41,1212,TRUE,FALSE,2,12793,0.773794559637258,0,503.035329117421,"Spatially structured"
"ING2",-2.751,0.00775860615221935,0.0446897111685466,0,0.149,"Example_Visium","TLS","Rest","wilcox","SCT",0.25,0.05,0.05,41,1212,TRUE,FALSE,2,12793,0.0449415317885912,0.00278050497694453,2.55587632322416,"Weakly structured"
"AC097382.3",2.7481,0.000305023118134228,0.0032186326510738,0.098,0.017,"Example_Visium","TLS","Rest","wilcox","SCT",0.25,0.05,0.05,41,1212,TRUE,FALSE,2,12793,-0.000494028230184858,0.502498310899325,0.298865393744957,"Not structured"
"IL23A",2.7481,0.000305023118134228,0.0032186326510738,0.098,0.017,"Example_Visium","TLS","Rest","wilcox","SCT",0.25,0.05,0.05,41,1212,TRUE,FALSE,2,12793,0.0212703583061888,0.0886943858689541,1.05210386904424,"Not structured"
"MAOA",-2.7474,3.21667253671415e-10,1.41411999182763e-08,0.195,0.677,"Example_Visium","TLS","Rest","wilcox","SCT",0.25,0.05,0.05,41,1212,TRUE,FALSE,2,12793,0.337058841195034,2.96152373453138e-97,96.528484782444,"Spatially structured"
"B3GALT5",-2.743,4.6966175531089e-09,1.6552018831108e-07,0.171,0.634,"Example_Visium","TLS","Rest","wilcox","SCT",0.25,0.05,0.05,41,1212,TRUE,FALSE,2,12793,0.445639461256604,1.46638868336858e-168,167.833750899634,"Spatially structured"
"MAP9",2.7388,9.65376481156009e-05,0.00122886182322675,0.122,0.023,"Example_Visium","TLS","Rest","wilcox","SCT",0.25,0.05,0.05,41,1212,TRUE,FALSE,2,12793,0.0609549946605496,6.85055294795393e-05,4.16427437266038,"Weakly structured"
"PDCD1",2.7388,4.62502752822123e-06,8.56265950340582e-05,0.146,0.025,"Example_Visium","TLS","Rest","wilcox","SCT",0.25,0.05,0.05,41,1212,TRUE,FALSE,2,12793,0.0216188867585745,0.086726827327622,1.06184654083797,"Not structured"
"SCNN1B",-2.7356,2.62621067077562e-08,8.0568616573699e-07,0.146,0.597,"Example_Visium","TLS","Rest","wilcox","SCT",0.25,0.05,0.05,41,1212,TRUE,FALSE,2,12793,0.433078695531655,2.65084374966824e-159,158.576615870402,"Spatially structured"
"SP140",2.7318,8.6902108613991e-10,3.52932912856758e-08,0.317,0.067,"Example_Visium","TLS","Rest","wilcox","SCT",0.25,0.05,0.05,41,1212,TRUE,FALSE,2,12793,0.0600881104528462,0.000100607208267887,3.99737090199562,"Weakly structured"
"SPINK5",-2.7254,9.64642204269099e-08,2.54972473537491e-06,0.122,0.561,"Example_Visium","TLS","Rest","wilcox","SCT",0.25,0.05,0.05,41,1212,TRUE,FALSE,2,12793,0.359678536093871,1.68527456605063e-110,109.773329333483,"Spatially structured"
"MEIS1",2.7242,6.81285438957017e-07,1.53175476635802e-05,0.268,0.068,"Example_Visium","TLS","Rest","wilcox","SCT",0.25,0.05,0.05,41,1212,TRUE,FALSE,2,12793,0.0534129487405963,0.000469401491375872,3.32845553490086,"Weakly structured"
"OXSM",-2.7217,0.00859671295063256,0.0487058231963872,0,0.145,"Example_Visium","TLS","Rest","wilcox","SCT",0.25,0.05,0.05,41,1212,TRUE,FALSE,2,12793,0.0149721636769042,0.173609706945876,0.760425996007606,"Not structured"
"P2RY2",-2.7217,0.00881496826838056,0.049734216838068,0,0.144,"Example_Visium","TLS","Rest","wilcox","SCT",0.25,0.05,0.05,41,1212,TRUE,FALSE,2,12793,0.0514083294003482,0.000759732230081683,3.11933944915223,"Weakly structured"
"AL356488.2",2.7157,0.00298080068570115,0.0213752147826092,0.073,0.014,"Example_Visium","TLS","Rest","wilcox","SCT",0.25,0.05,0.05,41,1212,TRUE,FALSE,2,12793,-0.0166261151662612,0.844164525082163,0.0735729024597184,"Not structured"
"DYNC2H1",2.7157,0.00160640131766098,0.0130067671245804,0.098,0.021,"Example_Visium","TLS","Rest","wilcox","SCT",0.25,0.05,0.05,41,1212,TRUE,FALSE,2,12793,-0.00722076616169407,0.664202800641518,0.177699297511206,"Not structured"
"GALNT14",2.7157,0.00298080068570115,0.0213752147826092,0.073,0.014,"Example_Visium","TLS","Rest","wilcox","SCT",0.25,0.05,0.05,41,1212,TRUE,FALSE,2,12793,0.0347256015139225,0.0141900806961731,1.84801513478896,"Weakly structured"
"RAI2",2.7157,0.00298080068570115,0.0213752147826092,0.073,0.014,"Example_Visium","TLS","Rest","wilcox","SCT",0.25,0.05,0.05,41,1212,TRUE,FALSE,2,12793,0.034590429845904,0.0144807458873432,1.83920906753014,"Weakly structured"
"TMEM178B",2.7157,0.00298080068570115,0.0213752147826092,0.073,0.014,"Example_Visium","TLS","Rest","wilcox","SCT",0.25,0.05,0.05,41,1212,TRUE,FALSE,2,12793,-0.00680589348472554,0.656669756815909,0.182652984855116,"Not structured"
"RIPOR2",2.705,1.28973266024861e-06,2.72719833430752e-05,0.22,0.049,"Example_Visium","TLS","Rest","wilcox","SCT",0.25,0.05,0.05,41,1212,TRUE,FALSE,2,12793,0.0398479484773881,0.00669315088549952,2.1743693844689,"Weakly structured"
"FILIP1",2.693,0.00019028980237591,0.00217938893625337,0.122,0.025,"Example_Visium","TLS","Rest","wilcox","SCT",0.25,0.05,0.05,41,1212,TRUE,FALSE,2,12793,0.00787518527032693,0.303277921430915,0.518159205085767,"Not structured"
"THBS2",2.6868,1.54665155527291e-09,6.03241260567267e-08,0.317,0.068,"Example_Visium","TLS","Rest","wilcox","SCT",0.25,0.05,0.05,41,1212,TRUE,FALSE,2,12793,0.0881926389387116,2.27541280492335e-08,7.64293980224337,"Weakly structured"
"CCL19",2.684,4.43728188604743e-05,0.000632139723476668,0.098,0.014,"Example_Visium","TLS","Rest","wilcox","SCT",0.25,0.05,0.05,41,1212,TRUE,FALSE,2,12793,0.0600323988717645,6.24084105901681e-05,4.20475687783747,"Weakly structured"
"DRAIC",2.684,0.000455101296644519,0.00447510444886498,0.098,0.018,"Example_Visium","TLS","Rest","wilcox","SCT",0.25,0.05,0.05,41,1212,TRUE,FALSE,2,12793,0.043591833322885,0.00312820185097545,2.50470523133582,"Weakly structured"
"LINC01978",2.684,0.000203682984757316,0.00231003229078044,0.098,0.017,"Example_Visium","TLS","Rest","wilcox","SCT",0.25,0.05,0.05,41,1212,TRUE,FALSE,2,12793,0.0457186672925082,0.00198286175701386,2.70270756328279,"Weakly structured"
"ST8SIA1",2.684,0.000455101296644519,0.00447510444886498,0.098,0.018,"Example_Visium","TLS","Rest","wilcox","SCT",0.25,0.05,0.05,41,1212,TRUE,FALSE,2,12793,0.0306354878482025,0.0270111381547711,1.56845711577839,"Weakly structured"
"UGT2B17",-2.6766,9.88365631758153e-05,0.00125313791150466,0.098,0.389,"Example_Visium","TLS","Rest","wilcox","SCT",0.25,0.05,0.05,41,1212,TRUE,FALSE,2,12793,0.375231855724786,3.03053733906364e-120,119.518480360705,"Spatially structured"
"GPR132",2.6726,7.09638708305256e-08,1.939830768237e-06,0.22,0.04,"Example_Visium","TLS","Rest","wilcox","SCT",0.25,0.05,0.05,41,1212,TRUE,FALSE,2,12793,0.0144193467410959,0.181004188819895,0.742311374521333,"Not structured"
"RAVER2",-2.6715,7.51416011370309e-05,0.000993064569572351,0.049,0.347,"Example_Visium","TLS","Rest","wilcox","SCT",0.25,0.05,0.05,41,1212,TRUE,FALSE,2,12793,0.102776661846998,1.16892141140643e-10,9.9322146862204,"Weakly structured"
"ENTPD8",-2.6657,1.03781432082857e-07,2.72354476199193e-06,0.122,0.555,"Example_Visium","TLS","Rest","wilcox","SCT",0.25,0.05,0.05,41,1212,TRUE,FALSE,2,12793,0.278603056289937,4.35264039672027e-67,66.3612472115863,"Weakly structured"
"EPHB6",2.6632,2.01759390103891e-05,0.000317089419852467,0.122,0.02,"Example_Visium","TLS","Rest","wilcox","SCT",0.25,0.05,0.05,41,1212,TRUE,FALSE,2,12793,0.017499798556841,0.13281083378708,0.876766496789997,"Not structured"
"GUCY1A1",2.6632,6.99215124884105e-05,0.000932748601943937,0.122,0.022,"Example_Visium","TLS","Rest","wilcox","SCT",0.25,0.05,0.05,41,1212,TRUE,FALSE,2,12793,0.00627047502047471,0.339688375065463,0.468919315453519,"Not structured"
"BCAS4",2.653,4.91461499055573e-07,1.14106478356043e-05,0.195,0.036,"Example_Visium","TLS","Rest","wilcox","SCT",0.25,0.05,0.05,41,1212,TRUE,FALSE,2,12793,0.0966818812807413,9.09253453650087e-10,9.04131504067377,"Weakly structured"
"TPSAB1",-2.6497,0.00512566586525569,0.0326069832989637,0.024,0.2,"Example_Visium","TLS","Rest","wilcox","SCT",0.25,0.05,0.05,41,1212,TRUE,FALSE,2,12793,0.0817669642391162,2.23802127574871e-07,6.65013578916766,"Weakly structured"
"CD96",2.6486,1.50457515918641e-07,3.83642105218811e-06,0.244,0.052,"Example_Visium","TLS","Rest","wilcox","SCT",0.25,0.05,0.05,41,1212,TRUE,FALSE,2,12793,0.0366239970242484,0.0116000644056015,1.9355395994869,"Weakly structured"
"HVCN1",2.6428,1.66801378978572e-10,7.70140052875761e-09,0.293,0.052,"Example_Visium","TLS","Rest","wilcox","SCT",0.25,0.05,0.05,41,1212,TRUE,FALSE,2,12793,0.0217760412820926,0.0863692789854062,1.06364070589683,"Not structured"
"SI",-2.6419,8.33679521108849e-05,0.00109275226573212,0.073,0.37,"Example_Visium","TLS","Rest","wilcox","SCT",0.25,0.05,0.05,41,1212,TRUE,FALSE,2,12793,0.285238204943359,2.75040094352159e-70,69.5606039916728,"Weakly structured"
"POU2F2",2.641,2.28428793690192e-10,1.02897519636571e-08,0.366,0.082,"Example_Visium","TLS","Rest","wilcox","SCT",0.25,0.05,0.05,41,1212,TRUE,FALSE,2,12793,0.070823887302412,5.94127469300233e-06,5.22612036768774,"Weakly structured"
"CD52",2.6401,9.78847121327621e-13,6.50105923827137e-11,0.683,0.294,"Example_Visium","TLS","Rest","wilcox","SCT",0.25,0.05,0.05,41,1212,TRUE,FALSE,2,12793,0.179295660963929,6.35678117356558e-29,28.1967627385064,"Weakly structured"
"GPR82",2.6377,0.00425170509060295,0.0280227013004036,0.073,0.015,"Example_Visium","TLS","Rest","wilcox","SCT",0.25,0.05,0.05,41,1212,TRUE,FALSE,2,12793,0.0233134920634917,0.06915946979044,1.16014834489448,"Not structured"
"HS3ST3A1",2.6377,0.00425170509060295,0.0280227013004036,0.073,0.015,"Example_Visium","TLS","Rest","wilcox","SCT",0.25,0.05,0.05,41,1212,TRUE,FALSE,2,12793,-0.000766594516594609,0.509290469358304,0.293034450946983,"Not structured"
"HSPB6",2.6377,0.00425170509060295,0.0280227013004036,0.073,0.015,"Example_Visium","TLS","Rest","wilcox","SCT",0.25,0.05,0.05,41,1212,TRUE,FALSE,2,12793,0.0227723665223661,0.0738880909360974,1.13142555426447,"Not structured"
"PTGS2",2.6356,2.11407011217953e-17,4.82951766877012e-15,0.854,0.358,"Example_Visium","TLS","Rest","wilcox","SCT",0.25,0.05,0.05,41,1212,TRUE,FALSE,2,12793,0.291837659494448,1.40410739174535e-73,72.8525996743581,"Weakly structured"
"CEACAM7",-2.6356,1.34702277429174e-14,1.30548957208441e-12,0.951,0.986,"Example_Visium","TLS","Rest","wilcox","SCT",0.25,0.05,0.05,41,1212,TRUE,FALSE,2,12793,0.825539165112279,0,571.746525306352,"Spatially structured"
"CA4",-2.6355,1.19323462412078e-07,3.11531643803616e-06,0.561,0.809,"Example_Visium","TLS","Rest","wilcox","SCT",0.25,0.05,0.05,41,1212,TRUE,FALSE,2,12793,0.777251393617532,0,507.227258688485,"Spatially structured"
"XDH",-2.6342,1.20385074691038e-12,7.87651275090575e-11,0.341,0.804,"Example_Visium","TLS","Rest","wilcox","SCT",0.25,0.05,0.05,41,1212,TRUE,FALSE,2,12793,0.489272417013398,8.95238127165667e-203,202.048061429982,"Spatially structured"
"LYVE1",2.6293,2.93129593460771e-08,8.94989711012803e-07,0.195,0.031,"Example_Visium","TLS","Rest","wilcox","SCT",0.25,0.05,0.05,41,1212,TRUE,FALSE,2,12793,0.0504220028479822,0.000835151236719673,3.07823487143211,"Weakly structured"
"SGK2",-2.6261,0.00161382557982405,0.0130503607096644,0.024,0.234,"Example_Visium","TLS","Rest","wilcox","SCT",0.25,0.05,0.05,41,1212,TRUE,FALSE,2,12793,0.146632264542606,6.22622713234687e-20,19.205775040331,"Weakly structured"
"CCDC192",2.6226,0.00046126649010925,0.0045322443993607,0.098,0.018,"Example_Visium","TLS","Rest","wilcox","SCT",0.25,0.05,0.05,41,1212,TRUE,FALSE,2,12793,0.0472333400615471,0.0015025173096109,2.82318051604722,"Weakly structured"
"SNAI3",2.6226,0.00065927909056661,0.00616982985048913,0.098,0.019,"Example_Visium","TLS","Rest","wilcox","SCT",0.25,0.05,0.05,41,1212,TRUE,FALSE,2,12793,0.0288552554729809,0.0347846071931615,1.45861289656982,"Weakly structured"
"MT1F",-2.6169,0.00149338799432618,0.0122467388534711,0.049,0.268,"Example_Visium","TLS","Rest","wilcox","SCT",0.25,0.05,0.05,41,1212,TRUE,FALSE,2,12793,0.36412739355055,1.72498084237709e-113,112.763215723835,"Spatially structured"
"CSF3",2.6143,7.34624782362526e-21,4.6990274203819e-18,0.829,0.252,"Example_Visium","TLS","Rest","wilcox","SCT",0.25,0.05,0.05,41,1212,TRUE,FALSE,2,12793,0.362606117762109,9.6860265943234e-113,112.013854342872,"Spatially structured"
"EXOC3L4",-2.6142,0.000828877020900765,0.00739973742385449,0.024,0.253,"Example_Visium","TLS","Rest","wilcox","SCT",0.25,0.05,0.05,41,1212,TRUE,FALSE,2,12793,0.0868338941883731,4.31363148093896e-08,7.36515695998242,"Weakly structured"
"TRBC1",2.6138,1.22902766198537e-14,1.20022525799838e-12,0.707,0.244,"Example_Visium","TLS","Rest","wilcox","SCT",0.25,0.05,0.05,41,1212,TRUE,FALSE,2,12793,0.195948811711361,3.14857847997407e-34,33.5018854772087,"Weakly structured"
"AF064858.1",2.6126,7.11230296076717e-05,0.000946302601913782,0.122,0.022,"Example_Visium","TLS","Rest","wilcox","SCT",0.25,0.05,0.05,41,1212,TRUE,FALSE,2,12793,0.00549069420232043,0.35713034857725,0.44717324233145,"Not structured"
"GRAMD1B",2.6055,0.000463960355324789,0.00455521475492711,0.122,0.027,"Example_Visium","TLS","Rest","wilcox","SCT",0.25,0.05,0.05,41,1212,TRUE,FALSE,2,12793,0.0350935475060201,0.0142799977483311,1.84527186103936,"Weakly structured"
"LHFPL3-AS2",2.6055,1.58091611028259e-05,0.000254031656831418,0.146,0.027,"Example_Visium","TLS","Rest","wilcox","SCT",0.25,0.05,0.05,41,1212,TRUE,FALSE,2,12793,0.0533272786155817,0.000445592235980406,3.35106238493541,"Weakly structured"
"CD300E",2.598,1.52993063303615e-07,3.89113371539394e-06,0.268,0.063,"Example_Visium","TLS","Rest","wilcox","SCT",0.25,0.05,0.05,41,1212,TRUE,FALSE,2,12793,0.0684113566049942,1.14326660174141e-05,4.94185248337187,"Weakly structured"
"REG4",-2.5962,2.27626815466027e-15,2.62345031554674e-13,0.78,0.934,"Example_Visium","TLS","Rest","wilcox","SCT",0.25,0.05,0.05,41,1212,TRUE,FALSE,2,12793,0.739958184286474,0,460.153353343149,"Spatially structured"
"AC004687.1",2.5928,9.12131676487486e-12,5.05147209407117e-10,0.439,0.105,"Example_Visium","TLS","Rest","wilcox","SCT",0.25,0.05,0.05,41,1212,TRUE,FALSE,2,12793,0.102401915982893,1.18969196543138e-10,9.9245654714064,"Weakly structured"
"AP000525.1",2.5879,6.00542802139339e-06,0.00010775237121695,0.195,0.043,"Example_Visium","TLS","Rest","wilcox","SCT",0.25,0.05,0.05,41,1212,TRUE,FALSE,2,12793,0.0878282133997279,2.35852456721951e-08,7.627359595631,"Weakly structured"
"VSIG2",-2.58,3.56861977824034e-13,2.59394050130845e-11,0.463,0.836,"Example_Visium","TLS","Rest","wilcox","SCT",0.25,0.05,0.05,41,1212,TRUE,FALSE,2,12793,0.573212027957478,1.626532750912e-277,276.788737187594,"Spatially structured"
"FMO5",-2.5697,0.0019159458215805,0.015075690830904,0.024,0.229,"Example_Visium","TLS","Rest","wilcox","SCT",0.25,0.05,0.05,41,1212,TRUE,FALSE,2,12793,0.0879086169561685,2.96289197216196e-08,7.52828418272488,"Weakly structured"
"CKB",-2.5686,9.17583468163056e-14,7.47684414535667e-12,0.902,0.963,"Example_Visium","TLS","Rest","wilcox","SCT",0.25,0.05,0.05,41,1212,TRUE,FALSE,2,12793,0.82073906621491,0,565.36117635596,"Spatially structured"
"PLAAT2",-2.5656,0.00542083306446127,0.0340111414387705,0.024,0.198,"Example_Visium","TLS","Rest","wilcox","SCT",0.25,0.05,0.05,41,1212,TRUE,FALSE,2,12793,0.261010201115543,2.28107985727825e-59,58.6418595104409,"Weakly structured"
"STX3",-2.5656,3.53653148354658e-06,6.72216201062241e-05,0.098,0.463,"Example_Visium","TLS","Rest","wilcox","SCT",0.25,0.05,0.05,41,1212,TRUE,FALSE,2,12793,0.119485233988407,8.41757214034108e-14,13.07481315293,"Weakly structured"
"C3orf80",2.5637,0.00304051719437214,0.021718222483307,0.073,0.014,"Example_Visium","TLS","Rest","wilcox","SCT",0.25,0.05,0.05,41,1212,TRUE,FALSE,2,12793,-0.0155313688909102,0.82818554358951,0.0818723546041063,"Not structured"
"DTX1",2.5637,8.1039839129765e-08,2.15988054580642e-06,0.22,0.04,"Example_Visium","TLS","Rest","wilcox","SCT",0.25,0.05,0.05,41,1212,TRUE,FALSE,2,12793,0.0212667724715051,0.0912556046955284,1.03974045274994,"Not structured"
"EVC2",2.5637,0.00587431795572729,0.0363044201002991,0.073,0.016,"Example_Visium","TLS","Rest","wilcox","SCT",0.25,0.05,0.05,41,1212,TRUE,FALSE,2,12793,0.0278536789503488,0.038997141037526,1.40896723084885,"Weakly structured"
"MTBP",2.5637,0.00429180123972924,0.0282142925281892,0.073,0.015,"Example_Visium","TLS","Rest","wilcox","SCT",0.25,0.05,0.05,41,1212,TRUE,FALSE,2,12793,0.0139648752871455,0.18415568949847,0.734814859053866,"Not structured"
"PKP1",2.5637,0.00587431795572729,0.0363044201002991,0.073,0.016,"Example_Visium","TLS","Rest","wilcox","SCT",0.25,0.05,0.05,41,1212,TRUE,FALSE,2,12793,0.0125667725180321,0.208594861238757,0.680696394678142,"Not structured"
"GLI2",2.5637,0.000470502792112439,0.00460531156809062,0.122,0.027,"Example_Visium","TLS","Rest","wilcox","SCT",0.25,0.05,0.05,41,1212,TRUE,FALSE,2,12793,-0.00244574035265584,0.550996036362971,0.258851525271412,"Not structured"
"GNGT2",2.5637,0.00217298329019432,0.0166201644169718,0.098,0.022,"Example_Visium","TLS","Rest","wilcox","SCT",0.25,0.05,0.05,41,1212,TRUE,FALSE,2,12793,0.0538366087366595,0.000370790069548956,3.43087190558968,"Weakly structured"
"PLA2G10",-2.5617,1.31462731111475e-11,7.09621400467977e-10,0.244,0.754,"Example_Visium","TLS","Rest","wilcox","SCT",0.25,0.05,0.05,41,1212,TRUE,FALSE,2,12793,0.431333783537165,5.16660121938435e-158,157.286795057886,"Spatially structured"
"ENPP3",-2.5532,0.00153025635780296,0.0124691526021486,0.024,0.236,"Example_Visium","TLS","Rest","wilcox","SCT",0.25,0.05,0.05,41,1212,TRUE,FALSE,2,12793,0.0988413696692791,5.40868877200293e-10,9.26690800811063,"Weakly structured"
"CDHR5",-2.5501,1.25989992398597e-13,9.82798763875156e-12,0.561,0.88,"Example_Visium","TLS","Rest","wilcox","SCT",0.25,0.05,0.05,41,1212,TRUE,FALSE,2,12793,0.661926213773804,0,368.532628421298,"Spatially structured"
"LGALS2",-2.5378,4.80819194636139e-06,8.85053231220163e-05,0.098,0.465,"Example_Visium","TLS","Rest","wilcox","SCT",0.25,0.05,0.05,41,1212,TRUE,FALSE,2,12793,0.302517574643702,9.00140442421414e-79,78.0456897254382,"Spatially structured"
"CD28",2.5164,0.000105744075886238,0.00132425131172633,0.122,0.023,"Example_Visium","TLS","Rest","wilcox","SCT",0.25,0.05,0.05,41,1212,TRUE,FALSE,2,12793,0.00255841075218294,0.427440978217686,0.369123844921779,"Not structured"
"CTLA4",2.5164,3.91583470855831e-07,9.2769024864049e-06,0.22,0.045,"Example_Visium","TLS","Rest","wilcox","SCT",0.25,0.05,0.05,41,1212,TRUE,FALSE,2,12793,0.0191967285158829,0.113832263565331,0.943734628077135,"Not structured"
"FXYD2",2.5164,0.00357402371948778,0.0247148569964363,0.098,0.024,"Example_Visium","TLS","Rest","wilcox","SCT",0.25,0.05,0.05,41,1212,TRUE,FALSE,2,12793,0.00194256903210186,0.442268030691633,0.354314452436879,"Not structured"
"TP53INP2",-2.5084,7.79167928221645e-06,0.000135678783603906,0.098,0.448,"Example_Visium","TLS","Rest","wilcox","SCT",0.25,0.05,0.05,41,1212,TRUE,FALSE,2,12793,0.198928222500099,4.01802049081378e-35,34.3959878527982,"Weakly structured"
"AC147067.2",2.5071,0.000676471845576709,0.00630204804271715,0.098,0.019,"Example_Visium","TLS","Rest","wilcox","SCT",0.25,0.05,0.05,41,1212,TRUE,FALSE,2,12793,0.0127840046418175,0.205486181068176,0.687217379080526,"Not structured"
"MMP9",2.5071,1.66872205883066e-14,1.56970303666328e-12,0.61,0.178,"Example_Visium","TLS","Rest","wilcox","SCT",0.25,0.05,0.05,41,1212,TRUE,FALSE,2,12793,0.33963102184358,3.38719880603191e-99,98.4701593124109,"Spatially structured"
"SLC16A9",-2.5038,0.000360543747864536,0.00368959986234349,0.049,0.308,"Example_Visium","TLS","Rest","wilcox","SCT",0.25,0.05,0.05,41,1212,TRUE,FALSE,2,12793,0.200353723883584,1.22838474295482e-35,34.9106655863121,"Weakly structured"
"TMOD2",2.5032,4.09207716962082e-11,2.10240735867306e-09,0.317,0.057,"Example_Visium","TLS","Rest","wilcox","SCT",0.25,0.05,0.05,41,1212,TRUE,FALSE,2,12793,0.0349479647427537,0.0152065119244326,1.81797039315915,"Weakly structured"
"FPR1",2.4996,2.15520139056488e-08,6.77432220872149e-07,0.341,0.089,"Example_Visium","TLS","Rest","wilcox","SCT",0.25,0.05,0.05,41,1212,TRUE,FALSE,2,12793,0.0988324500943783,4.92633772085774e-10,9.30747581879058,"Weakly structured"
"SLC2A13",-2.4952,0.000183360117845843,0.00211326665549718,0.049,0.325,"Example_Visium","TLS","Rest","wilcox","SCT",0.25,0.05,0.05,41,1212,TRUE,FALSE,2,12793,0.0996324031019418,4.04942607935815e-10,9.39260652449644,"Weakly structured"
"AC017002.3",2.4933,0.00592681227409595,0.0365053969294701,0.073,0.016,"Example_Visium","TLS","Rest","wilcox","SCT",0.25,0.05,0.05,41,1212,TRUE,FALSE,2,12793,0.0115168901858413,0.22742841630116,0.643155272841886,"Not structured"
"G0S2",2.4933,5.61456417541483e-10,2.39423731653606e-08,0.634,0.281,"Example_Visium","TLS","Rest","wilcox","SCT",0.25,0.05,0.05,41,1212,TRUE,FALSE,2,12793,0.235629918504608,1.23099378353989e-48,47.9097441402296,"Weakly structured"
"PPP1R3F",2.4933,0.00789406510076569,0.045327098219971,0.073,0.017,"Example_Visium","TLS","Rest","wilcox","SCT",0.25,0.05,0.05,41,1212,TRUE,FALSE,2,12793,0.0115058324496284,0.228189061234973,0.641705178319008,"Not structured"
"TXK",2.4933,0.00789406510076569,0.045327098219971,0.073,0.017,"Example_Visium","TLS","Rest","wilcox","SCT",0.25,0.05,0.05,41,1212,TRUE,FALSE,2,12793,0.0411688464710714,0.00482241119775505,2.31673576092204,"Weakly structured"
"GPT",-2.4855,1.26899725651061e-08,4.18409327385058e-07,0.122,0.605,"Example_Visium","TLS","Rest","wilcox","SCT",0.25,0.05,0.05,41,1212,TRUE,FALSE,2,12793,0.26107738948335,3.94402150248376e-59,58.4040607259863,"Weakly structured"
"TIGIT",2.4835,3.72913387457775e-07,8.86743673930729e-06,0.244,0.054,"Example_Visium","TLS","Rest","wilcox","SCT",0.25,0.05,0.05,41,1212,TRUE,FALSE,2,12793,0.0186897486105717,0.120256674078174,0.919890811545485,"Not structured"
"TMPO-AS1",2.4835,0.000797613740610855,0.00719596091934744,0.122,0.029,"Example_Visium","TLS","Rest","wilcox","SCT",0.25,0.05,0.05,41,1212,TRUE,FALSE,2,12793,0.0118186798414283,0.224448059465252,0.648884145072648,"Not structured"
"TRBC2",2.4824,2.5276778254982e-15,2.8871948590713e-13,0.829,0.399,"Example_Visium","TLS","Rest","wilcox","SCT",0.25,0.05,0.05,41,1212,TRUE,FALSE,2,12793,0.198416909156683,5.57279479187918e-35,34.2539269487607,"Weakly structured"
"PRKCB",2.4819,7.99488191366561e-08,2.1442038641829e-06,0.341,0.094,"Example_Visium","TLS","Rest","wilcox","SCT",0.25,0.05,0.05,41,1212,TRUE,FALSE,2,12793,0.0699482538457385,7.73295388080757e-06,5.1116545799384,"Weakly structured"
"RASSF8",2.4796,2.76641246197605e-06,5.37852805867166e-05,0.195,0.04,"Example_Visium","TLS","Rest","wilcox","SCT",0.25,0.05,0.05,41,1212,TRUE,FALSE,2,12793,0.0182390564967067,0.125732657588386,0.90055190474576,"Not structured"
"ZNF71",2.4706,2.2784016723708e-05,0.000351175814393248,0.171,0.037,"Example_Visium","TLS","Rest","wilcox","SCT",0.25,0.05,0.05,41,1212,TRUE,FALSE,2,12793,0.0340655844683416,0.0170270482254811,1.76886063392208,"Weakly structured"
"HECW2",2.4706,0.000151147763288421,0.00179372294596361,0.122,0.024,"Example_Visium","TLS","Rest","wilcox","SCT",0.25,0.05,0.05,41,1212,TRUE,FALSE,2,12793,0.0552083025364358,0.000279797635470686,3.55315595998848,"Weakly structured"
"NBPF19",2.4706,0.000208452436173117,0.00235235648906316,0.122,0.025,"Example_Visium","TLS","Rest","wilcox","SCT",0.25,0.05,0.05,41,1212,TRUE,FALSE,2,12793,0.0298645235869677,0.0307171758513978,1.5126187160017,"Weakly structured"
"GDA",-2.4661,0.000370985375466815,0.00378772219341337,0.049,0.307,"Example_Visium","TLS","Rest","wilcox","SCT",0.25,0.05,0.05,41,1212,TRUE,FALSE,2,12793,0.165951987866035,5.2319026334088e-25,24.2813403469022,"Weakly structured"
"FAP",2.4642,1.32691439340265e-05,0.000217352315426377,0.22,0.057,"Example_Visium","TLS","Rest","wilcox","SCT",0.25,0.05,0.05,41,1212,TRUE,FALSE,2,12793,0.0871164732815386,3.3343801709925e-08,7.47698488538638,"Weakly structured"
"PAXIP1-AS2",2.4527,0.0017289615019344,0.0137639106995935,0.098,0.021,"Example_Visium","TLS","Rest","wilcox","SCT",0.25,0.05,0.05,41,1212,TRUE,FALSE,2,12793,-0.00854456255110416,0.692932109515854,0.1593093135945,"Not structured"
"PRRX1",2.4527,1.88776553520988e-11,9.8976165950574e-10,0.415,0.097,"Example_Visium","TLS","Rest","wilcox","SCT",0.25,0.05,0.05,41,1212,TRUE,FALSE,2,12793,0.148426968129872,1.77397520006718e-20,19.7510524558398,"Weakly structured"
"ENTPD2",-2.4498,0.00326648117745979,0.0229984004971069,0.024,0.214,"Example_Visium","TLS","Rest","wilcox","SCT",0.25,0.05,0.05,41,1212,TRUE,FALSE,2,12793,0.0477278769467711,0.0016257637394084,2.78894256706077,"Weakly structured"
"GBP3",-2.4492,4.73668689056728e-11,2.39511602336076e-09,0.244,0.752,"Example_Visium","TLS","Rest","wilcox","SCT",0.25,0.05,0.05,41,1212,TRUE,FALSE,2,12793,0.331226885049539,5.44242608848962e-94,93.2642074602343,"Spatially structured"
"CLEC4E",2.445,3.30669375281562e-05,0.000486236013560577,0.146,0.029,"Example_Visium","TLS","Rest","wilcox","SCT",0.25,0.05,0.05,41,1212,TRUE,FALSE,2,12793,0.0623032528856242,5.07727213207126e-05,4.29436955861833,"Weakly structured"
"C3orf85",-2.4408,0.00475767018901213,0.0307187865707114,0.024,0.202,"Example_Visium","TLS","Rest","wilcox","SCT",0.25,0.05,0.05,41,1212,TRUE,FALSE,2,12793,0.156188726535569,2.12837889128895e-22,21.6719510569462,"Weakly structured"
"TGFB3",2.4363,1.4690471356354e-08,4.76992893557962e-07,0.268,0.054,"Example_Visium","TLS","Rest","wilcox","SCT",0.25,0.05,0.05,41,1212,TRUE,FALSE,2,12793,0.0427500298148534,0.00403209777068017,2.39446894562203,"Weakly structured"
"DNHD1",2.435,3.77249679461844e-08,1.11458548483958e-06,0.293,0.067,"Example_Visium","TLS","Rest","wilcox","SCT",0.25,0.05,0.05,41,1212,TRUE,FALSE,2,12793,0.0129198914729912,0.206572713090673,0.684927046498901,"Not structured"
"HGD",-2.4273,3.46795397074354e-05,0.000506455880681759,0.049,0.375,"Example_Visium","TLS","Rest","wilcox","SCT",0.25,0.05,0.05,41,1212,TRUE,FALSE,2,12793,0.0983147742147693,6.76387486081404e-10,9.16980443592951,"Weakly structured"
"FFAR4",-2.4273,1.48424715402246e-08,4.80708198516692e-07,0.195,0.63,"Example_Visium","TLS","Rest","wilcox","SCT",0.25,0.05,0.05,41,1212,TRUE,FALSE,2,12793,0.213747004750952,3.01221095107273e-40,39.5211146169073,"Weakly structured"
"AC027097.1",2.4262,0.00796104736861188,0.0456139694893802,0.073,0.017,"Example_Visium","TLS","Rest","wilcox","SCT",0.25,0.05,0.05,41,1212,TRUE,FALSE,2,12793,-0.00459534656083532,0.604364714803903,0.218700899417876,"Not structured"
"ALAS2",2.4262,0.00134835681375533,0.0112228553795523,0.073,0.012,"Example_Visium","TLS","Rest","wilcox","SCT",0.25,0.05,0.05,41,1212,TRUE,FALSE,2,12793,0.0117495461750263,0.217605706294848,0.662329720279596,"Not structured"
"LINC00426",2.4262,0.00437294610101854,0.0286447001896212,0.073,0.015,"Example_Visium","TLS","Rest","wilcox","SCT",0.25,0.05,0.05,41,1212,TRUE,FALSE,2,12793,0.0110218318988129,0.235790293675504,0.627474076636733,"Not structured"
"LINC00861",2.4262,0.00796104736861188,0.0456139694893802,0.073,0.017,"Example_Visium","TLS","Rest","wilcox","SCT",0.25,0.05,0.05,41,1212,TRUE,FALSE,2,12793,0.00912385951996433,0.275003462394027,0.560661838209178,"Not structured"
"LINC01943",2.4262,0.00683130441834785,0.040534729788462,0.098,0.026,"Example_Visium","TLS","Rest","wilcox","SCT",0.25,0.05,0.05,41,1212,TRUE,FALSE,2,12793,0.00414651490639762,0.388933588390746,0.410124549465398,"Not structured"
"TRPM6",-2.4254,0.00013822067729932,0.00166502554113954,0.073,0.366,"Example_Visium","TLS","Rest","wilcox","SCT",0.25,0.05,0.05,41,1212,TRUE,FALSE,2,12793,0.401804383375414,1.46939626597225e-137,136.832861068119,"Spatially structured"
"TSPAN1",-2.4212,1.85898859414334e-17,4.32400746997741e-15,0.951,0.995,"Example_Visium","TLS","Rest","wilcox","SCT",0.25,0.05,0.05,41,1212,TRUE,FALSE,2,12793,0.815583835004137,0,558.557407462936,"Spatially structured"
"MMP1",2.4203,6.40931772951908e-22,6.3072616702875e-19,1,0.651,"Example_Visium","TLS","Rest","wilcox","SCT",0.25,0.05,0.05,41,1212,TRUE,FALSE,2,12793,0.492921511751325,3.5212077967153e-206,205.453308345193,"Spatially structured"
"SMIM32",-2.4182,0.00309689770446795,0.0220593609873377,0.024,0.215,"Example_Visium","TLS","Rest","wilcox","SCT",0.25,0.05,0.05,41,1212,TRUE,FALSE,2,12793,0.0822276470195394,1.98571275748422e-07,6.70208357399865,"Weakly structured"
"EPHA10",-2.4151,0.000399381328516381,0.00403577040735392,0.049,0.305,"Example_Visium","TLS","Rest","wilcox","SCT",0.25,0.05,0.05,41,1212,TRUE,FALSE,2,12793,0.0829766493945027,1.57717502208588e-07,6.80212010951929,"Weakly structured"
"COL17A1",-2.4031,1.423525116689e-08,4.63388214193444e-07,0.22,0.66,"Example_Visium","TLS","Rest","wilcox","SCT",0.25,0.05,0.05,41,1212,TRUE,FALSE,2,12793,0.426663808340912,1.16397590188551e-154,153.934056010912,"Spatially structured"
"GALNT7",-2.4026,3.3851944300983e-09,1.24088230212744e-07,0.171,0.652,"Example_Visium","TLS","Rest","wilcox","SCT",0.25,0.05,0.05,41,1212,TRUE,FALSE,2,12793,0.156411023276855,2.133909811117e-22,21.670823939814,"Weakly structured"
"TSHZ2",2.4002,0.00129705521581986,0.0108594419999892,0.098,0.021,"Example_Visium","TLS","Rest","wilcox","SCT",0.25,0.05,0.05,41,1212,TRUE,FALSE,2,12793,0.0411011327686515,0.0048858604651455,2.31105894016296,"Weakly structured"
"CDS1",-2.3998,1.18552866467295e-06,2.5277447011935e-05,0.098,0.496,"Example_Visium","TLS","Rest","wilcox","SCT",0.25,0.05,0.05,41,1212,TRUE,FALSE,2,12793,0.16268201763102,4.40963041424211e-24,23.3555978086685,"Weakly structured"
"FAM49A",2.3973,1.87792309239327e-10,8.48914138550783e-09,0.366,0.08,"Example_Visium","TLS","Rest","wilcox","SCT",0.25,0.05,0.05,41,1212,TRUE,FALSE,2,12793,0.0591533933312964,0.000129387666798545,3.88810711854062,"Weakly structured"
"SIT1",2.3962,0.000232537498534175,0.00258165066212442,0.195,0.058,"Example_Visium","TLS","Rest","wilcox","SCT",0.25,0.05,0.05,41,1212,TRUE,FALSE,2,12793,0.0129604377330101,0.205533103907913,0.687118219108201,"Not structured"
"RETREG1",-2.394,1.56056823007087e-06,3.24096580637933e-05,0.122,0.517,"Example_Visium","TLS","Rest","wilcox","SCT",0.25,0.05,0.05,41,1212,TRUE,FALSE,2,12793,0.310433223425256,7.82184769532607e-83,82.1066906447535,"Spatially structured"
"RGL4",2.3831,0.000290919239823807,0.00310402821940447,0.122,0.026,"Example_Visium","TLS","Rest","wilcox","SCT",0.25,0.05,0.05,41,1212,TRUE,FALSE,2,12793,0.0111171673906507,0.237004108523697,0.625244125324475,"Not structured"
"ELMOD3",-2.3812,0.00248641974036641,0.0185473864364475,0.024,0.222,"Example_Visium","TLS","Rest","wilcox","SCT",0.25,0.05,0.05,41,1212,TRUE,FALSE,2,12793,0.033940804690693,0.0180644773213747,1.74317459981568,"Weakly structured"
"ITGB6",-2.3812,8.71641479482627e-05,0.00113437532523105,0.073,0.371,"Example_Visium","TLS","Rest","wilcox","SCT",0.25,0.05,0.05,41,1212,TRUE,FALSE,2,12793,0.0980676602308465,7.43630935035881e-10,9.12864255188033,"Weakly structured"
"TPSG1",-2.3812,6.23157936557753e-05,0.000842517187435962,0.049,0.361,"Example_Visium","TLS","Rest","wilcox","SCT",0.25,0.05,0.05,41,1212,TRUE,FALSE,2,12793,0.154546278281365,6.32882917450083e-22,21.198676626489,"Weakly structured"
"TTC39A",-2.38,1.29313691827011e-07,3.34880578854848e-06,0.146,0.571,"Example_Visium","TLS","Rest","wilcox","SCT",0.25,0.05,0.05,41,1212,TRUE,FALSE,2,12793,0.152180192372561,2.68932569140303e-21,20.5703565992591,"Weakly structured"
"ELOVL6",-2.3729,1.50541965778037e-07,3.83642105218811e-06,0.146,0.57,"Example_Visium","TLS","Rest","wilcox","SCT",0.25,0.05,0.05,41,1212,TRUE,FALSE,2,12793,0.17161756282883,1.35476224447004e-26,25.868136915103,"Weakly structured"
"RGS16",2.3722,2.61832263983564e-10,1.16711503593789e-08,0.439,0.118,"Example_Visium","TLS","Rest","wilcox","SCT",0.25,0.05,0.05,41,1212,TRUE,FALSE,2,12793,0.127381157148929,1.54659000771774e-15,14.8106248000593,"Weakly structured"
"ACHE",-2.3718,0.00271587473204289,0.0198651717821753,0.049,0.251,"Example_Visium","TLS","Rest","wilcox","SCT",0.25,0.05,0.05,41,1212,TRUE,FALSE,2,12793,0.239104195607208,5.26061791458744e-50,49.2789632404215,"Weakly structured"
"CLCN2",-2.3718,0.000257180580932679,0.00280726209204075,0.073,0.344,"Example_Visium","TLS","Rest","wilcox","SCT",0.25,0.05,0.05,41,1212,TRUE,FALSE,2,12793,0.235014778529291,2.53316420700581e-48,47.5963366570768,"Weakly structured"
"NIPAL1",-2.3718,0.00285822145538969,0.0207168425375639,0.024,0.218,"Example_Visium","TLS","Rest","wilcox","SCT",0.25,0.05,0.05,41,1212,TRUE,FALSE,2,12793,0.0202020527808781,0.104029233962752,0.982844599502907,"Not structured"
"REP15",-2.3718,0.00395939641542129,0.0266724896850692,0.024,0.208,"Example_Visium","TLS","Rest","wilcox","SCT",0.25,0.05,0.05,41,1212,TRUE,FALSE,2,12793,0.0398185700586543,0.0070447492534088,2.15213446029755,"Weakly structured"
"CYP2U1",2.371,0.00196016871641935,0.0153560553515939,0.122,0.032,"Example_Visium","TLS","Rest","wilcox","SCT",0.25,0.05,0.05,41,1212,TRUE,FALSE,2,12793,0.0367242983663952,0.0111454566124094,1.95290213443474,"Weakly structured"
"MMP3",2.3698,1.12259472259282e-20,6.52788831187727e-18,0.976,0.578,"Example_Visium","TLS","Rest","wilcox","SCT",0.25,0.05,0.05,41,1212,TRUE,FALSE,2,12793,0.621025510648803,0,325.256101632578,"Spatially structured"
"PBX4",2.3678,0.000420374501859772,0.00421131636827883,0.171,0.049,"Example_Visium","TLS","Rest","wilcox","SCT",0.25,0.05,0.05,41,1212,TRUE,FALSE,2,12793,0.0346981457803954,0.0156247328610803,1.80618739913272,"Weakly structured"
"PLLP",-2.367,0.000119412111146386,0.0014604580668219,0.073,0.364,"Example_Visium","TLS","Rest","wilcox","SCT",0.25,0.05,0.05,41,1212,TRUE,FALSE,2,12793,0.152200405245568,2.5615834057259e-21,20.5914914988324,"Weakly structured"
"PSEN2",-2.3623,0.00278167028988918,0.02024226849747,0.024,0.219,"Example_Visium","TLS","Rest","wilcox","SCT",0.25,0.05,0.05,41,1212,TRUE,FALSE,2,12793,0.00944991713472155,0.272820033813809,0.564123741584,"Not structured"
"B3GNT7",-2.362,1.19128502803881e-12,7.85572647613428e-11,0.488,0.845,"Example_Visium","TLS","Rest","wilcox","SCT",0.25,0.05,0.05,41,1212,TRUE,FALSE,2,12793,0.537872323166746,1.25024274511687e-244,243.903005656888,"Spatially structured"
"DIO2",2.3522,2.7320062877907e-07,6.65724884565836e-06,0.293,0.073,"Example_Visium","TLS","Rest","wilcox","SCT",0.25,0.05,0.05,41,1212,TRUE,FALSE,2,12793,0.187202467665286,1.19424219082453e-31,30.9229075898963,"Weakly structured"
"KCNK1",-2.3512,3.45457928705204e-06,6.57655250286559e-05,0.098,0.475,"Example_Visium","TLS","Rest","wilcox","SCT",0.25,0.05,0.05,41,1212,TRUE,FALSE,2,12793,0.120018377505994,6.52054422814256e-14,13.1857161549712,"Weakly structured"
"CCDC74A",2.3496,0.00297442018188293,0.0213752147826092,0.098,0.023,"Example_Visium","TLS","Rest","wilcox","SCT",0.25,0.05,0.05,41,1212,TRUE,FALSE,2,12793,-0.000302859677859479,0.498078826598431,0.302701919795247,"Not structured"
"TMPRSS5",2.3496,0.00297442018188293,0.0213752147826092,0.098,0.023,"Example_Visium","TLS","Rest","wilcox","SCT",0.25,0.05,0.05,41,1212,TRUE,FALSE,2,12793,0.00517847392847373,0.364311706708302,0.438526873015209,"Not structured"
"CNN1",-2.348,0.004668142174555,0.0302683947486478,0.024,0.203,"Example_Visium","TLS","Rest","wilcox","SCT",0.25,0.05,0.05,41,1212,TRUE,FALSE,2,12793,0.0678461930078932,1.44318829116937e-05,4.8406770032924,"Weakly structured"
"DEGS2",-2.348,0.00419065547229144,0.0277131740705574,0.024,0.206,"Example_Visium","TLS","Rest","wilcox","SCT",0.25,0.05,0.05,41,1212,TRUE,FALSE,2,12793,0.111886501131147,2.42501798170208e-12,11.6152850367215,"Weakly structured"
"SULT1A2",-2.348,0.00693682142183051,0.0410466033531349,0.024,0.191,"Example_Visium","TLS","Rest","wilcox","SCT",0.25,0.05,0.05,41,1212,TRUE,FALSE,2,12793,0.197138433908238,1.24404982073259e-34,33.9051622270118,"Weakly structured"
"TMEM37",-2.3464,2.82780587918666e-05,0.000423607969700643,0.073,0.414,"Example_Visium","TLS","Rest","wilcox","SCT",0.25,0.05,0.05,41,1212,TRUE,FALSE,2,12793,0.354103710464011,3.03132587310448e-107,106.518367373667,"Spatially structured"
"ARHGAP44",-2.3432,0.00376340874439926,0.0256501268338304,0.024,0.21,"Example_Visium","TLS","Rest","wilcox","SCT",0.25,0.05,0.05,41,1212,TRUE,FALSE,2,12793,0.047132681472959,0.00183339061615606,2.73674499582987,"Weakly structured"
"TRAC",2.343,2.6374251661929e-13,1.95032255208704e-11,0.707,0.272,"Example_Visium","TLS","Rest","wilcox","SCT",0.25,0.05,0.05,41,1212,TRUE,FALSE,2,12793,0.151246268013636,4.30536921766452e-21,20.3659895986079,"Weakly structured"
"PTGES",2.3422,1.33262717694733e-11,7.16315103978453e-10,0.561,0.176,"Example_Visium","TLS","Rest","wilcox","SCT",0.25,0.05,0.05,41,1212,TRUE,FALSE,2,12793,0.152650952060184,1.63724336940595e-21,20.7858867597242,"Weakly structured"
"MT1G",-2.3421,0.00321434772163048,0.0227220002730861,0.317,0.484,"Example_Visium","TLS","Rest","wilcox","SCT",0.25,0.05,0.05,41,1212,TRUE,FALSE,2,12793,0.702780857492411,0,415.486700075742,"Spatially structured"
"MUC2",-2.3418,4.02754532071973e-17,8.31038504644636e-15,1,0.992,"Example_Visium","TLS","Rest","wilcox","SCT",0.25,0.05,0.05,41,1212,TRUE,FALSE,2,12793,0.813886605771728,0,556.725957864642,"Spatially structured"
"ITPRIPL1",2.3413,0.000666369430378091,0.00622707386619935,0.122,0.028,"Example_Visium","TLS","Rest","wilcox","SCT",0.25,0.05,0.05,41,1212,TRUE,FALSE,2,12793,0.00151367943789681,0.45302996680897,0.343873069533899,"Not structured"
"RAMP1",2.3413,5.96266613534621e-06,0.000107155073815004,0.22,0.053,"Example_Visium","TLS","Rest","wilcox","SCT",0.25,0.05,0.05,41,1212,TRUE,FALSE,2,12793,0.0664247136077703,1.91786207937779e-05,4.71718262777999,"Weakly structured"
"ARHGEF35",-2.3408,9.08887010960714e-05,0.00117567154006273,0.073,0.37,"Example_Visium","TLS","Rest","wilcox","SCT",0.25,0.05,0.05,41,1212,TRUE,FALSE,2,12793,0.036849411601992,0.0116101786624064,1.93516109710034,"Weakly structured"
"TSPAN7",-2.3384,0.0045416840035559,0.0296071410076452,0.024,0.204,"Example_Visium","TLS","Rest","wilcox","SCT",0.25,0.05,0.05,41,1212,TRUE,FALSE,2,12793,0.0915033585926937,8.28567087085732e-09,8.08167232204055,"Weakly structured"
"MUC5AC",-2.3381,5.95410443226197e-13,4.18521197812787e-11,0.659,0.907,"Example_Visium","TLS","Rest","wilcox","SCT",0.25,0.05,0.05,41,1212,TRUE,FALSE,2,12793,0.588069057736159,4.97548307197715e-292,291.303164747017,"Spatially structured"
"HPGD",-2.3377,2.27628840598574e-05,0.000351175814393248,0.098,0.441,"Example_Visium","TLS","Rest","wilcox","SCT",0.25,0.05,0.05,41,1212,TRUE,FALSE,2,12793,0.339586592378784,8.97310365365528e-99,98.0470573154263,"Spatially structured"
"CA2",-2.3347,1.00351233819165e-09,4.03708595675654e-08,0.415,0.779,"Example_Visium","TLS","Rest","wilcox","SCT",0.25,0.05,0.05,41,1212,TRUE,FALSE,2,12793,0.58451494109321,1.71367258168694e-288,287.766072151812,"Spatially structured"
"FABP2",-2.3335,0.00466395167267755,0.0302565586960263,0.024,0.203,"Example_Visium","TLS","Rest","wilcox","SCT",0.25,0.05,0.05,41,1212,TRUE,FALSE,2,12793,0.139011555248625,4.21903137366938e-18,17.3747872450943,"Weakly structured"
"FOXA1",-2.3287,0.00376696115753614,0.0256606677786793,0.024,0.21,"Example_Visium","TLS","Rest","wilcox","SCT",0.25,0.05,0.05,41,1212,TRUE,FALSE,2,12793,0.0882469590044308,2.62176637543483e-08,7.58140601073135,"Weakly structured"
"LIMD2",2.3287,1.69060983351821e-09,6.51444927716823e-08,0.561,0.21,"Example_Visium","TLS","Rest","wilcox","SCT",0.25,0.05,0.05,41,1212,TRUE,FALSE,2,12793,0.101087108128031,2.20483201204244e-10,9.65662449418808,"Weakly structured"
"A1CF",-2.3271,0.000601523813500555,0.00568757882196053,0.049,0.295,"Example_Visium","TLS","Rest","wilcox","SCT",0.25,0.05,0.05,41,1212,TRUE,FALSE,2,12793,0.0570643485755869,0.000221000123460243,3.65560748369911,"Weakly structured"
"ARHGAP24",2.3208,1.33373700907638e-08,4.37499937361899e-07,0.268,0.053,"Example_Visium","TLS","Rest","wilcox","SCT",0.25,0.05,0.05,41,1212,TRUE,FALSE,2,12793,0.000685966255158202,0.473902679984932,0.324310835298538,"Not structured"
"PDZD3",-2.3173,0.00178472357453431,0.0141407145550614,0.049,0.264,"Example_Visium","TLS","Rest","wilcox","SCT",0.25,0.05,0.05,41,1212,TRUE,FALSE,2,12793,0.153980738607641,8.46041593949417e-22,21.0726082852131,"Weakly structured"
"GRAP",2.3168,1.37230972851025e-05,0.00022372586450983,0.244,0.068,"Example_Visium","TLS","Rest","wilcox","SCT",0.25,0.05,0.05,41,1212,TRUE,FALSE,2,12793,0.0751448696514402,1.64681292318732e-06,5.78335573358194,"Weakly structured"
"ARHGAP15",2.3158,3.32881331899862e-05,0.00048780651534879,0.244,0.072,"Example_Visium","TLS","Rest","wilcox","SCT",0.25,0.05,0.05,41,1212,TRUE,FALSE,2,12793,0.0590584226262468,0.000129387666798545,3.88810711854062,"Weakly structured"
"PIK3CD",2.3141,1.61991102749237e-08,5.19386510644357e-07,0.463,0.159,"Example_Visium","TLS","Rest","wilcox","SCT",0.25,0.05,0.05,41,1212,TRUE,FALSE,2,12793,0.0429775143532467,0.00400314358422466,2.39759883239849,"Weakly structured"
"GLDN",-2.3141,8.1212478034184e-06,0.000140588799931166,0.098,0.457,"Example_Visium","TLS","Rest","wilcox","SCT",0.25,0.05,0.05,41,1212,TRUE,FALSE,2,12793,0.236563166039904,6.65984884704384e-49,48.1765356275324,"Weakly structured"
"CD3E",2.3122,4.36009066430661e-14,3.87351665753295e-12,0.61,0.172,"Example_Visium","TLS","Rest","wilcox","SCT",0.25,0.05,0.05,41,1212,TRUE,FALSE,2,12793,0.10036215671977,2.9088281461168e-10,9.53628193616025,"Weakly structured"
"ITLN1",-2.3029,3.86348145186355e-09,1.40413404016166e-07,0.537,0.83,"Example_Visium","TLS","Rest","wilcox","SCT",0.25,0.05,0.05,41,1212,TRUE,FALSE,2,12793,0.679930515838061,0,388.703569022897,"Spatially structured"
"CHI3L2",2.3007,5.68548813155799e-06,0.000102877580858588,0.195,0.042,"Example_Visium","TLS","Rest","wilcox","SCT",0.25,0.05,0.05,41,1212,TRUE,FALSE,2,12793,0.00297601757457204,0.41804628976476,0.378775626654748,"Not structured"
"MCEMP1",2.3007,0.00132809775729814,0.0110758504622654,0.098,0.021,"Example_Visium","TLS","Rest","wilcox","SCT",0.25,0.05,0.05,41,1212,TRUE,FALSE,2,12793,0.0974568481934334,4.21817643538403e-10,9.37487525880441,"Weakly structured"
"TNFSF11",2.3007,0.000861972496584026,0.00765778760333295,0.122,0.029,"Example_Visium","TLS","Rest","wilcox","SCT",0.25,0.05,0.05,41,1212,TRUE,FALSE,2,12793,0.0536548502335801,0.00041661224448311,3.38026797002605,"Weakly structured"
"BCAS1",-2.2996,2.69041731066028e-08,8.23409297973133e-07,0.244,0.652,"Example_Visium","TLS","Rest","wilcox","SCT",0.25,0.05,0.05,41,1212,TRUE,FALSE,2,12793,0.386832132123741,1.7828002319248e-127,126.748897318088,"Spatially structured"
"SEMA6D",-2.2993,0.00366491327204933,0.0251914188714442,0.024,0.21,"Example_Visium","TLS","Rest","wilcox","SCT",0.25,0.05,0.05,41,1212,TRUE,FALSE,2,12793,0.043587287000246,0.00360833238196643,2.4426934641996,"Weakly structured"
"SYTL2",-2.2971,2.7517217184297e-06,5.3581089716699e-05,0.146,0.512,"Example_Visium","TLS","Rest","wilcox","SCT",0.25,0.05,0.05,41,1212,TRUE,FALSE,2,12793,0.141726069015109,1.04303948414457e-18,17.9816992510926,"Weakly structured"
"EFNA2",-2.2968,1.65923448098048e-07,4.20328449805608e-06,0.122,0.563,"Example_Visium","TLS","Rest","wilcox","SCT",0.25,0.05,0.05,41,1212,TRUE,FALSE,2,12793,0.111623117215597,2.90008261663393e-12,11.5375896298813,"Weakly structured"
"IL7R",2.2904,6.41092711508881e-14,5.57925106009055e-12,0.683,0.243,"Example_Visium","TLS","Rest","wilcox","SCT",0.25,0.05,0.05,41,1212,TRUE,FALSE,2,12793,0.257997999966247,6.28473802459764e-58,57.2017128208965,"Weakly structured"
"FGF2",2.2902,2.81989959149448e-05,0.000422918821500456,0.293,0.099,"Example_Visium","TLS","Rest","wilcox","SCT",0.25,0.05,0.05,41,1212,TRUE,FALSE,2,12793,0.0957012820660736,1.59831841175474e-09,8.79633669767982,"Weakly structured"
"IHH",-2.286,8.88560417758422e-06,0.00015258192515951,0.098,0.456,"Example_Visium","TLS","Rest","wilcox","SCT",0.25,0.05,0.05,41,1212,TRUE,FALSE,2,12793,0.141861538338749,9.65183951496969e-19,18.0153899078928,"Weakly structured"
"LAT",2.2808,6.47734634231885e-11,3.18710352912635e-09,0.512,0.157,"Example_Visium","TLS","Rest","wilcox","SCT",0.25,0.05,0.05,41,1212,TRUE,FALSE,2,12793,0.0797094797966241,4.34319532542196e-07,6.36219063878297,"Weakly structured"
"PLAC8",-2.2805,1.79902681712437e-14,1.66775000517914e-12,0.829,0.942,"Example_Visium","TLS","Rest","wilcox","SCT",0.25,0.05,0.05,41,1212,TRUE,FALSE,2,12793,0.700279375581226,0,412.388920050137,"Spatially structured"
"CEACAM5",-2.2799,6.05064633043829e-19,2.09205185149452e-16,0.951,0.992,"Example_Visium","TLS","Rest","wilcox","SCT",0.25,0.05,0.05,41,1212,TRUE,FALSE,2,12793,0.678449587597622,0,387.431953360222,"Spatially structured"
"CA12",-2.2793,1.35361200938888e-08,4.42883847470893e-07,0.195,0.651,"Example_Visium","TLS","Rest","wilcox","SCT",0.25,0.05,0.05,41,1212,TRUE,FALSE,2,12793,0.263875312864045,2.29949094900678e-60,59.6383682955068,"Weakly structured"
"FYN",2.279,2.67249753149468e-09,9.93873863965448e-08,0.463,0.145,"Example_Visium","TLS","Rest","wilcox","SCT",0.25,0.05,0.05,41,1212,TRUE,FALSE,2,12793,0.0480089624827023,0.0015216944016755,2.81767255715284,"Weakly structured"
"EGR3",2.2742,9.73332728687128e-06,0.000164925107259529,0.195,0.044,"Example_Visium","TLS","Rest","wilcox","SCT",0.25,0.05,0.05,41,1212,TRUE,FALSE,2,12793,0.039404593454669,0.00726571811477033,2.13872145529996,"Weakly structured"
"FADS3",2.2732,1.30393480393903e-06,2.75267952917361e-05,0.366,0.118,"Example_Visium","TLS","Rest","wilcox","SCT",0.25,0.05,0.05,41,1212,TRUE,FALSE,2,12793,0.0679496498453463,1.36128415736143e-05,4.86605120977613,"Weakly structured"
"SLIT2",2.2667,0.0035062213828028,0.0243512975842542,0.122,0.035,"Example_Visium","TLS","Rest","wilcox","SCT",0.25,0.05,0.05,41,1212,TRUE,FALSE,2,12793,0.0236626609022061,0.0689674760543994,1.16135566723571,"Not structured"
"IL2RA",2.2655,8.98149069093509e-08,2.38382179272059e-06,0.39,0.12,"Example_Visium","TLS","Rest","wilcox","SCT",0.25,0.05,0.05,41,1212,TRUE,FALSE,2,12793,0.106417508124318,2.3692446749582e-11,10.625390086809,"Weakly structured"
"OASL",-2.259,0.00661329229779912,0.0394975949419907,0.024,0.192,"Example_Visium","TLS","Rest","wilcox","SCT",0.25,0.05,0.05,41,1212,TRUE,FALSE,2,12793,0.111639322817641,2.68615001793391e-12,11.5708697362163,"Weakly structured"
"NXPE4",-2.2571,1.00969253726053e-08,3.36380120551407e-07,0.244,0.668,"Example_Visium","TLS","Rest","wilcox","SCT",0.25,0.05,0.05,41,1212,TRUE,FALSE,2,12793,0.275712271470424,9.92718392719341e-66,65.0031739315984,"Weakly structured"
"AC147651.4",2.2534,0.00384523137970714,0.0260689162907225,0.098,0.024,"Example_Visium","TLS","Rest","wilcox","SCT",0.25,0.05,0.05,41,1212,TRUE,FALSE,2,12793,-0.00654919104676132,0.650114545139608,0.187010117296613,"Not structured"
"ANKRD36",2.2534,0.00480071168159084,0.0309398007771243,0.098,0.025,"Example_Visium","TLS","Rest","wilcox","SCT",0.25,0.05,0.05,41,1212,TRUE,FALSE,2,12793,0.0129646608438292,0.204114661611068,0.690125798673989,"Not structured"
"CHI3L1",2.2498,1.62358703213918e-12,1.03852744510783e-10,0.805,0.434,"Example_Visium","TLS","Rest","wilcox","SCT",0.25,0.05,0.05,41,1212,TRUE,FALSE,2,12793,0.359125581446506,2.67419225921586e-110,109.572807372648,"Spatially structured"
"C3",2.2418,3.96164196440795e-11,2.04360022784964e-09,0.634,0.248,"Example_Visium","TLS","Rest","wilcox","SCT",0.25,0.05,0.05,41,1212,TRUE,FALSE,2,12793,0.288239419587461,7.65656718930483e-72,71.1159659020257,"Weakly structured"
"CEMIP",2.2392,4.05302804206505e-12,2.38941878996029e-10,0.756,0.328,"Example_Visium","TLS","Rest","wilcox","SCT",0.25,0.05,0.05,41,1212,TRUE,FALSE,2,12793,0.307863845419065,1.18576376103159e-81,80.9260018265703,"Spatially structured"
"TNFRSF4",2.2375,3.06724237250541e-07,7.38968581383459e-06,0.463,0.174,"Example_Visium","TLS","Rest","wilcox","SCT",0.25,0.05,0.05,41,1212,TRUE,FALSE,2,12793,0.136672784214415,1.38668936935619e-17,16.8580208138246,"Weakly structured"
"PTPRC",2.2361,9.33991841931608e-14,7.51481612190633e-12,0.805,0.366,"Example_Visium","TLS","Rest","wilcox","SCT",0.25,0.05,0.05,41,1212,TRUE,FALSE,2,12793,0.132775250623513,1.19015473362744e-16,15.9243965717234,"Weakly structured"
"TNC",2.2357,2.13156252027033e-16,3.45178219263523e-14,0.805,0.3,"Example_Visium","TLS","Rest","wilcox","SCT",0.25,0.05,0.05,41,1212,TRUE,FALSE,2,12793,0.407060016994054,2.46201193818574e-141,140.608709845525,"Spatially structured"
"HIST1H4C",2.2227,5.9535814029365e-06,0.000107155073815004,0.195,0.042,"Example_Visium","TLS","Rest","wilcox","SCT",0.25,0.05,0.05,41,1212,TRUE,FALSE,2,12793,0.0652028688770954,2.57358720234371e-05,4.58946111171338,"Weakly structured"
"NR4A3",2.2227,2.50924988508903e-06,4.92344076379508e-05,0.195,0.04,"Example_Visium","TLS","Rest","wilcox","SCT",0.25,0.05,0.05,41,1212,TRUE,FALSE,2,12793,0.0325183724406559,0.021275784336361,1.67211442058886,"Weakly structured"
"TMEM253",-2.2177,0.000716257409030272,0.00658684054558921,0.073,0.318,"Example_Visium","TLS","Rest","wilcox","SCT",0.25,0.05,0.05,41,1212,TRUE,FALSE,2,12793,0.173709043033695,3.12233918276301e-27,26.5055199208761,"Weakly structured"
"EPOP",2.2172,5.76372583479105e-08,1.61700317115092e-06,0.293,0.067,"Example_Visium","TLS","Rest","wilcox","SCT",0.25,0.05,0.05,41,1212,TRUE,FALSE,2,12793,0.16447954074533,8.47308401514757e-25,24.0719584873103,"Weakly structured"
"LCK",2.2132,5.12206032419698e-12,2.95164494267802e-10,0.585,0.177,"Example_Visium","TLS","Rest","wilcox","SCT",0.25,0.05,0.05,41,1212,TRUE,FALSE,2,12793,0.116966883969281,2.48440693021387e-13,12.6047772679672,"Weakly structured"
"IGSF3",-2.2124,0.00596460745848053,0.0367028490699093,0.024,0.196,"Example_Visium","TLS","Rest","wilcox","SCT",0.25,0.05,0.05,41,1212,TRUE,FALSE,2,12793,0.0529751777121838,0.000545277048037662,3.26338278237989,"Weakly structured"
"LCP1",2.2099,1.68816123191785e-14,1.57639756495803e-12,0.78,0.344,"Example_Visium","TLS","Rest","wilcox","SCT",0.25,0.05,0.05,41,1212,TRUE,FALSE,2,12793,0.174763291874588,1.52079595940124e-27,26.8179290500169,"Weakly structured"
"VILL",-2.2098,2.37525249271344e-09,8.99011986369321e-08,0.317,0.717,"Example_Visium","TLS","Rest","wilcox","SCT",0.25,0.05,0.05,41,1212,TRUE,FALSE,2,12793,0.30354855048755,2.93824257509169e-79,78.5319123526319,"Spatially structured"
"DNAJC12",-2.2089,0.00216533357583281,0.0165775657903227,0.049,0.259,"Example_Visium","TLS","Rest","wilcox","SCT",0.25,0.05,0.05,41,1212,TRUE,FALSE,2,12793,0.0305350705616942,0.0295706333175603,1.5291393740408,"Weakly structured"
"DOC2A",2.2076,0.00484803626769873,0.0311819647926948,0.098,0.025,"Example_Visium","TLS","Rest","wilcox","SCT",0.25,0.05,0.05,41,1212,TRUE,FALSE,2,12793,0.000115539528896534,0.487784937797247,0.311771614298089,"Not structured"
"THEMIS",2.2076,0.00484803626769873,0.0311819647926948,0.098,0.025,"Example_Visium","TLS","Rest","wilcox","SCT",0.25,0.05,0.05,41,1212,TRUE,FALSE,2,12793,-0.00238905371890158,0.549848635218341,0.259756848572612,"Not structured"
"HECTD3",-2.2064,1.81873189862411e-06,3.69318050461877e-05,0.146,0.52,"Example_Visium","TLS","Rest","wilcox","SCT",0.25,0.05,0.05,41,1212,TRUE,FALSE,2,12793,0.07877870719577,6.11283285750455e-07,6.21375747891263,"Weakly structured"
"SLC2A6",2.2028,4.91809535703719e-09,1.7237587370569e-07,0.366,0.091,"Example_Visium","TLS","Rest","wilcox","SCT",0.25,0.05,0.05,41,1212,TRUE,FALSE,2,12793,0.0556661715650482,0.000292825547232995,3.53339103643087,"Weakly structured"
"CEP85L",2.1976,0.0022629804316727,0.017234504003595,0.146,0.045,"Example_Visium","TLS","Rest","wilcox","SCT",0.25,0.05,0.05,41,1212,TRUE,FALSE,2,12793,0.0043388136632936,0.385046928766406,0.414486336303838,"Not structured"
"PARVG",2.1976,5.87145353838961e-08,1.64003286280826e-06,0.341,0.09,"Example_Visium","TLS","Rest","wilcox","SCT",0.25,0.05,0.05,41,1212,TRUE,FALSE,2,12793,0.0276601116196457,0.0429035250666599,1.36750702357041,"Weakly structured"
"PARG",-2.1965,0.00566086272077956,0.0352450857732052,0.024,0.197,"Example_Visium","TLS","Rest","wilcox","SCT",0.25,0.05,0.05,41,1212,TRUE,FALSE,2,12793,0.00446364874169032,0.383068440903807,0.416723625897102,"Not structured"
"SLC9A2",-2.1965,0.0075528511746898,0.0438003740153248,0.024,0.188,"Example_Visium","TLS","Rest","wilcox","SCT",0.25,0.05,0.05,41,1212,TRUE,FALSE,2,12793,0.0373247156384033,0.0106897879788711,1.97103090849744,"Weakly structured"
"ITGAX",2.1937,8.05658215859988e-11,3.93388761660184e-09,0.463,0.121,"Example_Visium","TLS","Rest","wilcox","SCT",0.25,0.05,0.05,41,1212,TRUE,FALSE,2,12793,0.0886837099733854,2.17506829145276e-08,7.66252710278498,"Weakly structured"
"FCGBP",-2.193,2.19638091435259e-16,3.48513884863155e-14,1,0.998,"Example_Visium","TLS","Rest","wilcox","SCT",0.25,0.05,0.05,41,1212,TRUE,FALSE,2,12793,0.813655867467739,0,556.401528961204,"Spatially structured"
"GZMA",-2.1912,0.00273014140057035,0.0199581136785694,0.049,0.252,"Example_Visium","TLS","Rest","wilcox","SCT",0.25,0.05,0.05,41,1212,TRUE,FALSE,2,12793,0.147030408174913,4.85412905193644e-20,19.313888681692,"Weakly structured"
"RNASEL",-2.1912,0.00698849220846674,0.0412950488789446,0.024,0.191,"Example_Visium","TLS","Rest","wilcox","SCT",0.25,0.05,0.05,41,1212,TRUE,FALSE,2,12793,0.0226792018103643,0.0791000094483532,1.10182346462663,"Not structured"
"SLPI",-2.1884,7.18538096222934e-17,1.33221128477971e-14,0.78,0.963,"Example_Visium","TLS","Rest","wilcox","SCT",0.25,0.05,0.05,41,1212,TRUE,FALSE,2,12793,0.586004929260336,3.67098758750126e-290,289.435217083948,"Spatially structured"
"B4GALNT3",-2.1865,1.06769146505561e-09,4.26843028514264e-08,0.268,0.724,"Example_Visium","TLS","Rest","wilcox","SCT",0.25,0.05,0.05,41,1212,TRUE,FALSE,2,12793,0.247708778648648,2.03555265364409e-53,52.6913176592432,"Weakly structured"
"BRIP1",2.1852,3.6303514602474e-05,0.000527163294335358,0.171,0.038,"Example_Visium","TLS","Rest","wilcox","SCT",0.25,0.05,0.05,41,1212,TRUE,FALSE,2,12793,0.0579581881004862,0.000158101561446732,3.80106384085621,"Weakly structured"
"IL24",2.1852,0.000162195439370512,0.0019071381028189,0.22,0.067,"Example_Visium","TLS","Rest","wilcox","SCT",0.25,0.05,0.05,41,1212,TRUE,FALSE,2,12793,0.185809131142652,2.7990539454445e-31,30.5529887314077,"Weakly structured"
"MAGEA11",2.1852,0.00140709036445677,0.0115990886939456,0.122,0.031,"Example_Visium","TLS","Rest","wilcox","SCT",0.25,0.05,0.05,41,1212,TRUE,FALSE,2,12793,0.0827617167147504,1.26631695662365e-07,6.89745757766452,"Weakly structured"
"SUSD3",2.1852,0.000779242438928496,0.00708518018565192,0.171,0.051,"Example_Visium","TLS","Rest","wilcox","SCT",0.25,0.05,0.05,41,1212,TRUE,FALSE,2,12793,-0.009942635278317,0.719728867185754,0.142831078098861,"Not structured"
"SLC1A1",-2.1841,0.00277771244493409,0.0202364893553769,0.049,0.252,"Example_Visium","TLS","Rest","wilcox","SCT",0.25,0.05,0.05,41,1212,TRUE,FALSE,2,12793,0.131475039002378,2.25759051730208e-16,15.64635482778,"Weakly structured"
"EGLN3",-2.1835,9.42129977940637e-05,0.00121010731001953,0.122,0.423,"Example_Visium","TLS","Rest","wilcox","SCT",0.25,0.05,0.05,41,1212,TRUE,FALSE,2,12793,0.270185056862027,3.06274374591885e-63,62.5138893382861,"Weakly structured"
"SLC16A14",-2.1805,0.00884745743835722,0.0497956546453603,0.024,0.183,"Example_Visium","TLS","Rest","wilcox","SCT",0.25,0.05,0.05,41,1212,TRUE,FALSE,2,12793,0.124624450194632,6.64146551345978e-15,14.1777360781347,"Weakly structured"
"FXYD3",-2.1799,3.38905990168945e-18,9.42527028745938e-16,0.976,1,"Example_Visium","TLS","Rest","wilcox","SCT",0.25,0.05,0.05,41,1212,TRUE,FALSE,2,12793,0.803228269582553,0,541.83277949536,"Spatially structured"
"MFAP2",2.1787,8.73647625627182e-07,1.92037355234511e-05,0.293,0.078,"Example_Visium","TLS","Rest","wilcox","SCT",0.25,0.05,0.05,41,1212,TRUE,FALSE,2,12793,0.0744627119096609,2.06186678131184e-06,5.6857393982233,"Weakly structured"
"SDCBP2",-2.1784,2.28357790825316e-12,1.40451020097513e-10,0.561,0.862,"Example_Visium","TLS","Rest","wilcox","SCT",0.25,0.05,0.05,41,1212,TRUE,FALSE,2,12793,0.510016754439506,3.5205963903798e-220,219.453383760638,"Spatially structured"
"SULT1B1",-2.1776,7.59028188811409e-09,2.58251266475116e-07,0.293,0.692,"Example_Visium","TLS","Rest","wilcox","SCT",0.25,0.05,0.05,41,1212,TRUE,FALSE,2,12793,0.287616163619647,2.35590074746402e-71,70.627843010038,"Weakly structured"
"ALPI",-2.1769,0.00285282810853158,0.0207007715238461,0.049,0.251,"Example_Visium","TLS","Rest","wilcox","SCT",0.25,0.05,0.05,41,1212,TRUE,FALSE,2,12793,0.218473968503717,4.79381891040479e-42,41.3193183757461,"Weakly structured"
"KRT20",-2.1765,2.50297581465166e-09,9.3901963627093e-08,0.683,0.88,"Example_Visium","TLS","Rest","wilcox","SCT",0.25,0.05,0.05,41,1212,TRUE,FALSE,2,12793,0.738171932361607,0,457.767427604821,"Spatially structured"
"IL27RA",2.1714,1.89539048939125e-05,0.000299354697910892,0.268,0.08,"Example_Visium","TLS","Rest","wilcox","SCT",0.25,0.05,0.05,41,1212,TRUE,FALSE,2,12793,0.048663363305897,0.00130569162087251,2.88415938291369,"Weakly structured"
"FOXP3",2.1694,0.000261930174257945,0.00284938156401522,0.146,0.035,"Example_Visium","TLS","Rest","wilcox","SCT",0.25,0.05,0.05,41,1212,TRUE,FALSE,2,12793,0.057841517010034,0.000160873799511084,3.79351468091215,"Weakly structured"
"OSCAR",2.1694,0.00427641776021489,0.0281420845712084,0.122,0.035,"Example_Visium","TLS","Rest","wilcox","SCT",0.25,0.05,0.05,41,1212,TRUE,FALSE,2,12793,0.00229541678858054,0.434127905505473,0.362382297051129,"Not structured"
"IKZF1",2.1632,5.11250318576344e-10,2.20216340927514e-08,0.488,0.149,"Example_Visium","TLS","Rest","wilcox","SCT",0.25,0.05,0.05,41,1212,TRUE,FALSE,2,12793,0.0645251401508208,3.47647668563425e-05,4.45886067878645,"Weakly structured"
"IL18RAP",2.1632,0.00603182306647035,0.0369564714987333,0.098,0.026,"Example_Visium","TLS","Rest","wilcox","SCT",0.25,0.05,0.05,41,1212,TRUE,FALSE,2,12793,-8.74353006142788e-05,0.492781797363692,0.307345342748071,"Not structured"
"KCNMB4",2.1632,0.00603182306647035,0.0369564714987333,0.098,0.026,"Example_Visium","TLS","Rest","wilcox","SCT",0.25,0.05,0.05,41,1212,TRUE,FALSE,2,12793,0.0685396563917046,9.40748921566546e-06,5.02652627086403,"Weakly structured"
"PRKCQ",2.1632,0.00734634823360353,0.0428771171627798,0.098,0.026,"Example_Visium","TLS","Rest","wilcox","SCT",0.25,0.05,0.05,41,1212,TRUE,FALSE,2,12793,0.0179478985970363,0.128345922276724,0.891617924895534,"Not structured"
"TRAF3IP2-AS1",2.1632,0.00603182306647035,0.0369564714987333,0.098,0.026,"Example_Visium","TLS","Rest","wilcox","SCT",0.25,0.05,0.05,41,1212,TRUE,FALSE,2,12793,0.0275797614697023,0.0416947182250643,1.37991895680064,"Weakly structured"
"TMEM54",-2.1562,2.2350160091611e-18,6.80775233457093e-16,0.927,0.983,"Example_Visium","TLS","Rest","wilcox","SCT",0.25,0.05,0.05,41,1212,TRUE,FALSE,2,12793,0.655840367918689,0,362.191366895099,"Spatially structured"
"SELENOP",-2.1508,1.510776078381e-15,1.82333569535172e-13,0.976,0.994,"Example_Visium","TLS","Rest","wilcox","SCT",0.25,0.05,0.05,41,1212,TRUE,FALSE,2,12793,0.79952660161683,0,537.037486072355,"Spatially structured"
"NTNG2",2.1487,0.00214485101271511,0.0164653758656501,0.122,0.032,"Example_Visium","TLS","Rest","wilcox","SCT",0.25,0.05,0.05,41,1212,TRUE,FALSE,2,12793,-0.00609068351003821,0.639067546607371,0.194453236413584,"Not structured"
"SIGLEC12",2.1487,0.00142453766623207,0.0117121531903,0.122,0.031,"Example_Visium","TLS","Rest","wilcox","SCT",0.25,0.05,0.05,41,1212,TRUE,FALSE,2,12793,0.0116433152380245,0.227796044005828,0.642453822317312,"Not structured"
"TMEM121",2.1487,0.00214485101271511,0.0164653758656501,0.122,0.032,"Example_Visium","TLS","Rest","wilcox","SCT",0.25,0.05,0.05,41,1212,TRUE,FALSE,2,12793,0.0107150913602523,0.245440531205347,0.61005371778937,"Not structured"
"SH2D2A",2.1454,1.91188620227058e-07,4.79583533051913e-06,0.366,0.109,"Example_Visium","TLS","Rest","wilcox","SCT",0.25,0.05,0.05,41,1212,TRUE,FALSE,2,12793,0.0935714308772704,3.70144265718202e-09,8.4316289743278,"Weakly structured"
"KIAA1217",-2.1434,5.09756036683728e-05,0.0007080682928659,0.098,0.411,"Example_Visium","TLS","Rest","wilcox","SCT",0.25,0.05,0.05,41,1212,TRUE,FALSE,2,12793,0.0345889939079488,0.0164886078755731,1.78281601006068,"Weakly structured"
"PLA2G2A",-2.1406,5.66498394952083e-20,2.588290702365e-17,1,1,"Example_Visium","TLS","Rest","wilcox","SCT",0.25,0.05,0.05,41,1212,TRUE,FALSE,2,12793,0.828173764049176,0,575.432884223899,"Spatially structured"
"ZBTB7C",-2.1404,0.00179299743525062,0.0141941931863621,0.049,0.265,"Example_Visium","TLS","Rest","wilcox","SCT",0.25,0.05,0.05,41,1212,TRUE,FALSE,2,12793,0.108662160967796,1.01014287929023e-11,10.9956171932484,"Weakly structured"
"EBF1",2.1384,0.00366101588279014,0.0251803097787819,0.122,0.035,"Example_Visium","TLS","Rest","wilcox","SCT",0.25,0.05,0.05,41,1212,TRUE,FALSE,2,12793,0.0591565799021248,0.000115828007734102,3.93618641354774,"Weakly structured"
"MAP4K1",2.1343,6.45040917123686e-09,2.24042265133953e-07,0.463,0.145,"Example_Visium","TLS","Rest","wilcox","SCT",0.25,0.05,0.05,41,1212,TRUE,FALSE,2,12793,0.0856143119045058,6.33630563396056e-08,7.1981638825642,"Weakly structured"
"IL1B",2.1334,1.22260665967191e-11,6.65566255199266e-10,0.829,0.415,"Example_Visium","TLS","Rest","wilcox","SCT",0.25,0.05,0.05,41,1212,TRUE,FALSE,2,12793,0.324323748216206,2.06715822875975e-90,89.6846262794215,"Spatially structured"
"ADAM12",2.1248,0.0020079344808187,0.015653568441873,0.146,0.044,"Example_Visium","TLS","Rest","wilcox","SCT",0.25,0.05,0.05,41,1212,TRUE,FALSE,2,12793,0.136072991679439,1.13322116191489e-17,16.945685324006,"Weakly structured"
"FNDC1",2.1248,0.000259416069136041,0.00282683966989555,0.171,0.045,"Example_Visium","TLS","Rest","wilcox","SCT",0.25,0.05,0.05,41,1212,TRUE,FALSE,2,12793,0.113260785751374,9.29372326733226e-13,12.0318102633463,"Weakly structured"
"TMEM236",-2.1228,0.00122727378427082,0.0103292852119583,0.049,0.282,"Example_Visium","TLS","Rest","wilcox","SCT",0.25,0.05,0.05,41,1212,TRUE,FALSE,2,12793,0.29283007696274,5.0305303342189e-74,73.2983862278499,"Weakly structured"
"SMPDL3A",-2.1211,6.53634851491517e-06,0.000116624137449525,0.122,0.502,"Example_Visium","TLS","Rest","wilcox","SCT",0.25,0.05,0.05,41,1212,TRUE,FALSE,2,12793,0.400746236953448,9.36484378818097e-137,136.028499462549,"Spatially structured"
"PIGB",-2.12,0.00599751387267439,0.0368344671018356,0.024,0.196,"Example_Visium","TLS","Rest","wilcox","SCT",0.25,0.05,0.05,41,1212,TRUE,FALSE,2,12793,0.0553709722100787,0.000322773572140837,3.49110203139502,"Weakly structured"
"MYO1A",-2.1175,2.885742177406e-10,1.27741521368702e-08,0.341,0.758,"Example_Visium","TLS","Rest","wilcox","SCT",0.25,0.05,0.05,41,1212,TRUE,FALSE,2,12793,0.246158801601591,8.86919808513287e-53,52.0521156454384,"Weakly structured"
"LRMP",2.1174,2.53263385200675e-05,0.000385255468117983,0.268,0.083,"Example_Visium","TLS","Rest","wilcox","SCT",0.25,0.05,0.05,41,1212,TRUE,FALSE,2,12793,0.0883136028289462,2.35935359110183e-08,7.62720696748373,"Weakly structured"
"CDHR2",-2.1136,2.70100412673908e-06,5.28347795005705e-05,0.244,0.595,"Example_Visium","TLS","Rest","wilcox","SCT",0.25,0.05,0.05,41,1212,TRUE,FALSE,2,12793,0.426096189128976,2.61111899171539e-154,153.583173336424,"Spatially structured"
"OSER1-DT",2.113,0.00372199913581159,0.0254220688438002,0.171,0.061,"Example_Visium","TLS","Rest","wilcox","SCT",0.25,0.05,0.05,41,1212,TRUE,FALSE,2,12793,0.048898471226331,0.00121996793016926,2.91365158566426,"Weakly structured"
"CEACAM1",-2.1112,1.8145508512826e-12,1.1379190706107e-10,0.829,0.958,"Example_Visium","TLS","Rest","wilcox","SCT",0.25,0.05,0.05,41,1212,TRUE,FALSE,2,12793,0.712526211501328,0,426.776633573483,"Spatially structured"
"RASGRP2",2.1112,5.21626064412042e-08,1.49287745906561e-06,0.366,0.1,"Example_Visium","TLS","Rest","wilcox","SCT",0.25,0.05,0.05,41,1212,TRUE,FALSE,2,12793,0.0752787356760067,1.6650505455838e-06,5.77857257817272,"Weakly structured"
"MYRF",-2.1106,0.000980030796462285,0.00855220598850069,0.024,0.257,"Example_Visium","TLS","Rest","wilcox","SCT",0.25,0.05,0.05,41,1212,TRUE,FALSE,2,12793,0.0611954270256323,8.17358547549365e-05,4.08758739137004,"Weakly structured"
"GPD1L",-2.1076,1.4870383681708e-05,0.000240806099291254,0.049,0.399,"Example_Visium","TLS","Rest","wilcox","SCT",0.25,0.05,0.05,41,1212,TRUE,FALSE,2,12793,0.0452936837298164,0.00264273476522576,2.57794642210443,"Weakly structured"
"PRIM1",2.1043,9.70475775794463e-05,0.0012328993644229,0.171,0.041,"Example_Visium","TLS","Rest","wilcox","SCT",0.25,0.05,0.05,41,1212,TRUE,FALSE,2,12793,0.0734092140065414,2.541791163449e-06,5.59486013446159,"Weakly structured"
"TMEM131L",2.1043,2.308393737493e-06,4.56651536772438e-05,0.293,0.083,"Example_Visium","TLS","Rest","wilcox","SCT",0.25,0.05,0.05,41,1212,TRUE,FALSE,2,12793,0.0274109597037389,0.0441330877332944,1.3552356864522,"Weakly structured"
"AC103702.2",-2.1031,0.000115975614724127,0.00142936034601711,0.073,0.375,"Example_Visium","TLS","Rest","wilcox","SCT",0.25,0.05,0.05,41,1212,TRUE,FALSE,2,12793,0.0702314014060652,7.65181543266791e-06,5.11623551401596,"Weakly structured"
"CHRDL2",2.1027,1.14959643547759e-05,0.000190854147299462,0.268,0.078,"Example_Visium","TLS","Rest","wilcox","SCT",0.25,0.05,0.05,41,1212,TRUE,FALSE,2,12793,0.0919479999697715,6.10896418714597e-09,8.2140324208445,"Weakly structured"
"MEDAG",2.1014,0.000451370295442764,0.00445210500354609,0.171,0.048,"Example_Visium","TLS","Rest","wilcox","SCT",0.25,0.05,0.05,41,1212,TRUE,FALSE,2,12793,0.0764205257393176,1.071413366339e-06,5.97004293992036,"Weakly structured"
"FUT2",-2.1012,1.00756475647034e-07,2.6522172694496e-06,0.22,0.631,"Example_Visium","TLS","Rest","wilcox","SCT",0.25,0.05,0.05,41,1212,TRUE,FALSE,2,12793,0.115422223002642,5.4219388923971e-13,12.2658453814151,"Weakly structured"
"GCNT3",-2.1011,7.81860333072435e-13,5.32039321329557e-11,0.463,0.896,"Example_Visium","TLS","Rest","wilcox","SCT",0.25,0.05,0.05,41,1212,TRUE,FALSE,2,12793,0.582392143895982,1.78397037407543e-286,285.748612362114,"Spatially structured"
"RBM41",2.099,0.00108517347253045,0.00931094851380421,0.171,0.053,"Example_Visium","TLS","Rest","wilcox","SCT",0.25,0.05,0.05,41,1212,TRUE,FALSE,2,12793,0.028542829842786,0.0377342247578046,1.42326456807529,"Weakly structured"
"LRRC19",-2.0959,1.20422195405719e-05,0.000198782083332305,0.146,0.493,"Example_Visium","TLS","Rest","wilcox","SCT",0.25,0.05,0.05,41,1212,TRUE,FALSE,2,12793,0.223302563723,8.87307893665378e-44,43.0519256548948,"Weakly structured"
"KLK1",-2.0937,2.71162141504489e-06,5.29614851338463e-05,0.22,0.569,"Example_Visium","TLS","Rest","wilcox","SCT",0.25,0.05,0.05,41,1212,TRUE,FALSE,2,12793,0.285154835021349,3.41967926671867e-70,69.4660146247118,"Weakly structured"
"UNC5CL",-2.0894,9.12944988974582e-05,0.00117853736064095,0.073,0.381,"Example_Visium","TLS","Rest","wilcox","SCT",0.25,0.05,0.05,41,1212,TRUE,FALSE,2,12793,0.128027388323833,1.34748194185552e-15,14.8704770462563,"Weakly structured"
"RASSF5",2.0881,2.14873773219111e-06,4.28842461902042e-05,0.463,0.21,"Example_Visium","TLS","Rest","wilcox","SCT",0.25,0.05,0.05,41,1212,TRUE,FALSE,2,12793,0.123668282164428,1.08196611685613e-14,13.9657863395001,"Weakly structured"
"CYP4F12",-2.0848,0.000138376203186222,0.00166533091943681,0.073,0.37,"Example_Visium","TLS","Rest","wilcox","SCT",0.25,0.05,0.05,41,1212,TRUE,FALSE,2,12793,0.166910671966616,2.87833175212171e-25,24.5408591513958,"Weakly structured"
"AMN",-2.0815,4.27691268010996e-12,2.50984146406636e-10,0.512,0.87,"Example_Visium","TLS","Rest","wilcox","SCT",0.25,0.05,0.05,41,1212,TRUE,FALSE,2,12793,0.499696244392743,1.89820111463946e-211,210.721657775918,"Spatially structured"
"CORO1A",2.0815,4.61254545282501e-10,2.00028115179628e-08,0.756,0.473,"Example_Visium","TLS","Rest","wilcox","SCT",0.25,0.05,0.05,41,1212,TRUE,FALSE,2,12793,0.154840946432916,5.31047468301411e-22,21.2748666572613,"Weakly structured"
"AC034236.2",2.0783,0.00748193894118184,0.0434877078030619,0.098,0.026,"Example_Visium","TLS","Rest","wilcox","SCT",0.25,0.05,0.05,41,1212,TRUE,FALSE,2,12793,-0.00263027584853184,0.555227151080713,0.25552930466376,"Not structured"
"CSTA",2.0783,0.00211805796466014,0.0163132543900645,0.146,0.044,"Example_Visium","TLS","Rest","wilcox","SCT",0.25,0.05,0.05,41,1212,TRUE,FALSE,2,12793,0.0213089033503761,0.0907398425930375,1.04220197844266,"Not structured"
"LTBP2",2.0783,7.41068240517149e-08,2.01284203841526e-06,0.463,0.165,"Example_Visium","TLS","Rest","wilcox","SCT",0.25,0.05,0.05,41,1212,TRUE,FALSE,2,12793,0.153372864560917,1.09951988705695e-21,20.9587969111318,"Weakly structured"
"ZAP70",2.0783,5.88451181876579e-08,1.64009933981418e-06,0.415,0.125,"Example_Visium","TLS","Rest","wilcox","SCT",0.25,0.05,0.05,41,1212,TRUE,FALSE,2,12793,0.0553941860924816,0.000315856181772308,3.50051061890154,"Weakly structured"
"TUBB2A",-2.0773,0.00102430106493577,0.00885996181455258,0.073,0.31,"Example_Visium","TLS","Rest","wilcox","SCT",0.25,0.05,0.05,41,1212,TRUE,FALSE,2,12793,0.208564685609983,1.84117437698965e-38,37.7349050776676,"Weakly structured"
"MBOAT1",-2.0763,2.25010557768275e-05,0.000348493954664594,0.098,0.439,"Example_Visium","TLS","Rest","wilcox","SCT",0.25,0.05,0.05,41,1212,TRUE,FALSE,2,12793,0.0743969375733949,2.30835724820682e-06,5.63669697761403,"Weakly structured"
"IL4I1",2.07,6.58455810225025e-10,2.74385185023086e-08,0.439,0.117,"Example_Visium","TLS","Rest","wilcox","SCT",0.25,0.05,0.05,41,1212,TRUE,FALSE,2,12793,0.218543136934331,2.89797980472001e-42,41.5379046453415,"Weakly structured"
"MUC12",-2.0673,1.02693650502038e-19,4.23793506733088e-17,1,1,"Example_Visium","TLS","Rest","wilcox","SCT",0.25,0.05,0.05,41,1212,TRUE,FALSE,2,12793,0.783747136769486,0,516.059568520405,"Spatially structured"
"TMEM238L",-2.0669,1.57873723545175e-05,0.000254031656831418,0.122,0.469,"Example_Visium","TLS","Rest","wilcox","SCT",0.25,0.05,0.05,41,1212,TRUE,FALSE,2,12793,0.080009839002799,4.14113550316366e-07,6.38288055860328,"Weakly structured"
"CD48",2.0646,0.000102647740737076,0.00129632038227978,0.341,0.145,"Example_Visium","TLS","Rest","wilcox","SCT",0.25,0.05,0.05,41,1212,TRUE,FALSE,2,12793,0.127763847003456,1.3363808998683e-15,14.8740697401134,"Weakly structured"
"PALD1",2.0646,5.61155237057992e-06,0.000101827786491956,0.268,0.074,"Example_Visium","TLS","Rest","wilcox","SCT",0.25,0.05,0.05,41,1212,TRUE,FALSE,2,12793,0.0888025813124533,1.93267100357141e-08,7.71384206914479,"Weakly structured"
"C5AR1",2.0588,1.16026210266633e-06,2.47800218354097e-05,0.341,0.106,"Example_Visium","TLS","Rest","wilcox","SCT",0.25,0.05,0.05,41,1212,TRUE,FALSE,2,12793,0.0607146895067836,8.89388542527786e-05,4.05090846961275,"Weakly structured"
"SPINK4",-2.0575,6.06433395348409e-11,3.00701644445434e-09,0.902,0.988,"Example_Visium","TLS","Rest","wilcox","SCT",0.25,0.05,0.05,41,1212,TRUE,FALSE,2,12793,0.815171377662128,0,557.873279159399,"Spatially structured"
"ITGB2-AS1",2.0555,0.00394284628217411,0.0265757810789533,0.146,0.047,"Example_Visium","TLS","Rest","wilcox","SCT",0.25,0.05,0.05,41,1212,TRUE,FALSE,2,12793,0.0464607044537705,0.00192778465168797,2.71494148174393,"Weakly structured"
"PI3",-2.0549,2.14953300917702e-14,1.97834358175552e-12,0.902,0.988,"Example_Visium","TLS","Rest","wilcox","SCT",0.25,0.05,0.05,41,1212,TRUE,FALSE,2,12793,0.731786149727863,0,450.332345675074,"Spatially structured"
"SLC6A14",-2.0533,5.89637585608192e-10,2.50605768527761e-08,0.293,0.778,"Example_Visium","TLS","Rest","wilcox","SCT",0.25,0.05,0.05,41,1212,TRUE,FALSE,2,12793,0.409899664886955,5.91002848897733e-143,142.22841042562,"Spatially structured"
"SGO2",2.0527,0.000190756442910833,0.00218277922554408,0.171,0.044,"Example_Visium","TLS","Rest","wilcox","SCT",0.25,0.05,0.05,41,1212,TRUE,FALSE,2,12793,0.101396069559407,1.50475993193575e-10,9.8225327815,"Weakly structured"
"CCL2",2.0504,4.31483206138984e-15,4.67793614926782e-13,0.927,0.624,"Example_Visium","TLS","Rest","wilcox","SCT",0.25,0.05,0.05,41,1212,TRUE,FALSE,2,12793,0.246381485479416,6.6560810938129e-53,52.1767813954942,"Weakly structured"
"TTC22",-2.0495,2.5831828759884e-05,0.000392478129839901,0.122,0.465,"Example_Visium","TLS","Rest","wilcox","SCT",0.25,0.05,0.05,41,1212,TRUE,FALSE,2,12793,0.276171658402365,5.73916149683097e-66,65.2411515542745,"Weakly structured"
"AMIGO2",2.0491,0.000791143113210231,0.00715777499808945,0.146,0.039,"Example_Visium","TLS","Rest","wilcox","SCT",0.25,0.05,0.05,41,1212,TRUE,FALSE,2,12793,0.0405949489636662,0.00583109310234183,2.23425002434632,"Weakly structured"
"PLEKHG6",-2.0491,9.4626750955044e-05,0.0012129859969618,0.122,0.42,"Example_Visium","TLS","Rest","wilcox","SCT",0.25,0.05,0.05,41,1212,TRUE,FALSE,2,12793,0.0962380830478857,1.5029604280064e-09,8.82305245396047,"Weakly structured"
"ST3GAL4",-2.0477,1.5160774306307e-10,7.05279220729402e-09,0.415,0.792,"Example_Visium","TLS","Rest","wilcox","SCT",0.25,0.05,0.05,41,1212,TRUE,FALSE,2,12793,0.380582388632005,1.77590138928848e-123,122.750581153015,"Spatially structured"
"AOC1",-2.0456,1.5095145725162e-13,1.15636047462274e-11,0.707,0.936,"Example_Visium","TLS","Rest","wilcox","SCT",0.25,0.05,0.05,41,1212,TRUE,FALSE,2,12793,0.649118171256622,0,354.605063803117,"Spatially structured"
"PDE1B",2.0443,0.00383386724604133,0.0260100129604372,0.122,0.035,"Example_Visium","TLS","Rest","wilcox","SCT",0.25,0.05,0.05,41,1212,TRUE,FALSE,2,12793,0.0386748291638701,0.00810802066150095,2.09108515327399,"Weakly structured"
"TMC8",2.0361,3.66839222678742e-08,1.08885711733855e-06,0.561,0.251,"Example_Visium","TLS","Rest","wilcox","SCT",0.25,0.05,0.05,41,1212,TRUE,FALSE,2,12793,0.165911076991485,5.15881873121559e-25,24.2874497319476,"Weakly structured"
"MCM8",2.0332,0.000349803819735572,0.00360309200151141,0.268,0.101,"Example_Visium","TLS","Rest","wilcox","SCT",0.25,0.05,0.05,41,1212,TRUE,FALSE,2,12793,0.112168599551812,1.97516686106248e-12,11.7043962095172,"Weakly structured"
"SDK1",2.0276,0.00019397646522233,0.0022117120495448,0.171,0.044,"Example_Visium","TLS","Rest","wilcox","SCT",0.25,0.05,0.05,41,1212,TRUE,FALSE,2,12793,0.00920939023715979,0.27618930553554,0.558793141966013,"Not structured"
"MALL",-2.0269,9.18206313187062e-13,6.18242808663268e-11,0.707,0.936,"Example_Visium","TLS","Rest","wilcox","SCT",0.25,0.05,0.05,41,1212,TRUE,FALSE,2,12793,0.6954471904224,0,406.663852106437,"Spatially structured"
"AGR3",-2.0217,2.06019277584685e-11,1.07575698699628e-09,0.366,0.826,"Example_Visium","TLS","Rest","wilcox","SCT",0.25,0.05,0.05,41,1212,TRUE,FALSE,2,12793,0.374637434320477,1.01872095122779e-119,118.991944761959,"Spatially structured"
"HOXB13",-2.0202,3.5463363697102e-09,1.29623660507722e-07,0.341,0.757,"Example_Visium","TLS","Rest","wilcox","SCT",0.25,0.05,0.05,41,1212,TRUE,FALSE,2,12793,0.438231237282878,4.67962720292557e-163,162.329788743114,"Spatially structured"
"TENT5A",-2.014,0.000224735073666956,0.00251070279577704,0.098,0.377,"Example_Visium","TLS","Rest","wilcox","SCT",0.25,0.05,0.05,41,1212,TRUE,FALSE,2,12793,0.103850732502728,7.58907018799487e-11,10.1198114305551,"Weakly structured"
"MMP12",2.0128,1.92326508397924e-19,7.45585764222618e-17,0.951,0.431,"Example_Visium","TLS","Rest","wilcox","SCT",0.25,0.05,0.05,41,1212,TRUE,FALSE,2,12793,0.524339877386534,6.02924879408862e-233,232.219736794809,"Spatially structured"
"CCDC28B",2.0112,0.00136355373731958,0.0113198851145551,0.171,0.054,"Example_Visium","TLS","Rest","wilcox","SCT",0.25,0.05,0.05,41,1212,TRUE,FALSE,2,12793,0.0151138809426134,0.170481640513556,0.768322384137609,"Not structured"
"TMEM154",2.0112,0.000564603726178634,0.00542672837641117,0.171,0.049,"Example_Visium","TLS","Rest","wilcox","SCT",0.25,0.05,0.05,41,1212,TRUE,FALSE,2,12793,0.0316151875445493,0.024634735746838,1.60845209197668,"Weakly structured"
"ZNF736",2.0112,0.00029444191379276,0.00312597128892181,0.244,0.086,"Example_Visium","TLS","Rest","wilcox","SCT",0.25,0.05,0.05,41,1212,TRUE,FALSE,2,12793,0.0273010176616738,0.0448095219580175,1.34862968925149,"Weakly structured"
"MFSD4A",-2.0072,0.000303739319169456,0.00321400918952428,0.122,0.392,"Example_Visium","TLS","Rest","wilcox","SCT",0.25,0.05,0.05,41,1212,TRUE,FALSE,2,12793,0.223863391140267,5.27887024761076e-44,43.2774590126418,"Weakly structured"
"BCAT1",2.0052,4.94583880532241e-05,0.000690743622669101,0.22,0.06,"Example_Visium","TLS","Rest","wilcox","SCT",0.25,0.05,0.05,41,1212,TRUE,FALSE,2,12793,0.0639747437295285,3.75133920906749e-05,4.42581366366437,"Weakly structured"
"SPHK1",2.0043,0.00100196018415608,0.00871385223379251,0.244,0.092,"Example_Visium","TLS","Rest","wilcox","SCT",0.25,0.05,0.05,41,1212,TRUE,FALSE,2,12793,0.161610140269049,5.03961305316053e-24,23.2976028078657,"Weakly structured"
"ADAT1",2.0011,0.00423667815292362,0.0279668852478596,0.195,0.077,"Example_Visium","TLS","Rest","wilcox","SCT",0.25,0.05,0.05,41,1212,TRUE,FALSE,2,12793,0.0409692269850919,0.0056478125570012,2.24811972534345,"Weakly structured"
"LRRC26",-1.9988,8.52699107056802e-05,0.00111298100832265,0.122,0.431,"Example_Visium","TLS","Rest","wilcox","SCT",0.25,0.05,0.05,41,1212,TRUE,FALSE,2,12793,0.202178755622685,3.18633801143874e-36,35.4967081554915,"Weakly structured"
"KIAA0513",-1.997,0.00313057724559659,0.0222497081682873,0.049,0.249,"Example_Visium","TLS","Rest","wilcox","SCT",0.25,0.05,0.05,41,1212,TRUE,FALSE,2,12793,0.033511710859278,0.0192617667599011,1.71530388030155,"Weakly structured"
"GGT6",-1.996,8.12498703312965e-10,3.32086131357277e-08,0.39,0.782,"Example_Visium","TLS","Rest","wilcox","SCT",0.25,0.05,0.05,41,1212,TRUE,FALSE,2,12793,0.460436552125626,8.69093338679523e-180,179.060933578791,"Spatially structured"
"KLF4",-1.9935,3.33802179753762e-10,1.46244222109242e-08,0.488,0.812,"Example_Visium","TLS","Rest","wilcox","SCT",0.25,0.05,0.05,41,1212,TRUE,FALSE,2,12793,0.45888409330235,1.28202833656152e-178,177.892102375538,"Spatially structured"
"PCBP1-AS1",-1.9929,0.00339830994093304,0.0237047868453415,0.049,0.247,"Example_Visium","TLS","Rest","wilcox","SCT",0.25,0.05,0.05,41,1212,TRUE,FALSE,2,12793,0.0433066326035659,0.00380161731001411,2.42003160354479,"Weakly structured"
"MMP19",1.9925,1.36806813095018e-05,0.000223521016593175,0.268,0.078,"Example_Visium","TLS","Rest","wilcox","SCT",0.25,0.05,0.05,41,1212,TRUE,FALSE,2,12793,0.0608589904565118,8.43127916988146e-05,4.07410653044328,"Weakly structured"
"TNFRSF18",1.9913,1.49354956707597e-05,0.000241554735924183,0.341,0.123,"Example_Visium","TLS","Rest","wilcox","SCT",0.25,0.05,0.05,41,1212,TRUE,FALSE,2,12793,0.0386453098022898,0.00851114060825903,2.07001223466524,"Weakly structured"
"MAP7D3",1.9875,7.28423677755817e-06,0.000128221297405404,0.244,0.063,"Example_Visium","TLS","Rest","wilcox","SCT",0.25,0.05,0.05,41,1212,TRUE,FALSE,2,12793,0.059606096673608,0.000113421137311498,3.94530600221285,"Weakly structured"
"CYP3A5",-1.987,8.02849347068573e-07,1.77389493904115e-05,0.195,0.588,"Example_Visium","TLS","Rest","wilcox","SCT",0.25,0.05,0.05,41,1212,TRUE,FALSE,2,12793,0.182237802329154,9.2980657436746e-30,29.0316073873835,"Weakly structured"
"CLEC2D",1.9868,8.19230980023871e-05,0.00107601867838248,0.341,0.136,"Example_Visium","TLS","Rest","wilcox","SCT",0.25,0.05,0.05,41,1212,TRUE,FALSE,2,12793,0.0250373017586206,0.0597067036345342,1.22397690525182,"Not structured"
"AC009133.1",-1.9861,3.12543812914039e-05,0.00046117335624098,0.195,0.502,"Example_Visium","TLS","Rest","wilcox","SCT",0.25,0.05,0.05,41,1212,TRUE,FALSE,2,12793,0.14560352586886,1.19278942919265e-19,18.9234362183676,"Weakly structured"
"MYO1G",1.9856,3.7282151723465e-05,0.000538927194348348,0.366,0.153,"Example_Visium","TLS","Rest","wilcox","SCT",0.25,0.05,0.05,41,1212,TRUE,FALSE,2,12793,0.0614319740475237,7.6050513086611e-05,4.11889785156585,"Weakly structured"
"SNAI1",1.9852,0.000185912454609404,0.00213882916530405,0.244,0.081,"Example_Visium","TLS","Rest","wilcox","SCT",0.25,0.05,0.05,41,1212,TRUE,FALSE,2,12793,0.0598069305794074,0.000108968879265159,3.9626975157585,"Weakly structured"
"CCDC80",1.9844,0.000208518116047653,0.00235235648906316,0.268,0.096,"Example_Visium","TLS","Rest","wilcox","SCT",0.25,0.05,0.05,41,1212,TRUE,FALSE,2,12793,0.0736447735792042,2.66487308409535e-06,5.57432346963537,"Weakly structured"
"CD7",1.9838,2.65468049938862e-10,1.17921276488468e-08,0.585,0.201,"Example_Visium","TLS","Rest","wilcox","SCT",0.25,0.05,0.05,41,1212,TRUE,FALSE,2,12793,0.0653423570940753,2.83220355121655e-05,4.54787553700157,"Weakly structured"
"BCL2L15",-1.9798,1.37629518642254e-06,2.89112386205312e-05,0.195,0.571,"Example_Visium","TLS","Rest","wilcox","SCT",0.25,0.05,0.05,41,1212,TRUE,FALSE,2,12793,0.143876080213747,3.20734991746477e-19,18.4938536565561,"Weakly structured"
"CD79B",1.9787,2.95231198272438e-07,7.13968377977183e-06,0.415,0.136,"Example_Visium","TLS","Rest","wilcox","SCT",0.25,0.05,0.05,41,1212,TRUE,FALSE,2,12793,0.0712445077298317,5.54063509548314e-06,5.25644045139876,"Weakly structured"
"LILRA5",1.9787,0.00391707045799489,0.0264159632942165,0.122,0.035,"Example_Visium","TLS","Rest","wilcox","SCT",0.25,0.05,0.05,41,1212,TRUE,FALSE,2,12793,0.054252565748766,0.000369660831800732,3.43219656358424,"Weakly structured"
"ZNF286A",1.9787,0.000584061687377225,0.00557188752171278,0.171,0.049,"Example_Visium","TLS","Rest","wilcox","SCT",0.25,0.05,0.05,41,1212,TRUE,FALSE,2,12793,0.0329282717656762,0.0204497038002605,1.68931297806466,"Weakly structured"
"WNT4",-1.9786,0.00200259203705269,0.0156214389817165,0.073,0.292,"Example_Visium","TLS","Rest","wilcox","SCT",0.25,0.05,0.05,41,1212,TRUE,FALSE,2,12793,0.138152934785324,6.93646538268669e-18,17.1588617767844,"Weakly structured"
"ABCC6",-1.9765,0.00471588656467883,0.0305389969161844,0.049,0.237,"Example_Visium","TLS","Rest","wilcox","SCT",0.25,0.05,0.05,41,1212,TRUE,FALSE,2,12793,0.0560319123066751,0.000278152884422388,3.55571643210197,"Weakly structured"
"TMC4",-1.9741,5.56417041481977e-08,1.58183182481754e-06,0.195,0.653,"Example_Visium","TLS","Rest","wilcox","SCT",0.25,0.05,0.05,41,1212,TRUE,FALSE,2,12793,0.155451986651037,3.81953141626346e-22,21.4179899134793,"Weakly structured"
"ANKS4B",-1.9724,2.62210813926326e-05,0.000397448215943067,0.122,0.459,"Example_Visium","TLS","Rest","wilcox","SCT",0.25,0.05,0.05,41,1212,TRUE,FALSE,2,12793,0.0962445405287243,1.50454178670199e-09,8.82259574578892,"Weakly structured"
"IGHGP",1.9714,6.51321117622807e-12,3.71979957935204e-10,0.854,0.466,"Example_Visium","TLS","Rest","wilcox","SCT",0.25,0.05,0.05,41,1212,TRUE,FALSE,2,12793,0.466697768990511,5.46937768600648e-185,184.262062085533,"Spatially structured"
"PRSS12",-1.9692,0.000750221096257819,0.00685051997460833,0.049,0.298,"Example_Visium","TLS","Rest","wilcox","SCT",0.25,0.05,0.05,41,1212,TRUE,FALSE,2,12793,0.0776121056510644,8.68027270687191e-07,6.06146663044226,"Weakly structured"
"HLA-DOA",1.9662,4.18421285994602e-09,1.49104833195792e-07,0.439,0.123,"Example_Visium","TLS","Rest","wilcox","SCT",0.25,0.05,0.05,41,1212,TRUE,FALSE,2,12793,0.0859668384917431,5.52040107710575e-08,7.25802936805955,"Weakly structured"
"SLC6A8",-1.9653,1.65478586903361e-08,5.29241890563673e-07,0.488,0.795,"Example_Visium","TLS","Rest","wilcox","SCT",0.25,0.05,0.05,41,1212,TRUE,FALSE,2,12793,0.526246491101818,3.07444795206743e-234,233.512232854814,"Spatially structured"
"MMP25-AS1",1.9651,1.71399486820234e-05,0.000273249275795257,0.268,0.079,"Example_Visium","TLS","Rest","wilcox","SCT",0.25,0.05,0.05,41,1212,TRUE,FALSE,2,12793,0.0272361162251706,0.0451027077629302,1.34579738425955,"Weakly structured"
"IKZF3",1.9633,0.000847543787989989,0.00755057637866012,0.341,0.167,"Example_Visium","TLS","Rest","wilcox","SCT",0.25,0.05,0.05,41,1212,TRUE,FALSE,2,12793,0.0891386247535462,1.88874491278488e-08,7.7238266923961,"Weakly structured"
"C19orf33",-1.9596,2.24922693512153e-17,4.9610965829327e-15,0.902,0.972,"Example_Visium","TLS","Rest","wilcox","SCT",0.25,0.05,0.05,41,1212,TRUE,FALSE,2,12793,0.631053710798637,0,335.571905456008,"Spatially structured"
"SYTL4",-1.9557,0.00414252707514648,0.0275122735547297,0.049,0.241,"Example_Visium","TLS","Rest","wilcox","SCT",0.25,0.05,0.05,41,1212,TRUE,FALSE,2,12793,0.0213137441877232,0.092185458642422,1.03533757926538,"Not structured"
"GSN",-1.9554,3.02857724148297e-13,2.2267004971432e-11,1,0.985,"Example_Visium","TLS","Rest","wilcox","SCT",0.25,0.05,0.05,41,1212,TRUE,FALSE,2,12793,0.754725539970325,0,478.662272755347,"Spatially structured"
"AC239799.2",1.9549,0.00225080400329197,0.0171600331430955,0.146,0.044,"Example_Visium","TLS","Rest","wilcox","SCT",0.25,0.05,0.05,41,1212,TRUE,FALSE,2,12793,0.0798125585488308,3.5436064698793e-07,6.45055451405629,"Weakly structured"
"CD2",1.9533,4.66896511670384e-06,8.6190578265501e-05,0.415,0.167,"Example_Visium","TLS","Rest","wilcox","SCT",0.25,0.05,0.05,41,1212,TRUE,FALSE,2,12793,0.063574617050241,4.4324065474478e-05,4.35336041226525,"Weakly structured"
"TMEM158",1.952,8.50627940003287e-12,4.7313405375922e-10,0.756,0.32,"Example_Visium","TLS","Rest","wilcox","SCT",0.25,0.05,0.05,41,1212,TRUE,FALSE,2,12793,0.171904616923582,1.00474882340971e-26,25.9979424937072,"Weakly structured"
"SMPD3",-1.952,5.11972422390103e-05,0.000710375618181843,0.146,0.463,"Example_Visium","TLS","Rest","wilcox","SCT",0.25,0.05,0.05,41,1212,TRUE,FALSE,2,12793,0.201441845287261,5.78775023997545e-36,35.2374902183513,"Weakly structured"
"RASEF",-1.9498,4.58575782547626e-05,0.000649695221400997,0.049,0.372,"Example_Visium","TLS","Rest","wilcox","SCT",0.25,0.05,0.05,41,1212,TRUE,FALSE,2,12793,0.0648742159304408,3.25233241326436e-05,4.48780507258948,"Weakly structured"
"FRK",-1.9473,0.00058115798371033,0.00556077343725224,0.049,0.305,"Example_Visium","TLS","Rest","wilcox","SCT",0.25,0.05,0.05,41,1212,TRUE,FALSE,2,12793,0.0357556654887381,0.0138036962317334,1.86000460648962,"Weakly structured"
"PTGER4",-1.9473,0.000262753377074872,0.00285590820129043,0.098,0.374,"Example_Visium","TLS","Rest","wilcox","SCT",0.25,0.05,0.05,41,1212,TRUE,FALSE,2,12793,0.0603883973570545,0.000100514239394886,3.99777240936222,"Weakly structured"
"HNRNPA1L2",1.947,0.00638516375242175,0.0384945334046803,0.122,0.037,"Example_Visium","TLS","Rest","wilcox","SCT",0.25,0.05,0.05,41,1212,TRUE,FALSE,2,12793,0.0482903851482401,0.00135037995882483,2.86954401609488,"Weakly structured"
"NEO1",-1.9422,1.71592707110338e-06,3.5122968033001e-05,0.171,0.56,"Example_Visium","TLS","Rest","wilcox","SCT",0.25,0.05,0.05,41,1212,TRUE,FALSE,2,12793,0.0597930455331679,0.000116590437137036,3.93333706937917,"Weakly structured"
"MYH10",1.9408,0.00202868551517368,0.0157741166162139,0.171,0.056,"Example_Visium","TLS","Rest","wilcox","SCT",0.25,0.05,0.05,41,1212,TRUE,FALSE,2,12793,0.0346565919189211,0.0157500170932176,1.80271897054193,"Weakly structured"
"COL12A1",1.9351,2.26747448370812e-12,1.40134304686367e-10,0.756,0.32,"Example_Visium","TLS","Rest","wilcox","SCT",0.25,0.05,0.05,41,1212,TRUE,FALSE,2,12793,0.355179550382786,4.57048087989439e-108,107.340038103541,"Spatially structured"
"TPK1",-1.9346,0.000600703085277745,0.00568401965233594,0.049,0.304,"Example_Visium","TLS","Rest","wilcox","SCT",0.25,0.05,0.05,41,1212,TRUE,FALSE,2,12793,0.0384729161102321,0.00888631072737941,2.0512785048666,"Weakly structured"
"WLS",-1.9331,3.18621316285936e-06,6.09285874326753e-05,0.146,0.533,"Example_Visium","TLS","Rest","wilcox","SCT",0.25,0.05,0.05,41,1212,TRUE,FALSE,2,12793,0.122807891165314,1.75451329309288e-14,13.7558433369983,"Weakly structured"
"SLC11A1",1.9314,1.29116546247009e-05,0.000212039534805903,0.244,0.065,"Example_Visium","TLS","Rest","wilcox","SCT",0.25,0.05,0.05,41,1212,TRUE,FALSE,2,12793,0.0666676703987948,1.83639576248962e-05,4.7360337180458,"Weakly structured"
"SPDEF",-1.9185,8.53462338125945e-05,0.00111298100832265,0.122,0.438,"Example_Visium","TLS","Rest","wilcox","SCT",0.25,0.05,0.05,41,1212,TRUE,FALSE,2,12793,0.25304503893083,1.09634563769372e-55,54.9600525070936,"Weakly structured"
"DUOX2",-1.918,1.09232515347571e-15,1.35671026101114e-13,0.976,0.996,"Example_Visium","TLS","Rest","wilcox","SCT",0.25,0.05,0.05,41,1212,TRUE,FALSE,2,12793,0.700653249604616,0,412.941222710196,"Spatially structured"
"AP003774.2",1.9178,0.000778551939597543,0.00708393667373497,0.244,0.092,"Example_Visium","TLS","Rest","wilcox","SCT",0.25,0.05,0.05,41,1212,TRUE,FALSE,2,12793,0.242817338488264,8.01343803331757e-52,51.0961811170551,"Weakly structured"
"FADS1",1.916,6.91436043814604e-05,0.000924298987306189,0.293,0.102,"Example_Visium","TLS","Rest","wilcox","SCT",0.25,0.05,0.05,41,1212,TRUE,FALSE,2,12793,0.0953703139863984,1.87470729296682e-09,8.72706653112176,"Weakly structured"
"NOSTRIN",-1.9066,0.000282811804827957,0.00303771189786633,0.122,0.395,"Example_Visium","TLS","Rest","wilcox","SCT",0.25,0.05,0.05,41,1212,TRUE,FALSE,2,12793,0.0878003325922258,3.15081228654625e-08,7.50157746967446,"Weakly structured"
"FXYD6",1.9038,0.000596733320620319,0.00565482175607092,0.195,0.061,"Example_Visium","TLS","Rest","wilcox","SCT",0.25,0.05,0.05,41,1212,TRUE,FALSE,2,12793,0.015980949328921,0.157136206990147,0.803723734219827,"Not structured"
"TMEM132A",1.8977,6.62803153037887e-09,2.29168668562532e-07,0.488,0.158,"Example_Visium","TLS","Rest","wilcox","SCT",0.25,0.05,0.05,41,1212,TRUE,FALSE,2,12793,0.138505399655055,5.28410199820164e-18,17.2770288078575,"Weakly structured"
"PPP1R16B",1.8969,9.62365543411369e-05,0.00122747182421352,0.268,0.091,"Example_Visium","TLS","Rest","wilcox","SCT",0.25,0.05,0.05,41,1212,TRUE,FALSE,2,12793,0.0659510763320672,2.30189698129395e-05,4.6379141166127,"Weakly structured"
"DHRS3",-1.895,1.74451550702091e-08,5.53786274970683e-07,0.268,0.705,"Example_Visium","TLS","Rest","wilcox","SCT",0.25,0.05,0.05,41,1212,TRUE,FALSE,2,12793,0.201544247236049,5.490670181883e-36,35.2603746430672,"Weakly structured"
"SLC35A3",-1.8945,6.01416703371721e-10,2.54765691597167e-08,0.366,0.782,"Example_Visium","TLS","Rest","wilcox","SCT",0.25,0.05,0.05,41,1212,TRUE,FALSE,2,12793,0.221445883105892,4.49977481530538e-43,42.3468092193174,"Weakly structured"
"ABHD3",-1.8944,5.19172422489119e-05,0.000718029491989546,0.22,0.512,"Example_Visium","TLS","Rest","wilcox","SCT",0.25,0.05,0.05,41,1212,TRUE,FALSE,2,12793,0.247806124194361,1.76301248862045e-53,52.7537446112856,"Weakly structured"
"SCNN1A",-1.8942,1.58959222768527e-11,8.43803044347621e-10,0.537,0.868,"Example_Visium","TLS","Rest","wilcox","SCT",0.25,0.05,0.05,41,1212,TRUE,FALSE,2,12793,0.371454492615104,9.67075204400145e-118,117.014539751785,"Spatially structured"
"SLC40A1",-1.893,8.61320109525597e-10,3.5091936818984e-08,0.634,0.881,"Example_Visium","TLS","Rest","wilcox","SCT",0.25,0.05,0.05,41,1212,TRUE,FALSE,2,12793,0.590811210214426,1.00668651665575e-294,293.997105748197,"Spatially structured"
"PTGDS",1.8915,3.55489456543976e-08,1.06008778964268e-06,0.61,0.29,"Example_Visium","TLS","Rest","wilcox","SCT",0.25,0.05,0.05,41,1212,TRUE,FALSE,2,12793,0.145766761308975,1.0304643312075e-19,18.9869670364203,"Weakly structured"
"ITM2C",-1.8895,1.31211094424194e-16,2.29942949447769e-14,0.976,0.999,"Example_Visium","TLS","Rest","wilcox","SCT",0.25,0.05,0.05,41,1212,TRUE,FALSE,2,12793,0.762630413110113,0,488.771759995769,"Spatially structured"
"MXI1",-1.8892,0.000192237446432981,0.0021977601896489,0.171,0.446,"Example_Visium","TLS","Rest","wilcox","SCT",0.25,0.05,0.05,41,1212,TRUE,FALSE,2,12793,0.178404143287479,1.32590423042646e-28,27.8774878437287,"Weakly structured"
"HBA2",1.8869,8.6075747228763e-16,1.1122899336339e-13,1,0.682,"Example_Visium","TLS","Rest","wilcox","SCT",0.25,0.05,0.05,41,1212,TRUE,FALSE,2,12793,0.421402791211791,4.60610283665714e-151,150.336666370129,"Spatially structured"
"SYTL3",1.8856,0.00201920884674925,0.0157127364820335,0.146,0.043,"Example_Visium","TLS","Rest","wilcox","SCT",0.25,0.05,0.05,41,1212,TRUE,FALSE,2,12793,0.0214742112356256,0.0890265221018903,1.05048059238215,"Not structured"
"ANKRD44",1.8856,2.11102267803259e-05,0.000330554628152642,0.293,0.093,"Example_Visium","TLS","Rest","wilcox","SCT",0.25,0.05,0.05,41,1212,TRUE,FALSE,2,12793,0.000712313384170811,0.47356687901068,0.324618679523942,"Not structured"
"QTRT2",1.8856,2.93036165064894e-05,0.000434896944277864,0.317,0.11,"Example_Visium","TLS","Rest","wilcox","SCT",0.25,0.05,0.05,41,1212,TRUE,FALSE,2,12793,0.0696019403793282,8.70095161547903e-06,5.06043324637558,"Weakly structured"
"SNX10",1.8856,3.78739733504489e-05,0.000545632591297627,0.293,0.097,"Example_Visium","TLS","Rest","wilcox","SCT",0.25,0.05,0.05,41,1212,TRUE,FALSE,2,12793,0.0489980890961849,0.00123235551906144,2.90926398560241,"Weakly structured"
"CIP2A",1.8856,0.00651323328145736,0.0391191518167531,0.122,0.037,"Example_Visium","TLS","Rest","wilcox","SCT",0.25,0.05,0.05,41,1212,TRUE,FALSE,2,12793,0.019864463410715,0.105874412688366,0.97520898579379,"Not structured"
"PIGZ",-1.8805,2.16240449209743e-06,4.30897829710318e-05,0.195,0.583,"Example_Visium","TLS","Rest","wilcox","SCT",0.25,0.05,0.05,41,1212,TRUE,FALSE,2,12793,0.23875511403443,9.0770540058665e-50,49.0420550806194,"Weakly structured"
"FAM8A1",-1.8804,0.000284762533251169,0.00305361868221475,0.122,0.396,"Example_Visium","TLS","Rest","wilcox","SCT",0.25,0.05,0.05,41,1212,TRUE,FALSE,2,12793,0.0878567594146779,3.09050318582418e-08,7.50997080438241,"Weakly structured"
"RHOH",1.8771,2.41647250787908e-05,0.000369342088330909,0.341,0.125,"Example_Visium","TLS","Rest","wilcox","SCT",0.25,0.05,0.05,41,1212,TRUE,FALSE,2,12793,0.0573042985739298,0.00020340039949049,3.69164819843223,"Weakly structured"
"TIMP1",1.8753,7.51891631406732e-20,3.31687918640908e-17,1,0.994,"Example_Visium","TLS","Rest","wilcox","SCT",0.25,0.05,0.05,41,1212,TRUE,FALSE,2,12793,0.371562265999821,5.02789590565267e-118,117.298613722249,"Spatially structured"
"NEDD4L",-1.8734,1.26478072907801e-06,2.68776409752408e-05,0.268,0.613,"Example_Visium","TLS","Rest","wilcox","SCT",0.25,0.05,0.05,41,1212,TRUE,FALSE,2,12793,0.123852409883297,1.06589394397216e-14,13.9722860052898,"Weakly structured"
"FBXO41",1.8707,0.0003115350579458,0.00327214121206947,0.22,0.07,"Example_Visium","TLS","Rest","wilcox","SCT",0.25,0.05,0.05,41,1212,TRUE,FALSE,2,12793,0.0582795979226842,0.000155811338334152,3.80740094206277,"Weakly structured"
"ADAMTS4",1.8702,1.54070051057596e-08,4.97731859388845e-07,0.659,0.314,"Example_Visium","TLS","Rest","wilcox","SCT",0.25,0.05,0.05,41,1212,TRUE,FALSE,2,12793,0.245651781786166,1.13008435248511e-52,51.9468891384179,"Weakly structured"
"IGFBP5",1.87,4.63061779375212e-18,1.26041475394619e-15,1,0.893,"Example_Visium","TLS","Rest","wilcox","SCT",0.25,0.05,0.05,41,1212,TRUE,FALSE,2,12793,0.413122748959193,3.10200725769881e-145,144.508357190412,"Spatially structured"
"SOX12",1.8693,0.000249923817103776,0.00274916198814154,0.22,0.068,"Example_Visium","TLS","Rest","wilcox","SCT",0.25,0.05,0.05,41,1212,TRUE,FALSE,2,12793,0.0325967815033201,0.0216165478573445,1.66521366127141,"Weakly structured"
"HAGHL",1.8677,0.000109184450986927,0.00136140027434285,0.22,0.064,"Example_Visium","TLS","Rest","wilcox","SCT",0.25,0.05,0.05,41,1212,TRUE,FALSE,2,12793,0.0246407006914218,0.0621579330706417,1.20650343550282,"Not structured"
"MARCH1",1.8677,0.000607145845041749,0.00573649689484423,0.195,0.061,"Example_Visium","TLS","Rest","wilcox","SCT",0.25,0.05,0.05,41,1212,TRUE,FALSE,2,12793,0.0397746451962355,0.00687862880233302,2.16249812614396,"Weakly structured"
"CD3D",1.8663,3.59098473266003e-07,8.57079620987309e-06,0.512,0.205,"Example_Visium","TLS","Rest","wilcox","SCT",0.25,0.05,0.05,41,1212,TRUE,FALSE,2,12793,0.0921679594017362,6.51270403707482e-09,8.18623865742945,"Weakly structured"
"MDK",-1.865,1.24174020202583e-09,4.93341068463244e-08,0.78,0.912,"Example_Visium","TLS","Rest","wilcox","SCT",0.25,0.05,0.05,41,1212,TRUE,FALSE,2,12793,0.584033527319198,4.39732369918507e-288,287.356811563583,"Spatially structured"
"SEMA3A",1.8633,0.00672972204041865,0.0400620447012916,0.146,0.05,"Example_Visium","TLS","Rest","wilcox","SCT",0.25,0.05,0.05,41,1212,TRUE,FALSE,2,12793,0.0536718626918984,0.00043681732553861,3.35970014448695,"Weakly structured"
"TRAF3IP3",1.8618,0.000805017851380902,0.00724233007926574,0.244,0.092,"Example_Visium","TLS","Rest","wilcox","SCT",0.25,0.05,0.05,41,1212,TRUE,FALSE,2,12793,0.0283077702958415,0.0393482429193743,1.40507465612467,"Weakly structured"
"SCG2",1.8601,0.000427472447680327,0.00426905154033913,0.146,0.036,"Example_Visium","TLS","Rest","wilcox","SCT",0.25,0.05,0.05,41,1212,TRUE,FALSE,2,12793,0.150023861830535,1.79873605276705e-21,20.7450325605215,"Weakly structured"
"RASA3",1.8581,1.10691487006199e-06,2.37596676723205e-05,0.439,0.159,"Example_Visium","TLS","Rest","wilcox","SCT",0.25,0.05,0.05,41,1212,TRUE,FALSE,2,12793,0.0568631442317027,0.000228103509638803,3.64186803254431,"Weakly structured"
"TLCD2",-1.8558,0.000139813571306232,0.00168104794898555,0.146,0.435,"Example_Visium","TLS","Rest","wilcox","SCT",0.25,0.05,0.05,41,1212,TRUE,FALSE,2,12793,0.157055712268583,1.43000117247113e-22,21.8446636064527,"Weakly structured"
"PHGR1",-1.8536,3.83373861460054e-15,4.19188188859698e-13,1,1,"Example_Visium","TLS","Rest","wilcox","SCT",0.25,0.05,0.05,41,1212,TRUE,FALSE,2,12793,0.840365078385671,0,592.175019524893,"Spatially structured"
"WNT5B",-1.8531,0.00100694400407094,0.00873937221443659,0.098,0.339,"Example_Visium","TLS","Rest","wilcox","SCT",0.25,0.05,0.05,41,1212,TRUE,FALSE,2,12793,0.117994630412521,1.65087101778584e-13,12.7822868567506,"Weakly structured"
"WFDC2",-1.8531,7.59366678619468e-13,5.22289135461229e-11,0.829,0.948,"Example_Visium","TLS","Rest","wilcox","SCT",0.25,0.05,0.05,41,1212,TRUE,FALSE,2,12793,0.641441081065148,0,346.391505646905,"Spatially structured"
"ARHGAP30",1.8526,2.68114331804227e-05,0.000405435773850057,0.39,0.158,"Example_Visium","TLS","Rest","wilcox","SCT",0.25,0.05,0.05,41,1212,TRUE,FALSE,2,12793,0.0626212726264691,5.61012450600205e-05,4.25102750030005,"Weakly structured"
"HOXD13",-1.8525,0.00118492961379686,0.0100118748737397,0.049,0.285,"Example_Visium","TLS","Rest","wilcox","SCT",0.25,0.05,0.05,41,1212,TRUE,FALSE,2,12793,0.0847951664459177,8.63865830541723e-08,7.06355370379437,"Weakly structured"
"INHBA",1.8522,0.000206895871211964,0.00233817922298114,0.341,0.143,"Example_Visium","TLS","Rest","wilcox","SCT",0.25,0.05,0.05,41,1212,TRUE,FALSE,2,12793,0.30670958809419,1.03020007166683e-81,80.9870784242433,"Spatially structured"
"CLRN3",-1.8503,3.98839811212755e-08,1.17295579421719e-06,0.293,0.702,"Example_Visium","TLS","Rest","wilcox","SCT",0.25,0.05,0.05,41,1212,TRUE,FALSE,2,12793,0.157210676240058,1.32206011560156e-22,21.8787487965293,"Weakly structured"
"FYB1",1.85,1.13388752325878e-05,0.000189371058551561,0.415,0.173,"Example_Visium","TLS","Rest","wilcox","SCT",0.25,0.05,0.05,41,1212,TRUE,FALSE,2,12793,0.0290554429629176,0.0360312635960927,1.44332050714783,"Weakly structured"
"CCL28",-1.8483,6.29480281441378e-08,1.73554768113783e-06,0.268,0.686,"Example_Visium","TLS","Rest","wilcox","SCT",0.25,0.05,0.05,41,1212,TRUE,FALSE,2,12793,0.242248722035464,3.56460245251555e-51,50.4479888984365,"Weakly structured"
"PARM1",-1.8464,9.25307201925708e-14,7.49206014825037e-12,0.756,0.927,"Example_Visium","TLS","Rest","wilcox","SCT",0.25,0.05,0.05,41,1212,TRUE,FALSE,2,12793,0.535794317842678,6.74886832929728e-243,242.170769044879,"Spatially structured"
"SELL",1.8446,9.4116470413905e-05,0.00121008241809556,0.244,0.076,"Example_Visium","TLS","Rest","wilcox","SCT",0.25,0.05,0.05,41,1212,TRUE,FALSE,2,12793,0.0166413522807697,0.147776832941876,0.830393645197781,"Not structured"
"PCSK6",-1.8446,0.000309096461465736,0.00325454405887338,0.098,0.378,"Example_Visium","TLS","Rest","wilcox","SCT",0.25,0.05,0.05,41,1212,TRUE,FALSE,2,12793,0.105920691015416,3.2453518987723e-11,10.488738205055,"Weakly structured"
"CDCP1",-1.8414,7.36817862573637e-08,2.00555551402224e-06,0.268,0.677,"Example_Visium","TLS","Rest","wilcox","SCT",0.25,0.05,0.05,41,1212,TRUE,FALSE,2,12793,0.0805488610403369,3.50747624644271e-07,6.4550052614468,"Weakly structured"
"TLR3",-1.8389,0.00152802670742489,0.0124589201198767,0.049,0.278,"Example_Visium","TLS","Rest","wilcox","SCT",0.25,0.05,0.05,41,1212,TRUE,FALSE,2,12793,0.135924461415313,2.27777546363674e-17,16.6424890896115,"Weakly structured"
"GPA33",-1.8359,4.45084489326432e-13,3.16331437330725e-11,0.707,0.952,"Example_Visium","TLS","Rest","wilcox","SCT",0.25,0.05,0.05,41,1212,TRUE,FALSE,2,12793,0.564137951917913,5.45961811500398e-269,268.262837733916,"Spatially structured"
"AC004918.1",1.835,0.00322454356019675,0.0227657758088284,0.146,0.045,"Example_Visium","TLS","Rest","wilcox","SCT",0.25,0.05,0.05,41,1212,TRUE,FALSE,2,12793,0.013934594997155,0.188972803503856,0.723600693911874,"Not structured"
"HOXD8",1.835,0.00370235920856262,0.0253317521271359,0.146,0.046,"Example_Visium","TLS","Rest","wilcox","SCT",0.25,0.05,0.05,41,1212,TRUE,FALSE,2,12793,0.007020629301254,0.32368089057237,0.489882939658126,"Not structured"
"LEF1",1.835,0.00279534946575877,0.0203302477063399,0.146,0.045,"Example_Visium","TLS","Rest","wilcox","SCT",0.25,0.05,0.05,41,1212,TRUE,FALSE,2,12793,0.0291071163384723,0.0349403469342219,1.45667278707861,"Weakly structured"
"KIAA1324",-1.8345,0.00017914914716977,0.00207476024977971,0.098,0.399,"Example_Visium","TLS","Rest","wilcox","SCT",0.25,0.05,0.05,41,1212,TRUE,FALSE,2,12793,0.165132002077728,9.12156095817465e-25,24.0399308351899,"Weakly structured"
"HSD17B2",-1.8332,7.24267462459462e-06,0.000127800739961985,0.171,0.549,"Example_Visium","TLS","Rest","wilcox","SCT",0.25,0.05,0.05,41,1212,TRUE,FALSE,2,12793,0.333014798420381,5.40829290735886e-95,94.2669397955049,"Spatially structured"
"SERINC2",-1.8275,3.39696745910597e-12,2.03071984599732e-10,0.61,0.907,"Example_Visium","TLS","Rest","wilcox","SCT",0.25,0.05,0.05,41,1212,TRUE,FALSE,2,12793,0.473726671350955,2.62620461315685e-190,189.580671440127,"Spatially structured"
"COL13A1",1.8267,0.00884317022982393,0.0497934316681944,0.122,0.039,"Example_Visium","TLS","Rest","wilcox","SCT",0.25,0.05,0.05,41,1212,TRUE,FALSE,2,12793,0.0176558898753474,0.133117485437159,0.875764894712309,"Not structured"
"EGFL6",1.8267,0.00884317022982393,0.0497934316681944,0.122,0.039,"Example_Visium","TLS","Rest","wilcox","SCT",0.25,0.05,0.05,41,1212,TRUE,FALSE,2,12793,0.0886735723354835,1.78341269702462e-08,7.74874814571922,"Weakly structured"
"PDPN",1.8267,1.04031273656733e-11,5.71189735575358e-10,0.683,0.249,"Example_Visium","TLS","Rest","wilcox","SCT",0.25,0.05,0.05,41,1212,TRUE,FALSE,2,12793,0.221140052426613,4.83924688133738e-43,42.3152222211508,"Weakly structured"
"SGTB",1.8267,0.00884317022982393,0.0497934316681944,0.122,0.039,"Example_Visium","TLS","Rest","wilcox","SCT",0.25,0.05,0.05,41,1212,TRUE,FALSE,2,12793,0.0384293136410774,0.00847120152092361,2.07205498672959,"Weakly structured"
"Z83745.1",1.8267,0.00664345579490958,0.0396592300439936,0.122,0.037,"Example_Visium","TLS","Rest","wilcox","SCT",0.25,0.05,0.05,41,1212,TRUE,FALSE,2,12793,-0.00964786084951582,0.714448555415666,0.146029037556654,"Not structured"
"ARPIN",-1.8252,0.00215862139035402,0.0165360739202389,0.073,0.291,"Example_Visium","TLS","Rest","wilcox","SCT",0.25,0.05,0.05,41,1212,TRUE,FALSE,2,12793,0.0290595537394447,0.0361388156579562,1.44202608424997,"Weakly structured"
"PC",-1.8252,0.00411539735205886,0.0274067039692291,0.073,0.271,"Example_Visium","TLS","Rest","wilcox","SCT",0.25,0.05,0.05,41,1212,TRUE,FALSE,2,12793,0.101615865805149,1.83779578802863e-10,9.73570274815096,"Weakly structured"
"TCEA3",-1.8236,4.8884303279623e-05,0.00068421979415341,0.195,0.508,"Example_Visium","TLS","Rest","wilcox","SCT",0.25,0.05,0.05,41,1212,TRUE,FALSE,2,12793,0.224549726489887,3.07599333151785e-44,43.5120146103817,"Weakly structured"
"PFKFB4",1.8226,0.000509615914084546,0.00495403980918206,0.244,0.087,"Example_Visium","TLS","Rest","wilcox","SCT",0.25,0.05,0.05,41,1212,TRUE,FALSE,2,12793,0.056437034028982,0.000244432558637577,3.61184094615918,"Weakly structured"
"MOGAT2",-1.8194,0.000329683274940025,0.00344016161199652,0.098,0.377,"Example_Visium","TLS","Rest","wilcox","SCT",0.25,0.05,0.05,41,1212,TRUE,FALSE,2,12793,0.124325010157505,8.31119010473263e-15,14.0803367838078,"Weakly structured"
"CREB3L1",-1.8192,9.58194129537953e-10,3.8669329650407e-08,0.341,0.763,"Example_Visium","TLS","Rest","wilcox","SCT",0.25,0.05,0.05,41,1212,TRUE,FALSE,2,12793,0.264101421413314,1.81241095815257e-60,59.7417433206648,"Weakly structured"
"ITGAL",1.8171,5.34915219657216e-08,1.5274933939899e-06,0.537,0.211,"Example_Visium","TLS","Rest","wilcox","SCT",0.25,0.05,0.05,41,1212,TRUE,FALSE,2,12793,0.0771236614492382,9.99607145962686e-07,6.00017064786265,"Weakly structured"
"PAPSS2",-1.8161,9.91802093065701e-09,3.31791436560133e-07,0.39,0.746,"Example_Visium","TLS","Rest","wilcox","SCT",0.25,0.05,0.05,41,1212,TRUE,FALSE,2,12793,0.181700130959852,1.3592591455623e-29,28.866697736234,"Weakly structured"
"ALKBH2",1.8152,3.35216525313929e-05,0.000490666476926899,0.293,0.096,"Example_Visium","TLS","Rest","wilcox","SCT",0.25,0.05,0.05,41,1212,TRUE,FALSE,2,12793,0.0738858217488228,2.51540225611964e-06,5.59939255389086,"Weakly structured"
"ADAM8",1.8113,1.74178768731531e-08,5.53786274970683e-07,0.488,0.161,"Example_Visium","TLS","Rest","wilcox","SCT",0.25,0.05,0.05,41,1212,TRUE,FALSE,2,12793,0.0702784704286163,7.39025676837069e-06,5.13134047213978,"Weakly structured"
"C1QTNF12",-1.8102,0.000860769706503215,0.00765241616073359,0.098,0.35,"Example_Visium","TLS","Rest","wilcox","SCT",0.25,0.05,0.05,41,1212,TRUE,FALSE,2,12793,0.220958284199282,6.37391413114175e-43,42.1955937916032,"Weakly structured"
"RELT",1.8093,6.35213996789555e-07,1.43689113414863e-05,0.415,0.142,"Example_Visium","TLS","Rest","wilcox","SCT",0.25,0.05,0.05,41,1212,TRUE,FALSE,2,12793,0.0463587092898879,0.00211975494913813,2.67371434208463,"Weakly structured"
"CD53",1.809,1.78631177851102e-09,6.84200197080585e-08,0.683,0.303,"Example_Visium","TLS","Rest","wilcox","SCT",0.25,0.05,0.05,41,1212,TRUE,FALSE,2,12793,0.141266122934887,1.29105421895508e-18,17.8890555187727,"Weakly structured"
"FAM13A",-1.8079,0.00513205354721538,0.0326268133288264,0.073,0.265,"Example_Visium","TLS","Rest","wilcox","SCT",0.25,0.05,0.05,41,1212,TRUE,FALSE,2,12793,0.065435459102538,2.78218461826881e-05,4.55561405477707,"Weakly structured"
"DUSP14",1.8059,0.00224764081203148,0.0171461353060934,0.195,0.07,"Example_Visium","TLS","Rest","wilcox","SCT",0.25,0.05,0.05,41,1212,TRUE,FALSE,2,12793,0.0437954230140954,0.00336065818872512,2.47357565721202,"Weakly structured"
"PGM1",-1.8047,2.97139330444049e-06,5.7421502331884e-05,0.171,0.556,"Example_Visium","TLS","Rest","wilcox","SCT",0.25,0.05,0.05,41,1212,TRUE,FALSE,2,12793,0.0896466444232077,1.67942874685598e-08,7.77483841724876,"Weakly structured"
"HJURP",1.8038,0.00028786215656686,0.00308169085268606,0.268,0.098,"Example_Visium","TLS","Rest","wilcox","SCT",0.25,0.05,0.05,41,1212,TRUE,FALSE,2,12793,0.0545805794767059,0.000375401050612071,3.42550451627944,"Weakly structured"
"PPP1R18",1.8,2.82067470590062e-09,1.04291593967013e-07,0.634,0.262,"Example_Visium","TLS","Rest","wilcox","SCT",0.25,0.05,0.05,41,1212,TRUE,FALSE,2,12793,0.113640201996058,1.15679987323889e-12,11.9367417676391,"Weakly structured"
"PADI2",-1.7998,0.000482232410828868,0.00471291003188213,0.22,0.479,"Example_Visium","TLS","Rest","wilcox","SCT",0.25,0.05,0.05,41,1212,TRUE,FALSE,2,12793,0.495054033101003,1.22661507164021e-207,206.911291703361,"Spatially structured"
"C2orf72",-1.7969,0.000128820929691086,0.00156209114079437,0.098,0.402,"Example_Visium","TLS","Rest","wilcox","SCT",0.25,0.05,0.05,41,1212,TRUE,FALSE,2,12793,0.179670609935573,5.39511728605547e-29,28.2679991096218,"Weakly structured"
"LINC02747",-1.7915,0.00455167083836679,0.0296484343356549,0.024,0.211,"Example_Visium","TLS","Rest","wilcox","SCT",0.25,0.05,0.05,41,1212,TRUE,FALSE,2,12793,0.0439634021203064,0.00335630195018659,2.47413897472031,"Weakly structured"
"C4orf46",1.7905,0.000440215364657321,0.00436706909298458,0.22,0.072,"Example_Visium","TLS","Rest","wilcox","SCT",0.25,0.05,0.05,41,1212,TRUE,FALSE,2,12793,0.0363520929501611,0.01224880392494,1.91190631735327,"Weakly structured"
"ACAP1",1.7893,2.38076219477207e-07,5.85713283802291e-06,0.537,0.231,"Example_Visium","TLS","Rest","wilcox","SCT",0.25,0.05,0.05,41,1212,TRUE,FALSE,2,12793,0.0998184718607926,3.70231689801768e-10,9.43152641076675,"Weakly structured"
"AC100861.1",1.7888,0.000581612308600712,0.0055609613332802,0.195,0.06,"Example_Visium","TLS","Rest","wilcox","SCT",0.25,0.05,0.05,41,1212,TRUE,FALSE,2,12793,0.0176534029573548,0.134047992693955,0.872739684989315,"Not structured"
"RASAL3",1.7861,1.42047557715136e-07,3.63442881169946e-06,0.537,0.21,"Example_Visium","TLS","Rest","wilcox","SCT",0.25,0.05,0.05,41,1212,TRUE,FALSE,2,12793,0.0758426313048288,1.47062925915904e-06,5.83249679769727,"Weakly structured"
"SLF1",1.7861,0.00432752892826738,0.0284199576895916,0.146,0.047,"Example_Visium","TLS","Rest","wilcox","SCT",0.25,0.05,0.05,41,1212,TRUE,FALSE,2,12793,0.00579011383792474,0.351755009684493,0.453759708639945,"Not structured"
"PDE9A",-1.7844,0.000318917197910881,0.00334418664989665,0.073,0.36,"Example_Visium","TLS","Rest","wilcox","SCT",0.25,0.05,0.05,41,1212,TRUE,FALSE,2,12793,0.118890333026027,1.09072403810979e-13,12.9622851154852,"Weakly structured"
"SASH3",1.7841,1.698298254599e-06,3.48178358510977e-05,0.415,0.146,"Example_Visium","TLS","Rest","wilcox","SCT",0.25,0.05,0.05,41,1212,TRUE,FALSE,2,12793,0.0676964520467961,1.48483419490074e-05,4.82832203945112,"Weakly structured"
"C1orf116",-1.7833,0.00296694626526193,0.0213596756170489,0.073,0.282,"Example_Visium","TLS","Rest","wilcox","SCT",0.25,0.05,0.05,41,1212,TRUE,FALSE,2,12793,0.0112483143802482,0.237496474294622,0.624342833221245,"Not structured"
"LOXL1",1.7833,0.000229051436543572,0.00254583408140914,0.293,0.111,"Example_Visium","TLS","Rest","wilcox","SCT",0.25,0.05,0.05,41,1212,TRUE,FALSE,2,12793,0.0602630192690719,9.99546060341553e-05,4.00019718824795,"Weakly structured"
"CXCL8",1.7828,3.63659188569983e-15,4.01059655118602e-13,0.927,0.528,"Example_Visium","TLS","Rest","wilcox","SCT",0.25,0.05,0.05,41,1212,TRUE,FALSE,2,12793,0.485117247514947,6.77469638336773e-200,199.169110163477,"Spatially structured"
"CYFIP2",1.7813,8.19371632704261e-06,0.000141651639151157,0.439,0.181,"Example_Visium","TLS","Rest","wilcox","SCT",0.25,0.05,0.05,41,1212,TRUE,FALSE,2,12793,0.0292261801328396,0.0352499732740484,1.45284120794741,"Weakly structured"
"MARS2",1.7813,0.000241817613898956,0.00266917405919702,0.268,0.097,"Example_Visium","TLS","Rest","wilcox","SCT",0.25,0.05,0.05,41,1212,TRUE,FALSE,2,12793,0.0351294000363278,0.0149498254614927,1.82536387767755,"Weakly structured"
"FABP1",-1.7788,8.09762132596564e-08,2.15988054580642e-06,1,0.998,"Example_Visium","TLS","Rest","wilcox","SCT",0.25,0.05,0.05,41,1212,TRUE,FALSE,2,12793,0.85099403595031,0,607.0224938687,"Spatially structured"
"KYNU",1.7771,0.000785418675763086,0.00711101282309778,0.268,0.105,"Example_Visium","TLS","Rest","wilcox","SCT",0.25,0.05,0.05,41,1212,TRUE,FALSE,2,12793,0.0637277726405783,4.15702038403643e-05,4.38121784591649,"Weakly structured"
"MIR3142HG",1.7771,0.00688186705491184,0.0407969069663981,0.146,0.05,"Example_Visium","TLS","Rest","wilcox","SCT",0.25,0.05,0.05,41,1212,TRUE,FALSE,2,12793,-0.00687534542487842,0.656363816002303,0.182855368727536,"Not structured"
"MUC20",-1.7751,6.03987958855528e-13,4.22230489488458e-11,0.854,0.952,"Example_Visium","TLS","Rest","wilcox","SCT",0.25,0.05,0.05,41,1212,TRUE,FALSE,2,12793,0.623427061855732,0,327.333310538122,"Spatially structured"
"LPIN3",-1.775,0.000411158482054141,0.0041380558760162,0.098,0.372,"Example_Visium","TLS","Rest","wilcox","SCT",0.25,0.05,0.05,41,1212,TRUE,FALSE,2,12793,0.0699672417992416,8.22186078889308e-06,5.08502988089152,"Weakly structured"
"SYT11",1.7701,2.41378699261638e-05,0.000369342088330909,0.268,0.079,"Example_Visium","TLS","Rest","wilcox","SCT",0.25,0.05,0.05,41,1212,TRUE,FALSE,2,12793,0.0305949364702133,0.0289618890004247,1.5381731152751,"Weakly structured"
"PRSS22",-1.7697,0.000875342029010832,0.00774965437864053,0.073,0.324,"Example_Visium","TLS","Rest","wilcox","SCT",0.25,0.05,0.05,41,1212,TRUE,FALSE,2,12793,0.0970386716379631,1.10158532427171e-09,8.95798185854477,"Weakly structured"
"HK2",-1.7681,2.89766678130869e-12,1.76523100634677e-10,0.585,0.923,"Example_Visium","TLS","Rest","wilcox","SCT",0.25,0.05,0.05,41,1212,TRUE,FALSE,2,12793,0.413817085042293,1.07025340085844e-145,144.970513383469,"Spatially structured"
"HSD11B2",-1.7671,9.0653243819123e-10,3.67002198790519e-08,0.512,0.846,"Example_Visium","TLS","Rest","wilcox","SCT",0.25,0.05,0.05,41,1212,TRUE,FALSE,2,12793,0.394828816701018,9.08538862647518e-133,132.041656491061,"Spatially structured"
"CDKN2B-AS1",-1.7661,0.000310257665570778,0.00326140206708871,0.195,0.466,"Example_Visium","TLS","Rest","wilcox","SCT",0.25,0.05,0.05,41,1212,TRUE,FALSE,2,12793,0.296878886430042,6.32885756754198e-76,75.198674678117,"Weakly structured"
"TENT2",-1.7654,0.00370283565057017,0.0253317521271359,0.073,0.276,"Example_Visium","TLS","Rest","wilcox","SCT",0.25,0.05,0.05,41,1212,TRUE,FALSE,2,12793,0.0198249114283859,0.108425160994364,0.964869924319511,"Not structured"
"JAK3",1.7648,1.3156069633801e-10,6.23354069723021e-09,0.756,0.369,"Example_Visium","TLS","Rest","wilcox","SCT",0.25,0.05,0.05,41,1212,TRUE,FALSE,2,12793,0.182963097846979,5.2877244736529e-30,29.2767311826241,"Weakly structured"
"FUT6",-1.764,0.000759915804441333,0.0069340962098559,0.073,0.328,"Example_Visium","TLS","Rest","wilcox","SCT",0.25,0.05,0.05,41,1212,TRUE,FALSE,2,12793,0.0577603479108572,0.000187923894053331,3.726017996931,"Weakly structured"
"STARD4",-1.764,0.000781979062964315,0.00710342481754235,0.073,0.328,"Example_Visium","TLS","Rest","wilcox","SCT",0.25,0.05,0.05,41,1212,TRUE,FALSE,2,12793,0.00841257505866512,0.29458130027956,0.530794825189101,"Not structured"
"SLC46A3",-1.7636,0.000181570667463415,0.00209452980059465,0.146,0.437,"Example_Visium","TLS","Rest","wilcox","SCT",0.25,0.05,0.05,41,1212,TRUE,FALSE,2,12793,0.121038129154395,4.04224937951487e-14,13.3933768969547,"Weakly structured"
"IGSF9",-1.7611,0.00428750144004204,0.0282005171837829,0.098,0.298,"Example_Visium","TLS","Rest","wilcox","SCT",0.25,0.05,0.05,41,1212,TRUE,FALSE,2,12793,0.210975035696006,2.60305794794991e-39,38.5845161637406,"Weakly structured"
"AGR2",-1.7599,8.27106203731785e-15,8.33162965696121e-13,1,0.998,"Example_Visium","TLS","Rest","wilcox","SCT",0.25,0.05,0.05,41,1212,TRUE,FALSE,2,12793,0.736528243854811,0,456.04258099022,"Spatially structured"
"SMIM2-AS1",-1.7582,0.00652663731242785,0.0391812628521302,0.024,0.2,"Example_Visium","TLS","Rest","wilcox","SCT",0.25,0.05,0.05,41,1212,TRUE,FALSE,2,12793,0.118772294486723,1.09511324334385e-13,12.9605409690281,"Weakly structured"
"SH3PXD2A-AS1",1.7563,0.002386154873828,0.0179776674327925,0.171,0.056,"Example_Visium","TLS","Rest","wilcox","SCT",0.25,0.05,0.05,41,1212,TRUE,FALSE,2,12793,0.0397393678086144,0.00693485469439646,2.15896263424216,"Weakly structured"
"LGALS4",-1.7545,9.26722120327539e-19,3.11988318035532e-16,1,0.999,"Example_Visium","TLS","Rest","wilcox","SCT",0.25,0.05,0.05,41,1212,TRUE,FALSE,2,12793,0.737204199940328,0,456.885188358674,"Spatially structured"
"RAC2",1.7511,4.20322199882987e-09,1.49366163975085e-07,0.683,0.311,"Example_Visium","TLS","Rest","wilcox","SCT",0.25,0.05,0.05,41,1212,TRUE,FALSE,2,12793,0.134617770673224,4.58839060988274e-17,16.3383396176897,"Weakly structured"
"LGALSL",-1.751,0.00188896565878964,0.0148894255532322,0.049,0.272,"Example_Visium","TLS","Rest","wilcox","SCT",0.25,0.05,0.05,41,1212,TRUE,FALSE,2,12793,0.0255881492498405,0.0560983170710166,1.25105016722395,"Not structured"
"TAPBPL",-1.7493,1.62225852389741e-06,3.34734730584186e-05,0.22,0.607,"Example_Visium","TLS","Rest","wilcox","SCT",0.25,0.05,0.05,41,1212,TRUE,FALSE,2,12793,0.118770423495226,1.17622718288273e-13,12.9295087881719,"Weakly structured"
"CXCL6",1.749,1.58640068596202e-10,7.35319709257688e-09,0.585,0.181,"Example_Visium","TLS","Rest","wilcox","SCT",0.25,0.05,0.05,41,1212,TRUE,FALSE,2,12793,0.263837070923037,1.3205273243398e-60,59.8792526079465,"Weakly structured"
"PRAC1",-1.7483,8.01726999091763e-06,0.000138976876685378,0.22,0.592,"Example_Visium","TLS","Rest","wilcox","SCT",0.25,0.05,0.05,41,1212,TRUE,FALSE,2,12793,0.330221206880134,1.92538468858777e-93,92.7154824861867,"Spatially structured"
"PLS1",-1.7461,3.60630924157414e-10,1.57459092585181e-08,0.634,0.877,"Example_Visium","TLS","Rest","wilcox","SCT",0.25,0.05,0.05,41,1212,TRUE,FALSE,2,12793,0.460497937417167,6.70766744083685e-180,179.1734284774,"Spatially structured"
"PGF",1.7451,9.26645102113022e-06,0.000157640569033669,0.366,0.129,"Example_Visium","TLS","Rest","wilcox","SCT",0.25,0.05,0.05,41,1212,TRUE,FALSE,2,12793,0.0844133866319039,9.13324284774933e-08,7.03937499455451,"Weakly structured"
"HBA1",1.7429,1.71383799340856e-09,6.58412295786059e-08,0.756,0.405,"Example_Visium","TLS","Rest","wilcox","SCT",0.25,0.05,0.05,41,1212,TRUE,FALSE,2,12793,0.31515449128805,1.81909005690136e-85,84.740145799976,"Spatially structured"
"ASB3",1.7412,0.000179545415954029,0.00207678526790225,0.317,0.125,"Example_Visium","TLS","Rest","wilcox","SCT",0.25,0.05,0.05,41,1212,TRUE,FALSE,2,12793,0.0546931228170125,0.000369255507121354,3.43267301884721,"Weakly structured"
"KRT19",-1.7398,5.20926751051026e-17,1.0252639886455e-14,0.976,1,"Example_Visium","TLS","Rest","wilcox","SCT",0.25,0.05,0.05,41,1212,TRUE,FALSE,2,12793,0.754502465779619,0,478.540057197576,"Spatially structured"
"IRF6",-1.7394,2.64786886853954e-05,0.000400877945979009,0.195,0.521,"Example_Visium","TLS","Rest","wilcox","SCT",0.25,0.05,0.05,41,1212,TRUE,FALSE,2,12793,0.0358313927282091,0.0136805295479236,1.86389709155669,"Weakly structured"
"RDH5",-1.7389,0.00576156221881211,0.0358151921599919,0.024,0.204,"Example_Visium","TLS","Rest","wilcox","SCT",0.25,0.05,0.05,41,1212,TRUE,FALSE,2,12793,0.0629614464308323,5.20188196587659e-05,4.2838395064558,"Weakly structured"
"UAP1",-1.7383,4.30407508656999e-07,1.01403374921712e-05,0.317,0.666,"Example_Visium","TLS","Rest","wilcox","SCT",0.25,0.05,0.05,41,1212,TRUE,FALSE,2,12793,0.149545410703231,1.26886967227821e-20,19.8965829827257,"Weakly structured"
"TMEM63B",-1.7372,5.14654403577753e-05,0.000713323270310964,0.146,0.476,"Example_Visium","TLS","Rest","wilcox","SCT",0.25,0.05,0.05,41,1212,TRUE,FALSE,2,12793,0.0740472834023703,2.56420914543643e-06,5.59104655520446,"Weakly structured"
"TIE1",1.7372,0.00205385665561773,0.0158933056764716,0.244,0.1,"Example_Visium","TLS","Rest","wilcox","SCT",0.25,0.05,0.05,41,1212,TRUE,FALSE,2,12793,0.0340445432268463,0.017538194373154,1.75601512101223,"Weakly structured"
"PIGR",-1.7355,1.3151209048105e-19,5.25760679226273e-17,1,1,"Example_Visium","TLS","Rest","wilcox","SCT",0.25,0.05,0.05,41,1212,TRUE,FALSE,2,12793,0.800348839742715,0,538.017781314229,"Spatially structured"
"SLAMF8",1.7347,5.63458604133284e-06,0.000102100933748967,0.341,0.11,"Example_Visium","TLS","Rest","wilcox","SCT",0.25,0.05,0.05,41,1212,TRUE,FALSE,2,12793,0.0966049649128297,1.19808905044442e-09,8.92151090091222,"Weakly structured"
"RUNX3",1.7336,6.12771054506487e-05,0.000830421620794649,0.317,0.116,"Example_Visium","TLS","Rest","wilcox","SCT",0.25,0.05,0.05,41,1212,TRUE,FALSE,2,12793,0.0341019091559022,0.0174767767976271,1.75753866026451,"Weakly structured"
"STS",-1.7333,0.000268193106225803,0.00290762237961584,0.122,0.408,"Example_Visium","TLS","Rest","wilcox","SCT",0.25,0.05,0.05,41,1212,TRUE,FALSE,2,12793,0.118961040056123,1.06718125074192e-13,12.9717618134602,"Weakly structured"
"IL22RA1",-1.7315,0.00123992931365682,0.0104152434074929,0.122,0.36,"Example_Visium","TLS","Rest","wilcox","SCT",0.25,0.05,0.05,41,1212,TRUE,FALSE,2,12793,0.157038658676625,1.41185735938563e-22,21.8502091780441,"Weakly structured"
"BCL10",-1.7312,3.54157523267373e-06,6.72216201062241e-05,0.293,0.615,"Example_Visium","TLS","Rest","wilcox","SCT",0.25,0.05,0.05,41,1212,TRUE,FALSE,2,12793,0.195452277238041,5.8911552654126e-34,33.2297995309861,"Weakly structured"
"ANG",-1.7291,4.36438864263564e-05,0.000623143123942385,0.146,0.489,"Example_Visium","TLS","Rest","wilcox","SCT",0.25,0.05,0.05,41,1212,TRUE,FALSE,2,12793,0.173394899963333,4.07249816006174e-27,26.3901391032319,"Weakly structured"
"MYO7B",-1.7291,1.71536664794764e-07,4.32834034066946e-06,0.317,0.7,"Example_Visium","TLS","Rest","wilcox","SCT",0.25,0.05,0.05,41,1212,TRUE,FALSE,2,12793,0.192412359207571,5.77148518884336e-33,32.2387124145182,"Weakly structured"
"NUPR1",-1.7288,1.98224275336939e-08,6.26143988737152e-07,0.634,0.829,"Example_Visium","TLS","Rest","wilcox","SCT",0.25,0.05,0.05,41,1212,TRUE,FALSE,2,12793,0.544410631604636,1.53269565137314e-250,249.814544074794,"Spatially structured"
"SLC35D1",-1.7246,3.72132626090893e-06,7.03204237161122e-05,0.195,0.583,"Example_Visium","TLS","Rest","wilcox","SCT",0.25,0.05,0.05,41,1212,TRUE,FALSE,2,12793,0.135602892764404,2.84587563447575e-17,16.5457840826217,"Weakly structured"
"FAM135A",-1.7236,9.60379076052222e-05,0.00122738556642718,0.146,0.455,"Example_Visium","TLS","Rest","wilcox","SCT",0.25,0.05,0.05,41,1212,TRUE,FALSE,2,12793,0.0879461462209349,3.01205973636404e-08,7.52113641928541,"Weakly structured"
"JCHAIN",-1.7232,1.32118398212861e-13,1.02435798081039e-11,1,1,"Example_Visium","TLS","Rest","wilcox","SCT",0.25,0.05,0.05,41,1212,TRUE,FALSE,2,12793,0.680596408563003,0,389.740744564087,"Spatially structured"
"MT1E",-1.7178,2.72905339966391e-05,0.000411222380941112,0.634,0.782,"Example_Visium","TLS","Rest","wilcox","SCT",0.25,0.05,0.05,41,1212,TRUE,FALSE,2,12793,0.64732811814334,0,352.565502211641,"Spatially structured"
"TUBB3",1.7157,0.000173024513382321,0.00201594043688528,0.317,0.124,"Example_Visium","TLS","Rest","wilcox","SCT",0.25,0.05,0.05,41,1212,TRUE,FALSE,2,12793,0.0785721819736033,6.13019441060498e-07,6.21252575221664,"Weakly structured"
"CD6",1.7157,2.90970950212119e-05,0.000432333491993455,0.341,0.125,"Example_Visium","TLS","Rest","wilcox","SCT",0.25,0.05,0.05,41,1212,TRUE,FALSE,2,12793,0.0414486370538774,0.00526152832246201,2.27888808748057,"Weakly structured"
"PTAFR",1.7157,0.000305182631576059,0.0032186326510738,0.244,0.083,"Example_Visium","TLS","Rest","wilcox","SCT",0.25,0.05,0.05,41,1212,TRUE,FALSE,2,12793,0.0147061966247239,0.177317081806783,0.751249424708818,"Not structured"
"STK17B",1.7157,9.77460686906198e-11,4.70099795774097e-09,0.805,0.419,"Example_Visium","TLS","Rest","wilcox","SCT",0.25,0.05,0.05,41,1212,TRUE,FALSE,2,12793,0.0675030680814297,1.61998757915863e-05,4.79048831528672,"Weakly structured"
"ULK2",1.7157,0.00116600639788212,0.00987862241596418,0.195,0.064,"Example_Visium","TLS","Rest","wilcox","SCT",0.25,0.05,0.05,41,1212,TRUE,FALSE,2,12793,0.0181624668011087,0.127532086042159,0.894380536500863,"Not structured"
"IL16",1.7157,6.95035360392687e-05,0.000928140643580756,0.415,0.191,"Example_Visium","TLS","Rest","wilcox","SCT",0.25,0.05,0.05,41,1212,TRUE,FALSE,2,12793,0.0411425066373057,0.00560538063677415,2.25139489103728,"Weakly structured"
"GRAMD4",-1.7113,4.6063868666034e-05,0.000651875079474085,0.195,0.508,"Example_Visium","TLS","Rest","wilcox","SCT",0.25,0.05,0.05,41,1212,TRUE,FALSE,2,12793,0.113869166906548,1.08511916089887e-12,11.9645225677332,"Weakly structured"
"RIPK3",-1.7077,9.16739870353458e-05,0.00118224326224111,0.171,0.476,"Example_Visium","TLS","Rest","wilcox","SCT",0.25,0.05,0.05,41,1212,TRUE,FALSE,2,12793,0.0908629584327862,1.08403673613874e-08,7.96495600005593,"Weakly structured"
"ARHGAP25",1.7057,0.000198079792671526,0.00225047494462419,0.293,0.107,"Example_Visium","TLS","Rest","wilcox","SCT",0.25,0.05,0.05,41,1212,TRUE,FALSE,2,12793,0.0502395798691178,0.000962727363140038,3.01649668426477,"Weakly structured"
"RGS19",1.705,0.000375214696651743,0.00382175287760011,0.268,0.098,"Example_Visium","TLS","Rest","wilcox","SCT",0.25,0.05,0.05,41,1212,TRUE,FALSE,2,12793,0.0530138452576717,0.000523027727323559,3.28147528722369,"Weakly structured"
"APLN",1.7024,2.01806341848383e-08,6.35888800804522e-07,0.415,0.114,"Example_Visium","TLS","Rest","wilcox","SCT",0.25,0.05,0.05,41,1212,TRUE,FALSE,2,12793,0.296638620102248,1.35865258987674e-76,75.8668915790201,"Weakly structured"
"KRT6B",1.701,2.6688703184914e-09,9.93873863965448e-08,0.683,0.29,"Example_Visium","TLS","Rest","wilcox","SCT",0.25,0.05,0.05,41,1212,TRUE,FALSE,2,12793,0.412933222852252,2.27257443194306e-145,144.643481883748,"Spatially structured"
"TMEM120A",-1.7007,2.88304302453545e-05,0.000429482636857056,0.22,0.536,"Example_Visium","TLS","Rest","wilcox","SCT",0.25,0.05,0.05,41,1212,TRUE,FALSE,2,12793,0.0972088043412908,1.04776866631169e-09,8.97973459333931,"Weakly structured"
"RELL2",1.6998,0.000440359503630901,0.00436706909298458,0.22,0.071,"Example_Visium","TLS","Rest","wilcox","SCT",0.25,0.05,0.05,41,1212,TRUE,FALSE,2,12793,0.0139596965823265,0.189144937904491,0.723205277260819,"Not structured"
"ARHGAP32",-1.6963,0.00270954845288494,0.0198302364746894,0.098,0.313,"Example_Visium","TLS","Rest","wilcox","SCT",0.25,0.05,0.05,41,1212,TRUE,FALSE,2,12793,0.033460761355301,0.0194370629169245,1.71136935954045,"Weakly structured"
"ARL14",-1.6956,0.00257877384994791,0.0190695109031119,0.049,0.263,"Example_Visium","TLS","Rest","wilcox","SCT",0.25,0.05,0.05,41,1212,TRUE,FALSE,2,12793,0.0796188411432319,4.61854301961045e-07,6.33549500676832,"Weakly structured"
"CMBL",-1.6933,9.62058719960953e-05,0.00122747182421352,0.171,0.481,"Example_Visium","TLS","Rest","wilcox","SCT",0.25,0.05,0.05,41,1212,TRUE,FALSE,2,12793,0.140331267428329,2.25469299621334e-18,17.6469125842194,"Weakly structured"
"JAM3",1.693,4.82314400302392e-06,8.86529902739726e-05,0.39,0.139,"Example_Visium","TLS","Rest","wilcox","SCT",0.25,0.05,0.05,41,1212,TRUE,FALSE,2,12793,0.028467090242223,0.0387956126279457,1.41121738572564,"Weakly structured"
"C4orf19",-1.6907,0.000512343579708712,0.00496922775982832,0.146,0.407,"Example_Visium","TLS","Rest","wilcox","SCT",0.25,0.05,0.05,41,1212,TRUE,FALSE,2,12793,0.0645354552957186,3.55686586133827e-05,4.44893251287974,"Weakly structured"
"CD247",1.6877,1.41480480406839e-07,3.62717391952844e-06,0.39,0.112,"Example_Visium","TLS","Rest","wilcox","SCT",0.25,0.05,0.05,41,1212,TRUE,FALSE,2,12793,0.0238398461458677,0.0689499259797343,1.16146619571888,"Not structured"
"IGHM",-1.6861,2.3848804810023e-08,7.40065500617063e-07,1,1,"Example_Visium","TLS","Rest","wilcox","SCT",0.25,0.05,0.05,41,1212,TRUE,FALSE,2,12793,0.652279112363068,0,358.117643299835,"Spatially structured"
"FOXA3",-1.6859,7.07694243609477e-05,0.000943076297760004,0.122,0.458,"Example_Visium","TLS","Rest","wilcox","SCT",0.25,0.05,0.05,41,1212,TRUE,FALSE,2,12793,0.0745823083308023,2.18734834141715e-06,5.6600820488286,"Weakly structured"
"TP53I3",-1.6851,4.61431866919259e-07,1.08115345668463e-05,0.293,0.668,"Example_Visium","TLS","Rest","wilcox","SCT",0.25,0.05,0.05,41,1212,TRUE,FALSE,2,12793,0.0867723641517573,4.5186850034374e-08,7.34498793218883,"Weakly structured"
"ANKRD13B",1.684,0.0002280662793064,0.00254150863342054,0.22,0.067,"Example_Visium","TLS","Rest","wilcox","SCT",0.25,0.05,0.05,41,1212,TRUE,FALSE,2,12793,0.098853666634927,4.51026479069052e-10,9.34579796061427,"Weakly structured"
"P2RY10",1.6805,0.00790202512397296,0.0453524483674231,0.171,0.065,"Example_Visium","TLS","Rest","wilcox","SCT",0.25,0.05,0.05,41,1212,TRUE,FALSE,2,12793,0.0190586649174134,0.116312939804651,0.934371967359681,"Not structured"
"SIAE",-1.6789,4.52856668330286e-09,1.60038545799706e-07,0.61,0.835,"Example_Visium","TLS","Rest","wilcox","SCT",0.25,0.05,0.05,41,1212,TRUE,FALSE,2,12793,0.370066985917455,7.11384786096431e-117,116.147895427012,"Spatially structured"
"PREX1",1.6788,4.85574581034359e-08,1.40541982243723e-06,0.537,0.202,"Example_Visium","TLS","Rest","wilcox","SCT",0.25,0.05,0.05,41,1212,TRUE,FALSE,2,12793,0.0636604788376614,4.38652271975431e-05,4.3578796168951,"Weakly structured"
"TIFA",1.6762,0.00497994351975707,0.0319020618168514,0.244,0.108,"Example_Visium","TLS","Rest","wilcox","SCT",0.25,0.05,0.05,41,1212,TRUE,FALSE,2,12793,0.0262548366937052,0.0512291781325083,1.29048261143538,"Not structured"
"TCF7L2",-1.6741,2.31132460341758e-06,4.56651536772438e-05,0.268,0.625,"Example_Visium","TLS","Rest","wilcox","SCT",0.25,0.05,0.05,41,1212,TRUE,FALSE,2,12793,0.0893145715321264,1.88749972239289e-08,7.72411310357334,"Weakly structured"
"COL7A1",1.6737,2.85031211946701e-07,6.93232755595845e-06,0.683,0.347,"Example_Visium","TLS","Rest","wilcox","SCT",0.25,0.05,0.05,41,1212,TRUE,FALSE,2,12793,0.365611556537839,2.53619781675556e-114,113.595816875642,"Spatially structured"
"FAM114A1",-1.6731,2.68733527822259e-05,0.000405892328386087,0.195,0.531,"Example_Visium","TLS","Rest","wilcox","SCT",0.25,0.05,0.05,41,1212,TRUE,FALSE,2,12793,0.0759062425684248,1.47695780007541e-06,5.83063191325691,"Weakly structured"
"IGHG3",1.6724,6.69924038284258e-15,6.96775465184594e-13,1,0.957,"Example_Visium","TLS","Rest","wilcox","SCT",0.25,0.05,0.05,41,1212,TRUE,FALSE,2,12793,0.672901354315935,0,381.050666270479,"Spatially structured"
"ATOH1",-1.672,0.00655815816184433,0.0392783320994731,0.098,0.286,"Example_Visium","TLS","Rest","wilcox","SCT",0.25,0.05,0.05,41,1212,TRUE,FALSE,2,12793,0.126346604712913,3.01120392343139e-15,14.5212598323909,"Weakly structured"
"FA2H",-1.6715,0.00254502886152067,0.0188680760343783,0.122,0.34,"Example_Visium","TLS","Rest","wilcox","SCT",0.25,0.05,0.05,41,1212,TRUE,FALSE,2,12793,0.0412408168953251,0.00553819429361551,2.25663181219374,"Weakly structured"
"LIPH",-1.669,1.77159885099731e-06,3.61468326966644e-05,0.195,0.603,"Example_Visium","TLS","Rest","wilcox","SCT",0.25,0.05,0.05,41,1212,TRUE,FALSE,2,12793,0.204723456488399,4.51446688177743e-37,36.3453935286224,"Weakly structured"
"SMAD3",-1.669,0.00224521273415192,0.0171378320453494,0.098,0.319,"Example_Visium","TLS","Rest","wilcox","SCT",0.25,0.05,0.05,41,1212,TRUE,FALSE,2,12793,0.0560451561327166,0.00027924947691069,3.55400763173075,"Weakly structured"
"ALDOB",-1.6664,0.0012209474110935,0.0102828046281232,0.073,0.323,"Example_Visium","TLS","Rest","wilcox","SCT",0.25,0.05,0.05,41,1212,TRUE,FALSE,2,12793,0.201854993074884,3.84865601728351e-36,35.4146909032654,"Weakly structured"
"BAIAP2L2",-1.6659,0.000108948679956035,0.0013597858172464,0.22,0.5,"Example_Visium","TLS","Rest","wilcox","SCT",0.25,0.05,0.05,41,1212,TRUE,FALSE,2,12793,0.0734784792428959,3.03255087987054e-06,5.51819190384584,"Weakly structured"
"INAVA",-1.6622,4.56583752790986e-08,1.32751726123979e-06,0.439,0.766,"Example_Visium","TLS","Rest","wilcox","SCT",0.25,0.05,0.05,41,1212,TRUE,FALSE,2,12793,0.248046513197299,1.45183074115222e-53,52.8380840120576,"Weakly structured"
"PROM2",-1.6613,0.00828771400264734,0.0472270491028363,0.073,0.252,"Example_Visium","TLS","Rest","wilcox","SCT",0.25,0.05,0.05,41,1212,TRUE,FALSE,2,12793,0.107011646057718,1.99835286125562e-11,10.6993278233344,"Weakly structured"
"SLC28A2",-1.6613,0.00818583769589721,0.046733196041165,0.049,0.226,"Example_Visium","TLS","Rest","wilcox","SCT",0.25,0.05,0.05,41,1212,TRUE,FALSE,2,12793,0.134638352341741,4.32203244329835e-17,16.3643119774129,"Weakly structured"
"SNX29",1.6553,0.00637121345663996,0.0384819699240662,0.22,0.092,"Example_Visium","TLS","Rest","wilcox","SCT",0.25,0.05,0.05,41,1212,TRUE,FALSE,2,12793,-0.00803194607503107,0.680301834743945,0.167298357764853,"Not structured"
"CMTM3",1.6549,1.3227162429964e-06,2.78772798956392e-05,0.488,0.194,"Example_Visium","TLS","Rest","wilcox","SCT",0.25,0.05,0.05,41,1212,TRUE,FALSE,2,12793,0.0434947657875969,0.00365413790163315,2.43721506705786,"Weakly structured"
"ACTG2",-1.6535,0.00660687816617295,0.0394961646634816,0.122,0.313,"Example_Visium","TLS","Rest","wilcox","SCT",0.25,0.05,0.05,41,1212,TRUE,FALSE,2,12793,0.163117824015917,3.00973540825385e-24,23.5214716824082,"Weakly structured"
"MAP3K6",-1.6535,0.00169491027797524,0.0135529448122622,0.122,0.352,"Example_Visium","TLS","Rest","wilcox","SCT",0.25,0.05,0.05,41,1212,TRUE,FALSE,2,12793,0.0634256483430226,4.69674626235281e-05,4.32820290156608,"Weakly structured"
"BHLHE41",-1.6535,0.00106672391494537,0.00918344484784397,0.171,0.409,"Example_Visium","TLS","Rest","wilcox","SCT",0.25,0.05,0.05,41,1212,TRUE,FALSE,2,12793,0.172648051576827,6.61803846794623e-27,26.1792707127929,"Weakly structured"
"HIST1H2AC",-1.6524,1.78591195869492e-05,0.000283112412485553,0.293,0.587,"Example_Visium","TLS","Rest","wilcox","SCT",0.25,0.05,0.05,41,1212,TRUE,FALSE,2,12793,0.169769867931161,4.62020698817868e-26,25.3353385673421,"Weakly structured"
"CXCL5",1.6521,1.77471780442675e-12,1.11842191487839e-10,0.732,0.272,"Example_Visium","TLS","Rest","wilcox","SCT",0.25,0.05,0.05,41,1212,TRUE,FALSE,2,12793,0.423690121690814,2.1290775380617e-153,152.671808521869,"Spatially structured"
"VPS13D",-1.6509,0.00108268074764613,0.00929579517089728,0.122,0.366,"Example_Visium","TLS","Rest","wilcox","SCT",0.25,0.05,0.05,41,1212,TRUE,FALSE,2,12793,0.0706264969846975,6.86652762101784e-06,5.16326282862761,"Weakly structured"
"KLRB1",1.6504,0.00248310897592976,0.0185334965747196,0.22,0.085,"Example_Visium","TLS","Rest","wilcox","SCT",0.25,0.05,0.05,41,1212,TRUE,FALSE,2,12793,0.0413458895298205,0.00530180981786808,2.27557585497558,"Weakly structured"
"MUC4",-1.6493,3.29787382652901e-12,1.99008018220687e-10,0.756,0.935,"Example_Visium","TLS","Rest","wilcox","SCT",0.25,0.05,0.05,41,1212,TRUE,FALSE,2,12793,0.520884280360245,1.07836774926504e-229,228.967233109056,"Spatially structured"
"ENOX2",1.6486,0.00191830876970282,0.0150816707077645,0.244,0.097,"Example_Visium","TLS","Rest","wilcox","SCT",0.25,0.05,0.05,41,1212,TRUE,FALSE,2,12793,0.0409635844618393,0.00567824221502715,2.24578608584924,"Weakly structured"
"CA11",1.6486,0.00753541529937688,0.0437190784240038,0.146,0.05,"Example_Visium","TLS","Rest","wilcox","SCT",0.25,0.05,0.05,41,1212,TRUE,FALSE,2,12793,0.0251557515130371,0.0579773276682755,1.23674180632611,"Not structured"
"FRMD3",-1.6473,0.0016768621372818,0.0134664766617992,0.073,0.307,"Example_Visium","TLS","Rest","wilcox","SCT",0.25,0.05,0.05,41,1212,TRUE,FALSE,2,12793,0.107299682053878,1.80188656677206e-11,10.7442725524111,"Weakly structured"
"TMEM30B",-1.6467,5.00319101654168e-07,1.1595257730909e-05,0.244,0.657,"Example_Visium","TLS","Rest","wilcox","SCT",0.25,0.05,0.05,41,1212,TRUE,FALSE,2,12793,0.108588218627369,1.07617774196286e-11,10.9681159944886,"Weakly structured"
"TRAF1",1.6462,0.000968881710904574,0.00846068513829503,0.195,0.063,"Example_Visium","TLS","Rest","wilcox","SCT",0.25,0.05,0.05,41,1212,TRUE,FALSE,2,12793,0.00989464162584133,0.262911308067073,0.580190734070453,"Not structured"
"HAVCR2",1.6446,0.00150609997688026,0.0123272789534416,0.22,0.08,"Example_Visium","TLS","Rest","wilcox","SCT",0.25,0.05,0.05,41,1212,TRUE,FALSE,2,12793,0.0575893782842428,0.000186670657934365,3.72892394181879,"Weakly structured"
"AHCYL2",-1.6432,1.10732232493904e-07,2.89692730121577e-06,0.268,0.684,"Example_Visium","TLS","Rest","wilcox","SCT",0.25,0.05,0.05,41,1212,TRUE,FALSE,2,12793,0.278728700973408,3.93700410144572e-67,66.4048341327753,"Weakly structured"
"ATP8A1",-1.6432,0.00204869779041372,0.0158746158890143,0.122,0.347,"Example_Visium","TLS","Rest","wilcox","SCT",0.25,0.05,0.05,41,1212,TRUE,FALSE,2,12793,0.0338429748732995,0.0183700781258227,1.73588899668594,"Weakly structured"
"CKMT1A",-1.6422,4.38298112527024e-05,0.00062510008400872,0.22,0.53,"Example_Visium","TLS","Rest","wilcox","SCT",0.25,0.05,0.05,41,1212,TRUE,FALSE,2,12793,0.113344287284138,1.36890546077516e-12,11.8636265440365,"Weakly structured"
"C10orf99",-1.6415,1.00627272181183e-11,5.54881333195638e-10,0.707,0.927,"Example_Visium","TLS","Rest","wilcox","SCT",0.25,0.05,0.05,41,1212,TRUE,FALSE,2,12793,0.428020836961462,9.6445348791245e-156,155.01571871196,"Spatially structured"
"FRZB",-1.6411,0.00206015098153311,0.0159247803666182,0.049,0.277,"Example_Visium","TLS","Rest","wilcox","SCT",0.25,0.05,0.05,41,1212,TRUE,FALSE,2,12793,0.0990132245856823,5.04882021589717e-10,9.29681009387848,"Weakly structured"
"C12orf66",1.6377,0.00408353987630941,0.0272258291346994,0.171,0.059,"Example_Visium","TLS","Rest","wilcox","SCT",0.25,0.05,0.05,41,1212,TRUE,FALSE,2,12793,0.016922630583421,0.143938707123084,0.841822402522724,"Not structured"
"BMP2",-1.636,0.00107267728744644,0.00922848724835393,0.146,0.394,"Example_Visium","TLS","Rest","wilcox","SCT",0.25,0.05,0.05,41,1212,TRUE,FALSE,2,12793,0.190911648668398,1.65824442227257e-32,31.7803514548348,"Weakly structured"
"CHP2",-1.6353,0.00234690102464408,0.0177608040666114,0.073,0.296,"Example_Visium","TLS","Rest","wilcox","SCT",0.25,0.05,0.05,41,1212,TRUE,FALSE,2,12793,0.297766676729545,1.85985870483271e-76,75.730520048278,"Weakly structured"
"BLVRA",1.6337,0.00169983677836144,0.0135658215256256,0.293,0.133,"Example_Visium","TLS","Rest","wilcox","SCT",0.25,0.05,0.05,41,1212,TRUE,FALSE,2,12793,0.0289665351766282,0.0363340186629648,1.43968656507068,"Weakly structured"
"OSBPL5",-1.6317,0.00214216301917042,0.0164653758656501,0.073,0.3,"Example_Visium","TLS","Rest","wilcox","SCT",0.25,0.05,0.05,41,1212,TRUE,FALSE,2,12793,0.0256154671493002,0.0559716056939288,1.25203223402573,"Not structured"
"SLC44A4",-1.6312,6.74244130914343e-14,5.74636950980814e-12,0.878,0.96,"Example_Visium","TLS","Rest","wilcox","SCT",0.25,0.05,0.05,41,1212,TRUE,FALSE,2,12793,0.501658427872476,2.85031580719814e-213,212.545107018684,"Spatially structured"
"MAPK6",-1.631,0.000165236019396074,0.00193577325653294,0.171,0.465,"Example_Visium","TLS","Rest","wilcox","SCT",0.25,0.05,0.05,41,1212,TRUE,FALSE,2,12793,0.0898411178377748,1.5603582782763e-08,7.80677567061135,"Weakly structured"
"FAM110C",-1.6301,0.00748796936456814,0.043502993678892,0.073,0.255,"Example_Visium","TLS","Rest","wilcox","SCT",0.25,0.05,0.05,41,1212,TRUE,FALSE,2,12793,0.0647513925369865,3.32994016044151e-05,4.47756357076502,"Weakly structured"
"FNIP1",-1.6301,0.00846105888873302,0.0480436424161391,0.073,0.251,"Example_Visium","TLS","Rest","wilcox","SCT",0.25,0.05,0.05,41,1212,TRUE,FALSE,2,12793,0.0102727177433561,0.25629482066294,0.591260170172498,"Not structured"
"SORL1",-1.6296,1.32138947849368e-05,0.000216724815363713,0.293,0.603,"Example_Visium","TLS","Rest","wilcox","SCT",0.25,0.05,0.05,41,1212,TRUE,FALSE,2,12793,0.174043263208719,2.67633232721072e-27,26.5724599600699,"Weakly structured"
"TMEM171",-1.629,0.00238310233888249,0.0179652493938266,0.146,0.366,"Example_Visium","TLS","Rest","wilcox","SCT",0.25,0.05,0.05,41,1212,TRUE,FALSE,2,12793,0.13930839140222,3.84887192910549e-18,17.4146665397779,"Weakly structured"
"SLC20A2",-1.6274,0.00136247474025081,0.011318272306512,0.098,0.341,"Example_Visium","TLS","Rest","wilcox","SCT",0.25,0.05,0.05,41,1212,TRUE,FALSE,2,12793,0.0908303505266985,1.08403673613874e-08,7.96495600005593,"Weakly structured"
"REG1A",-1.6267,0.00630318488522128,0.0382526775316109,0.732,0.833,"Example_Visium","TLS","Rest","wilcox","SCT",0.25,0.05,0.05,41,1212,TRUE,FALSE,2,12793,0.698169915723024,0,410.253071804103,"Spatially structured"
"ST6GALNAC1",-1.6249,1.54292383442627e-09,6.03241260567267e-08,0.683,0.854,"Example_Visium","TLS","Rest","wilcox","SCT",0.25,0.05,0.05,41,1212,TRUE,FALSE,2,12793,0.414193748885346,6.42584681476065e-146,145.192069631772,"Spatially structured"
"SEPTIN1",1.6244,5.39995612257895e-08,1.53856656294326e-06,0.585,0.234,"Example_Visium","TLS","Rest","wilcox","SCT",0.25,0.05,0.05,41,1212,TRUE,FALSE,2,12793,0.00865623227016244,0.289348005070288,0.538579507563273,"Not structured"
"C4BPB",-1.6239,0.00203688096315883,0.0158081593198281,0.195,0.411,"Example_Visium","TLS","Rest","wilcox","SCT",0.25,0.05,0.05,41,1212,TRUE,FALSE,2,12793,0.224444373348076,3.20610849754345e-44,43.4940217848243,"Weakly structured"
"F2RL1",-1.6232,1.43839771710451e-05,0.000233520583691852,0.268,0.595,"Example_Visium","TLS","Rest","wilcox","SCT",0.25,0.05,0.05,41,1212,TRUE,FALSE,2,12793,0.168163461003279,1.32531219008652e-25,24.8776818074164,"Weakly structured"
"TMEM45B",-1.6219,1.02044629406231e-10,4.8711079999773e-09,0.707,0.924,"Example_Visium","TLS","Rest","wilcox","SCT",0.25,0.05,0.05,41,1212,TRUE,FALSE,2,12793,0.39637570883689,8.08682195693308e-134,133.092222118404,"Spatially structured"
"TMEM53",-1.619,0.00205483683177394,0.0158933056764716,0.073,0.301,"Example_Visium","TLS","Rest","wilcox","SCT",0.25,0.05,0.05,41,1212,TRUE,FALSE,2,12793,0.0787819387677741,6.03783274526528e-07,6.21911892159024,"Weakly structured"
"LAYN",1.6188,0.00413184031455665,0.0274756529776932,0.171,0.059,"Example_Visium","TLS","Rest","wilcox","SCT",0.25,0.05,0.05,41,1212,TRUE,FALSE,2,12793,0.0209721260206166,0.094689498300237,1.02369818449368,"Not structured"
"HIST1H2BD",-1.6186,0.000391318263219905,0.00395741860978043,0.171,0.441,"Example_Visium","TLS","Rest","wilcox","SCT",0.25,0.05,0.05,41,1212,TRUE,FALSE,2,12793,0.117129047611214,2.48038492277924e-13,12.6054809172113,"Weakly structured"
"SLC25A23",-1.6176,0.0013821490521351,0.0114371493039873,0.146,0.382,"Example_Visium","TLS","Rest","wilcox","SCT",0.25,0.05,0.05,41,1212,TRUE,FALSE,2,12793,0.141493597440434,1.17023765867914e-18,17.9317259302439,"Weakly structured"
"WASL",-1.6151,9.88672171815636e-07,2.15103453980228e-05,0.341,0.682,"Example_Visium","TLS","Rest","wilcox","SCT",0.25,0.05,0.05,41,1212,TRUE,FALSE,2,12793,0.136680415145083,1.60349293189803e-17,16.7949329500757,"Weakly structured"
"LSP1",1.6148,2.71605129354239e-05,0.000409745804225092,0.61,0.384,"Example_Visium","TLS","Rest","wilcox","SCT",0.25,0.05,0.05,41,1212,TRUE,FALSE,2,12793,0.0851418576359002,7.74019689929361e-08,7.11124799135987,"Weakly structured"
"FAM160A2",-1.6112,2.81826806171276e-05,0.000422918821500456,0.268,0.572,"Example_Visium","TLS","Rest","wilcox","SCT",0.25,0.05,0.05,41,1212,TRUE,FALSE,2,12793,0.109980572051446,5.91511858049426e-12,11.2280365446391,"Weakly structured"
"SMIM24",-1.6108,0.000530737665410782,0.00513595079697438,0.098,0.375,"Example_Visium","TLS","Rest","wilcox","SCT",0.25,0.05,0.05,41,1212,TRUE,FALSE,2,12793,0.0860667652915854,5.67630937922673e-08,7.24593394196204,"Weakly structured"
"SAMD4A",1.61,2.88380821590097e-05,0.000429482636857056,0.366,0.135,"Example_Visium","TLS","Rest","wilcox","SCT",0.25,0.05,0.05,41,1212,TRUE,FALSE,2,12793,0.0275185392122722,0.0438322388339029,1.3582063461752,"Weakly structured"
"FCGR2B",1.6095,5.96376241352951e-06,0.000107155073815004,0.341,0.108,"Example_Visium","TLS","Rest","wilcox","SCT",0.25,0.05,0.05,41,1212,TRUE,FALSE,2,12793,0.100593695096202,2.51056188848428e-10,9.6002290682566,"Weakly structured"
"PPP2CB",-1.6078,3.45103311404606e-07,8.2676154734066e-06,0.341,0.714,"Example_Visium","TLS","Rest","wilcox","SCT",0.25,0.05,0.05,41,1212,TRUE,FALSE,2,12793,0.137557870418114,1.00606812680262e-17,16.9973726096452,"Weakly structured"
"KLHL5",1.6076,0.000609765859693419,0.00575275416154713,0.317,0.139,"Example_Visium","TLS","Rest","wilcox","SCT",0.25,0.05,0.05,41,1212,TRUE,FALSE,2,12793,0.0255512032650036,0.0560983170710166,1.25105016722395,"Not structured"
"PASK",1.6076,0.00419174484691069,0.0277131740705574,0.293,0.148,"Example_Visium","TLS","Rest","wilcox","SCT",0.25,0.05,0.05,41,1212,TRUE,FALSE,2,12793,0.0309043098626363,0.0279656571590676,1.55337497082157,"Weakly structured"
"HCLS1",1.6071,4.21493693924098e-06,7.84886292048179e-05,0.585,0.32,"Example_Visium","TLS","Rest","wilcox","SCT",0.25,0.05,0.05,41,1212,TRUE,FALSE,2,12793,0.0369079165461958,0.0115033330070989,1.93917630774477,"Weakly structured"
"NR1I2",-1.6062,0.00371454654111468,0.0253847189639317,0.049,0.252,"Example_Visium","TLS","Rest","wilcox","SCT",0.25,0.05,0.05,41,1212,TRUE,FALSE,2,12793,0.0877253779845645,3.17206882312996e-08,7.49865739853561,"Weakly structured"
"FAM20A",1.6055,0.000671603015805207,0.00626682522333771,0.268,0.103,"Example_Visium","TLS","Rest","wilcox","SCT",0.25,0.05,0.05,41,1212,TRUE,FALSE,2,12793,0.0229297425802842,0.0766206436825705,1.11565420387194,"Not structured"
"RASSF6",-1.6036,0.00132975645026244,0.0110824588066498,0.098,0.342,"Example_Visium","TLS","Rest","wilcox","SCT",0.25,0.05,0.05,41,1212,TRUE,FALSE,2,12793,0.0496786452058929,0.00110656516449841,2.95602300582279,"Weakly structured"
"RIPK2",1.6022,2.75373119193062e-05,0.000414452742804334,0.366,0.136,"Example_Visium","TLS","Rest","wilcox","SCT",0.25,0.05,0.05,41,1212,TRUE,FALSE,2,12793,0.0747576088243869,1.99905999971109e-06,5.69917417078814,"Weakly structured"
"CRYL1",-1.6014,8.12057107847078e-05,0.00106989151191428,0.195,0.501,"Example_Visium","TLS","Rest","wilcox","SCT",0.25,0.05,0.05,41,1212,TRUE,FALSE,2,12793,0.0512619119706042,0.000802054966893835,3.09579586737586,"Weakly structured"
"PRKACB",-1.6012,7.9837145042602e-06,0.0001385829846038,0.293,0.616,"Example_Visium","TLS","Rest","wilcox","SCT",0.25,0.05,0.05,41,1212,TRUE,FALSE,2,12793,0.223053745250207,1.1415024345642e-43,42.9425231579217,"Weakly structured"
"MAPK11",1.6002,0.00517180851998854,0.0327539338595116,0.171,0.061,"Example_Visium","TLS","Rest","wilcox","SCT",0.25,0.05,0.05,41,1212,TRUE,FALSE,2,12793,-0.00135497837249562,0.524018457164626,0.280653415872039,"Not structured"
"NEIL2",1.5985,6.35722959374758e-07,1.43689113414863e-05,0.439,0.149,"Example_Visium","TLS","Rest","wilcox","SCT",0.25,0.05,0.05,41,1212,TRUE,FALSE,2,12793,0.0829811885476569,1.52845098254952e-07,6.8157484845464,"Weakly structured"
"ADM",-1.5984,7.90694691531667e-09,2.68311861770945e-07,0.634,0.872,"Example_Visium","TLS","Rest","wilcox","SCT",0.25,0.05,0.05,41,1212,TRUE,FALSE,2,12793,0.427340946237629,3.17147476531703e-155,154.498738739832,"Spatially structured"
"PIK3C2B",-1.5982,0.00108045318632549,0.00928289967270786,0.171,0.409,"Example_Visium","TLS","Rest","wilcox","SCT",0.25,0.05,0.05,41,1212,TRUE,FALSE,2,12793,0.0389322705824273,0.00824604980288918,2.08375404655932,"Weakly structured"
"ALOX5AP",1.598,0.000100261331290179,0.00126743400315737,0.317,0.117,"Example_Visium","TLS","Rest","wilcox","SCT",0.25,0.05,0.05,41,1212,TRUE,FALSE,2,12793,0.062882980145049,5.17395535349476e-05,4.2861773231677,"Weakly structured"
"CHST1",1.5974,0.00507771174166098,0.032386077716979,0.22,0.092,"Example_Visium","TLS","Rest","wilcox","SCT",0.25,0.05,0.05,41,1212,TRUE,FALSE,2,12793,0.0499250181956771,0.00101730855651889,2.99254730266306,"Weakly structured"
"HEPH",-1.5967,1.85940874684693e-11,9.78906012280363e-10,0.585,0.904,"Example_Visium","TLS","Rest","wilcox","SCT",0.25,0.05,0.05,41,1212,TRUE,FALSE,2,12793,0.296963077474508,5.48286799212561e-76,75.2609922102503,"Weakly structured"
"AKNA",1.5953,1.35960783351829e-07,3.49969074732383e-06,0.683,0.37,"Example_Visium","TLS","Rest","wilcox","SCT",0.25,0.05,0.05,41,1212,TRUE,FALSE,2,12793,0.0380550793353505,0.0095372827710091,2.02057534077247,"Weakly structured"
"HMOX1",1.5934,3.97447514392004e-06,7.45534611674034e-05,0.561,0.291,"Example_Visium","TLS","Rest","wilcox","SCT",0.25,0.05,0.05,41,1212,TRUE,FALSE,2,12793,0.0866979682230715,4.51908872813976e-08,7.34494913161343,"Weakly structured"
"AL390719.2",-1.5919,0.000468567905789251,0.00458988454729088,0.171,0.439,"Example_Visium","TLS","Rest","wilcox","SCT",0.25,0.05,0.05,41,1212,TRUE,FALSE,2,12793,0.12419303613428,8.95128507858563e-15,14.0481146113349,"Weakly structured"
"LILRB4",1.5902,0.00647260187301586,0.0389482576488673,0.195,0.078,"Example_Visium","TLS","Rest","wilcox","SCT",0.25,0.05,0.05,41,1212,TRUE,FALSE,2,12793,0.0344540054496964,0.0164400146365149,1.78409780014421,"Weakly structured"
"SH3BGRL2",-1.5893,7.35303781249249e-07,1.64166514372105e-05,0.39,0.704,"Example_Visium","TLS","Rest","wilcox","SCT",0.25,0.05,0.05,41,1212,TRUE,FALSE,2,12793,0.142587479024565,6.56090836291191e-19,18.1830360280497,"Weakly structured"
"LCP2",1.5892,8.69981687168613e-05,0.00113336819999471,0.488,0.256,"Example_Visium","TLS","Rest","wilcox","SCT",0.25,0.05,0.05,41,1212,TRUE,FALSE,2,12793,0.0680712318975104,1.37078141091278e-05,4.86303179364452,"Weakly structured"
"C6orf136",-1.5878,0.000824273518441597,0.00736938361347459,0.146,0.398,"Example_Visium","TLS","Rest","wilcox","SCT",0.25,0.05,0.05,41,1212,TRUE,FALSE,2,12793,0.0965389296684499,1.33987747781745e-09,8.87293491293414,"Weakly structured"
"PAK4",-1.5861,0.00762790520333983,0.0441555616589713,0.073,0.255,"Example_Visium","TLS","Rest","wilcox","SCT",0.25,0.05,0.05,41,1212,TRUE,FALSE,2,12793,0.0753211258672958,1.73650170035187e-06,5.7603247870995,"Weakly structured"
"PTPRH",-1.5858,4.67939629677254e-05,0.000659289832870167,0.244,0.561,"Example_Visium","TLS","Rest","wilcox","SCT",0.25,0.05,0.05,41,1212,TRUE,FALSE,2,12793,0.291305303432156,3.78354009931534e-73,72.4221016588633,"Weakly structured"
"MMP10",1.5855,0.000186615715625235,0.00214499088049743,0.293,0.106,"Example_Visium","TLS","Rest","wilcox","SCT",0.25,0.05,0.05,41,1212,TRUE,FALSE,2,12793,0.361596499987382,1.15546370373425e-112,111.937243692345,"Spatially structured"
"ARHGAP4",1.5854,2.38770739411156e-09,9.01060197429769e-08,0.78,0.378,"Example_Visium","TLS","Rest","wilcox","SCT",0.25,0.05,0.05,41,1212,TRUE,FALSE,2,12793,0.149303837706107,1.41664273382454e-20,19.8487396616028,"Weakly structured"
"SULF1",1.5851,0.000414072607253919,0.00416121827541192,0.415,0.205,"Example_Visium","TLS","Rest","wilcox","SCT",0.25,0.05,0.05,41,1212,TRUE,FALSE,2,12793,0.171859665688493,9.48158414910838e-27,26.0231190962337,"Weakly structured"
"GOLM1",-1.5836,2.61200405943048e-13,1.94275394955199e-11,0.732,0.956,"Example_Visium","TLS","Rest","wilcox","SCT",0.25,0.05,0.05,41,1212,TRUE,FALSE,2,12793,0.484420686895405,5.32143482173662e-199,198.273971252828,"Spatially structured"
"DENND1C",1.5831,0.00182118706244081,0.0143906399566431,0.268,0.112,"Example_Visium","TLS","Rest","wilcox","SCT",0.25,0.05,0.05,41,1212,TRUE,FALSE,2,12793,0.0264656628354347,0.050029791961944,1.30077130303239,"Not structured"
"MLPH",-1.583,5.76361838187968e-08,1.61700317115092e-06,0.317,0.731,"Example_Visium","TLS","Rest","wilcox","SCT",0.25,0.05,0.05,41,1212,TRUE,FALSE,2,12793,0.313240967671197,2.82963155998163e-84,83.548270109311,"Spatially structured"
"SNHG18",-1.582,0.000444676984227248,0.00439965402878514,0.073,0.345,"Example_Visium","TLS","Rest","wilcox","SCT",0.25,0.05,0.05,41,1212,TRUE,FALSE,2,12793,0.0468162892072166,0.00196693461319117,2.70621007709249,"Weakly structured"
"IGHA1",-1.5813,1.12593279316883e-11,6.15558043718324e-10,1,1,"Example_Visium","TLS","Rest","wilcox","SCT",0.25,0.05,0.05,41,1212,TRUE,FALSE,2,12793,0.664047758781618,0,370.983373971518,"Spatially structured"
"EVL",1.5798,2.24706207510426e-07,5.54954925227969e-06,0.659,0.339,"Example_Visium","TLS","Rest","wilcox","SCT",0.25,0.05,0.05,41,1212,TRUE,FALSE,2,12793,0.0716254201121019,5.15152210481203e-06,5.28806443230772,"Weakly structured"
"CAPN5",-1.5778,1.67356315719113e-10,7.70140052875761e-09,0.61,0.863,"Example_Visium","TLS","Rest","wilcox","SCT",0.25,0.05,0.05,41,1212,TRUE,FALSE,2,12793,0.291861667535041,1.89698826333817e-73,72.7219353560819,"Weakly structured"
"DSG2",-1.576,4.43692258373336e-13,3.16331437330725e-11,0.707,0.953,"Example_Visium","TLS","Rest","wilcox","SCT",0.25,0.05,0.05,41,1212,TRUE,FALSE,2,12793,0.335833605516082,1.15894271936043e-96,95.9359380284716,"Spatially structured"
"SMPD1",-1.5751,0.000383021284652311,0.00388271893388036,0.244,0.504,"Example_Visium","TLS","Rest","wilcox","SCT",0.25,0.05,0.05,41,1212,TRUE,FALSE,2,12793,0.270306714112536,2.85065409158817e-63,62.5450554783162,"Weakly structured"
"TMEM62",-1.5738,0.000550986259625718,0.00530780664110829,0.122,0.392,"Example_Visium","TLS","Rest","wilcox","SCT",0.25,0.05,0.05,41,1212,TRUE,FALSE,2,12793,0.0298461103663,0.0326132687322428,1.48660567095078,"Weakly structured"
"HBB",1.5712,1.48713933076436e-09,5.83588142897806e-08,0.927,0.574,"Example_Visium","TLS","Rest","wilcox","SCT",0.25,0.05,0.05,41,1212,TRUE,FALSE,2,12793,0.449038595167176,2.58192182012844e-171,170.588056912186,"Spatially structured"
"LST1",1.569,0.000142589542364334,0.00170912575086536,0.415,0.187,"Example_Visium","TLS","Rest","wilcox","SCT",0.25,0.05,0.05,41,1212,TRUE,FALSE,2,12793,0.0637577383270213,4.25281017925955e-05,4.3713240012361,"Weakly structured"
"TSPAN3",-1.5689,5.61952595751681e-15,5.99088296454271e-13,0.976,0.997,"Example_Visium","TLS","Rest","wilcox","SCT",0.25,0.05,0.05,41,1212,TRUE,FALSE,2,12793,0.615333105622706,1.22923532685302e-319,318.910367201772,"Spatially structured"
"SLC35A1",-1.5683,0.000223057429107284,0.00249656490863472,0.171,0.46,"Example_Visium","TLS","Rest","wilcox","SCT",0.25,0.05,0.05,41,1212,TRUE,FALSE,2,12793,0.0806825858264179,3.35171815541089e-07,6.47473250814919,"Weakly structured"
"SERPINB9",1.5677,0.000333180334928718,0.00346625050546241,0.439,0.237,"Example_Visium","TLS","Rest","wilcox","SCT",0.25,0.05,0.05,41,1212,TRUE,FALSE,2,12793,0.067896558292407,1.43593898325122e-05,4.84286401399365,"Weakly structured"
"CALHM6",1.5637,2.86253539040599e-06,5.55696741266523e-05,0.463,0.182,"Example_Visium","TLS","Rest","wilcox","SCT",0.25,0.05,0.05,41,1212,TRUE,FALSE,2,12793,0.137510576472636,8.82141150669069e-18,17.0544619182105,"Weakly structured"
"NLE1",1.5637,0.000173991951464937,0.00202536763884525,0.341,0.139,"Example_Visium","TLS","Rest","wilcox","SCT",0.25,0.05,0.05,41,1212,TRUE,FALSE,2,12793,0.127405387898508,1.67020346949224e-15,14.7772306184961,"Weakly structured"
"MUC1",-1.5621,7.7336828612813e-16,1.04195832560046e-13,1,0.999,"Example_Visium","TLS","Rest","wilcox","SCT",0.25,0.05,0.05,41,1212,TRUE,FALSE,2,12793,0.656909852703363,0,363.267833569446,"Spatially structured"
"HLA-DQA1",1.5615,1.7837075104032e-10,8.14963220735288e-09,0.756,0.347,"Example_Visium","TLS","Rest","wilcox","SCT",0.25,0.05,0.05,41,1212,TRUE,FALSE,2,12793,0.23630165935787,6.98765586461353e-49,48.1556684917514,"Weakly structured"
"NEU4",-1.554,0.00321545669879414,0.0227220002730861,0.073,0.288,"Example_Visium","TLS","Rest","wilcox","SCT",0.25,0.05,0.05,41,1212,TRUE,FALSE,2,12793,0.117557165250865,1.98997872599247e-13,12.7011515664212,"Weakly structured"
"LAMA1",-1.5532,0.00538970915960216,0.0338490669017135,0.146,0.348,"Example_Visium","TLS","Rest","wilcox","SCT",0.25,0.05,0.05,41,1212,TRUE,FALSE,2,12793,0.315183089201208,2.1135505852503e-85,84.6749873534029,"Spatially structured"
"CCL15",-1.5527,1.26932376589864e-05,0.000208720551891276,0.39,0.644,"Example_Visium","TLS","Rest","wilcox","SCT",0.25,0.05,0.05,41,1212,TRUE,FALSE,2,12793,0.190385011212909,2.58063155504388e-32,31.5882739966315,"Weakly structured"
"DOCK8",1.5526,2.07891624750821e-06,4.16206190209272e-05,0.463,0.176,"Example_Visium","TLS","Rest","wilcox","SCT",0.25,0.05,0.05,41,1212,TRUE,FALSE,2,12793,0.0246302852834136,0.0628629224715414,1.20160543267636,"Not structured"
"TDP2",-1.5516,5.32549378074602e-07,1.2253424808828e-05,0.512,0.767,"Example_Visium","TLS","Rest","wilcox","SCT",0.25,0.05,0.05,41,1212,TRUE,FALSE,2,12793,0.334882659458271,4.80655356300539e-96,95.3181662136581,"Spatially structured"
"CFD",-1.5514,5.9220141917929e-08,1.64696364251318e-06,0.537,0.833,"Example_Visium","TLS","Rest","wilcox","SCT",0.25,0.05,0.05,41,1212,TRUE,FALSE,2,12793,0.418429342979812,7.22921786538747e-149,148.140908686816,"Spatially structured"
"WIPF1",1.5489,1.78302879965756e-05,0.000283006047568476,0.659,0.399,"Example_Visium","TLS","Rest","wilcox","SCT",0.25,0.05,0.05,41,1212,TRUE,FALSE,2,12793,0.079391406556575,5.01479520252132e-07,6.29974679828285,"Weakly structured"
"FXYD5",1.5479,4.76476326984706e-12,2.77070984141606e-10,0.902,0.57,"Example_Visium","TLS","Rest","wilcox","SCT",0.25,0.05,0.05,41,1212,TRUE,FALSE,2,12793,0.225328659385437,1.58486353375584e-44,43.8000081271928,"Weakly structured"
"GBP5",1.5465,0.000227139908536539,0.00253339219695549,0.39,0.18,"Example_Visium","TLS","Rest","wilcox","SCT",0.25,0.05,0.05,41,1212,TRUE,FALSE,2,12793,0.0598249276973649,0.00011314502096616,3.94636455275211,"Weakly structured"
"SRPX",1.5458,0.000821064259753462,0.00735050740029814,0.293,0.121,"Example_Visium","TLS","Rest","wilcox","SCT",0.25,0.05,0.05,41,1212,TRUE,FALSE,2,12793,0.0434053430669755,0.00368932316701932,2.43305330099275,"Weakly structured"
"TBC1D10C",1.545,5.89157935022873e-06,0.00010630602909376,0.439,0.166,"Example_Visium","TLS","Rest","wilcox","SCT",0.25,0.05,0.05,41,1212,TRUE,FALSE,2,12793,0.0382092985501204,0.00921196152586855,2.03564788455256,"Weakly structured"
"APBB1IP",1.5432,0.00101575511099655,0.00879198588293567,0.268,0.106,"Example_Visium","TLS","Rest","wilcox","SCT",0.25,0.05,0.05,41,1212,TRUE,FALSE,2,12793,0.0634640257844099,4.47008279495331e-05,4.34968443278342,"Weakly structured"
"MIAT",1.5432,0.00243362410262256,0.0182600311700002,0.317,0.153,"Example_Visium","TLS","Rest","wilcox","SCT",0.25,0.05,0.05,41,1212,TRUE,FALSE,2,12793,0.00506374629257895,0.368687062216329,0.43334210217322,"Not structured"
"TSPAN8",-1.5415,5.27232310093457e-19,1.87357859528489e-16,1,1,"Example_Visium","TLS","Rest","wilcox","SCT",0.25,0.05,0.05,41,1212,TRUE,FALSE,2,12793,0.626866392590652,0,331.05679890778,"Spatially structured"
"GALE",-1.5394,9.93325413918009e-09,3.31791436560133e-07,0.512,0.805,"Example_Visium","TLS","Rest","wilcox","SCT",0.25,0.05,0.05,41,1212,TRUE,FALSE,2,12793,0.153208864057724,1.44928532438548e-21,20.8388461054828,"Weakly structured"
"LIMA1",-1.5378,6.09900455618633e-07,1.38833746062797e-05,0.39,0.723,"Example_Visium","TLS","Rest","wilcox","SCT",0.25,0.05,0.05,41,1212,TRUE,FALSE,2,12793,0.177785266609077,2.08933247066349e-28,27.67999244624,"Weakly structured"
"CDH17",-1.5368,8.7026511666354e-13,5.89063578702469e-11,0.829,0.968,"Example_Visium","TLS","Rest","wilcox","SCT",0.25,0.05,0.05,41,1212,TRUE,FALSE,2,12793,0.479932316027107,2.35318939277936e-195,194.628343117903,"Spatially structured"
"CCDC71L",1.5365,8.25000780417907e-08,2.19422764737761e-06,0.756,0.472,"Example_Visium","TLS","Rest","wilcox","SCT",0.25,0.05,0.05,41,1212,TRUE,FALSE,2,12793,0.157685029698794,9.68069105073071e-23,22.0140936397157,"Weakly structured"
"THBS1",1.5355,1.11574215469554e-14,1.09797610654e-12,0.976,0.74,"Example_Visium","TLS","Rest","wilcox","SCT",0.25,0.05,0.05,41,1212,TRUE,FALSE,2,12793,0.279557037399203,1.50148760765927e-67,66.8234782478456,"Weakly structured"
"LYSMD2",1.5351,6.95546045445861e-06,0.000123307599366162,0.415,0.153,"Example_Visium","TLS","Rest","wilcox","SCT",0.25,0.05,0.05,41,1212,TRUE,FALSE,2,12793,0.0709025373483753,6.1802511443913e-06,5.20899387630161,"Weakly structured"
"CLDN7",-1.535,2.89766618105108e-16,4.26090154645822e-14,0.951,0.997,"Example_Visium","TLS","Rest","wilcox","SCT",0.25,0.05,0.05,41,1212,TRUE,FALSE,2,12793,0.540608646911402,2.17284132769734e-247,246.662971986989,"Spatially structured"
"ST6GALNAC6",-1.5336,6.56342243736567e-10,2.74385185023086e-08,0.634,0.883,"Example_Visium","TLS","Rest","wilcox","SCT",0.25,0.05,0.05,41,1212,TRUE,FALSE,2,12793,0.493350743410517,3.30224873406752e-206,205.481190217638,"Spatially structured"
"SPP1",1.5327,1.0262527400239e-05,0.000173432646012229,0.366,0.129,"Example_Visium","TLS","Rest","wilcox","SCT",0.25,0.05,0.05,41,1212,TRUE,FALSE,2,12793,0.159659859582699,1.82995069976067e-23,22.7375606103298,"Weakly structured"
"C15orf61",-1.5322,0.00298840168873139,0.0214134140161996,0.122,0.338,"Example_Visium","TLS","Rest","wilcox","SCT",0.25,0.05,0.05,41,1212,TRUE,FALSE,2,12793,0.0256727727888589,0.0556250604923188,1.25472950371499,"Not structured"
"CPT2",-1.5322,0.0014731154777548,0.0121037676987265,0.171,0.404,"Example_Visium","TLS","Rest","wilcox","SCT",0.25,0.05,0.05,41,1212,TRUE,FALSE,2,12793,0.0376616002636668,0.0101837557813931,1.99209202412906,"Weakly structured"
"VAV3",-1.5322,0.000591392986190163,0.00562086959311348,0.146,0.414,"Example_Visium","TLS","Rest","wilcox","SCT",0.25,0.05,0.05,41,1212,TRUE,FALSE,2,12793,0.0521455190709211,0.000661389444044924,3.17954274082483,"Weakly structured"
"PPCS",-1.5318,4.47753488117921e-07,1.05296146571554e-05,0.341,0.709,"Example_Visium","TLS","Rest","wilcox","SCT",0.25,0.05,0.05,41,1212,TRUE,FALSE,2,12793,0.11603499644913,4.11428858266287e-13,12.3857052494759,"Weakly structured"
"MUC13",-1.5302,1.87408575572909e-15,2.21992398824465e-13,1,0.999,"Example_Visium","TLS","Rest","wilcox","SCT",0.25,0.05,0.05,41,1212,TRUE,FALSE,2,12793,0.63685806413862,0,341.625548134373,"Spatially structured"
"TOP2A",1.5286,5.65167779447369e-08,1.59959986780314e-06,0.707,0.327,"Example_Visium","TLS","Rest","wilcox","SCT",0.25,0.05,0.05,41,1212,TRUE,FALSE,2,12793,0.273165017695358,1.23531286956384e-64,63.9082230340507,"Weakly structured"
"C2orf27A",1.5281,0.00728897091914136,0.0426763409467164,0.171,0.064,"Example_Visium","TLS","Rest","wilcox","SCT",0.25,0.05,0.05,41,1212,TRUE,FALSE,2,12793,0.0258902099230866,0.0533258962342891,1.27306183674426,"Not structured"
"CEP83",1.5249,0.0050548241152961,0.0323008815719196,0.22,0.091,"Example_Visium","TLS","Rest","wilcox","SCT",0.25,0.05,0.05,41,1212,TRUE,FALSE,2,12793,0.0217276789741367,0.0877704371595717,1.05665173854079,"Not structured"
"TLCD4",-1.5238,0.00513970238761899,0.0326475733092402,0.122,0.321,"Example_Visium","TLS","Rest","wilcox","SCT",0.25,0.05,0.05,41,1212,TRUE,FALSE,2,12793,0.104558092944545,5.67164022192439e-11,10.2462913262362,"Weakly structured"
"AP1S3",1.5231,0.00783384889061485,0.0450419904978139,0.244,0.115,"Example_Visium","TLS","Rest","wilcox","SCT",0.25,0.05,0.05,41,1212,TRUE,FALSE,2,12793,0.00581306797167519,0.351802110257619,0.453701559789044,"Not structured"
"LGALS3",-1.5224,2.41802647553766e-17,5.2430191019582e-15,1,0.999,"Example_Visium","TLS","Rest","wilcox","SCT",0.25,0.05,0.05,41,1212,TRUE,FALSE,2,12793,0.672016006632859,0,380.04285838188,"Spatially structured"
"SPATS2L",-1.5219,2.13869023091075e-05,0.000334069159023702,0.317,0.621,"Example_Visium","TLS","Rest","wilcox","SCT",0.25,0.05,0.05,41,1212,TRUE,FALSE,2,12793,0.239191671910727,6.00844673173551e-50,49.2212377847397,"Weakly structured"
"CLMP",1.5219,0.00810282689066321,0.0463386072473198,0.268,0.134,"Example_Visium","TLS","Rest","wilcox","SCT",0.25,0.05,0.05,41,1212,TRUE,FALSE,2,12793,0.0392520675349634,0.00771984138998366,2.11239162248324,"Weakly structured"
"GIMAP5",1.5216,1.64786433089266e-06,3.39470666426889e-05,0.488,0.193,"Example_Visium","TLS","Rest","wilcox","SCT",0.25,0.05,0.05,41,1212,TRUE,FALSE,2,12793,0.0355133875075672,0.0142683421224131,1.84562648581428,"Weakly structured"
"RILP",-1.5213,0.000888143543753799,0.00784669914036074,0.098,0.361,"Example_Visium","TLS","Rest","wilcox","SCT",0.25,0.05,0.05,41,1212,TRUE,FALSE,2,12793,0.117665121181498,1.92678903066117e-13,12.7151658348181,"Weakly structured"
"CEP41",1.521,0.00829778128636084,0.0472527607951387,0.195,0.08,"Example_Visium","TLS","Rest","wilcox","SCT",0.25,0.05,0.05,41,1212,TRUE,FALSE,2,12793,0.0302557834233186,0.0303700567962567,1.51755439588951,"Weakly structured"
"WAS",1.521,0.0004397649008265,0.00436706909298458,0.341,0.148,"Example_Visium","TLS","Rest","wilcox","SCT",0.25,0.05,0.05,41,1212,TRUE,FALSE,2,12793,0.0130701573945354,0.204903453544108,0.68845072172321,"Not structured"
"HIST1H1C",-1.5207,0.000589024712071745,0.00560910131274528,0.195,0.463,"Example_Visium","TLS","Rest","wilcox","SCT",0.25,0.05,0.05,41,1212,TRUE,FALSE,2,12793,0.252803800001658,1.36565549585968e-55,54.8646588431998,"Weakly structured"
"HS6ST1",-1.5189,0.00191613173540607,0.015075690830904,0.146,0.375,"Example_Visium","TLS","Rest","wilcox","SCT",0.25,0.05,0.05,41,1212,TRUE,FALSE,2,12793,0.0482077170521012,0.00149143922903597,2.82639443793184,"Weakly structured"
"CSF3R",1.5181,0.00169367205353741,0.0135529448122622,0.366,0.186,"Example_Visium","TLS","Rest","wilcox","SCT",0.25,0.05,0.05,41,1212,TRUE,FALSE,2,12793,0.0809054089005922,2.99087165657462e-07,6.52420222288889,"Weakly structured"
"CLIC5",-1.5172,0.000799383378748688,0.00720684394949399,0.293,0.531,"Example_Visium","TLS","Rest","wilcox","SCT",0.25,0.05,0.05,41,1212,TRUE,FALSE,2,12793,0.374728471857644,8.52279927918827e-120,119.069417739525,"Spatially structured"
"HNF4G",-1.517,0.00383450984471074,0.0260100129604372,0.073,0.283,"Example_Visium","TLS","Rest","wilcox","SCT",0.25,0.05,0.05,41,1212,TRUE,FALSE,2,12793,0.0401885417149616,0.00663992338229887,2.17783693190258,"Weakly structured"
"SYNGAP1",1.5164,0.00353439471536828,0.0245336470937094,0.195,0.072,"Example_Visium","TLS","Rest","wilcox","SCT",0.25,0.05,0.05,41,1212,TRUE,FALSE,2,12793,0.0204984410784554,0.0999692116278738,1.00013373278934,"Not structured"
"NUBPL",1.5164,0.00533472359443244,0.0336192704155538,0.244,0.11,"Example_Visium","TLS","Rest","wilcox","SCT",0.25,0.05,0.05,41,1212,TRUE,FALSE,2,12793,0.0602570708228799,9.98024481799302e-05,4.00085880522572,"Weakly structured"
"SLCO2A1",-1.5153,0.00164508283212525,0.0132612127733953,0.171,0.412,"Example_Visium","TLS","Rest","wilcox","SCT",0.25,0.05,0.05,41,1212,TRUE,FALSE,2,12793,0.282511756832177,5.89070143928245e-69,68.2298329882228,"Weakly structured"
"S1PR2",1.5122,0.00268280630999162,0.0197134641721555,0.22,0.084,"Example_Visium","TLS","Rest","wilcox","SCT",0.25,0.05,0.05,41,1212,TRUE,FALSE,2,12793,0.0541213521455185,0.000410052927897808,3.38716008276708,"Weakly structured"
"FGF7",1.5122,0.00096053141571936,0.00839834195403751,0.341,0.158,"Example_Visium","TLS","Rest","wilcox","SCT",0.25,0.05,0.05,41,1212,TRUE,FALSE,2,12793,0.084247898373231,1.00684205449715e-07,6.99703865282311,"Weakly structured"
"SLC43A3",1.5092,8.92055009677949e-06,0.000152976672102011,0.463,0.191,"Example_Visium","TLS","Rest","wilcox","SCT",0.25,0.05,0.05,41,1212,TRUE,FALSE,2,12793,0.143171924204495,4.30829458770206e-19,18.3656946086611,"Weakly structured"
"APOL4",1.5071,0.0088782768528713,0.0499471397444074,0.195,0.081,"Example_Visium","TLS","Rest","wilcox","SCT",0.25,0.05,0.05,41,1212,TRUE,FALSE,2,12793,0.0233820501838132,0.0724707333026421,1.13983734420567,"Not structured"
"EGFR",-1.5067,0.00137012692952365,0.0113597108291614,0.122,0.368,"Example_Visium","TLS","Rest","wilcox","SCT",0.25,0.05,0.05,41,1212,TRUE,FALSE,2,12793,0.131976511515383,1.81952244286147e-16,15.7400425832485,"Weakly structured"
"ENPP4",-1.5067,0.00161846288807001,0.013079593005104,0.122,0.363,"Example_Visium","TLS","Rest","wilcox","SCT",0.25,0.05,0.05,41,1212,TRUE,FALSE,2,12793,0.0713582263584451,5.56919814982567e-06,5.25420732981271,"Weakly structured"
"IGF2BP2",-1.5067,0.00443016122805302,0.0289306036704861,0.122,0.327,"Example_Visium","TLS","Rest","wilcox","SCT",0.25,0.05,0.05,41,1212,TRUE,FALSE,2,12793,0.0455732425917537,0.00250069515120847,2.60193924798059,"Weakly structured"
"DNASE1L3",1.5055,2.33433369563111e-05,0.000358500972007308,0.341,0.118,"Example_Visium","TLS","Rest","wilcox","SCT",0.25,0.05,0.05,41,1212,TRUE,FALSE,2,12793,0.138768310638233,4.12394825866706e-18,17.3846867922528,"Weakly structured"
"SNX20",1.5048,0.0076604521760082,0.0442438666761503,0.22,0.096,"Example_Visium","TLS","Rest","wilcox","SCT",0.25,0.05,0.05,41,1212,TRUE,FALSE,2,12793,0.0320711012384013,0.0235539031589556,1.62793711486468,"Weakly structured"
"CTDSPL",-1.5042,0.000996029220824893,0.00867406522941652,0.122,0.377,"Example_Visium","TLS","Rest","wilcox","SCT",0.25,0.05,0.05,41,1212,TRUE,FALSE,2,12793,0.0170735525602166,0.143147591108121,0.844215955901222,"Not structured"
"BCAR3",-1.5038,0.00249820681351936,0.0186136049885574,0.098,0.324,"Example_Visium","TLS","Rest","wilcox","SCT",0.25,0.05,0.05,41,1212,TRUE,FALSE,2,12793,0.0860466344351017,5.69257603703859e-08,7.24469115970347,"Weakly structured"
"RARRES1",-1.5015,3.8823527646572e-06,7.30396160562641e-05,0.317,0.649,"Example_Visium","TLS","Rest","wilcox","SCT",0.25,0.05,0.05,41,1212,TRUE,FALSE,2,12793,0.219454763624909,2.46442332943947e-42,41.6082846886147,"Weakly structured"
"ZG16B",-1.5012,4.52319346888037e-09,1.60038545799706e-07,0.634,0.861,"Example_Visium","TLS","Rest","wilcox","SCT",0.25,0.05,0.05,41,1212,TRUE,FALSE,2,12793,0.345964583764695,2.11061954098959e-102,101.6755900453,"Spatially structured"
"CLU",1.4981,0.00881710339941673,0.049734216838068,0.415,0.284,"Example_Visium","TLS","Rest","wilcox","SCT",0.25,0.05,0.05,41,1212,TRUE,FALSE,2,12793,0.131018000491707,2.85429657274453e-16,15.5445009039562,"Weakly structured"
"CDA",-1.4971,0.00423617727511007,0.0279668852478596,0.146,0.361,"Example_Visium","TLS","Rest","wilcox","SCT",0.25,0.05,0.05,41,1212,TRUE,FALSE,2,12793,0.325765156983273,4.45007177765075e-91,90.3516329839885,"Spatially structured"
"SLC49A4",-1.4968,0.0054601080768021,0.0341904858671215,0.146,0.343,"Example_Visium","TLS","Rest","wilcox","SCT",0.25,0.05,0.05,41,1212,TRUE,FALSE,2,12793,0.143479123252819,3.86386059922726e-19,18.4129785504963,"Weakly structured"
"ATM",1.4957,3.46596225531642e-05,0.000506455880681759,0.488,0.225,"Example_Visium","TLS","Rest","wilcox","SCT",0.25,0.05,0.05,41,1212,TRUE,FALSE,2,12793,0.0299917547410184,0.0318774128233097,1.49651693326572,"Weakly structured"
"RBAK",1.4933,0.00626680067118307,0.0380860717275273,0.244,0.109,"Example_Visium","TLS","Rest","wilcox","SCT",0.25,0.05,0.05,41,1212,TRUE,FALSE,2,12793,0.0328711364537342,0.0209560400430864,1.67869078036749,"Weakly structured"
"KANK3",1.4933,0.00669949257220051,0.0399378417875867,0.195,0.078,"Example_Visium","TLS","Rest","wilcox","SCT",0.25,0.05,0.05,41,1212,TRUE,FALSE,2,12793,-0.00137913486789604,0.524382524372456,0.280351790084688,"Not structured"
"C15orf48",-1.4921,8.76239190819368e-16,1.12097279681522e-13,0.976,0.999,"Example_Visium","TLS","Rest","wilcox","SCT",0.25,0.05,0.05,41,1212,TRUE,FALSE,2,12793,0.587823630871641,4.63972816809256e-292,291.333507463099,"Spatially structured"
"PRSS3",-1.4914,7.95754776501904e-10,3.29452778504494e-08,0.585,0.881,"Example_Visium","TLS","Rest","wilcox","SCT",0.25,0.05,0.05,41,1212,TRUE,FALSE,2,12793,0.244997106987441,2.54276161576621e-52,51.5946943530803,"Weakly structured"
"ADTRP",-1.4894,0.000346633878061051,0.00357656575923384,0.195,0.48,"Example_Visium","TLS","Rest","wilcox","SCT",0.25,0.05,0.05,41,1212,TRUE,FALSE,2,12793,0.194265224613417,1.42017002666849e-33,32.8476596575723,"Weakly structured"
"CTHRC1",1.4887,0.00653486368129697,0.0392122472208406,0.244,0.112,"Example_Visium","TLS","Rest","wilcox","SCT",0.25,0.05,0.05,41,1212,TRUE,FALSE,2,12793,0.104262803526486,5.74300486929509e-11,10.2408608154954,"Weakly structured"
"SELENBP1",-1.487,9.79362883479378e-08,2.58329677697973e-06,0.537,0.835,"Example_Visium","TLS","Rest","wilcox","SCT",0.25,0.05,0.05,41,1212,TRUE,FALSE,2,12793,0.431437129979514,3.86409826631371e-158,157.41295183775,"Spatially structured"
"FSCN1",1.4865,0.000322504000630956,0.00337902840300723,0.488,0.264,"Example_Visium","TLS","Rest","wilcox","SCT",0.25,0.05,0.05,41,1212,TRUE,FALSE,2,12793,0.108194576276621,1.20646343269027e-11,10.9184858368066,"Weakly structured"
"CKMT1B",-1.4851,0.000143760939993683,0.001720424420336,0.195,0.505,"Example_Visium","TLS","Rest","wilcox","SCT",0.25,0.05,0.05,41,1212,TRUE,FALSE,2,12793,0.0465674202801515,0.00207144932782904,2.68372568602651,"Weakly structured"
"KIF13B",-1.4851,2.36459516037081e-05,0.000362713020223306,0.293,0.598,"Example_Visium","TLS","Rest","wilcox","SCT",0.25,0.05,0.05,41,1212,TRUE,FALSE,2,12793,0.149193514287673,1.55308825111306e-20,19.8088038656607,"Weakly structured"
"SLCO3A1",1.4847,0.00475525085774433,0.0307187865707114,0.268,0.124,"Example_Visium","TLS","Rest","wilcox","SCT",0.25,0.05,0.05,41,1212,TRUE,FALSE,2,12793,0.0357952691057742,0.013573838464907,1.86729732342339,"Weakly structured"
"DCTN5",-1.4836,0.000206352285663311,0.00233409795799358,0.146,0.452,"Example_Visium","TLS","Rest","wilcox","SCT",0.25,0.05,0.05,41,1212,TRUE,FALSE,2,12793,0.0641945320222352,3.87564633826806e-05,4.41165586019359,"Weakly structured"
"P3H2",-1.4815,0.000328644121456717,0.00343211775167002,0.195,0.479,"Example_Visium","TLS","Rest","wilcox","SCT",0.25,0.05,0.05,41,1212,TRUE,FALSE,2,12793,0.163877517949241,2.05585411506448e-24,23.6870077064425,"Weakly structured"
"UBD",1.4812,7.92738354853336e-07,1.75762595730307e-05,0.537,0.215,"Example_Visium","TLS","Rest","wilcox","SCT",0.25,0.05,0.05,41,1212,TRUE,FALSE,2,12793,0.244528415081403,2.97056298977211e-52,51.5271612341237,"Weakly structured"
"AC008397.1",-1.481,7.98099847969512e-08,2.1442038641829e-06,0.463,0.793,"Example_Visium","TLS","Rest","wilcox","SCT",0.25,0.05,0.05,41,1212,TRUE,FALSE,2,12793,0.191588775096197,1.04961778829776e-32,31.9789688177416,"Weakly structured"
"STMN3",1.4793,1.13408553186763e-06,2.42614652327468e-05,0.683,0.389,"Example_Visium","TLS","Rest","wilcox","SCT",0.25,0.05,0.05,41,1212,TRUE,FALSE,2,12793,0.446197383686164,3.49955375244589e-169,168.455987331423,"Spatially structured"
"LEFTY1",-1.4793,0.000309624481665449,0.00325742269238988,0.512,0.691,"Example_Visium","TLS","Rest","wilcox","SCT",0.25,0.05,0.05,41,1212,TRUE,FALSE,2,12793,0.60616276402418,5.11128031242201e-310,309.291470300849,"Spatially structured"
"FCGR2A",1.4791,1.63726402420494e-05,0.000261492118123019,0.561,0.299,"Example_Visium","TLS","Rest","wilcox","SCT",0.25,0.05,0.05,41,1212,TRUE,FALSE,2,12793,0.176490626647066,4.47615143674717e-28,27.3490952288838,"Weakly structured"
"GATA6",-1.4767,0.000187972715258639,0.00215671295632625,0.22,0.504,"Example_Visium","TLS","Rest","wilcox","SCT",0.25,0.05,0.05,41,1212,TRUE,FALSE,2,12793,0.028577741640151,0.0385411400608678,1.41407544290265,"Weakly structured"
"TMEM125",-1.4754,0.000253048200005604,0.00276924347533935,0.146,0.453,"Example_Visium","TLS","Rest","wilcox","SCT",0.25,0.05,0.05,41,1212,TRUE,FALSE,2,12793,0.133866455838809,6.97882513133229e-17,16.1562176836699,"Weakly structured"
"NAV1",1.4753,0.000572409186426881,0.00549762066213145,0.341,0.152,"Example_Visium","TLS","Rest","wilcox","SCT",0.25,0.05,0.05,41,1212,TRUE,FALSE,2,12793,0.034284781169265,0.0171339561916667,1.76614234784382,"Weakly structured"
"TTK",1.4747,0.000288329282274164,0.00308231219531764,0.244,0.08,"Example_Visium","TLS","Rest","wilcox","SCT",0.25,0.05,0.05,41,1212,TRUE,FALSE,2,12793,0.125833217735998,2.96653627829631e-15,14.5277503362301,"Weakly structured"
"EXOSC5",1.4728,0.000680448576157804,0.00632169835496498,0.341,0.153,"Example_Visium","TLS","Rest","wilcox","SCT",0.25,0.05,0.05,41,1212,TRUE,FALSE,2,12793,0.0275445424198583,0.0437426159238246,1.35909524856608,"Weakly structured"
"RILPL2",1.4725,0.000796074923811658,0.00719222210474755,0.366,0.174,"Example_Visium","TLS","Rest","wilcox","SCT",0.25,0.05,0.05,41,1212,TRUE,FALSE,2,12793,0.0582606105558762,0.000164288044456664,3.78439403982372,"Weakly structured"
"CYSTM1",-1.4723,3.45972771867395e-11,1.79919905304861e-09,0.683,0.92,"Example_Visium","TLS","Rest","wilcox","SCT",0.25,0.05,0.05,41,1212,TRUE,FALSE,2,12793,0.358728290745609,5.34948082315947e-110,109.271688365003,"Spatially structured"
"CTSH",1.4709,5.41572001702622e-10,2.32494316032941e-08,0.854,0.615,"Example_Visium","TLS","Rest","wilcox","SCT",0.25,0.05,0.05,41,1212,TRUE,FALSE,2,12793,0.177393818415286,2.7085777050286e-28,27.5672587006413,"Weakly structured"
"BICC1",1.4706,0.00634290278225311,0.0384208121654186,0.195,0.077,"Example_Visium","TLS","Rest","wilcox","SCT",0.25,0.05,0.05,41,1212,TRUE,FALSE,2,12793,0.0139796723903921,0.189028746249222,0.723472146154289,"Not structured"
"ASCL2",1.4688,1.75768182962551e-08,5.56584743722753e-07,0.732,0.37,"Example_Visium","TLS","Rest","wilcox","SCT",0.25,0.05,0.05,41,1212,TRUE,FALSE,2,12793,0.559776104828277,4.21026302866114e-265,264.375690771545,"Spatially structured"
"ITGA4",1.4661,7.66594174031183e-05,0.00101207835587006,0.512,0.292,"Example_Visium","TLS","Rest","wilcox","SCT",0.25,0.05,0.05,41,1212,TRUE,FALSE,2,12793,0.0960294883498469,1.60206460263304e-09,8.79531997514232,"Weakly structured"
"EPB41L4B",-1.4649,8.52065512064197e-06,0.000146708938032803,0.366,0.66,"Example_Visium","TLS","Rest","wilcox","SCT",0.25,0.05,0.05,41,1212,TRUE,FALSE,2,12793,0.20006478179531,1.73359088209468e-35,34.7610533858751,"Weakly structured"
"ACOT11",-1.4649,0.00513388378260984,0.0326268133288264,0.073,0.274,"Example_Visium","TLS","Rest","wilcox","SCT",0.25,0.05,0.05,41,1212,TRUE,FALSE,2,12793,0.042584316167666,0.00434689792209738,2.36182055819664,"Weakly structured"
"SRGN",1.4644,1.33391196677798e-12,8.66230243197497e-11,0.902,0.736,"Example_Visium","TLS","Rest","wilcox","SCT",0.25,0.05,0.05,41,1212,TRUE,FALSE,2,12793,0.162877928584581,3.86198757963985e-24,23.4131891272688,"Weakly structured"
"PTPN7",1.4642,0.000443877392721939,0.00439572003917713,0.366,0.165,"Example_Visium","TLS","Rest","wilcox","SCT",0.25,0.05,0.05,41,1212,TRUE,FALSE,2,12793,0.0297644703245574,0.0327860217496451,1.48431127735302,"Weakly structured"
"GSAP",1.4624,0.00578187360614143,0.0358813581381371,0.22,0.092,"Example_Visium","TLS","Rest","wilcox","SCT",0.25,0.05,0.05,41,1212,TRUE,FALSE,2,12793,0.0264454939527703,0.050047747918525,1.30061546041369,"Not structured"
"UGT8",-1.4587,0.00842400245411483,0.0478757278522839,0.049,0.227,"Example_Visium","TLS","Rest","wilcox","SCT",0.25,0.05,0.05,41,1212,TRUE,FALSE,2,12793,0.0224351333223912,0.0814513275285318,1.08910183298079,"Not structured"
"ITPK1",-1.4584,7.28747011705028e-06,0.000128221297405404,0.317,0.644,"Example_Visium","TLS","Rest","wilcox","SCT",0.25,0.05,0.05,41,1212,TRUE,FALSE,2,12793,0.0596417557326421,0.000120851176594394,3.91774911699017,"Weakly structured"
"CCPG1",-1.4583,0.000135838009037811,0.00164095906479766,0.268,0.544,"Example_Visium","TLS","Rest","wilcox","SCT",0.25,0.05,0.05,41,1212,TRUE,FALSE,2,12793,0.0557332227011094,0.000300869388422901,3.52162199675745,"Weakly structured"
"SMIM22",-1.4582,2.1078833238149e-15,2.45146830559673e-13,0.976,0.985,"Example_Visium","TLS","Rest","wilcox","SCT",0.25,0.05,0.05,41,1212,TRUE,FALSE,2,12793,0.459877217451035,1.08864495232484e-179,178.963113736762,"Spatially structured"
"PVT1",1.4568,0.000933673909959123,0.00820691422742866,0.268,0.104,"Example_Visium","TLS","Rest","wilcox","SCT",0.25,0.05,0.05,41,1212,TRUE,FALSE,2,12793,0.0498355669563401,0.00104438488447381,2.98113942240743,"Weakly structured"
"CYTIP",1.4565,5.05162973184908e-05,0.000703215442432484,0.488,0.248,"Example_Visium","TLS","Rest","wilcox","SCT",0.25,0.05,0.05,41,1212,TRUE,FALSE,2,12793,0.058894066055441,0.000142970193641728,3.84475449460617,"Weakly structured"
"ALS2CL",-1.4562,0.0006207421379742,0.00584768348387625,0.171,0.436,"Example_Visium","TLS","Rest","wilcox","SCT",0.25,0.05,0.05,41,1212,TRUE,FALSE,2,12793,0.0811198184665389,2.91128652766918e-07,6.53591504936645,"Weakly structured"
"PDXDC1",-1.4536,3.44261448567188e-08,1.03383490880752e-06,0.439,0.815,"Example_Visium","TLS","Rest","wilcox","SCT",0.25,0.05,0.05,41,1212,TRUE,FALSE,2,12793,0.128236101925482,1.23326777924229e-15,14.9089426148716,"Weakly structured"
"APOBR",-1.4534,3.2760858348268e-06,6.24604561623536e-05,0.268,0.666,"Example_Visium","TLS","Rest","wilcox","SCT",0.25,0.05,0.05,41,1212,TRUE,FALSE,2,12793,0.178210994499392,1.56379535176662e-28,27.8058200821034,"Weakly structured"
"ITPRIP",1.4527,0.00364412223076522,0.0250775985466269,0.317,0.153,"Example_Visium","TLS","Rest","wilcox","SCT",0.25,0.05,0.05,41,1212,TRUE,FALSE,2,12793,0.0442022503065165,0.00319266643105521,2.49584645406301,"Weakly structured"
"PRKCD",-1.4504,9.80924379895321e-05,0.0012449370626985,0.22,0.538,"Example_Visium","TLS","Rest","wilcox","SCT",0.25,0.05,0.05,41,1212,TRUE,FALSE,2,12793,0.136067026454836,2.22815280952261e-17,16.652055028015,"Weakly structured"
"SLC17A5",-1.4503,0.000167479322656844,0.00196025889730009,0.122,0.434,"Example_Visium","TLS","Rest","wilcox","SCT",0.25,0.05,0.05,41,1212,TRUE,FALSE,2,12793,0.0926515566270482,5.70127078578057e-09,8.24402833139063,"Weakly structured"
"SCRN1",1.4502,0.00429660448565897,0.028231361676957,0.22,0.088,"Example_Visium","TLS","Rest","wilcox","SCT",0.25,0.05,0.05,41,1212,TRUE,FALSE,2,12793,0.0254522970912118,0.0564641443219003,1.24822724892947,"Not structured"
"ARHGAP45",1.4494,3.7413925247677e-06,7.04913616632594e-05,0.659,0.377,"Example_Visium","TLS","Rest","wilcox","SCT",0.25,0.05,0.05,41,1212,TRUE,FALSE,2,12793,0.115433997973601,5.30448050029185e-13,12.2753571427531,"Weakly structured"
"PBLD",-1.4491,0.0060886885313279,0.0372335527635171,0.146,0.342,"Example_Visium","TLS","Rest","wilcox","SCT",0.25,0.05,0.05,41,1212,TRUE,FALSE,2,12793,0.100756551892868,2.59851333145682e-10,9.58527505072364,"Weakly structured"
"SRD5A3",-1.4483,0.000379493262559106,0.00385612176959384,0.244,0.507,"Example_Visium","TLS","Rest","wilcox","SCT",0.25,0.05,0.05,41,1212,TRUE,FALSE,2,12793,0.101030545103737,2.35775894771899e-10,9.62750059831932,"Weakly structured"
"RHOC",-1.444,7.77523849608611e-15,8.02166339358304e-13,0.951,0.994,"Example_Visium","TLS","Rest","wilcox","SCT",0.25,0.05,0.05,41,1212,TRUE,FALSE,2,12793,0.560788914779088,5.204711561837e-266,265.283603333507,"Spatially structured"
"BRCA1",1.4427,0.000112405960475068,0.00139459176454509,0.317,0.114,"Example_Visium","TLS","Rest","wilcox","SCT",0.25,0.05,0.05,41,1212,TRUE,FALSE,2,12793,0.0937561426708902,3.45702896101955e-09,8.46129698217055,"Weakly structured"
"VSNL1",1.4413,2.20695099224102e-06,4.39090576107922e-05,0.512,0.209,"Example_Visium","TLS","Rest","wilcox","SCT",0.25,0.05,0.05,41,1212,TRUE,FALSE,2,12793,0.261581929922526,1.57727067686899e-59,58.8020937706005,"Weakly structured"
"SERPINE1",1.441,6.42423400481834e-11,3.17317473450352e-09,0.829,0.368,"Example_Visium","TLS","Rest","wilcox","SCT",0.25,0.05,0.05,41,1212,TRUE,FALSE,2,12793,0.225220364191407,1.3874736232841e-44,43.8577752643286,"Weakly structured"
"RBM38",1.4408,7.97141882855347e-09,2.69784024004456e-07,0.707,0.314,"Example_Visium","TLS","Rest","wilcox","SCT",0.25,0.05,0.05,41,1212,TRUE,FALSE,2,12793,0.0925751048800976,5.7900136688798e-09,8.23732041100278,"Weakly structured"
"WBP4",1.4408,0.00733215553069202,0.0428581655568607,0.293,0.147,"Example_Visium","TLS","Rest","wilcox","SCT",0.25,0.05,0.05,41,1212,TRUE,FALSE,2,12793,0.05019962514888,0.00097924148992391,3.0091101939901,"Weakly structured"
"ACSM3",-1.4399,0.000722345259294829,0.00662909820814832,0.146,0.423,"Example_Visium","TLS","Rest","wilcox","SCT",0.25,0.05,0.05,41,1212,TRUE,FALSE,2,12793,0.195796751183601,4.40841240072113e-34,33.3557177846236,"Weakly structured"
"CPTP",-1.4386,0.00199649590925643,0.0155929012009265,0.171,0.398,"Example_Visium","TLS","Rest","wilcox","SCT",0.25,0.05,0.05,41,1212,TRUE,FALSE,2,12793,0.030877276281275,0.0282731288848912,1.54862612705169,"Weakly structured"
"DOK2",1.4382,0.00440069826698145,0.0287675692026028,0.22,0.088,"Example_Visium","TLS","Rest","wilcox","SCT",0.25,0.05,0.05,41,1212,TRUE,FALSE,2,12793,0.0575178567381961,0.00019030852410035,3.72054175881316,"Weakly structured"
"TRIM15",-1.4374,8.81008081959691e-06,0.000151488392372451,0.244,0.603,"Example_Visium","TLS","Rest","wilcox","SCT",0.25,0.05,0.05,41,1212,TRUE,FALSE,2,12793,0.0930463077151658,4.94808769305054e-09,8.30556261214104,"Weakly structured"
"STX2",1.4372,0.00292847583533357,0.0211422073145725,0.244,0.1,"Example_Visium","TLS","Rest","wilcox","SCT",0.25,0.05,0.05,41,1212,TRUE,FALSE,2,12793,0.0839396198359177,1.07777697776168e-07,6.9674710975426,"Weakly structured"
"ADAM9",-1.4327,7.79519314850862e-06,0.000135678783603906,0.415,0.676,"Example_Visium","TLS","Rest","wilcox","SCT",0.25,0.05,0.05,41,1212,TRUE,FALSE,2,12793,0.173339449887659,4.29629469043961e-27,26.3669059372614,"Weakly structured"
"LAPTM5",1.4314,9.56553452980316e-09,3.2203127168361e-07,0.854,0.589,"Example_Visium","TLS","Rest","wilcox","SCT",0.25,0.05,0.05,41,1212,TRUE,FALSE,2,12793,0.174606540984744,1.80582692922033e-27,26.7433238748898,"Weakly structured"
"CBX6",1.4311,0.000132822059888956,0.00160756160090768,0.439,0.205,"Example_Visium","TLS","Rest","wilcox","SCT",0.25,0.05,0.05,41,1212,TRUE,FALSE,2,12793,0.0438468549970221,0.00343227804287258,2.46441753795789,"Weakly structured"
"AC254629.1",-1.4303,0.000676855625005343,0.00630204804271715,0.146,0.42,"Example_Visium","TLS","Rest","wilcox","SCT",0.25,0.05,0.05,41,1212,TRUE,FALSE,2,12793,0.137588312661542,9.7996110051727e-18,17.0087911632524,"Weakly structured"
"ACOT13",-1.4273,0.000211909128728789,0.00238430385560897,0.22,0.509,"Example_Visium","TLS","Rest","wilcox","SCT",0.25,0.05,0.05,41,1212,TRUE,FALSE,2,12793,0.0450813323527807,0.00275135544352265,2.56045330012691,"Weakly structured"
"LNPK",-1.4273,0.00631215521662042,0.0382710134861694,0.122,0.318,"Example_Visium","TLS","Rest","wilcox","SCT",0.25,0.05,0.05,41,1212,TRUE,FALSE,2,12793,0.0160864601345226,0.156845657047092,0.804527502127826,"Not structured"
"LAMC2",-1.4273,0.000112500484719029,0.00139459176454509,0.122,0.455,"Example_Visium","TLS","Rest","wilcox","SCT",0.25,0.05,0.05,41,1212,TRUE,FALSE,2,12793,0.0643424664600446,3.73838575129076e-05,4.42731588727681,"Weakly structured"
"NCKAP1L",1.4262,1.10135423937724e-05,0.000185146186390973,0.463,0.189,"Example_Visium","TLS","Rest","wilcox","SCT",0.25,0.05,0.05,41,1212,TRUE,FALSE,2,12793,0.0688465168497069,1.09988744817505e-05,4.9586517540576,"Weakly structured"
"PPM1K",1.4262,0.00104518655520861,0.00901015606521815,0.268,0.105,"Example_Visium","TLS","Rest","wilcox","SCT",0.25,0.05,0.05,41,1212,TRUE,FALSE,2,12793,0.0341380224149114,0.017370104680129,1.76019756428949,"Weakly structured"
"RABGAP1",-1.426,0.00377097011270898,0.0256743058285715,0.146,0.358,"Example_Visium","TLS","Rest","wilcox","SCT",0.25,0.05,0.05,41,1212,TRUE,FALSE,2,12793,0.069713274439791,8.83299648216073e-06,5.05389194252568,"Weakly structured"
"ERN2",-1.424,7.57499257517527e-07,1.68533704372552e-05,0.488,0.761,"Example_Visium","TLS","Rest","wilcox","SCT",0.25,0.05,0.05,41,1212,TRUE,FALSE,2,12793,0.279683230309818,1.38602900527896e-67,66.8582276811955,"Weakly structured"
"AKR1C3",-1.4218,3.65115845934656e-05,0.000529583562022908,0.22,0.576,"Example_Visium","TLS","Rest","wilcox","SCT",0.25,0.05,0.05,41,1212,TRUE,FALSE,2,12793,0.114504963056325,8.17847639414314e-13,12.0873275955032,"Weakly structured"
"EDN3",-1.4218,0.00227299706454419,0.0172983054412337,0.195,0.421,"Example_Visium","TLS","Rest","wilcox","SCT",0.25,0.05,0.05,41,1212,TRUE,FALSE,2,12793,0.186830911834696,3.34309673081366e-31,30.4758510571344,"Weakly structured"
"SESN3",1.4196,0.00344446424673089,0.0239744456520284,0.317,0.158,"Example_Visium","TLS","Rest","wilcox","SCT",0.25,0.05,0.05,41,1212,TRUE,FALSE,2,12793,0.00213411146791556,0.438616159524534,0.357915372058735,"Not structured"
"WDR3",1.4193,0.000916778523354175,0.00806626385781978,0.341,0.154,"Example_Visium","TLS","Rest","wilcox","SCT",0.25,0.05,0.05,41,1212,TRUE,FALSE,2,12793,0.0566978968510568,0.000236277361814966,3.62657788695764,"Weakly structured"
"MUC5B",-1.4184,7.02441915503853e-09,2.41568264114e-07,0.976,0.987,"Example_Visium","TLS","Rest","wilcox","SCT",0.25,0.05,0.05,41,1212,TRUE,FALSE,2,12793,0.708747844764975,0,422.433355346955,"Spatially structured"
"DSC2",-1.4182,7.75078453907101e-08,2.09189423224336e-06,0.537,0.815,"Example_Visium","TLS","Rest","wilcox","SCT",0.25,0.05,0.05,41,1212,TRUE,FALSE,2,12793,0.254378320689034,3.02152396264646e-56,55.5197739571647,"Weakly structured"
"DOK3",1.4175,0.00120486388881587,0.01016072757391,0.293,0.123,"Example_Visium","TLS","Rest","wilcox","SCT",0.25,0.05,0.05,41,1212,TRUE,FALSE,2,12793,0.0315611742575023,0.0254360556392788,1.59455023370394,"Weakly structured"
"OAS1",-1.4171,5.61837313409487e-05,0.000770173902147199,0.293,0.597,"Example_Visium","TLS","Rest","wilcox","SCT",0.25,0.05,0.05,41,1212,TRUE,FALSE,2,12793,0.138777720260439,5.26864417521041e-18,17.2783011310838,"Weakly structured"
"NEMP1",1.4161,0.0057767415885821,0.0358746869624907,0.244,0.108,"Example_Visium","TLS","Rest","wilcox","SCT",0.25,0.05,0.05,41,1212,TRUE,FALSE,2,12793,0.0514077246233342,0.000754759779823431,3.12219125088409,"Weakly structured"
"PLAU",1.4156,1.93073568338728e-07,4.83364023435879e-06,0.805,0.533,"Example_Visium","TLS","Rest","wilcox","SCT",0.25,0.05,0.05,41,1212,TRUE,FALSE,2,12793,0.354522688624025,1.63538445256991e-107,106.786380135357,"Spatially structured"
"RHOU",-1.4151,0.00254538818236361,0.0188680760343783,0.073,0.304,"Example_Visium","TLS","Rest","wilcox","SCT",0.25,0.05,0.05,41,1212,TRUE,FALSE,2,12793,0.122147175945939,2.32415172673707e-14,13.6337355234703,"Weakly structured"
"SOD2",1.4147,8.16999855162715e-21,4.97708530814124e-18,1,0.955,"Example_Visium","TLS","Rest","wilcox","SCT",0.25,0.05,0.05,41,1212,TRUE,FALSE,2,12793,0.436204955576831,9.7460507856773e-162,161.011171329885,"Spatially structured"
"PGGHG",1.4143,1.53573150571903e-06,3.19457124433553e-05,0.683,0.358,"Example_Visium","TLS","Rest","wilcox","SCT",0.25,0.05,0.05,41,1212,TRUE,FALSE,2,12793,0.0562945895631768,0.000263747560990751,3.57881154781996,"Weakly structured"
"SEMA4G",-1.4136,0.000150113783139075,0.00178642383971924,0.268,0.561,"Example_Visium","TLS","Rest","wilcox","SCT",0.25,0.05,0.05,41,1212,TRUE,FALSE,2,12793,0.204636359966258,4.76719316796035e-37,36.3217372499862,"Weakly structured"
"SCARA5",-1.4136,0.00227765871818414,0.0173234768024553,0.122,0.361,"Example_Visium","TLS","Rest","wilcox","SCT",0.25,0.05,0.05,41,1212,TRUE,FALSE,2,12793,0.166047202150083,5.00202933115879e-25,24.3008537659596,"Weakly structured"
"LRG1",-1.4133,0.0001034259190838,0.00130229112484159,0.244,0.555,"Example_Visium","TLS","Rest","wilcox","SCT",0.25,0.05,0.05,41,1212,TRUE,FALSE,2,12793,0.105151542167403,4.51305967405624e-11,10.3455289239711,"Weakly structured"
"S100A8",1.4131,0.000215709075915785,0.00242492636923606,0.488,0.266,"Example_Visium","TLS","Rest","wilcox","SCT",0.25,0.05,0.05,41,1212,TRUE,FALSE,2,12793,0.171935218134738,9.81288751593655e-27,26.0082031793973,"Weakly structured"
"SLC26A2",-1.4112,0.00796185365979723,0.0456139694893802,0.317,0.506,"Example_Visium","TLS","Rest","wilcox","SCT",0.25,0.05,0.05,41,1212,TRUE,FALSE,2,12793,0.496604868996248,4.60077897197212e-209,208.337168630365,"Spatially structured"
"NOL9",1.4111,0.00132196016630675,0.0110390577072861,0.39,0.205,"Example_Visium","TLS","Rest","wilcox","SCT",0.25,0.05,0.05,41,1212,TRUE,FALSE,2,12793,0.0167441857223581,0.14742168306778,0.831438634902136,"Not structured"
"RDH14",-1.4108,0.00493506587438023,0.031662135271287,0.073,0.276,"Example_Visium","TLS","Rest","wilcox","SCT",0.25,0.05,0.05,41,1212,TRUE,FALSE,2,12793,0.0293870106876156,0.0346377157778186,1.46045075573662,"Weakly structured"
"C1orf21",-1.4096,0.000155697689655595,0.00184088774839558,0.268,0.554,"Example_Visium","TLS","Rest","wilcox","SCT",0.25,0.05,0.05,41,1212,TRUE,FALSE,2,12793,0.186900474177164,3.30759096952598e-31,30.4804882024633,"Weakly structured"
"THBD",1.4094,2.17530489573138e-07,5.4036263167168e-06,0.561,0.217,"Example_Visium","TLS","Rest","wilcox","SCT",0.25,0.05,0.05,41,1212,TRUE,FALSE,2,12793,0.134981101228388,3.60583993621913e-17,16.4429935555836,"Weakly structured"
"IGFBP2",1.4089,2.93743376712176e-06,5.69372578527101e-05,0.707,0.453,"Example_Visium","TLS","Rest","wilcox","SCT",0.25,0.05,0.05,41,1212,TRUE,FALSE,2,12793,0.256285403332123,4.43846201300525e-57,56.352767492718,"Weakly structured"
"FADS2",1.4088,0.00413219388173858,0.0274756529776932,0.268,0.12,"Example_Visium","TLS","Rest","wilcox","SCT",0.25,0.05,0.05,41,1212,TRUE,FALSE,2,12793,0.0882313671330005,2.52342150815259e-08,7.59801019959143,"Weakly structured"
"ATP8B1",-1.408,1.04348170714083e-08,3.45835789623125e-07,0.488,0.831,"Example_Visium","TLS","Rest","wilcox","SCT",0.25,0.05,0.05,41,1212,TRUE,FALSE,2,12793,0.263875081861179,2.22349541018561e-60,59.6529637626995,"Weakly structured"
"FERMT3",1.4071,2.47041737069088e-05,0.000376238683610101,0.561,0.295,"Example_Visium","TLS","Rest","wilcox","SCT",0.25,0.05,0.05,41,1212,TRUE,FALSE,2,12793,0.0348978075863896,0.0157120536294395,1.80376704719142,"Weakly structured"
"FCHO2",-1.4035,0.0058600901863068,0.0362515153546532,0.073,0.271,"Example_Visium","TLS","Rest","wilcox","SCT",0.25,0.05,0.05,41,1212,TRUE,FALSE,2,12793,0.0229012296949796,0.0772602772569448,1.11204373767521,"Not structured"
"MME",1.4025,0.0041357377839934,0.0274849316730533,0.22,0.087,"Example_Visium","TLS","Rest","wilcox","SCT",0.25,0.05,0.05,41,1212,TRUE,FALSE,2,12793,0.193238282308041,1.73409377846857e-33,32.7609274199105,"Weakly structured"
"FOXQ1",1.4025,1.89846823065893e-06,3.83630983402333e-05,0.415,0.141,"Example_Visium","TLS","Rest","wilcox","SCT",0.25,0.05,0.05,41,1212,TRUE,FALSE,2,12793,0.306232957490924,3.83113054370674e-81,80.4166730494146,"Spatially structured"
"SLC2A3",1.401,8.00067487805056e-07,1.77080681167649e-05,0.78,0.542,"Example_Visium","TLS","Rest","wilcox","SCT",0.25,0.05,0.05,41,1212,TRUE,FALSE,2,12793,0.10131811909159,2.11789222612493e-10,9.67409614375173,"Weakly structured"
"COL8A1",1.4002,9.35025267932097e-05,0.00120461009593709,0.293,0.099,"Example_Visium","TLS","Rest","wilcox","SCT",0.25,0.05,0.05,41,1212,TRUE,FALSE,2,12793,0.196316382207952,1.58575547840039e-34,33.7997637795459,"Weakly structured"
"ASB8",-1.3998,0.00593948651062838,0.0365658570406491,0.122,0.32,"Example_Visium","TLS","Rest","wilcox","SCT",0.25,0.05,0.05,41,1212,TRUE,FALSE,2,12793,0.0295700278660498,0.0338283443092217,1.47071925775341,"Weakly structured"
"MIR210HG",-1.3998,0.00423194990753182,0.0279645326276108,0.171,0.377,"Example_Visium","TLS","Rest","wilcox","SCT",0.25,0.05,0.05,41,1212,TRUE,FALSE,2,12793,0.134010356415001,6.39743604811282e-17,16.1939940468383,"Weakly structured"
"HOXD11",-1.3998,0.000548193409206098,0.00528488190201478,0.073,0.35,"Example_Visium","TLS","Rest","wilcox","SCT",0.25,0.05,0.05,41,1212,TRUE,FALSE,2,12793,0.0843360370689464,1.01551052822689e-07,6.99331556972137,"Weakly structured"
"FAM3D",-1.3973,1.11471327572566e-13,8.80279440515951e-12,0.927,0.981,"Example_Visium","TLS","Rest","wilcox","SCT",0.25,0.05,0.05,41,1212,TRUE,FALSE,2,12793,0.591115566738789,1.71548408605097e-295,294.765613306388,"Spatially structured"
"PDZK1IP1",-1.3955,1.43872841366865e-09,5.68075697409354e-08,0.854,0.975,"Example_Visium","TLS","Rest","wilcox","SCT",0.25,0.05,0.05,41,1212,TRUE,FALSE,2,12793,0.619963249953323,0,323.746931774206,"Spatially structured"
"ARHGAP11A",1.3938,0.00247938400739613,0.0185164971433851,0.293,0.133,"Example_Visium","TLS","Rest","wilcox","SCT",0.25,0.05,0.05,41,1212,TRUE,FALSE,2,12793,0.040135803827017,0.0066280584822248,2.17861366826787,"Weakly structured"
"CPQ",-1.3936,0.00314844177184987,0.0223518399485435,0.098,0.319,"Example_Visium","TLS","Rest","wilcox","SCT",0.25,0.05,0.05,41,1212,TRUE,FALSE,2,12793,0.125434742908239,4.83750568291322e-15,14.3153785117805,"Weakly structured"
"CAMK2N1",-1.3909,7.3273930862393e-09,2.51311902821071e-07,0.683,0.891,"Example_Visium","TLS","Rest","wilcox","SCT",0.25,0.05,0.05,41,1212,TRUE,FALSE,2,12793,0.37792811544111,7.94512238661791e-122,121.099899408535,"Spatially structured"
"SERTAD1",-1.3905,0.000373450975357598,0.00380985512579725,0.171,0.46,"Example_Visium","TLS","Rest","wilcox","SCT",0.25,0.05,0.05,41,1212,TRUE,FALSE,2,12793,0.0806640131544814,3.36867355952088e-07,6.47254107217937,"Weakly structured"
"FGFRL1",1.3831,0.00278118233258515,0.02024226849747,0.317,0.151,"Example_Visium","TLS","Rest","wilcox","SCT",0.25,0.05,0.05,41,1212,TRUE,FALSE,2,12793,0.0696840106556256,8.66245304836934e-06,5.06235910630676,"Weakly structured"
"RNASE1",-1.3822,4.63282920367914e-06,8.56470867090566e-05,0.683,0.841,"Example_Visium","TLS","Rest","wilcox","SCT",0.25,0.05,0.05,41,1212,TRUE,FALSE,2,12793,0.505828628971228,1.11737868149345e-216,215.951799618816,"Spatially structured"
"ITGA5",1.3803,5.1930395567076e-07,1.19701900989118e-05,0.805,0.518,"Example_Visium","TLS","Rest","wilcox","SCT",0.25,0.05,0.05,41,1212,TRUE,FALSE,2,12793,0.158612280153702,5.44274701928223e-23,22.2641818513679,"Weakly structured"
"GYPC",1.3793,3.64281099122681e-06,6.90407126085402e-05,0.634,0.325,"Example_Visium","TLS","Rest","wilcox","SCT",0.25,0.05,0.05,41,1212,TRUE,FALSE,2,12793,0.0752960134051603,1.75825110253515e-06,5.75491910158424,"Weakly structured"
"IRS1",-1.3785,0.00290534962778327,0.021010818421838,0.122,0.348,"Example_Visium","TLS","Rest","wilcox","SCT",0.25,0.05,0.05,41,1212,TRUE,FALSE,2,12793,0.0310901631565978,0.027415264660024,1.56200755719129,"Weakly structured"
"ZBTB44",1.3761,0.00040630610909643,0.00409926975841532,0.488,0.276,"Example_Visium","TLS","Rest","wilcox","SCT",0.25,0.05,0.05,41,1212,TRUE,FALSE,2,12793,0.0452623382742056,0.00264740100374537,2.57718027081668,"Weakly structured"
"CDC42EP5",-1.3756,9.20153261454515e-11,4.47586337406373e-09,0.707,0.949,"Example_Visium","TLS","Rest","wilcox","SCT",0.25,0.05,0.05,41,1212,TRUE,FALSE,2,12793,0.36252715316823,2.60715338566545e-112,111.583833417398,"Spatially structured"
"WRAP53",1.3747,0.00367057905783495,0.0251919087375979,0.22,0.086,"Example_Visium","TLS","Rest","wilcox","SCT",0.25,0.05,0.05,41,1212,TRUE,FALSE,2,12793,0.00598030740656684,0.347940798056006,0.45849464474547,"Not structured"
"SAMD9",-1.3741,0.00192757636761187,0.0151099782296928,0.098,0.347,"Example_Visium","TLS","Rest","wilcox","SCT",0.25,0.05,0.05,41,1212,TRUE,FALSE,2,12793,0.196892954899712,1.84830240793556e-34,33.7332269706954,"Weakly structured"
"P4HA2",-1.3733,0.000800882051970797,0.00721527048652282,0.244,0.489,"Example_Visium","TLS","Rest","wilcox","SCT",0.25,0.05,0.05,41,1212,TRUE,FALSE,2,12793,0.104829745722838,5.12652045273883e-11,10.2901773056276,"Weakly structured"
"PPP1R12B",-1.3733,0.00064954942939809,0.00609661471041069,0.22,0.481,"Example_Visium","TLS","Rest","wilcox","SCT",0.25,0.05,0.05,41,1212,TRUE,FALSE,2,12793,0.0835513936940935,1.32462170948564e-07,6.87790813149315,"Weakly structured"
"LYZ",1.3725,1.67692155991128e-18,5.2324042721817e-16,1,0.941,"Example_Visium","TLS","Rest","wilcox","SCT",0.25,0.05,0.05,41,1212,TRUE,FALSE,2,12793,0.375252942693346,3.27067800265657e-120,119.485362209942,"Spatially structured"
"S100A4",1.3725,2.53510891708993e-13,1.89658762434687e-11,1,0.685,"Example_Visium","TLS","Rest","wilcox","SCT",0.25,0.05,0.05,41,1212,TRUE,FALSE,2,12793,0.415445685354106,8.70139799830753e-147,146.060410966442,"Spatially structured"
"ARHGEF11",-1.3718,0.00603171434802868,0.0369564714987333,0.122,0.32,"Example_Visium","TLS","Rest","wilcox","SCT",0.25,0.05,0.05,41,1212,TRUE,FALSE,2,12793,0.048556831955298,0.00138843223864903,2.85747531079951,"Weakly structured"
"FGR",1.371,0.000942905136460673,0.00827337819666762,0.293,0.119,"Example_Visium","TLS","Rest","wilcox","SCT",0.25,0.05,0.05,41,1212,TRUE,FALSE,2,12793,0.050935555533272,0.000835396209554902,3.07810749959176,"Weakly structured"
"METTL7A",-1.3708,7.9603576321528e-05,0.00104986448647558,0.317,0.612,"Example_Visium","TLS","Rest","wilcox","SCT",0.25,0.05,0.05,41,1212,TRUE,FALSE,2,12793,0.275582466038206,1.13385412985182e-65,64.9454428137635,"Weakly structured"
"SHROOM3",-1.3701,2.86616955435474e-05,0.000428852714723511,0.244,0.601,"Example_Visium","TLS","Rest","wilcox","SCT",0.25,0.05,0.05,41,1212,TRUE,FALSE,2,12793,0.111603835727143,2.92616433757186e-12,11.5337012869269,"Weakly structured"
"PDLIM4",1.3699,0.00222574812303274,0.0169994004405719,0.293,0.13,"Example_Visium","TLS","Rest","wilcox","SCT",0.25,0.05,0.05,41,1212,TRUE,FALSE,2,12793,0.0876314648272539,3.13591119035277e-08,7.50363624512213,"Weakly structured"
"ARHGDIB",1.3683,6.02657721242594e-06,0.00010798039534813,0.732,0.61,"Example_Visium","TLS","Rest","wilcox","SCT",0.25,0.05,0.05,41,1212,TRUE,FALSE,2,12793,0.146414518850465,7.61143649278586e-20,19.1185333718738,"Weakly structured"
"GPSM3",1.3681,0.000113437659483396,0.00140348934020414,0.488,0.249,"Example_Visium","TLS","Rest","wilcox","SCT",0.25,0.05,0.05,41,1212,TRUE,FALSE,2,12793,0.0357818353103771,0.0137354763005129,1.86215627609796,"Weakly structured"
"UBE3B",-1.3677,0.00373616934864785,0.0254904591194131,0.122,0.34,"Example_Visium","TLS","Rest","wilcox","SCT",0.25,0.05,0.05,41,1212,TRUE,FALSE,2,12793,0.0217360353285205,0.0882468937419439,1.05430057267641,"Not structured"
"FGFR1",1.3654,0.00301520793771208,0.021573576704223,0.317,0.153,"Example_Visium","TLS","Rest","wilcox","SCT",0.25,0.05,0.05,41,1212,TRUE,FALSE,2,12793,0.0191660502489538,0.115782550548461,0.936356887685765,"Not structured"
"PTPN6",1.364,7.48545785842259e-07,1.6683181599791e-05,0.756,0.431,"Example_Visium","TLS","Rest","wilcox","SCT",0.25,0.05,0.05,41,1212,TRUE,FALSE,2,12793,0.0629650063045307,5.28245244262403e-05,4.2771644041666,"Weakly structured"
"TNFRSF14-AS1",-1.3623,0.0011048557018079,0.00944814103825429,0.146,0.408,"Example_Visium","TLS","Rest","wilcox","SCT",0.25,0.05,0.05,41,1212,TRUE,FALSE,2,12793,0.0952205833960331,2.20074999585517e-09,8.65742929028962,"Weakly structured"
"CCDC9B",1.3621,0.0051624872530938,0.0327176417321012,0.22,0.089,"Example_Visium","TLS","Rest","wilcox","SCT",0.25,0.05,0.05,41,1212,TRUE,FALSE,2,12793,0.0188917140292217,0.118765690986221,0.925309000157372,"Not structured"
"RPS24",1.362,4.61760852659474e-17,9.23016654386351e-15,1,1,"Example_Visium","TLS","Rest","wilcox","SCT",0.25,0.05,0.05,41,1212,TRUE,FALSE,2,12793,0.853967178697098,0,611.730158998065,"Spatially structured"
"SLC22A23",-1.3581,0.00419020793187565,0.0277131740705574,0.195,0.399,"Example_Visium","TLS","Rest","wilcox","SCT",0.25,0.05,0.05,41,1212,TRUE,FALSE,2,12793,0.0918455099469656,7.59836502714155e-09,8.11927984667688,"Weakly structured"
"TROAP",1.3579,0.00534196173776708,0.0336483094590125,0.268,0.125,"Example_Visium","TLS","Rest","wilcox","SCT",0.25,0.05,0.05,41,1212,TRUE,FALSE,2,12793,0.110724083631807,3.81304490353076e-12,11.4187280803175,"Weakly structured"
"CEP55",1.3572,0.000259335212194419,0.00282683966989555,0.293,0.106,"Example_Visium","TLS","Rest","wilcox","SCT",0.25,0.05,0.05,41,1212,TRUE,FALSE,2,12793,0.14095058267952,1.24624931211478e-18,17.9043950683953,"Weakly structured"
"CES2",-1.3556,5.48478748489351e-10,2.34671860515862e-08,0.756,0.943,"Example_Visium","TLS","Rest","wilcox","SCT",0.25,0.05,0.05,41,1212,TRUE,FALSE,2,12793,0.447384372606273,5.76669995202705e-170,169.239072644838,"Spatially structured"
"USH1C",-1.3535,0.000261679784990757,0.00284908041649936,0.22,0.516,"Example_Visium","TLS","Rest","wilcox","SCT",0.25,0.05,0.05,41,1212,TRUE,FALSE,2,12793,0.142330178382901,7.54054092489242e-19,18.1225974986568,"Weakly structured"
"TFCP2L1",-1.3535,0.000384237178723503,0.00389196059177337,0.244,0.513,"Example_Visium","TLS","Rest","wilcox","SCT",0.25,0.05,0.05,41,1212,TRUE,FALSE,2,12793,0.124037631561198,9.73146442629924e-15,14.0118218005944,"Weakly structured"
"B3GNT3",-1.3534,1.03891959966549e-07,2.72354476199193e-06,0.488,0.806,"Example_Visium","TLS","Rest","wilcox","SCT",0.25,0.05,0.05,41,1212,TRUE,FALSE,2,12793,0.171413028636932,1.53619712162032e-26,25.8135530529639,"Weakly structured"
"SPINT1",-1.3533,1.3374462567202e-09,5.29719813071874e-08,0.707,0.925,"Example_Visium","TLS","Rest","wilcox","SCT",0.25,0.05,0.05,41,1212,TRUE,FALSE,2,12793,0.345893360218547,2.19340626338668e-102,101.658880920714,"Spatially structured"
"AL161772.1",1.3522,0.000158996567402038,0.00187642351178439,0.366,0.147,"Example_Visium","TLS","Rest","wilcox","SCT",0.25,0.05,0.05,41,1212,TRUE,FALSE,2,12793,0.187077843603846,2.16949708738716e-31,30.6636409285873,"Weakly structured"
"EEFSEC",1.351,0.000353672068093125,0.00364000544417969,0.341,0.14,"Example_Visium","TLS","Rest","wilcox","SCT",0.25,0.05,0.05,41,1212,TRUE,FALSE,2,12793,0.0614210579447027,7.6050513086611e-05,4.11889785156585,"Weakly structured"
"TNFAIP8",1.3496,3.95820808853556e-05,0.000567683364087842,0.463,0.203,"Example_Visium","TLS","Rest","wilcox","SCT",0.25,0.05,0.05,41,1212,TRUE,FALSE,2,12793,0.048247323925743,0.00146711222386831,2.8335366643826,"Weakly structured"
"ATP6V1D",-1.348,0.000609125698275649,0.00575095576239143,0.244,0.498,"Example_Visium","TLS","Rest","wilcox","SCT",0.25,0.05,0.05,41,1212,TRUE,FALSE,2,12793,0.0715775542653899,5.26433727201911e-06,5.27865629441603,"Weakly structured"
"GMPPB",-1.3467,0.000556335165822509,0.00535530156235317,0.195,0.47,"Example_Visium","TLS","Rest","wilcox","SCT",0.25,0.05,0.05,41,1212,TRUE,FALSE,2,12793,0.0343460027290102,0.0171194710884544,1.7665096571188,"Weakly structured"
"SH3RF2",-1.3453,0.000715373626971696,0.00658530112992222,0.122,0.405,"Example_Visium","TLS","Rest","wilcox","SCT",0.25,0.05,0.05,41,1212,TRUE,FALSE,2,12793,0.0568956096964638,0.000230679638142788,3.63699073851965,"Weakly structured"
"ARL4C",1.3413,0.000290267175522916,0.00309965607384363,0.488,0.267,"Example_Visium","TLS","Rest","wilcox","SCT",0.25,0.05,0.05,41,1212,TRUE,FALSE,2,12793,0.0523761214006424,0.000624269837388096,3.20462764820561,"Weakly structured"
"MARK4",1.3413,0.00205054369711399,0.0158793011605202,0.293,0.128,"Example_Visium","TLS","Rest","wilcox","SCT",0.25,0.05,0.05,41,1212,TRUE,FALSE,2,12793,-0.00963057920543613,0.713159202975081,0.146813509060307,"Not structured"
"RIPOR1",1.3413,0.00118564765369465,0.0100118748737397,0.415,0.222,"Example_Visium","TLS","Rest","wilcox","SCT",0.25,0.05,0.05,41,1212,TRUE,FALSE,2,12793,0.0718446875964375,4.79723953649404e-06,5.31900859573458,"Weakly structured"
"DMBT1",-1.3408,3.91757116764086e-06,7.35939617439494e-05,1,0.989,"Example_Visium","TLS","Rest","wilcox","SCT",0.25,0.05,0.05,41,1212,TRUE,FALSE,2,12793,0.748642805796558,0,471.038389916275,"Spatially structured"
"PALM2-AKAP2",1.3403,0.00104447979562853,0.00901013487894521,0.488,0.297,"Example_Visium","TLS","Rest","wilcox","SCT",0.25,0.05,0.05,41,1212,TRUE,FALSE,2,12793,0.0865947973438909,4.70461577068556e-08,7.32747583992748,"Weakly structured"
"USP38",-1.3389,0.00266212781939552,0.0195840144873645,0.195,0.413,"Example_Visium","TLS","Rest","wilcox","SCT",0.25,0.05,0.05,41,1212,TRUE,FALSE,2,12793,0.0497166206425729,0.0011013494614108,2.9580748562495,"Weakly structured"
"C2CD4B",1.3379,0.00779373731335469,0.0448516785648882,0.39,0.257,"Example_Visium","TLS","Rest","wilcox","SCT",0.25,0.05,0.05,41,1212,TRUE,FALSE,2,12793,0.108818755365825,9.25395853771513e-12,11.0336724506846,"Weakly structured"
"KMT2A",1.3376,0.00262284651443251,0.0193506778887746,0.439,0.267,"Example_Visium","TLS","Rest","wilcox","SCT",0.25,0.05,0.05,41,1212,TRUE,FALSE,2,12793,0.0433893759825663,0.00374870404345107,2.42611884535324,"Weakly structured"
"VPS26B",-1.336,0.00197138664335787,0.015434485513144,0.146,0.386,"Example_Visium","TLS","Rest","wilcox","SCT",0.25,0.05,0.05,41,1212,TRUE,FALSE,2,12793,0.0327221222443031,0.0216641276582763,1.66425879385898,"Weakly structured"
"CES3",-1.3355,0.000424710816614684,0.00424478552886847,0.268,0.532,"Example_Visium","TLS","Rest","wilcox","SCT",0.25,0.05,0.05,41,1212,TRUE,FALSE,2,12793,0.177460947086799,2.60666920128141e-28,27.58391407937,"Weakly structured"
"CDC42EP2",1.3354,4.95321793987849e-05,0.000691019815756439,0.488,0.227,"Example_Visium","TLS","Rest","wilcox","SCT",0.25,0.05,0.05,41,1212,TRUE,FALSE,2,12793,0.0763169288961865,1.28341709816984e-06,5.89163217917032,"Weakly structured"
"SLC19A1",1.3354,0.000635412217160897,0.00597707977510247,0.366,0.168,"Example_Visium","TLS","Rest","wilcox","SCT",0.25,0.05,0.05,41,1212,TRUE,FALSE,2,12793,0.157152629580329,1.17941762156941e-22,21.9283323877561,"Weakly structured"
"HLA-DPB1",1.3352,2.20075582713167e-09,8.37924681443316e-08,0.902,0.669,"Example_Visium","TLS","Rest","wilcox","SCT",0.25,0.05,0.05,41,1212,TRUE,FALSE,2,12793,0.208588780126819,1.97076482324507e-38,37.7053651981766,"Weakly structured"
"NUDT16",-1.3343,0.0001370555563986,0.00165410540849744,0.22,0.535,"Example_Visium","TLS","Rest","wilcox","SCT",0.25,0.05,0.05,41,1212,TRUE,FALSE,2,12793,0.0744425856002428,2.28596714695571e-06,5.64093001540984,"Weakly structured"
"SERPINE2",1.3326,0.000195961108232023,0.00223036517581163,0.512,0.266,"Example_Visium","TLS","Rest","wilcox","SCT",0.25,0.05,0.05,41,1212,TRUE,FALSE,2,12793,0.264685545629535,7.8195866653368e-61,60.1068162026572,"Weakly structured"
"SMYD5",1.3326,0.00483663598464646,0.0311399517622457,0.317,0.16,"Example_Visium","TLS","Rest","wilcox","SCT",0.25,0.05,0.05,41,1212,TRUE,FALSE,2,12793,0.0918489226891025,7.22870233477186e-09,8.14093965836655,"Weakly structured"
"CCL11",1.3325,1.38352407496675e-06,2.9015448345983e-05,0.585,0.259,"Example_Visium","TLS","Rest","wilcox","SCT",0.25,0.05,0.05,41,1212,TRUE,FALSE,2,12793,0.219603739500279,1.70532778785747e-42,41.7681921311727,"Weakly structured"
"CD82",1.331,0.00124835199975209,0.0104653781997566,0.537,0.34,"Example_Visium","TLS","Rest","wilcox","SCT",0.25,0.05,0.05,41,1212,TRUE,FALSE,2,12793,0.0562967805970343,0.000263812298734086,3.57870496183043,"Weakly structured"
"SLC7A7",1.331,0.00028304170892337,0.00303771189786633,0.39,0.174,"Example_Visium","TLS","Rest","wilcox","SCT",0.25,0.05,0.05,41,1212,TRUE,FALSE,2,12793,0.0390736794063376,0.00799215579220706,2.09733605893668,"Weakly structured"
"ETV4",1.331,0.00253109898449175,0.018803919459119,0.244,0.097,"Example_Visium","TLS","Rest","wilcox","SCT",0.25,0.05,0.05,41,1212,TRUE,FALSE,2,12793,0.147829880092855,2.47197358200653e-20,19.6069561748656,"Weakly structured"
"VPS4B",-1.3303,5.16771807268232e-05,0.000715482871253516,0.293,0.614,"Example_Visium","TLS","Rest","wilcox","SCT",0.25,0.05,0.05,41,1212,TRUE,FALSE,2,12793,0.0851956736407617,7.69936638545835e-08,7.11354501334979,"Weakly structured"
"SNHG6",1.3302,3.76868227550379e-12,2.23207186807963e-10,0.927,0.667,"Example_Visium","TLS","Rest","wilcox","SCT",0.25,0.05,0.05,41,1212,TRUE,FALSE,2,12793,0.3248927938502,1.55353320184592e-90,89.8086794606424,"Spatially structured"
"ZZEF1",-1.3298,0.000174552602376127,0.00203004676563436,0.195,0.501,"Example_Visium","TLS","Rest","wilcox","SCT",0.25,0.05,0.05,41,1212,TRUE,FALSE,2,12793,0.0880842565820532,2.87528887829051e-08,7.54131851551524,"Weakly structured"
"CCNG2",-1.328,0.000716710860584708,0.00658684054558921,0.244,0.503,"Example_Visium","TLS","Rest","wilcox","SCT",0.25,0.05,0.05,41,1212,TRUE,FALSE,2,12793,0.158304863808011,6.71409115594944e-23,22.1730127667137,"Weakly structured"
"MEGF6",1.3276,0.00461143862641836,0.0299310676548808,0.195,0.073,"Example_Visium","TLS","Rest","wilcox","SCT",0.25,0.05,0.05,41,1212,TRUE,FALSE,2,12793,0.0550605346644775,0.000329577964939297,3.48204183224547,"Weakly structured"
"TBC1D9",1.3276,0.00137618215452775,0.0114025248075606,0.341,0.156,"Example_Visium","TLS","Rest","wilcox","SCT",0.25,0.05,0.05,41,1212,TRUE,FALSE,2,12793,0.0313880657922566,0.0261522577567475,1.5824908119986,"Weakly structured"
"CASP7",-1.3246,1.80197348940782e-05,0.000285305035272206,0.39,0.682,"Example_Visium","TLS","Rest","wilcox","SCT",0.25,0.05,0.05,41,1212,TRUE,FALSE,2,12793,0.186122376380762,5.78679004923285e-31,30.2375622740065,"Weakly structured"
"KIFC3",1.3237,0.000344765355960854,0.00356554826095975,0.39,0.174,"Example_Visium","TLS","Rest","wilcox","SCT",0.25,0.05,0.05,41,1212,TRUE,FALSE,2,12793,0.0611155133493732,8.25636686579255e-05,4.08321101772153,"Weakly structured"
"RBM47",-1.3226,4.89391956935977e-09,1.71999761128625e-07,0.512,0.88,"Example_Visium","TLS","Rest","wilcox","SCT",0.25,0.05,0.05,41,1212,TRUE,FALSE,2,12793,0.28666000008066,6.31441038787677e-71,70.1996671957415,"Weakly structured"
"SEC24D",-1.3222,0.000233177550255803,0.00258495701943023,0.171,0.482,"Example_Visium","TLS","Rest","wilcox","SCT",0.25,0.05,0.05,41,1212,TRUE,FALSE,2,12793,0.0054185518532518,0.360810325740573,0.442721042227701,"Not structured"
"SCP2",-1.3199,2.61413153514755e-09,9.77853354653292e-08,0.634,0.897,"Example_Visium","TLS","Rest","wilcox","SCT",0.25,0.05,0.05,41,1212,TRUE,FALSE,2,12793,0.181879531306226,1.15048552010161e-29,28.9391188429489,"Weakly structured"
"ANKRD9",-1.3193,0.000251198042324553,0.00275430310258857,0.22,0.511,"Example_Visium","TLS","Rest","wilcox","SCT",0.25,0.05,0.05,41,1212,TRUE,FALSE,2,12793,0.0945592189176049,2.81955731343169e-09,8.54981907303727,"Weakly structured"
"HSD17B11",-1.3144,7.62026891250655e-07,1.69246701732112e-05,0.39,0.776,"Example_Visium","TLS","Rest","wilcox","SCT",0.25,0.05,0.05,41,1212,TRUE,FALSE,2,12793,0.19801385135652,8.37614758964637e-35,34.0769556788932,"Weakly structured"
"EXD3",-1.3141,0.00611009469582347,0.037328768597741,0.098,0.3,"Example_Visium","TLS","Rest","wilcox","SCT",0.25,0.05,0.05,41,1212,TRUE,FALSE,2,12793,0.049242163361699,0.00120774733811297,2.9180239110297,"Weakly structured"
"IMPA1",-1.3132,0.00389467216499069,0.0263065158430443,0.22,0.427,"Example_Visium","TLS","Rest","wilcox","SCT",0.25,0.05,0.05,41,1212,TRUE,FALSE,2,12793,0.102895368833995,1.12514208440927e-10,9.94879263081612,"Weakly structured"
"ABCC3",-1.3124,3.49534540041171e-07,8.3581221883116e-06,0.634,0.809,"Example_Visium","TLS","Rest","wilcox","SCT",0.25,0.05,0.05,41,1212,TRUE,FALSE,2,12793,0.180996148937014,2.2006269854492e-29,28.6574535657565,"Weakly structured"
"MUL1",-1.3098,0.00367501520706079,0.0252088308546535,0.122,0.342,"Example_Visium","TLS","Rest","wilcox","SCT",0.25,0.05,0.05,41,1212,TRUE,FALSE,2,12793,0.0355962818627268,0.0141649031323693,1.84878639108504,"Weakly structured"
"SIRT2",-1.3098,0.00324725052292765,0.02288819611009,0.122,0.347,"Example_Visium","TLS","Rest","wilcox","SCT",0.25,0.05,0.05,41,1212,TRUE,FALSE,2,12793,0.0304707326186151,0.0299284889340019,1.523915209795,"Weakly structured"
"TRMT61B",1.3093,0.00638264788227162,0.0384945334046803,0.268,0.125,"Example_Visium","TLS","Rest","wilcox","SCT",0.25,0.05,0.05,41,1212,TRUE,FALSE,2,12793,0.0126011739961841,0.212624700640564,0.672386284832602,"Not structured"
"HOXD10",-1.3091,0.00632070125735281,0.0383044676387089,0.024,0.202,"Example_Visium","TLS","Rest","wilcox","SCT",0.25,0.05,0.05,41,1212,TRUE,FALSE,2,12793,0.0910846757018894,9.66173198553901e-09,8.01494501392214,"Weakly structured"
"EPS8L2",-1.3081,5.68627825013044e-08,1.60230303202464e-06,0.634,0.853,"Example_Visium","TLS","Rest","wilcox","SCT",0.25,0.05,0.05,41,1212,TRUE,FALSE,2,12793,0.156713182100441,1.74382064797326e-22,21.7584981843123,"Weakly structured"
"ACOX1",-1.3055,0.00010950977430775,0.00136412711072935,0.244,0.554,"Example_Visium","TLS","Rest","wilcox","SCT",0.25,0.05,0.05,41,1212,TRUE,FALSE,2,12793,0.0833799881713402,1.40522358632972e-07,6.85225456929356,"Weakly structured"
"MFSD2A",-1.3042,0.000337496453223737,0.00350738596758023,0.195,0.485,"Example_Visium","TLS","Rest","wilcox","SCT",0.25,0.05,0.05,41,1212,TRUE,FALSE,2,12793,0.0641453283533295,3.92659994933049e-05,4.40598334335613,"Weakly structured"
"ACAA2",-1.3042,6.1519720897183e-07,1.39790726365482e-05,0.61,0.817,"Example_Visium","TLS","Rest","wilcox","SCT",0.25,0.05,0.05,41,1212,TRUE,FALSE,2,12793,0.338678272607108,3.35744756631442e-98,97.4739907610384,"Spatially structured"
"ATP2C2",-1.3027,0.000902557754580233,0.0079520808225516,0.22,0.484,"Example_Visium","TLS","Rest","wilcox","SCT",0.25,0.05,0.05,41,1212,TRUE,FALSE,2,12793,0.15479577366302,5.57629637948198e-22,21.2536541515971,"Weakly structured"
"GIPC1",-1.3025,4.85824699825787e-11,2.44691156884697e-09,0.829,0.958,"Example_Visium","TLS","Rest","wilcox","SCT",0.25,0.05,0.05,41,1212,TRUE,FALSE,2,12793,0.335554491499506,1.67962970218274e-96,95.7747864540031,"Spatially structured"
"MMP15",-1.3022,9.60285283218553e-07,2.09283298606728e-05,0.488,0.778,"Example_Visium","TLS","Rest","wilcox","SCT",0.25,0.05,0.05,41,1212,TRUE,FALSE,2,12793,0.163854335711873,2.09753549056228e-24,23.6782906821203,"Weakly structured"
"RASD1",-1.3014,0.00680588992996052,0.0404026681549814,0.098,0.301,"Example_Visium","TLS","Rest","wilcox","SCT",0.25,0.05,0.05,41,1212,TRUE,FALSE,2,12793,0.100040130981379,3.41686434368467e-10,9.46637226321431,"Weakly structured"
"SOCS6",-1.3014,0.00289589054170849,0.0209661164120412,0.098,0.33,"Example_Visium","TLS","Rest","wilcox","SCT",0.25,0.05,0.05,41,1212,TRUE,FALSE,2,12793,0.0265119351300062,0.0500705882771127,1.30041730606458,"Not structured"
"HILPDA",1.3007,0.0063688756664811,0.0384819699240662,0.22,0.091,"Example_Visium","TLS","Rest","wilcox","SCT",0.25,0.05,0.05,41,1212,TRUE,FALSE,2,12793,0.0682614403502078,1.24433872291032e-05,4.90506138373913,"Weakly structured"
"GAL",1.3007,0.000497025118481046,0.00484637373531099,0.317,0.127,"Example_Visium","TLS","Rest","wilcox","SCT",0.25,0.05,0.05,41,1212,TRUE,FALSE,2,12793,0.258414897449886,2.52211471970508e-58,57.5982351632024,"Weakly structured"
"PID1",-1.2976,0.00269854121696921,0.0197836319705943,0.146,0.383,"Example_Visium","TLS","Rest","wilcox","SCT",0.25,0.05,0.05,41,1212,TRUE,FALSE,2,12793,0.111033356496136,3.69839960978749e-12,11.4319861653917,"Weakly structured"
"SMAGP",-1.2972,0.000196977992213983,0.0022399461816831,0.341,0.593,"Example_Visium","TLS","Rest","wilcox","SCT",0.25,0.05,0.05,41,1212,TRUE,FALSE,2,12793,0.0653454665246564,2.88476148979795e-05,4.53989008820899,"Weakly structured"
"NSUN5",1.2949,3.05829140962086e-06,5.88341684259845e-05,0.683,0.446,"Example_Visium","TLS","Rest","wilcox","SCT",0.25,0.05,0.05,41,1212,TRUE,FALSE,2,12793,0.0788807783291141,5.92783133744809e-07,6.22710416168488,"Weakly structured"
"RIOK3",-1.2943,2.15758956556365e-05,0.000335383272323885,0.488,0.71,"Example_Visium","TLS","Rest","wilcox","SCT",0.25,0.05,0.05,41,1212,TRUE,FALSE,2,12793,0.220650831999307,8.9261905718774e-43,42.0493338453208,"Weakly structured"
"COTL1",1.293,7.80099340067132e-11,3.82368232087311e-09,1,0.728,"Example_Visium","TLS","Rest","wilcox","SCT",0.25,0.05,0.05,41,1212,TRUE,FALSE,2,12793,0.132486852028336,1.42584506494337e-16,15.8459276631909,"Weakly structured"
"ATP2B4",1.2925,1.60428903742344e-05,0.000257188842803986,0.61,0.328,"Example_Visium","TLS","Rest","wilcox","SCT",0.25,0.05,0.05,41,1212,TRUE,FALSE,2,12793,0.0565828906807063,0.000247193757287498,3.60696250126051,"Weakly structured"
"MMP2",1.2924,3.82539820848367e-10,1.66456868303169e-08,0.951,0.775,"Example_Visium","TLS","Rest","wilcox","SCT",0.25,0.05,0.05,41,1212,TRUE,FALSE,2,12793,0.183389384098941,4.03910911458993e-30,29.393714414415,"Weakly structured"
"C1orf210",-1.2923,0.000246435816410241,0.00271546373758502,0.122,0.425,"Example_Visium","TLS","Rest","wilcox","SCT",0.25,0.05,0.05,41,1212,TRUE,FALSE,2,12793,0.116518246751065,3.26924796554329e-13,12.4855521378525,"Weakly structured"
"CEP78",1.2914,0.00331026802847501,0.0232083276465468,0.268,0.116,"Example_Visium","TLS","Rest","wilcox","SCT",0.25,0.05,0.05,41,1212,TRUE,FALSE,2,12793,0.0209059488814395,0.0960760301911274,1.01738495004422,"Not structured"
"CD44",1.2912,1.09647638505789e-13,8.71256049319599e-12,1,0.761,"Example_Visium","TLS","Rest","wilcox","SCT",0.25,0.05,0.05,41,1212,TRUE,FALSE,2,12793,0.314970059095873,3.34099038829363e-85,84.4761247737833,"Spatially structured"
"TGFB1",1.2884,0.00110722551440162,0.00945864085373846,0.512,0.307,"Example_Visium","TLS","Rest","wilcox","SCT",0.25,0.05,0.05,41,1212,TRUE,FALSE,2,12793,0.0373147095891736,0.0107566162684788,1.96832432411955,"Weakly structured"
"ASS1",-1.2842,5.64841874465528e-14,4.98346351726724e-12,0.927,0.998,"Example_Visium","TLS","Rest","wilcox","SCT",0.25,0.05,0.05,41,1212,TRUE,FALSE,2,12793,0.450600819941547,1.59267840780259e-172,171.797871907699,"Spatially structured"
"LTV1",1.283,9.91683247285919e-05,0.00125609938440879,0.463,0.219,"Example_Visium","TLS","Rest","wilcox","SCT",0.25,0.05,0.05,41,1212,TRUE,FALSE,2,12793,0.102210115150356,1.43188456975553e-10,9.84409199092396,"Weakly structured"
"USP53",-1.2823,0.00235738973412512,0.0178239284093751,0.195,0.426,"Example_Visium","TLS","Rest","wilcox","SCT",0.25,0.05,0.05,41,1212,TRUE,FALSE,2,12793,0.154301646133136,7.49872756759316e-22,21.1250124242424,"Weakly structured"
"CXCL10",1.282,1.37281953912465e-05,0.00022372586450983,0.415,0.16,"Example_Visium","TLS","Rest","wilcox","SCT",0.25,0.05,0.05,41,1212,TRUE,FALSE,2,12793,0.309142428684573,2.73975341184006e-83,82.5622885235651,"Spatially structured"
"MAP4K4",1.2814,0.000684501207848007,0.00635012614358198,0.463,0.261,"Example_Visium","TLS","Rest","wilcox","SCT",0.25,0.05,0.05,41,1212,TRUE,FALSE,2,12793,0.0364547946398157,0.0123382009052076,1.90874816233708,"Weakly structured"
"ADGRF5",1.2799,0.00599163250775334,0.0368337119998503,0.341,0.185,"Example_Visium","TLS","Rest","wilcox","SCT",0.25,0.05,0.05,41,1212,TRUE,FALSE,2,12793,0.0672655039425316,1.68109873174366e-05,4.774406779486,"Weakly structured"
"MCM2",1.2799,0.000512023243508224,0.00496922775982832,0.39,0.183,"Example_Visium","TLS","Rest","wilcox","SCT",0.25,0.05,0.05,41,1212,TRUE,FALSE,2,12793,0.167706771136948,1.53250268708915e-25,24.8145987553172,"Weakly structured"
"OCLN",-1.2797,0.000657318741434179,0.00615598730539345,0.244,0.506,"Example_Visium","TLS","Rest","wilcox","SCT",0.25,0.05,0.05,41,1212,TRUE,FALSE,2,12793,0.0919895474443046,7.25813292791485e-09,8.13917508224579,"Weakly structured"
"SLC22A18",-1.2788,1.58260947779755e-05,0.000254031656831418,0.439,0.729,"Example_Visium","TLS","Rest","wilcox","SCT",0.25,0.05,0.05,41,1212,TRUE,FALSE,2,12793,0.195536892507157,5.5024697368311e-34,33.259442337355,"Weakly structured"
"S100A9",1.278,1.47449812849825e-09,5.80407832550094e-08,0.902,0.578,"Example_Visium","TLS","Rest","wilcox","SCT",0.25,0.05,0.05,41,1212,TRUE,FALSE,2,12793,0.308610892404091,6.77946727493694e-82,81.1688044313018,"Spatially structured"
"ACSL4",1.2765,1.53405227278194e-06,3.19457124433553e-05,0.78,0.471,"Example_Visium","TLS","Rest","wilcox","SCT",0.25,0.05,0.05,41,1212,TRUE,FALSE,2,12793,0.142755555681948,5.87551797457268e-19,18.2309538407868,"Weakly structured"
"TRAF5",1.276,0.000761637598488393,0.00694140471556376,0.439,0.23,"Example_Visium","TLS","Rest","wilcox","SCT",0.25,0.05,0.05,41,1212,TRUE,FALSE,2,12793,0.112529042544246,1.86260559536124e-12,11.7298790967366,"Weakly structured"
"TRPM4",-1.276,5.60312148225167e-06,0.000101819223185292,0.463,0.737,"Example_Visium","TLS","Rest","wilcox","SCT",0.25,0.05,0.05,41,1212,TRUE,FALSE,2,12793,0.204988720560132,3.63341385281306e-37,36.4396851323447,"Weakly structured"
"BCL2L12",1.2756,0.00257628175651338,0.0190621009317962,0.341,0.166,"Example_Visium","TLS","Rest","wilcox","SCT",0.25,0.05,0.05,41,1212,TRUE,FALSE,2,12793,0.0493925132329516,0.00115869087451368,2.93603241338905,"Weakly structured"
"DELE1",-1.2752,0.000672375668559032,0.00626946204655663,0.171,0.455,"Example_Visium","TLS","Rest","wilcox","SCT",0.25,0.05,0.05,41,1212,TRUE,FALSE,2,12793,0.0321460015920428,0.0236289255453527,1.62655602615999,"Weakly structured"
"PWWP2B",-1.2742,0.00246721348059578,0.0184471432245831,0.122,0.362,"Example_Visium","TLS","Rest","wilcox","SCT",0.25,0.05,0.05,41,1212,TRUE,FALSE,2,12793,0.0155376858327942,0.165176061186755,0.782052894351208,"Not structured"
"MTUS1",-1.2742,0.000146021776327648,0.00174584727528935,0.268,0.568,"Example_Visium","TLS","Rest","wilcox","SCT",0.25,0.05,0.05,41,1212,TRUE,FALSE,2,12793,0.0656679673152855,2.65304697479723e-05,4.57625506034009,"Weakly structured"
"NAP1L1",1.2734,4.39984240603032e-11,2.25148735601384e-09,0.927,0.669,"Example_Visium","TLS","Rest","wilcox","SCT",0.25,0.05,0.05,41,1212,TRUE,FALSE,2,12793,0.249937009750433,2.34331217024417e-54,53.6301698519136,"Weakly structured"
"ETHE1",-1.2728,1.20588622588607e-09,4.80588862547056e-08,0.78,0.95,"Example_Visium","TLS","Rest","wilcox","SCT",0.25,0.05,0.05,41,1212,TRUE,FALSE,2,12793,0.367052271265049,4.51340736665842e-115,114.345495466589,"Spatially structured"
"SORT1",-1.2722,1.36778736914003e-05,0.000223521016593175,0.415,0.705,"Example_Visium","TLS","Rest","wilcox","SCT",0.25,0.05,0.05,41,1212,TRUE,FALSE,2,12793,0.139171709776497,4.25737044647147e-18,17.3708585589235,"Weakly structured"
"SULT1A1",-1.2722,0.00291799885566902,0.0210784637834973,0.171,0.404,"Example_Visium","TLS","Rest","wilcox","SCT",0.25,0.05,0.05,41,1212,TRUE,FALSE,2,12793,0.183596262707582,3.39496275003038e-30,29.4691649864925,"Weakly structured"
"TERF2IP",1.2715,5.62095145059296e-08,1.59443086269259e-06,0.78,0.403,"Example_Visium","TLS","Rest","wilcox","SCT",0.25,0.05,0.05,41,1212,TRUE,FALSE,2,12793,0.027442582778534,0.04454840480546,1.35116784261678,"Weakly structured"
"ELOVL5",1.2709,0.000252298099140745,0.00276339861498934,0.488,0.261,"Example_Visium","TLS","Rest","wilcox","SCT",0.25,0.05,0.05,41,1212,TRUE,FALSE,2,12793,0.166943638694815,2.72188634969374e-25,24.5651300123918,"Weakly structured"
"AMPD3",1.2709,0.00242002507890383,0.0181793193390586,0.268,0.111,"Example_Visium","TLS","Rest","wilcox","SCT",0.25,0.05,0.05,41,1212,TRUE,FALSE,2,12793,0.00714949778538064,0.321671984301949,0.492586761892229,"Not structured"
"PFDN4",1.2709,0.000288402071272978,0.00308231219531764,0.537,0.314,"Example_Visium","TLS","Rest","wilcox","SCT",0.25,0.05,0.05,41,1212,TRUE,FALSE,2,12793,0.196606678045801,2.25684281183489e-34,33.6464986882993,"Weakly structured"
"GALNT12",-1.269,5.53117266966558e-05,0.000759559074037971,0.39,0.68,"Example_Visium","TLS","Rest","wilcox","SCT",0.25,0.05,0.05,41,1212,TRUE,FALSE,2,12793,0.225539525829799,1.33355951805713e-44,43.8749875965568,"Weakly structured"
"IL13RA2",1.2686,6.16378439054349e-05,0.000834426388446803,0.463,0.205,"Example_Visium","TLS","Rest","wilcox","SCT",0.25,0.05,0.05,41,1212,TRUE,FALSE,2,12793,0.146475723501369,6.67561932569503e-20,19.1755084367417,"Weakly structured"
"SATB2",-1.2677,9.11621219042446e-05,0.00117801719749596,0.293,0.597,"Example_Visium","TLS","Rest","wilcox","SCT",0.25,0.05,0.05,41,1212,TRUE,FALSE,2,12793,0.0686736234537288,1.18181096362126e-05,4.92745198540211,"Weakly structured"
"RNASE4",-1.2665,4.28556200432718e-07,1.01153495795863e-05,0.61,0.833,"Example_Visium","TLS","Rest","wilcox","SCT",0.25,0.05,0.05,41,1212,TRUE,FALSE,2,12793,0.329949663010917,2.61450366147614e-93,92.5826107456271,"Spatially structured"
"PKN2",-1.2658,0.000816719593606733,0.00731834607002528,0.22,0.482,"Example_Visium","TLS","Rest","wilcox","SCT",0.25,0.05,0.05,41,1212,TRUE,FALSE,2,12793,0.0510737593823464,0.00083387962160746,3.07889663934424,"Weakly structured"
"MYC",1.2657,8.2983599855349e-06,0.00014313407135743,0.732,0.487,"Example_Visium","TLS","Rest","wilcox","SCT",0.25,0.05,0.05,41,1212,TRUE,FALSE,2,12793,0.370143213312123,5.90973988001481e-117,116.228431634374,"Spatially structured"
"PDLIM3",1.265,0.00069494122958495,0.00642833199571964,0.39,0.182,"Example_Visium","TLS","Rest","wilcox","SCT",0.25,0.05,0.05,41,1212,TRUE,FALSE,2,12793,0.0649039249407859,3.17290793558752e-05,4.49854252911181,"Weakly structured"
"EPS8",-1.265,7.11717629117999e-06,0.000125933660156384,0.341,0.699,"Example_Visium","TLS","Rest","wilcox","SCT",0.25,0.05,0.05,41,1212,TRUE,FALSE,2,12793,0.107625337244052,1.6093764046446e-11,10.7933423702315,"Weakly structured"
"ABL2",1.2636,0.00290452664347044,0.021010818421838,0.317,0.149,"Example_Visium","TLS","Rest","wilcox","SCT",0.25,0.05,0.05,41,1212,TRUE,FALSE,2,12793,0.0136754354813173,0.194671642410637,0.710697307039456,"Not structured"
"DGAT1",-1.2628,2.26536164166941e-08,7.06848084923822e-07,0.585,0.884,"Example_Visium","TLS","Rest","wilcox","SCT",0.25,0.05,0.05,41,1212,TRUE,FALSE,2,12793,0.194304062099894,1.34543284850491e-33,32.8711379733009,"Weakly structured"
"ATG4D",-1.2596,0.0043909465982174,0.028718496846112,0.195,0.401,"Example_Visium","TLS","Rest","wilcox","SCT",0.25,0.05,0.05,41,1212,TRUE,FALSE,2,12793,0.0504977610496881,0.000939462219213386,3.02712068050978,"Weakly structured"
"STEAP1",1.258,0.00167402793473704,0.0134521604077205,0.415,0.215,"Example_Visium","TLS","Rest","wilcox","SCT",0.25,0.05,0.05,41,1212,TRUE,FALSE,2,12793,0.0910571326540677,9.77950752519418e-09,8.0096830147907,"Weakly structured"
"NOP14",1.2576,0.00597592726552234,0.036754825724917,0.366,0.202,"Example_Visium","TLS","Rest","wilcox","SCT",0.25,0.05,0.05,41,1212,TRUE,FALSE,2,12793,0.0457367191826126,0.00240925576553763,2.61811709304214,"Weakly structured"
"FZD5",-1.2573,9.55582386350333e-05,0.00122247654685798,0.341,0.62,"Example_Visium","TLS","Rest","wilcox","SCT",0.25,0.05,0.05,41,1212,TRUE,FALSE,2,12793,0.0815228678104466,2.5728572163457e-07,6.58958431478996,"Weakly structured"
"ABCG1",-1.256,0.000714125678358374,0.00658199553547455,0.22,0.498,"Example_Visium","TLS","Rest","wilcox","SCT",0.25,0.05,0.05,41,1212,TRUE,FALSE,2,12793,0.244257288109856,5.24748699435699e-52,51.2800486291221,"Weakly structured"
"LGR5",1.2556,9.15821696864822e-06,0.000156632446096145,0.415,0.147,"Example_Visium","TLS","Rest","wilcox","SCT",0.25,0.05,0.05,41,1212,TRUE,FALSE,2,12793,0.339317555666948,5.24697529142566e-99,98.2800909809365,"Spatially structured"
"TNFSF10",-1.2545,1.15022705829661e-05,0.000190854147299462,0.488,0.752,"Example_Visium","TLS","Rest","wilcox","SCT",0.25,0.05,0.05,41,1212,TRUE,FALSE,2,12793,0.259820838259154,1.36083016042255e-58,57.8661960739105,"Weakly structured"
"GPR183",1.2534,0.00204577925254297,0.0158616084713832,0.415,0.233,"Example_Visium","TLS","Rest","wilcox","SCT",0.25,0.05,0.05,41,1212,TRUE,FALSE,2,12793,0.0661977257995464,2.26270311796427e-05,4.64537242469664,"Weakly structured"
"DNAJC1",-1.2525,0.00636566123040729,0.0384819699240662,0.122,0.326,"Example_Visium","TLS","Rest","wilcox","SCT",0.25,0.05,0.05,41,1212,TRUE,FALSE,2,12793,0.0541529441262168,0.000425085122261354,3.37152409482791,"Weakly structured"
"TNFRSF1B",1.2482,5.8229401891129e-05,0.000793321340141868,0.683,0.486,"Example_Visium","TLS","Rest","wilcox","SCT",0.25,0.05,0.05,41,1212,TRUE,FALSE,2,12793,0.0827244948552043,1.73536704031022e-07,6.76060865532684,"Weakly structured"
"LRRFIP2",-1.2481,0.000761801940174433,0.00694140471556376,0.293,0.529,"Example_Visium","TLS","Rest","wilcox","SCT",0.25,0.05,0.05,41,1212,TRUE,FALSE,2,12793,0.0643017921986417,3.78319076221954e-05,4.42214175944991,"Weakly structured"
"STC1",1.2462,9.06526792084767e-05,0.00117429818944699,0.439,0.194,"Example_Visium","TLS","Rest","wilcox","SCT",0.25,0.05,0.05,41,1212,TRUE,FALSE,2,12793,0.180690614871732,2.15973736068968e-29,28.6655990589131,"Weakly structured"
"FLVCR1",1.2462,0.00532971063104099,0.0336042326776281,0.268,0.121,"Example_Visium","TLS","Rest","wilcox","SCT",0.25,0.05,0.05,41,1212,TRUE,FALSE,2,12793,0.0704589127278576,6.90655022905355e-06,5.16073882536063,"Weakly structured"
"MFSD3",-1.2437,0.00780070186857232,0.0448715732934558,0.122,0.319,"Example_Visium","TLS","Rest","wilcox","SCT",0.25,0.05,0.05,41,1212,TRUE,FALSE,2,12793,0.055361462216095,0.000325756056662887,3.48710750086229,"Weakly structured"
"GDPD3",-1.2437,0.00267856084416162,0.0196935798157239,0.146,0.385,"Example_Visium","TLS","Rest","wilcox","SCT",0.25,0.05,0.05,41,1212,TRUE,FALSE,2,12793,0.107397898137665,1.75300426439378e-11,10.7562170274313,"Weakly structured"
"TJP3",-1.2429,1.76186767703514e-05,0.000279994698041125,0.439,0.706,"Example_Visium","TLS","Rest","wilcox","SCT",0.25,0.05,0.05,41,1212,TRUE,FALSE,2,12793,0.205293579030793,2.85778808025664e-37,36.5439699795295,"Weakly structured"
"SEH1L",1.2418,0.000366489601248228,0.00374480947984711,0.488,0.267,"Example_Visium","TLS","Rest","wilcox","SCT",0.25,0.05,0.05,41,1212,TRUE,FALSE,2,12793,0.0727075087300832,3.75575928198688e-06,5.4253022507656,"Weakly structured"
"PAQR3",1.2418,0.00169504507931052,0.0135529448122622,0.268,0.107,"Example_Visium","TLS","Rest","wilcox","SCT",0.25,0.05,0.05,41,1212,TRUE,FALSE,2,12793,0.0130098749631595,0.205486181068176,0.687217379080526,"Not structured"
"TMEM179B",-1.2411,1.16719959051472e-05,0.000193419486547341,0.195,0.581,"Example_Visium","TLS","Rest","wilcox","SCT",0.25,0.05,0.05,41,1212,TRUE,FALSE,2,12793,0.0630054309996545,5.2516105665039e-05,4.27970748652185,"Weakly structured"
"CAPN8",-1.2395,6.36513654985219e-05,0.000857025849709119,0.317,0.621,"Example_Visium","TLS","Rest","wilcox","SCT",0.25,0.05,0.05,41,1212,TRUE,FALSE,2,12793,0.111481858450472,3.08922426743293e-12,11.5101505622155,"Weakly structured"
"ARHGEF5",-1.2395,0.00535804322204358,0.0337164028232187,0.22,0.416,"Example_Visium","TLS","Rest","wilcox","SCT",0.25,0.05,0.05,41,1212,TRUE,FALSE,2,12793,0.0270646143709481,0.046735867477891,1.33034969183454,"Weakly structured"
"MTMR11",-1.2385,0.00304296494071486,0.0217235772804494,0.22,0.439,"Example_Visium","TLS","Rest","wilcox","SCT",0.25,0.05,0.05,41,1212,TRUE,FALSE,2,12793,0.156850531605562,1.59405498672987e-22,21.797496701747,"Weakly structured"
"POGLUT1",1.2384,0.00438563282121193,0.0286984146709791,0.317,0.156,"Example_Visium","TLS","Rest","wilcox","SCT",0.25,0.05,0.05,41,1212,TRUE,FALSE,2,12793,0.0277768818719767,0.0425306930888994,1.37129753987634,"Weakly structured"
"CYBB",1.2382,0.000332304295912862,0.00346186389056453,0.488,0.251,"Example_Visium","TLS","Rest","wilcox","SCT",0.25,0.05,0.05,41,1212,TRUE,FALSE,2,12793,0.0833803433380792,1.37100769990445e-07,6.86296010610281,"Weakly structured"
"IFFO2",1.2373,0.00719934212974752,0.0422482494797523,0.268,0.125,"Example_Visium","TLS","Rest","wilcox","SCT",0.25,0.05,0.05,41,1212,TRUE,FALSE,2,12793,0.0265923418206017,0.0493453695605196,1.30675359413243,"Weakly structured"
"TENT5C",-1.2368,0.00043004893934897,0.00429143220053929,0.317,0.568,"Example_Visium","TLS","Rest","wilcox","SCT",0.25,0.05,0.05,41,1212,TRUE,FALSE,2,12793,0.160794444148779,1.44092044044826e-23,22.8413599978315,"Weakly structured"
"PXMP2",-1.2341,0.00123831246458416,0.0104120983783072,0.22,0.479,"Example_Visium","TLS","Rest","wilcox","SCT",0.25,0.05,0.05,41,1212,TRUE,FALSE,2,12793,0.130512894872157,3.89004987328139e-16,15.4100448306661,"Weakly structured"
"CST3",-1.231,1.19209898427261e-17,2.87745703883009e-15,1,1,"Example_Visium","TLS","Rest","wilcox","SCT",0.25,0.05,0.05,41,1212,TRUE,FALSE,2,12793,0.665911715414409,0,373.15124135707,"Spatially structured"
"WDR55",-1.2286,0.00234765259725161,0.0177608040666114,0.22,0.448,"Example_Visium","TLS","Rest","wilcox","SCT",0.25,0.05,0.05,41,1212,TRUE,FALSE,2,12793,0.0406711576445234,0.00612851742823969,2.21264457452058,"Weakly structured"
"ARID5A",1.2283,0.000112907100500031,0.00139827738305605,0.537,0.286,"Example_Visium","TLS","Rest","wilcox","SCT",0.25,0.05,0.05,41,1212,TRUE,FALSE,2,12793,0.0608887210658507,8.86340558610385e-05,4.05239937708893,"Weakly structured"
"ALOX5",1.2254,0.00176582075417976,0.0140224363179526,0.439,0.247,"Example_Visium","TLS","Rest","wilcox","SCT",0.25,0.05,0.05,41,1212,TRUE,FALSE,2,12793,0.0562052851086181,0.000268140359268839,3.57163781306456,"Weakly structured"
"KIAA1522",-1.2253,2.13636728329044e-05,0.000334069159023702,0.415,0.705,"Example_Visium","TLS","Rest","wilcox","SCT",0.25,0.05,0.05,41,1212,TRUE,FALSE,2,12793,0.0874531197302753,3.57139830835912e-08,7.44716171142135,"Weakly structured"
"MMP14",1.2243,0.00060019739752142,0.00568343842079313,0.634,0.462,"Example_Visium","TLS","Rest","wilcox","SCT",0.25,0.05,0.05,41,1212,TRUE,FALSE,2,12793,0.121981197112383,2.56085007589883e-14,13.5916158464108,"Weakly structured"
"FGD4",-1.2229,0.0063554593587443,0.0384604501307549,0.122,0.327,"Example_Visium","TLS","Rest","wilcox","SCT",0.25,0.05,0.05,41,1212,TRUE,FALSE,2,12793,0.0412790523667095,0.00550851683701795,2.25896531879009,"Weakly structured"
"SEMA3B",-1.2229,0.00168466167199702,0.0135206253261341,0.39,0.572,"Example_Visium","TLS","Rest","wilcox","SCT",0.25,0.05,0.05,41,1212,TRUE,FALSE,2,12793,0.256844251114651,2.67226149990271e-57,56.5731210452953,"Weakly structured"
"CD34",1.2227,0.00590268775567904,0.0364269582529677,0.415,0.241,"Example_Visium","TLS","Rest","wilcox","SCT",0.25,0.05,0.05,41,1212,TRUE,FALSE,2,12793,0.114520403229872,7.70125769318222e-13,12.1134383443592,"Weakly structured"
"RBMS1",1.2227,0.00320042930187876,0.0226455155193225,0.366,0.189,"Example_Visium","TLS","Rest","wilcox","SCT",0.25,0.05,0.05,41,1212,TRUE,FALSE,2,12793,0.045886454386168,0.00233828622578447,2.6311023286445,"Weakly structured"
"UBA5",-1.2199,0.00434280799850675,0.0284910475512291,0.098,0.318,"Example_Visium","TLS","Rest","wilcox","SCT",0.25,0.05,0.05,41,1212,TRUE,FALSE,2,12793,0.0302313007610801,0.0308878513221916,1.51021230184332,"Weakly structured"
"ATRX",1.2189,0.000202703855788779,0.0023009675484524,0.561,0.332,"Example_Visium","TLS","Rest","wilcox","SCT",0.25,0.05,0.05,41,1212,TRUE,FALSE,2,12793,0.0835479158514931,1.30993216144051e-07,6.88275119493577,"Weakly structured"
"LPCAT4",-1.2175,7.64003199333687e-06,0.000133705785623473,0.512,0.755,"Example_Visium","TLS","Rest","wilcox","SCT",0.25,0.05,0.05,41,1212,TRUE,FALSE,2,12793,0.192270494246444,6.35806611709995e-33,32.1966749601988,"Weakly structured"
"ACTR5",1.2172,0.00477417464319111,0.0307842823640846,0.293,0.137,"Example_Visium","TLS","Rest","wilcox","SCT",0.25,0.05,0.05,41,1212,TRUE,FALSE,2,12793,0.0272658438198935,0.0452742587770354,1.34414865115589,"Weakly structured"
"SKP2",1.2151,0.00147721700933994,0.0121296772788741,0.317,0.138,"Example_Visium","TLS","Rest","wilcox","SCT",0.25,0.05,0.05,41,1212,TRUE,FALSE,2,12793,0.0765689596880183,1.15156446868824e-06,5.9387117436643,"Weakly structured"
"ARHGAP12",-1.215,0.00495622072590142,0.0317819206749157,0.146,0.361,"Example_Visium","TLS","Rest","wilcox","SCT",0.25,0.05,0.05,41,1212,TRUE,FALSE,2,12793,0.0488651210203594,0.00130569162087251,2.88415938291369,"Weakly structured"
"MYBL2",1.2144,0.000344244268711216,0.00356303958707329,0.537,0.323,"Example_Visium","TLS","Rest","wilcox","SCT",0.25,0.05,0.05,41,1212,TRUE,FALSE,2,12793,0.201602068725374,4.74243782520673e-36,35.3239983541339,"Weakly structured"
"PPP1R14D",-1.2141,3.11725954829014e-06,5.9788757723052e-05,0.39,0.768,"Example_Visium","TLS","Rest","wilcox","SCT",0.25,0.05,0.05,41,1212,TRUE,FALSE,2,12793,0.117363407108059,2.23782346358621e-13,12.6501741768847,"Weakly structured"
"MOB3B",-1.2124,0.00694572263910696,0.0410802726408208,0.22,0.41,"Example_Visium","TLS","Rest","wilcox","SCT",0.25,0.05,0.05,41,1212,TRUE,FALSE,2,12793,0.0804086257247285,3.64107658552569e-07,6.43877018612472,"Weakly structured"
"TMEM246",-1.2115,0.000735193991800658,0.0067275252721306,0.146,0.432,"Example_Visium","TLS","Rest","wilcox","SCT",0.25,0.05,0.05,41,1212,TRUE,FALSE,2,12793,0.0702746555354157,7.58684651001373e-06,5.11993870208703,"Weakly structured"
"PKN1",1.2081,0.00399229441361061,0.026866608328943,0.488,0.319,"Example_Visium","TLS","Rest","wilcox","SCT",0.25,0.05,0.05,41,1212,TRUE,FALSE,2,12793,0.0672469558036642,1.72471043919214e-05,4.76328380796281,"Weakly structured"
"AMACR",-1.2071,0.00475921480365434,0.0307187865707114,0.244,0.444,"Example_Visium","TLS","Rest","wilcox","SCT",0.25,0.05,0.05,41,1212,TRUE,FALSE,2,12793,0.125062478385703,5.88555957886991e-15,14.2302122396239,"Weakly structured"
"FEZ2",-1.2065,0.00378870858845642,0.0257813558362356,0.171,0.393,"Example_Visium","TLS","Rest","wilcox","SCT",0.25,0.05,0.05,41,1212,TRUE,FALSE,2,12793,0.0488510004206552,0.00131015179315344,2.88267838441302,"Weakly structured"
"MOGAT3",-1.2057,0.00679654460548132,0.0403659216053494,0.244,0.429,"Example_Visium","TLS","Rest","wilcox","SCT",0.25,0.05,0.05,41,1212,TRUE,FALSE,2,12793,0.0957402266139833,1.81124934227585e-09,8.74202175922734,"Weakly structured"
"HADH",-1.2054,0.000219090400129933,0.00245861709549319,0.317,0.596,"Example_Visium","TLS","Rest","wilcox","SCT",0.25,0.05,0.05,41,1212,TRUE,FALSE,2,12793,0.0583197907134012,0.000165567116764001,3.78102591408508,"Weakly structured"
"ACSS2",-1.2051,2.38067576266132e-06,4.67833871455088e-05,0.561,0.809,"Example_Visium","TLS","Rest","wilcox","SCT",0.25,0.05,0.05,41,1212,TRUE,FALSE,2,12793,0.236497262587195,7.13876221067222e-49,48.1463770839768,"Weakly structured"
"QSOX1",-1.2047,9.30828025334388e-11,4.51063747276622e-09,0.829,0.969,"Example_Visium","TLS","Rest","wilcox","SCT",0.25,0.05,0.05,41,1212,TRUE,FALSE,2,12793,0.405263839584748,6.21129969423935e-140,139.206817515608,"Spatially structured"
"SLC35F5",-1.203,4.79998958268989e-05,0.000674794139904964,0.293,0.617,"Example_Visium","TLS","Rest","wilcox","SCT",0.25,0.05,0.05,41,1212,TRUE,FALSE,2,12793,0.0886027794173759,2.40505991909945e-08,7.61887409924437,"Weakly structured"
"ETS1",1.202,0.00042123411246265,0.00421332916398334,0.61,0.402,"Example_Visium","TLS","Rest","wilcox","SCT",0.25,0.05,0.05,41,1212,TRUE,FALSE,2,12793,0.0802723999342251,3.79510044961007e-07,6.42077672460802,"Weakly structured"
"EPCAM",-1.1979,1.07104073277234e-15,1.34331608768202e-13,1,1,"Example_Visium","TLS","Rest","wilcox","SCT",0.25,0.05,0.05,41,1212,TRUE,FALSE,2,12793,0.57560431575678,4.46509380111766e-280,279.350169413174,"Spatially structured"
"MINK1",-1.1976,0.00203764986464445,0.0158081593198281,0.171,0.417,"Example_Visium","TLS","Rest","wilcox","SCT",0.25,0.05,0.05,41,1212,TRUE,FALSE,2,12793,0.0812735420175838,2.78010521121096e-07,6.55593876818849,"Weakly structured"
"SLC9A1",-1.1958,0.00138946890598686,0.0114754523655842,0.244,0.487,"Example_Visium","TLS","Rest","wilcox","SCT",0.25,0.05,0.05,41,1212,TRUE,FALSE,2,12793,0.149785319034357,1.09393078338518e-20,19.96101015638,"Weakly structured"
"LBH",1.1953,0.000237607833768257,0.00262724029161393,0.585,0.356,"Example_Visium","TLS","Rest","wilcox","SCT",0.25,0.05,0.05,41,1212,TRUE,FALSE,2,12793,0.0229060316538385,0.0772602772569448,1.11204373767521,"Not structured"
"MIR22HG",-1.1939,0.00299806588776855,0.0214629305552451,0.122,0.35,"Example_Visium","TLS","Rest","wilcox","SCT",0.25,0.05,0.05,41,1212,TRUE,FALSE,2,12793,0.112174705454897,2.23813503234082e-12,11.6501137149339,"Weakly structured"
"LRRC1",-1.192,0.000915029232629874,0.0080564136084198,0.195,0.479,"Example_Visium","TLS","Rest","wilcox","SCT",0.25,0.05,0.05,41,1212,TRUE,FALSE,2,12793,0.120483459062663,5.27343622323564e-14,13.2779063019649,"Weakly structured"
"CLDN1",1.191,0.00197654095990406,0.01546537522939,0.341,0.16,"Example_Visium","TLS","Rest","wilcox","SCT",0.25,0.05,0.05,41,1212,TRUE,FALSE,2,12793,0.176988164673542,2.76235186673495e-28,27.5587210020614,"Weakly structured"
"QRSL1",1.1905,0.00071201101870465,0.00657197472026593,0.415,0.202,"Example_Visium","TLS","Rest","wilcox","SCT",0.25,0.05,0.05,41,1212,TRUE,FALSE,2,12793,0.0311910920954836,0.0269777541428726,1.56899420751642,"Weakly structured"
"SEMA3C",-1.1899,0.000657140693808317,0.00615598730539345,0.268,0.533,"Example_Visium","TLS","Rest","wilcox","SCT",0.25,0.05,0.05,41,1212,TRUE,FALSE,2,12793,0.108433180206318,1.14452569019953e-11,10.9413744546393,"Weakly structured"
"ESRP2",-1.1894,0.00435986195973541,0.0285736240014831,0.244,0.448,"Example_Visium","TLS","Rest","wilcox","SCT",0.25,0.05,0.05,41,1212,TRUE,FALSE,2,12793,0.103255809493834,9.76586256745006e-11,10.0102893917269,"Weakly structured"
"CMAS",-1.1886,0.000117763144573744,0.00144581948995385,0.39,0.639,"Example_Visium","TLS","Rest","wilcox","SCT",0.25,0.05,0.05,41,1212,TRUE,FALSE,2,12793,0.0845312839553453,9.62175355238473e-08,7.0167457711302,"Weakly structured"
"HIGD1A",-1.1872,7.14313310288333e-08,1.94844566706154e-06,0.683,0.894,"Example_Visium","TLS","Rest","wilcox","SCT",0.25,0.05,0.05,41,1212,TRUE,FALSE,2,12793,0.294934907007931,5.69557616121738e-75,74.2444623363819,"Weakly structured"
"PRPS1",1.1852,0.000118917167412841,0.00145719092213838,0.512,0.267,"Example_Visium","TLS","Rest","wilcox","SCT",0.25,0.05,0.05,41,1212,TRUE,FALSE,2,12793,0.123777462702667,1.05307072575822e-14,13.9775424599873,"Weakly structured"
"HCK",1.1852,0.00710719318194158,0.0418611060665648,0.341,0.187,"Example_Visium","TLS","Rest","wilcox","SCT",0.25,0.05,0.05,41,1212,TRUE,FALSE,2,12793,0.088517389489208,2.38592926259748e-08,7.62234243632325,"Weakly structured"
"S100A10",-1.1833,2.07988280993188e-16,3.41127445993057e-14,1,1,"Example_Visium","TLS","Rest","wilcox","SCT",0.25,0.05,0.05,41,1212,TRUE,FALSE,2,12793,0.600806093651752,6.95769159662847e-305,304.157534825495,"Spatially structured"
"TMPRSS2",-1.1819,5.96603136980667e-08,1.65560605887065e-06,0.683,0.962,"Example_Visium","TLS","Rest","wilcox","SCT",0.25,0.05,0.05,41,1212,TRUE,FALSE,2,12793,0.346155596476589,1.42571072133481e-102,101.845968584493,"Spatially structured"
"TMEM238",-1.1818,0.000137821368427096,0.0016617801755776,0.22,0.552,"Example_Visium","TLS","Rest","wilcox","SCT",0.25,0.05,0.05,41,1212,TRUE,FALSE,2,12793,0.054959467397522,0.000357820235495787,3.44633510279699,"Weakly structured"
"NOP58",1.1808,9.38549873357087e-05,0.00120793445974419,0.659,0.38,"Example_Visium","TLS","Rest","wilcox","SCT",0.25,0.05,0.05,41,1212,TRUE,FALSE,2,12793,0.138874080922111,4.8801267623368e-18,17.3115688969587,"Weakly structured"
"CEBPG",-1.1805,4.66813425891914e-05,0.000658711604819721,0.341,0.632,"Example_Visium","TLS","Rest","wilcox","SCT",0.25,0.05,0.05,41,1212,TRUE,FALSE,2,12793,0.0291597467610968,0.0357629572651065,1.44656657626273,"Weakly structured"
"MYORG",-1.1805,0.000193392647666704,0.00220899298357156,0.22,0.541,"Example_Visium","TLS","Rest","wilcox","SCT",0.25,0.05,0.05,41,1212,TRUE,FALSE,2,12793,0.158404092821358,6.38171837569941e-23,22.1950623650717,"Weakly structured"
"EDNRB",-1.1805,0.00625715887695536,0.0380455482475712,0.171,0.384,"Example_Visium","TLS","Rest","wilcox","SCT",0.25,0.05,0.05,41,1212,TRUE,FALSE,2,12793,0.104290118363842,6.31866763625027e-11,10.1993744880509,"Weakly structured"
"LRIG1",1.1804,0.00254311744963552,0.0188680760343783,0.39,0.206,"Example_Visium","TLS","Rest","wilcox","SCT",0.25,0.05,0.05,41,1212,TRUE,FALSE,2,12793,0.113050128755216,1.46855762393927e-12,11.8331090077603,"Weakly structured"
"VIM",1.1801,4.44704569360532e-12,2.59776509398598e-10,1,0.932,"Example_Visium","TLS","Rest","wilcox","SCT",0.25,0.05,0.05,41,1212,TRUE,FALSE,2,12793,0.251512039957842,4.64655277959542e-55,54.3328691253908,"Weakly structured"
"EDN1",1.1799,5.04202160171799e-06,9.24105764337798e-05,0.634,0.316,"Example_Visium","TLS","Rest","wilcox","SCT",0.25,0.05,0.05,41,1212,TRUE,FALSE,2,12793,0.0861943689286814,5.38570748098142e-08,7.26875723853044,"Weakly structured"
"RPL39",1.1793,5.36680010439485e-18,1.43036403615674e-15,1,1,"Example_Visium","TLS","Rest","wilcox","SCT",0.25,0.05,0.05,41,1212,TRUE,FALSE,2,12793,0.787394552958753,0,520.851109002916,"Spatially structured"
"SCOC",-1.1788,0.00057672732861646,0.0055266462284572,0.22,0.495,"Example_Visium","TLS","Rest","wilcox","SCT",0.25,0.05,0.05,41,1212,TRUE,FALSE,2,12793,0.0444763078998085,0.00308650413550447,2.51053313679972,"Weakly structured"
"TEAD2",1.176,0.00653809067519145,0.0392132180064342,0.244,0.106,"Example_Visium","TLS","Rest","wilcox","SCT",0.25,0.05,0.05,41,1212,TRUE,FALSE,2,12793,-0.00405934607087342,0.589852590083039,0.229256509226285,"Not structured"
"SQOR",-1.1753,3.9484426944346e-09,1.4188884098287e-07,0.707,0.932,"Example_Visium","TLS","Rest","wilcox","SCT",0.25,0.05,0.05,41,1212,TRUE,FALSE,2,12793,0.185454174395288,8.78710954370803e-31,30.056153959472,"Weakly structured"
"EPS8L1",-1.1751,0.00294185073223242,0.0212267887295259,0.22,0.451,"Example_Visium","TLS","Rest","wilcox","SCT",0.25,0.05,0.05,41,1212,TRUE,FALSE,2,12793,0.10193044167972,1.65408587123509e-10,9.78144194796636,"Weakly structured"
"MAP2K6",-1.174,5.80876352632054e-05,0.000793079101304362,0.244,0.604,"Example_Visium","TLS","Rest","wilcox","SCT",0.25,0.05,0.05,41,1212,TRUE,FALSE,2,12793,0.110167630282715,5.47731119188886e-12,11.2614325840519,"Weakly structured"
"TJAP1",1.1714,0.00236052614463406,0.0178265708195416,0.415,0.225,"Example_Visium","TLS","Rest","wilcox","SCT",0.25,0.05,0.05,41,1212,TRUE,FALSE,2,12793,0.0508564504487121,0.000864316775910269,3.06332705750258,"Weakly structured"
"MARVELD2",-1.1712,0.00612676217844993,0.0374127296176181,0.098,0.308,"Example_Visium","TLS","Rest","wilcox","SCT",0.25,0.05,0.05,41,1212,TRUE,FALSE,2,12793,0.0277878538997065,0.0426208478164197,1.37037791552443,"Weakly structured"
"CD248",1.1699,0.000783876203193791,0.0071071072058527,0.488,0.277,"Example_Visium","TLS","Rest","wilcox","SCT",0.25,0.05,0.05,41,1212,TRUE,FALSE,2,12793,0.170438434784866,2.65570372007871e-26,25.5758203780662,"Weakly structured"
"PPIF",1.1697,3.63640301743965e-09,1.32537047869246e-07,0.927,0.678,"Example_Visium","TLS","Rest","wilcox","SCT",0.25,0.05,0.05,41,1212,TRUE,FALSE,2,12793,0.487987468062996,8.26451563478897e-202,201.082782594398,"Spatially structured"
"CNNM4",-1.1681,0.00156366657257381,0.0126767975050296,0.244,0.493,"Example_Visium","TLS","Rest","wilcox","SCT",0.25,0.05,0.05,41,1212,TRUE,FALSE,2,12793,0.0723233792915252,4.25272085588393e-06,5.37133312298264,"Weakly structured"
"SELPLG",1.1668,0.00161242910206386,0.0130473153084775,0.415,0.217,"Example_Visium","TLS","Rest","wilcox","SCT",0.25,0.05,0.05,41,1212,TRUE,FALSE,2,12793,0.0741682219932795,2.42326753927972e-06,5.61559863521509,"Weakly structured"
"SMPDL3B",-1.166,0.00711083542658716,0.0418632846812377,0.073,0.273,"Example_Visium","TLS","Rest","wilcox","SCT",0.25,0.05,0.05,41,1212,TRUE,FALSE,2,12793,0.0531109118085297,0.000533385291120181,3.27295896478678,"Weakly structured"
"ALKBH6",1.1657,0.00310330456388359,0.0220926963192892,0.341,0.167,"Example_Visium","TLS","Rest","wilcox","SCT",0.25,0.05,0.05,41,1212,TRUE,FALSE,2,12793,0.00568513118788576,0.354785533680244,0.450034096762883,"Not structured"
"VAV1",1.1657,0.00628946137753582,0.0381875080222191,0.317,0.16,"Example_Visium","TLS","Rest","wilcox","SCT",0.25,0.05,0.05,41,1212,TRUE,FALSE,2,12793,0.0492805495401253,0.00118625460520791,2.92582208856886,"Weakly structured"
"PPP1R16A",-1.1654,8.43097613406479e-05,0.00110396599470922,0.317,0.649,"Example_Visium","TLS","Rest","wilcox","SCT",0.25,0.05,0.05,41,1212,TRUE,FALSE,2,12793,0.112887773739293,1.67443521382839e-12,11.7761316512421,"Weakly structured"
"PCSK9",1.1645,0.0016985287889865,0.0135658215256256,0.317,0.137,"Example_Visium","TLS","Rest","wilcox","SCT",0.25,0.05,0.05,41,1212,TRUE,FALSE,2,12793,0.172606680633719,5.28875503076538e-27,26.2766465485512,"Weakly structured"
"PRAF2",1.1645,0.00151112521327442,0.0123514319059841,0.341,0.154,"Example_Visium","TLS","Rest","wilcox","SCT",0.25,0.05,0.05,41,1212,TRUE,FALSE,2,12793,0.0230554835388468,0.0757770419917249,1.12046235171007,"Not structured"
"NHSL1",-1.1642,0.00844763727514401,0.0479887316433913,0.268,0.442,"Example_Visium","TLS","Rest","wilcox","SCT",0.25,0.05,0.05,41,1212,TRUE,FALSE,2,12793,0.117874491453397,1.76199723361854e-13,12.7539947777771,"Weakly structured"
"NNMT",1.1632,9.18407747009073e-06,0.000156786096757909,0.732,0.483,"Example_Visium","TLS","Rest","wilcox","SCT",0.25,0.05,0.05,41,1212,TRUE,FALSE,2,12793,0.104231134983297,6.53713672493926e-11,10.1846124316219,"Weakly structured"
"C12orf45",1.1616,0.00115022528208607,0.00977080480327167,0.439,0.236,"Example_Visium","TLS","Rest","wilcox","SCT",0.25,0.05,0.05,41,1212,TRUE,FALSE,2,12793,0.147746745692324,3.32388511353038e-20,19.4783539955444,"Weakly structured"
"MYH11",-1.161,0.00369698902387003,0.0253188332882063,0.146,0.384,"Example_Visium","TLS","Rest","wilcox","SCT",0.25,0.05,0.05,41,1212,TRUE,FALSE,2,12793,0.0947934480404494,2.55193605128119e-09,8.59313021275796,"Weakly structured"
"SETDB1",1.1602,0.00857778792382802,0.048660139234219,0.366,0.215,"Example_Visium","TLS","Rest","wilcox","SCT",0.25,0.05,0.05,41,1212,TRUE,FALSE,2,12793,0.0337901456894456,0.0184581431412033,1.73381199042225,"Weakly structured"
"TCN2",-1.1588,0.00276811422230283,0.0202010754397719,0.22,0.463,"Example_Visium","TLS","Rest","wilcox","SCT",0.25,0.05,0.05,41,1212,TRUE,FALSE,2,12793,0.217790886126772,9.8408924793657e-42,41.0069655132264,"Weakly structured"
"DOCK5",-1.1588,0.000435448165923043,0.00433854235720677,0.122,0.415,"Example_Visium","TLS","Rest","wilcox","SCT",0.25,0.05,0.05,41,1212,TRUE,FALSE,2,12793,0.0881824491848488,2.77409707268876e-08,7.556878345932,"Weakly structured"
"ARHGEF16",-1.1576,6.72950683236557e-05,0.000901472051376469,0.195,0.573,"Example_Visium","TLS","Rest","wilcox","SCT",0.25,0.05,0.05,41,1212,TRUE,FALSE,2,12793,0.122600316741888,1.93823621858137e-14,13.7125932953065,"Weakly structured"
"STX12",-1.1569,0.00252877800040419,0.0187975926549511,0.22,0.454,"Example_Visium","TLS","Rest","wilcox","SCT",0.25,0.05,0.05,41,1212,TRUE,FALSE,2,12793,0.0205509061143603,0.100404611670703,0.998246339211496,"Not structured"
"ROBO1",1.1559,0.00540436327048542,0.033924445200844,0.293,0.139,"Example_Visium","TLS","Rest","wilcox","SCT",0.25,0.05,0.05,41,1212,TRUE,FALSE,2,12793,0.0485817073742907,0.00135357351651087,2.86851815145762,"Weakly structured"
"DDX21",1.155,7.19003741491241e-05,0.000955162498950929,0.634,0.371,"Example_Visium","TLS","Rest","wilcox","SCT",0.25,0.05,0.05,41,1212,TRUE,FALSE,2,12793,0.144340492319704,2.38848299488821e-19,18.621877846385,"Weakly structured"
"SLC5A1",-1.1547,0.00073569982456896,0.0067275252721306,0.293,0.542,"Example_Visium","TLS","Rest","wilcox","SCT",0.25,0.05,0.05,41,1212,TRUE,FALSE,2,12793,0.06689727583387,1.91125407548574e-05,4.71868157550555,"Weakly structured"
"TNFAIP3",1.1538,0.000582455971157534,0.00556486873713094,0.561,0.345,"Example_Visium","TLS","Rest","wilcox","SCT",0.25,0.05,0.05,41,1212,TRUE,FALSE,2,12793,0.085462021597699,6.94343040382595e-08,7.15842591320908,"Weakly structured"
"ARHGEF18",-1.1533,0.000892088387862613,0.00787068051443201,0.293,0.542,"Example_Visium","TLS","Rest","wilcox","SCT",0.25,0.05,0.05,41,1212,TRUE,FALSE,2,12793,0.10756996316624,1.65136481734191e-11,10.7821569723724,"Weakly structured"
"CXCL1",1.1506,1.206750956912e-12,7.87651275090575e-11,1,0.853,"Example_Visium","TLS","Rest","wilcox","SCT",0.25,0.05,0.05,41,1212,TRUE,FALSE,2,12793,0.54050505206086,4.83795123708182e-247,246.315338513315,"Spatially structured"
"GFER",-1.1496,0.00363856281493998,0.0250663080729818,0.244,0.457,"Example_Visium","TLS","Rest","wilcox","SCT",0.25,0.05,0.05,41,1212,TRUE,FALSE,2,12793,0.0402567417653113,0.00659373452005664,2.18086854260316,"Weakly structured"
"TRPV2",1.1487,0.0053736888403496,0.033781622277441,0.341,0.177,"Example_Visium","TLS","Rest","wilcox","SCT",0.25,0.05,0.05,41,1212,TRUE,FALSE,2,12793,0.0443311879074963,0.00313581452905356,2.50364963201777,"Weakly structured"
"PRR15L",-1.1486,3.56967186683513e-08,1.06201888819586e-06,0.683,0.915,"Example_Visium","TLS","Rest","wilcox","SCT",0.25,0.05,0.05,41,1212,TRUE,FALSE,2,12793,0.271098284711404,1.18647533597876e-63,62.9257412853098,"Weakly structured"
"PKP3",-1.1483,7.62518168288673e-08,2.06234565051099e-06,0.659,0.866,"Example_Visium","TLS","Rest","wilcox","SCT",0.25,0.05,0.05,41,1212,TRUE,FALSE,2,12793,0.0723321666882415,4.23030789412026e-06,5.37362802225825,"Weakly structured"
"SPI1",1.1474,0.002770058839195,0.0202037415791457,0.439,0.249,"Example_Visium","TLS","Rest","wilcox","SCT",0.25,0.05,0.05,41,1212,TRUE,FALSE,2,12793,0.106881188082758,2.11811939186597e-11,10.6740495636963,"Weakly structured"
"HLA-DQB1",1.1465,5.40663057594278e-07,1.24177782689472e-05,0.829,0.49,"Example_Visium","TLS","Rest","wilcox","SCT",0.25,0.05,0.05,41,1212,TRUE,FALSE,2,12793,0.160939279162413,1.28251449021128e-23,22.8919377194066,"Weakly structured"
"IQGAP3",1.1461,0.00358493111575229,0.0247635117515221,0.293,0.131,"Example_Visium","TLS","Rest","wilcox","SCT",0.25,0.05,0.05,41,1212,TRUE,FALSE,2,12793,0.0958688853900982,1.59831841175474e-09,8.79633669767982,"Weakly structured"
"ADSL",1.1457,6.91108178414194e-05,0.000924298987306189,0.585,0.315,"Example_Visium","TLS","Rest","wilcox","SCT",0.25,0.05,0.05,41,1212,TRUE,FALSE,2,12793,0.0549304701992157,0.00035861637304628,3.4453698861031,"Weakly structured"
"PTPRF",-1.1453,2.68191744572502e-07,6.56018544611093e-06,0.659,0.875,"Example_Visium","TLS","Rest","wilcox","SCT",0.25,0.05,0.05,41,1212,TRUE,FALSE,2,12793,0.309017333519107,4.13497279953341e-82,81.3835273429558,"Spatially structured"
"H1F0",-1.1447,3.54350375327019e-05,0.000515722906889483,0.439,0.715,"Example_Visium","TLS","Rest","wilcox","SCT",0.25,0.05,0.05,41,1212,TRUE,FALSE,2,12793,0.0950082037649121,2.39674979313919e-09,8.62037730144015,"Weakly structured"
"MYOF",-1.1441,0.000715513841209402,0.00658530112992222,0.268,0.527,"Example_Visium","TLS","Rest","wilcox","SCT",0.25,0.05,0.05,41,1212,TRUE,FALSE,2,12793,0.105619949954207,3.72348445224052e-11,10.4290504552543,"Weakly structured"
"F3",-1.1432,0.000142027830664494,0.00170446720233665,0.39,0.683,"Example_Visium","TLS","Rest","wilcox","SCT",0.25,0.05,0.05,41,1212,TRUE,FALSE,2,12793,0.247659871035757,2.04301963741783e-53,52.6897274589274,"Weakly structured"
"CHP1",-1.1429,7.29038864742434e-07,1.63052346095279e-05,0.537,0.835,"Example_Visium","TLS","Rest","wilcox","SCT",0.25,0.05,0.05,41,1212,TRUE,FALSE,2,12793,0.195681261849439,4.82882044862805e-34,33.3161589427918,"Weakly structured"
"GALNT3",-1.142,0.000934047300487464,0.00820691422742866,0.293,0.549,"Example_Visium","TLS","Rest","wilcox","SCT",0.25,0.05,0.05,41,1212,TRUE,FALSE,2,12793,0.0637261602968479,4.38261055805368e-05,4.3582671193535,"Weakly structured"
"PLXNA1",1.1415,0.0035731343954863,0.0247148569964363,0.366,0.191,"Example_Visium","TLS","Rest","wilcox","SCT",0.25,0.05,0.05,41,1212,TRUE,FALSE,2,12793,0.0523696703485732,0.000622404186975905,3.20592749446564,"Weakly structured"
"MTAP",1.1405,0.00400736617417672,0.0269255438373124,0.39,0.206,"Example_Visium","TLS","Rest","wilcox","SCT",0.25,0.05,0.05,41,1212,TRUE,FALSE,2,12793,0.0668974785484467,1.87409161006046e-05,4.72720918358094,"Weakly structured"
"CENPM",1.1384,0.00175955542891349,0.0139900513375328,0.39,0.193,"Example_Visium","TLS","Rest","wilcox","SCT",0.25,0.05,0.05,41,1212,TRUE,FALSE,2,12793,0.076692021456,1.1309618896484e-06,5.9465520293754,"Weakly structured"
"ESPN",-1.1367,0.00427329458246997,0.0281360049374875,0.171,0.402,"Example_Visium","TLS","Rest","wilcox","SCT",0.25,0.05,0.05,41,1212,TRUE,FALSE,2,12793,0.144334727207793,2.4324976947177e-19,18.613947562641,"Weakly structured"
"RHPN2",-1.1367,0.000717791066221829,0.00659203238347154,0.195,0.468,"Example_Visium","TLS","Rest","wilcox","SCT",0.25,0.05,0.05,41,1212,TRUE,FALSE,2,12793,0.0619375337585281,6.87742636473636e-05,4.16257405081976,"Weakly structured"
"PRSS8",-1.1356,8.49391345364842e-12,4.7313405375922e-10,0.878,0.991,"Example_Visium","TLS","Rest","wilcox","SCT",0.25,0.05,0.05,41,1212,TRUE,FALSE,2,12793,0.367140150094804,2.86919278288738e-115,114.542240270251,"Spatially structured"
"KIF2C",1.1356,0.00616195134503067,0.0375917232031366,0.244,0.105,"Example_Visium","TLS","Rest","wilcox","SCT",0.25,0.05,0.05,41,1212,TRUE,FALSE,2,12793,0.089562255347611,1.55477916582545e-08,7.80833128758519,"Weakly structured"
"IFT172",-1.1345,0.00404588317040984,0.0270423110757853,0.171,0.399,"Example_Visium","TLS","Rest","wilcox","SCT",0.25,0.05,0.05,41,1212,TRUE,FALSE,2,12793,0.0146534049814556,0.179113958893938,0.746870566946172,"Not structured"
"FNBP1",1.1335,0.00389818113854858,0.026316322588629,0.488,0.333,"Example_Visium","TLS","Rest","wilcox","SCT",0.25,0.05,0.05,41,1212,TRUE,FALSE,2,12793,0.0493350987940522,0.00118651705560211,2.9257260146311,"Weakly structured"
"RPL23",1.1335,4.37591276315501e-19,1.59945862797263e-16,1,0.998,"Example_Visium","TLS","Rest","wilcox","SCT",0.25,0.05,0.05,41,1212,TRUE,FALSE,2,12793,0.565841519761626,1.06702184572446e-270,269.971826688935,"Spatially structured"
"CFH",-1.133,0.00417645877187371,0.0276836461495235,0.22,0.432,"Example_Visium","TLS","Rest","wilcox","SCT",0.25,0.05,0.05,41,1212,TRUE,FALSE,2,12793,0.0338296805949299,0.0184134844985,1.73486401946577,"Weakly structured"
"GRTP1",-1.1327,0.00793007345420576,0.0454930178025355,0.22,0.413,"Example_Visium","TLS","Rest","wilcox","SCT",0.25,0.05,0.05,41,1212,TRUE,FALSE,2,12793,0.0183153751876795,0.126739974586611,0.897086384293749,"Not structured"
"BGN",1.132,4.03539002825908e-06,7.5474772853097e-05,0.756,0.472,"Example_Visium","TLS","Rest","wilcox","SCT",0.25,0.05,0.05,41,1212,TRUE,FALSE,2,12793,0.1871995032794,2.51163037889895e-31,30.600044272664,"Weakly structured"
"ARID5B",1.1307,0.000620655818567258,0.00584768348387625,0.415,0.198,"Example_Visium","TLS","Rest","wilcox","SCT",0.25,0.05,0.05,41,1212,TRUE,FALSE,2,12793,0.0336032905263199,0.0189369654525934,1.72268961312474,"Weakly structured"
"ITPRID2",-1.1288,3.23949348166461e-05,0.000477452075010776,0.488,0.748,"Example_Visium","TLS","Rest","wilcox","SCT",0.25,0.05,0.05,41,1212,TRUE,FALSE,2,12793,0.112188733221554,2.2590150871477e-12,11.6460808685736,"Weakly structured"
"SHROOM1",-1.1278,0.00153915158325998,0.0125256782472296,0.268,0.514,"Example_Visium","TLS","Rest","wilcox","SCT",0.25,0.05,0.05,41,1212,TRUE,FALSE,2,12793,0.089961889121079,1.50110758753999e-08,7.82358817984169,"Weakly structured"
"PIGM",1.1276,0.00115666214315059,0.00980595016390024,0.366,0.167,"Example_Visium","TLS","Rest","wilcox","SCT",0.25,0.05,0.05,41,1212,TRUE,FALSE,2,12793,0.0195871543259271,0.11098581550036,0.954732522506672,"Not structured"
"PRR15",-1.1274,0.000450676364710381,0.00444869038097215,0.293,0.58,"Example_Visium","TLS","Rest","wilcox","SCT",0.25,0.05,0.05,41,1212,TRUE,FALSE,2,12793,0.161630736657388,8.57688844534992e-24,23.0666702385039,"Weakly structured"
"GNE",-1.1269,2.90452031390489e-05,0.000432064283439363,0.561,0.753,"Example_Visium","TLS","Rest","wilcox","SCT",0.25,0.05,0.05,41,1212,TRUE,FALSE,2,12793,0.16320172001554,3.17835111011528e-24,23.4977981282857,"Weakly structured"
"CAV1",1.1264,0.000159414944609992,0.00187828473100175,0.659,0.415,"Example_Visium","TLS","Rest","wilcox","SCT",0.25,0.05,0.05,41,1212,TRUE,FALSE,2,12793,0.144807932093072,1.83203619824576e-19,18.7370659495857,"Weakly structured"
"ASMTL",1.1263,0.00335298644343064,0.0234654023910329,0.415,0.23,"Example_Visium","TLS","Rest","wilcox","SCT",0.25,0.05,0.05,41,1212,TRUE,FALSE,2,12793,-0.0112476640182609,0.745281203797146,0.127679831661359,"Not structured"
"HNRNPA1P48",1.1263,0.00158054907976874,0.0128055505873853,0.415,0.219,"Example_Visium","TLS","Rest","wilcox","SCT",0.25,0.05,0.05,41,1212,TRUE,FALSE,2,12793,0.0441841035633391,0.00322376717999912,2.49163633041928,"Weakly structured"
"GLIPR2",1.1254,0.00712017980002508,0.0418797518076877,0.366,0.2,"Example_Visium","TLS","Rest","wilcox","SCT",0.25,0.05,0.05,41,1212,TRUE,FALSE,2,12793,0.0443839001530383,0.00311238035644174,2.50690733436556,"Weakly structured"
"LRATD1",-1.1253,1.0261529084168e-06,2.21375618168231e-05,0.634,0.843,"Example_Visium","TLS","Rest","wilcox","SCT",0.25,0.05,0.05,41,1212,TRUE,FALSE,2,12793,0.133082540403803,1.0453037635448e-16,15.9807574859537,"Weakly structured"
"CLTB",-1.1248,3.18464565703428e-09,1.17072333018504e-07,0.829,0.942,"Example_Visium","TLS","Rest","wilcox","SCT",0.25,0.05,0.05,41,1212,TRUE,FALSE,2,12793,0.264407665972796,1.18156915764839e-60,59.9275408538826,"Weakly structured"
"CCDC107",-1.124,0.000270164289416365,0.00291663439198612,0.195,0.508,"Example_Visium","TLS","Rest","wilcox","SCT",0.25,0.05,0.05,41,1212,TRUE,FALSE,2,12793,0.0551140003896192,0.000345708026572125,3.46129053698778,"Weakly structured"
"KRT8",-1.1238,7.189973095731e-14,6.01185136037168e-12,1,1,"Example_Visium","TLS","Rest","wilcox","SCT",0.25,0.05,0.05,41,1212,TRUE,FALSE,2,12793,0.677138817680603,0,385.801995326673,"Spatially structured"
"CLMN",-1.1234,0.00250668413962715,0.0186658965065484,0.293,0.511,"Example_Visium","TLS","Rest","wilcox","SCT",0.25,0.05,0.05,41,1212,TRUE,FALSE,2,12793,0.0586001862839528,0.00015504541552644,3.80954107071014,"Weakly structured"
"TMEM107",1.1231,0.00655171063293813,0.0392580956099192,0.293,0.139,"Example_Visium","TLS","Rest","wilcox","SCT",0.25,0.05,0.05,41,1212,TRUE,FALSE,2,12793,0.0257279103599035,0.0549736931862548,1.25984508572786,"Not structured"
"ACADS",-1.123,0.000223935204265868,0.00250419848616543,0.488,0.683,"Example_Visium","TLS","Rest","wilcox","SCT",0.25,0.05,0.05,41,1212,TRUE,FALSE,2,12793,0.161996819936221,6.81617611947551e-24,23.166459196597,"Weakly structured"
"VASN",1.1225,0.00678414620734532,0.0403184544231639,0.415,0.236,"Example_Visium","TLS","Rest","wilcox","SCT",0.25,0.05,0.05,41,1212,TRUE,FALSE,2,12793,0.107601185376016,1.56470774537446e-11,10.8055667676536,"Weakly structured"
"MST1R",-1.1219,0.000205160269124924,0.00232472570674504,0.341,0.625,"Example_Visium","TLS","Rest","wilcox","SCT",0.25,0.05,0.05,41,1212,TRUE,FALSE,2,12793,0.0829096272049818,1.63942649292293e-07,6.78530805104928,"Weakly structured"
"ATL3",-1.1204,0.00209311541910688,0.0161503169822885,0.268,0.504,"Example_Visium","TLS","Rest","wilcox","SCT",0.25,0.05,0.05,41,1212,TRUE,FALSE,2,12793,0.0694322392669041,9.58582737992232e-06,5.01837039598081,"Weakly structured"
"ENTPD1",1.1201,0.000824932731509739,0.00736966790098051,0.537,0.342,"Example_Visium","TLS","Rest","wilcox","SCT",0.25,0.05,0.05,41,1212,TRUE,FALSE,2,12793,0.130835287083749,3.256634241879e-16,15.4872310150469,"Weakly structured"
"CBFB",1.1201,3.0049149615994e-05,0.0004444147642051,0.659,0.399,"Example_Visium","TLS","Rest","wilcox","SCT",0.25,0.05,0.05,41,1212,TRUE,FALSE,2,12793,0.108603776576156,1.06074172867072e-11,10.9743903460395,"Weakly structured"
"TFDP1",1.1198,0.000150982468624585,0.00179342499639212,0.756,0.511,"Example_Visium","TLS","Rest","wilcox","SCT",0.25,0.05,0.05,41,1212,TRUE,FALSE,2,12793,0.250968282599853,8.25557855043297e-55,54.0832524860043,"Weakly structured"
"UGP2",-1.1198,1.28128940251577e-06,2.71383035205037e-05,0.683,0.889,"Example_Visium","TLS","Rest","wilcox","SCT",0.25,0.05,0.05,41,1212,TRUE,FALSE,2,12793,0.359597912362963,1.76514906628945e-110,109.753218612694,"Spatially structured"
"SOX18",1.1171,0.00110830162117986,0.00945864085373846,0.512,0.329,"Example_Visium","TLS","Rest","wilcox","SCT",0.25,0.05,0.05,41,1212,TRUE,FALSE,2,12793,0.135248347634804,3.28010422357066e-17,16.4841123565924,"Weakly structured"
"ZNF512",1.1167,0.00186564570171418,0.0147237541406721,0.39,0.195,"Example_Visium","TLS","Rest","wilcox","SCT",0.25,0.05,0.05,41,1212,TRUE,FALSE,2,12793,0.0430306485043694,0.00399183959317177,2.39882691858708,"Weakly structured"
"SNHG16",1.1161,2.5213761809745e-06,4.93965780753549e-05,0.805,0.542,"Example_Visium","TLS","Rest","wilcox","SCT",0.25,0.05,0.05,41,1212,TRUE,FALSE,2,12793,0.185099010269576,1.20471639940525e-30,29.919115177711,"Weakly structured"
"POLD4",-1.1159,2.35079202020653e-09,8.92394133961488e-08,0.902,0.956,"Example_Visium","TLS","Rest","wilcox","SCT",0.25,0.05,0.05,41,1212,TRUE,FALSE,2,12793,0.366048244461252,1.79542492098344e-114,113.745832750986,"Spatially structured"
"RPL6",1.1153,8.31901374378497e-18,2.08676750635767e-15,1,0.993,"Example_Visium","TLS","Rest","wilcox","SCT",0.25,0.05,0.05,41,1212,TRUE,FALSE,2,12793,0.546994835642255,3.60223883593233e-253,252.443427495934,"Spatially structured"
"SLC50A1",-1.1136,8.49750132160084e-05,0.00111040382438447,0.488,0.715,"Example_Visium","TLS","Rest","wilcox","SCT",0.25,0.05,0.05,41,1212,TRUE,FALSE,2,12793,0.141582051917057,1.14015601447928e-18,17.9430357174429,"Weakly structured"
"CCDC50",1.113,0.000409820348383366,0.00412828881343082,0.707,0.496,"Example_Visium","TLS","Rest","wilcox","SCT",0.25,0.05,0.05,41,1212,TRUE,FALSE,2,12793,0.0135537869903231,0.197010298628356,0.705511070688349,"Not structured"
"POLA1",1.113,0.00756206758391085,0.0438140990040632,0.268,0.124,"Example_Visium","TLS","Rest","wilcox","SCT",0.25,0.05,0.05,41,1212,TRUE,FALSE,2,12793,0.0923131805696334,5.99325115449788e-09,8.22233752228232,"Weakly structured"
"CCDC186",-1.1087,0.00403253388386389,0.0269953982084096,0.244,0.455,"Example_Visium","TLS","Rest","wilcox","SCT",0.25,0.05,0.05,41,1212,TRUE,FALSE,2,12793,0.036909213655355,0.0115309136178989,1.93813628130089,"Weakly structured"
"MIR194-2HG",-1.1071,0.000162398788200393,0.00190777566340462,0.366,0.642,"Example_Visium","TLS","Rest","wilcox","SCT",0.25,0.05,0.05,41,1212,TRUE,FALSE,2,12793,0.186968341946854,3.13954022355703e-31,30.5031339484212,"Weakly structured"
"GNA12",1.1066,0.00138580472802502,0.0114599869978177,0.415,0.211,"Example_Visium","TLS","Rest","wilcox","SCT",0.25,0.05,0.05,41,1212,TRUE,FALSE,2,12793,0.0700542487596632,7.92236602431667e-06,5.10114509645978,"Weakly structured"
"WDR43",1.1043,0.00110283240001199,0.00943714708585509,0.512,0.303,"Example_Visium","TLS","Rest","wilcox","SCT",0.25,0.05,0.05,41,1212,TRUE,FALSE,2,12793,0.187992664720807,1.38729289214751e-31,30.8578318388439,"Weakly structured"
"NRIP1",-1.1041,0.00772860531169308,0.0445771180128447,0.22,0.417,"Example_Visium","TLS","Rest","wilcox","SCT",0.25,0.05,0.05,41,1212,TRUE,FALSE,2,12793,0.0171920663755771,0.141509331807422,0.849214919723878,"Not structured"
"PGPEP1",-1.1031,0.00777208517879806,0.0447472032818918,0.268,0.45,"Example_Visium","TLS","Rest","wilcox","SCT",0.25,0.05,0.05,41,1212,TRUE,FALSE,2,12793,0.0614674446259212,7.72946281309091e-05,4.11185068789501,"Weakly structured"
"FSTL1",1.1018,9.56001107648798e-06,0.000162203211805717,0.854,0.659,"Example_Visium","TLS","Rest","wilcox","SCT",0.25,0.05,0.05,41,1212,TRUE,FALSE,2,12793,0.165310826071857,8.27119356307076e-25,24.0824318156647,"Weakly structured"
"ITGB2",1.1018,1.63025726564635e-05,0.000260698514992672,0.683,0.398,"Example_Visium","TLS","Rest","wilcox","SCT",0.25,0.05,0.05,41,1212,TRUE,FALSE,2,12793,0.120374855542498,5.45055235733532e-14,13.2635594842211,"Weakly structured"
"TRIM31",-1.1006,0.00302348367034735,0.0216206968109299,0.366,0.568,"Example_Visium","TLS","Rest","wilcox","SCT",0.25,0.05,0.05,41,1212,TRUE,FALSE,2,12793,0.33069237357801,1.0011748124043e-93,92.9994900849242,"Spatially structured"
"PDE4B",1.099,0.008391267505874,0.0477108823122872,0.463,0.312,"Example_Visium","TLS","Rest","wilcox","SCT",0.25,0.05,0.05,41,1212,TRUE,FALSE,2,12793,0.0515744433103556,0.000746601479728104,3.12691115365816,"Weakly structured"
"RFK",-1.0981,0.000359584933145824,0.00368308250579225,0.366,0.646,"Example_Visium","TLS","Rest","wilcox","SCT",0.25,0.05,0.05,41,1212,TRUE,FALSE,2,12793,0.167288427195596,2.33237876540078e-25,24.632200921166,"Weakly structured"
"BASP1",1.0971,0.00102588885728159,0.00886770010216441,0.512,0.29,"Example_Visium","TLS","Rest","wilcox","SCT",0.25,0.05,0.05,41,1212,TRUE,FALSE,2,12793,0.0874436907740665,3.52054508063978e-08,7.45339009016188,"Weakly structured"
"RPS7",1.0962,2.0660840219302e-16,3.41127445993057e-14,1,0.998,"Example_Visium","TLS","Rest","wilcox","SCT",0.25,0.05,0.05,41,1212,TRUE,FALSE,2,12793,0.510544194144453,9.27258708750972e-221,220.032799079116,"Spatially structured"
"MAD2L1",1.0961,0.00151752344127878,0.0123890729957112,0.439,0.246,"Example_Visium","TLS","Rest","wilcox","SCT",0.25,0.05,0.05,41,1212,TRUE,FALSE,2,12793,0.239711083532101,2.92028534404462e-50,49.5345747111237,"Weakly structured"
"SLC39A5",-1.096,0.00041733718364205,0.00418744673751588,0.341,0.589,"Example_Visium","TLS","Rest","wilcox","SCT",0.25,0.05,0.05,41,1212,TRUE,FALSE,2,12793,0.138095908672159,7.59228743382532e-18,17.1196273584626,"Weakly structured"
"MCM6",1.0921,0.000210381600488676,0.00237128794277677,0.512,0.264,"Example_Visium","TLS","Rest","wilcox","SCT",0.25,0.05,0.05,41,1212,TRUE,FALSE,2,12793,0.179653048919071,5.25262169393536e-29,28.279623876972,"Weakly structured"
"TMPRSS4",-1.0901,6.6345730424059e-06,0.000117883462404859,0.659,0.819,"Example_Visium","TLS","Rest","wilcox","SCT",0.25,0.05,0.05,41,1212,TRUE,FALSE,2,12793,0.202492644056524,2.56007390837308e-36,35.5917474965884,"Weakly structured"
"BMI1",1.0898,0.0035945971562267,0.0248034959113313,0.439,0.267,"Example_Visium","TLS","Rest","wilcox","SCT",0.25,0.05,0.05,41,1212,TRUE,FALSE,2,12793,0.0385487991902644,0.00877356130396464,2.0568240850018,"Weakly structured"
"BAIAP2L1",-1.0895,1.36777239528188e-06,2.87794609421727e-05,0.61,0.844,"Example_Visium","TLS","Rest","wilcox","SCT",0.25,0.05,0.05,41,1212,TRUE,FALSE,2,12793,0.148568117727064,2.19131488962274e-20,19.659295210299,"Weakly structured"
"EIF5B",1.0893,3.83235346858181e-05,0.000550868515995135,0.683,0.387,"Example_Visium","TLS","Rest","wilcox","SCT",0.25,0.05,0.05,41,1212,TRUE,FALSE,2,12793,0.0703347689817699,7.43859758834146e-06,5.12850893502597,"Weakly structured"
"STK4",1.0889,0.00155954823914359,0.0126594547102563,0.561,0.341,"Example_Visium","TLS","Rest","wilcox","SCT",0.25,0.05,0.05,41,1212,TRUE,FALSE,2,12793,0.102982907269195,1.07880369664206e-10,9.96705757405777,"Weakly structured"
"GGT5",1.0878,0.000134738505053279,0.00162921521280396,0.659,0.421,"Example_Visium","TLS","Rest","wilcox","SCT",0.25,0.05,0.05,41,1212,TRUE,FALSE,2,12793,0.0657560247177214,2.5862025879154e-05,4.58733745804509,"Weakly structured"
"CTSK",1.0878,0.000150842147456058,0.00179342341301612,0.683,0.441,"Example_Visium","TLS","Rest","wilcox","SCT",0.25,0.05,0.05,41,1212,TRUE,FALSE,2,12793,0.175458090352137,9.85367338187397e-28,27.0064018373118,"Weakly structured"
"GUCY2C",-1.0875,0.00281785108575566,0.0204822550795865,0.171,0.42,"Example_Visium","TLS","Rest","wilcox","SCT",0.25,0.05,0.05,41,1212,TRUE,FALSE,2,12793,-0.00220597970316783,0.544923936587041,0.263664114651691,"Not structured"
"TMEM59",-1.0874,7.40844432384105e-09,2.53412374959622e-07,0.927,0.976,"Example_Visium","TLS","Rest","wilcox","SCT",0.25,0.05,0.05,41,1212,TRUE,FALSE,2,12793,0.498119907404088,2.75685559999338e-210,209.559585980999,"Spatially structured"
"CDK4",1.0849,6.05785971076444e-05,0.000823572787245584,0.634,0.367,"Example_Visium","TLS","Rest","wilcox","SCT",0.25,0.05,0.05,41,1212,TRUE,FALSE,2,12793,0.185803604599026,6.95932847105818e-31,30.1574326648987,"Weakly structured"
"RPL37",1.0849,2.36909073308837e-18,7.04832040660453e-16,1,1,"Example_Visium","TLS","Rest","wilcox","SCT",0.25,0.05,0.05,41,1212,TRUE,FALSE,2,12793,0.654558923445985,0,360.641556206314,"Spatially structured"
"CCDC85B",1.0844,0.000179810868018845,0.00207797690565952,0.683,0.483,"Example_Visium","TLS","Rest","wilcox","SCT",0.25,0.05,0.05,41,1212,TRUE,FALSE,2,12793,0.133115492070907,1.03605971967372e-16,15.9846152106359,"Weakly structured"
"MGST3",-1.0836,6.17105656160485e-07,1.39975756369878e-05,0.659,0.88,"Example_Visium","TLS","Rest","wilcox","SCT",0.25,0.05,0.05,41,1212,TRUE,FALSE,2,12793,0.19459820034162,1.07785478231787e-33,32.9674397470216,"Weakly structured"
"PPP1R9B",1.0832,8.80612276061246e-05,0.00114372313174127,0.634,0.364,"Example_Visium","TLS","Rest","wilcox","SCT",0.25,0.05,0.05,41,1212,TRUE,FALSE,2,12793,0.016765565236454,0.147375130859029,0.831575796272909,"Not structured"
"TSPAN13",-1.0817,6.10596939230358e-06,0.000109097299491257,0.537,0.81,"Example_Visium","TLS","Rest","wilcox","SCT",0.25,0.05,0.05,41,1212,TRUE,FALSE,2,12793,0.171514943746625,1.43200060487684e-26,25.8440567985822,"Weakly structured"
"RETSAT",-1.0802,0.000448647502195974,0.00443208300818,0.488,0.673,"Example_Visium","TLS","Rest","wilcox","SCT",0.25,0.05,0.05,41,1212,TRUE,FALSE,2,12793,0.201214837037406,7.07174666677278e-36,35.1504733055732,"Weakly structured"
"KLC4",-1.0802,0.00356614094383615,0.0247004012422826,0.317,0.516,"Example_Visium","TLS","Rest","wilcox","SCT",0.25,0.05,0.05,41,1212,TRUE,FALSE,2,12793,0.109573642902772,7.05623510938727e-12,11.1514269572118,"Weakly structured"
"EPHB3",1.0783,0.000241520972388676,0.00266820189962723,0.512,0.263,"Example_Visium","TLS","Rest","wilcox","SCT",0.25,0.05,0.05,41,1212,TRUE,FALSE,2,12793,0.386003161033661,3.04338520060567e-127,126.516643075604,"Spatially structured"
"SOCS1",1.0783,0.00371421855363643,0.0253847189639317,0.439,0.252,"Example_Visium","TLS","Rest","wilcox","SCT",0.25,0.05,0.05,41,1212,TRUE,FALSE,2,12793,0.0994697568305916,4.25083395866595e-10,9.37152585862814,"Weakly structured"
"HLA-DMB",1.0783,1.11142192300197e-05,0.000186024359531714,0.756,0.481,"Example_Visium","TLS","Rest","wilcox","SCT",0.25,0.05,0.05,41,1212,TRUE,FALSE,2,12793,0.116843521987932,2.81774165297506e-13,12.550098828058,"Weakly structured"
"AURKB",1.0783,0.0023801029348744,0.0179632983259326,0.39,0.202,"Example_Visium","TLS","Rest","wilcox","SCT",0.25,0.05,0.05,41,1212,TRUE,FALSE,2,12793,0.128327446275324,1.08852736690725e-15,14.963160647792,"Weakly structured"
"MIIP",1.0783,0.0019998109382892,0.0156092625585929,0.463,0.261,"Example_Visium","TLS","Rest","wilcox","SCT",0.25,0.05,0.05,41,1212,TRUE,FALSE,2,12793,0.0544792546353364,0.000394817053510781,3.40360409692014,"Weakly structured"
"CPE",-1.0779,0.00624080630210207,0.038000302247878,0.268,0.474,"Example_Visium","TLS","Rest","wilcox","SCT",0.25,0.05,0.05,41,1212,TRUE,FALSE,2,12793,0.125091626720606,5.79543995984911e-15,14.2369135890564,"Weakly structured"
"MRPL43",-1.0775,0.00551757759722509,0.0344996921804988,0.268,0.467,"Example_Visium","TLS","Rest","wilcox","SCT",0.25,0.05,0.05,41,1212,TRUE,FALSE,2,12793,0.0458610788810623,0.00237350476461139,2.62460989213506,"Weakly structured"
"STX16",1.0764,0.00161988962649144,0.0130828585806218,0.61,0.437,"Example_Visium","TLS","Rest","wilcox","SCT",0.25,0.05,0.05,41,1212,TRUE,FALSE,2,12793,0.117650526417196,1.95655543648154e-13,12.7085078424135,"Weakly structured"
"TCF4",1.076,0.000870896088233553,0.00773169580622612,0.585,0.376,"Example_Visium","TLS","Rest","wilcox","SCT",0.25,0.05,0.05,41,1212,TRUE,FALSE,2,12793,0.0770793791980716,1.02904145651941e-06,5.98756712866327,"Weakly structured"
"ZDHHC3",-1.0737,1.02594024976519e-05,0.000173432646012229,0.415,0.743,"Example_Visium","TLS","Rest","wilcox","SCT",0.25,0.05,0.05,41,1212,TRUE,FALSE,2,12793,0.134772117241765,4.38026622081695e-17,16.3584994934415,"Weakly structured"
"DUOXA2",-1.0734,2.07772227611842e-05,0.000325738983803713,0.902,0.96,"Example_Visium","TLS","Rest","wilcox","SCT",0.25,0.05,0.05,41,1212,TRUE,FALSE,2,12793,0.635871061051881,0,340.419425491163,"Spatially structured"
"BYSL",1.0726,0.00497971098431816,0.0319020618168514,0.341,0.172,"Example_Visium","TLS","Rest","wilcox","SCT",0.25,0.05,0.05,41,1212,TRUE,FALSE,2,12793,0.118472857909341,1.23653845158828e-13,12.9077923742053,"Weakly structured"
"DGCR2",-1.0712,0.000630427109789874,0.00593455041614559,0.268,0.565,"Example_Visium","TLS","Rest","wilcox","SCT",0.25,0.05,0.05,41,1212,TRUE,FALSE,2,12793,0.0221687985819719,0.0841685728398092,1.07485003664791,"Not structured"
"KCTD9",-1.0712,0.00692681793094905,0.0410063775060765,0.146,0.36,"Example_Visium","TLS","Rest","wilcox","SCT",0.25,0.05,0.05,41,1212,TRUE,FALSE,2,12793,0.0294094457163005,0.034597916910914,1.46095004864449,"Weakly structured"
"ADAM19",1.0707,0.00178513671589339,0.0141407145550614,0.439,0.24,"Example_Visium","TLS","Rest","wilcox","SCT",0.25,0.05,0.05,41,1212,TRUE,FALSE,2,12793,0.0489843835928287,0.00126536708441146,2.89778346689315,"Weakly structured"
"TFF3",-1.0706,1.37511197288707e-13,1.05974743790026e-11,1,1,"Example_Visium","TLS","Rest","wilcox","SCT",0.25,0.05,0.05,41,1212,TRUE,FALSE,2,12793,0.644644559894177,0,349.916884928578,"Spatially structured"
"IGFLR1",1.0704,0.00336341079619981,0.0235133589424402,0.439,0.252,"Example_Visium","TLS","Rest","wilcox","SCT",0.25,0.05,0.05,41,1212,TRUE,FALSE,2,12793,0.0447191342318316,0.00293050820505937,2.53305705831,"Weakly structured"
"GATAD2B",1.0693,0.00402950025514417,0.0269953982084096,0.415,0.229,"Example_Visium","TLS","Rest","wilcox","SCT",0.25,0.05,0.05,41,1212,TRUE,FALSE,2,12793,0.0115781513629779,0.231346151749153,0.635737720231548,"Not structured"
"IPO7",1.0688,6.35926570510486e-05,0.000857025849709119,0.756,0.54,"Example_Visium","TLS","Rest","wilcox","SCT",0.25,0.05,0.05,41,1212,TRUE,FALSE,2,12793,0.0942321724676678,3.18818269496346e-09,8.49645679984145,"Weakly structured"
"HIP1R",-1.0686,0.000356545647684474,0.00365780951950881,0.22,0.519,"Example_Visium","TLS","Rest","wilcox","SCT",0.25,0.05,0.05,41,1212,TRUE,FALSE,2,12793,0.0189290866183555,0.119036631337172,0.92431937188874,"Not structured"
"ABCD3",-1.0671,0.000589277899189374,0.00560910131274528,0.244,0.536,"Example_Visium","TLS","Rest","wilcox","SCT",0.25,0.05,0.05,41,1212,TRUE,FALSE,2,12793,0.0788176164668743,6.04951647919517e-07,6.2182793358945,"Weakly structured"
"SH3GLB1",-1.0668,0.000142683209718143,0.00170912575086536,0.439,0.696,"Example_Visium","TLS","Rest","wilcox","SCT",0.25,0.05,0.05,41,1212,TRUE,FALSE,2,12793,0.100032298526677,3.52419083309729e-10,9.45294058280335,"Weakly structured"
"SPR",-1.0668,0.00521245887828264,0.0329624253237122,0.244,0.457,"Example_Visium","TLS","Rest","wilcox","SCT",0.25,0.05,0.05,41,1212,TRUE,FALSE,2,12793,0.0355209083991114,0.0143199881327739,1.84405734193549,"Weakly structured"
"PANK2",1.0646,0.00826953197538925,0.0471444396440083,0.439,0.297,"Example_Visium","TLS","Rest","wilcox","SCT",0.25,0.05,0.05,41,1212,TRUE,FALSE,2,12793,0.0341208063479396,0.0176285587768653,1.75378319200242,"Weakly structured"
"RPS19",1.0631,1.54669962605386e-18,4.94673207902674e-16,1,1,"Example_Visium","TLS","Rest","wilcox","SCT",0.25,0.05,0.05,41,1212,TRUE,FALSE,2,12793,0.69327022850386,0,404.20742691026,"Spatially structured"
"TRAK1",-1.0624,0.00191924958275936,0.0150816707077645,0.244,0.501,"Example_Visium","TLS","Rest","wilcox","SCT",0.25,0.05,0.05,41,1212,TRUE,FALSE,2,12793,0.0360520890591558,0.0132138223271089,1.87897153700666,"Weakly structured"
"CALML4",-1.0613,6.57258502834194e-07,1.48033592020384e-05,0.732,0.873,"Example_Visium","TLS","Rest","wilcox","SCT",0.25,0.05,0.05,41,1212,TRUE,FALSE,2,12793,0.230332941792279,1.82316483606287e-46,45.7391740641172,"Weakly structured"
"ESRP1",-1.0611,0.000194176067055495,0.00221201640769452,0.366,0.665,"Example_Visium","TLS","Rest","wilcox","SCT",0.25,0.05,0.05,41,1212,TRUE,FALSE,2,12793,0.0413437705353673,0.00546157961408264,2.26268173120295,"Weakly structured"
"ARHGAP9",1.0605,0.00386666086305731,0.0261725885825884,0.415,0.228,"Example_Visium","TLS","Rest","wilcox","SCT",0.25,0.05,0.05,41,1212,TRUE,FALSE,2,12793,0.0130016981172877,0.205995050946679,0.686143213477288,"Not structured"
"GNG2",1.0602,0.0064877641498995,0.0390211409354322,0.341,0.176,"Example_Visium","TLS","Rest","wilcox","SCT",0.25,0.05,0.05,41,1212,TRUE,FALSE,2,12793,0.0320150707331227,0.0239352853666316,1.62096139030801,"Weakly structured"
"TMEM9B",-1.0601,0.000292893731504257,0.00311729576300662,0.341,0.62,"Example_Visium","TLS","Rest","wilcox","SCT",0.25,0.05,0.05,41,1212,TRUE,FALSE,2,12793,0.120295107017647,5.79427337093726e-14,13.2370010188511,"Weakly structured"
"GPX4",1.0599,5.58840662373217e-09,1.94802413998381e-07,0.927,0.694,"Example_Visium","TLS","Rest","wilcox","SCT",0.25,0.05,0.05,41,1212,TRUE,FALSE,2,12793,0.0975509285884234,9.20341806467506e-10,9.03605084972639,"Weakly structured"
"LHFPL2",-1.0592,0.00730874056703928,0.0427725151299787,0.171,0.383,"Example_Visium","TLS","Rest","wilcox","SCT",0.25,0.05,0.05,41,1212,TRUE,FALSE,2,12793,0.0693833411267283,9.66103572310425e-06,5.01497631201961,"Weakly structured"
"ICAM1",1.0578,0.00348213331802619,0.0241971382604612,0.61,0.448,"Example_Visium","TLS","Rest","wilcox","SCT",0.25,0.05,0.05,41,1212,TRUE,FALSE,2,12793,0.115415255697588,5.33507351362333e-13,12.2728595919207,"Weakly structured"
"SFN",-1.0575,2.34510755965925e-08,7.29950389555251e-07,0.805,0.956,"Example_Visium","TLS","Rest","wilcox","SCT",0.25,0.05,0.05,41,1212,TRUE,FALSE,2,12793,0.303089362530968,4.05894270754233e-79,78.3915870787576,"Spatially structured"
"ELF3",-1.0574,1.65234112567557e-13,1.25079290063713e-11,0.951,1,"Example_Visium","TLS","Rest","wilcox","SCT",0.25,0.05,0.05,41,1212,TRUE,FALSE,2,12793,0.477292535016756,1.56886869926617e-193,192.804413401582,"Spatially structured"
"RHOQ",1.0562,4.29326945681616e-05,0.000614360136029633,0.634,0.336,"Example_Visium","TLS","Rest","wilcox","SCT",0.25,0.05,0.05,41,1212,TRUE,FALSE,2,12793,0.089016160291158,2.06790738112564e-08,7.68446891662588,"Weakly structured"
"NOLC1",1.056,0.000115182484793531,0.0014223257991927,0.659,0.408,"Example_Visium","TLS","Rest","wilcox","SCT",0.25,0.05,0.05,41,1212,TRUE,FALSE,2,12793,0.160945302546786,1.2903546395671e-23,22.8892909123054,"Weakly structured"
"INPP5D",1.0552,0.00215191978592856,0.0165045022909976,0.488,0.293,"Example_Visium","TLS","Rest","wilcox","SCT",0.25,0.05,0.05,41,1212,TRUE,FALSE,2,12793,0.0509876049696174,0.000842892710425403,3.07422770204855,"Weakly structured"
"PAWR",-1.0543,0.000292151188559546,0.00311198181119256,0.268,0.577,"Example_Visium","TLS","Rest","wilcox","SCT",0.25,0.05,0.05,41,1212,TRUE,FALSE,2,12793,0.0589163022373718,0.00014377047104372,3.84233030435413,"Weakly structured"
"CLCN3",-1.054,0.000163967493120079,0.00192443682521575,0.341,0.644,"Example_Visium","TLS","Rest","wilcox","SCT",0.25,0.05,0.05,41,1212,TRUE,FALSE,2,12793,0.0810646581470842,2.97375064834471e-07,6.52669545026867,"Weakly structured"
"FUCA1",-1.0534,0.000277593475909714,0.00298424650194367,0.732,0.804,"Example_Visium","TLS","Rest","wilcox","SCT",0.25,0.05,0.05,41,1212,TRUE,FALSE,2,12793,0.385929441661358,6.13103475739324e-127,126.212466221811,"Spatially structured"
"C1orf35",1.0527,0.00414630371402477,0.0275122735547297,0.341,0.167,"Example_Visium","TLS","Rest","wilcox","SCT",0.25,0.05,0.05,41,1212,TRUE,FALSE,2,12793,0.0574350003412667,0.000200014296599489,3.69893896077421,"Weakly structured"
"BIRC5",1.0527,3.69571565829408e-05,0.000535439302565755,0.585,0.301,"Example_Visium","TLS","Rest","wilcox","SCT",0.25,0.05,0.05,41,1212,TRUE,FALSE,2,12793,0.265566134502573,3.22167370005935e-61,60.4919184482246,"Weakly structured"
"VAT1",1.0519,0.000816899725474564,0.00731834607002528,0.512,0.282,"Example_Visium","TLS","Rest","wilcox","SCT",0.25,0.05,0.05,41,1212,TRUE,FALSE,2,12793,0.0365672147783485,0.0121100560375857,1.9168538472155,"Weakly structured"
"TUBB",1.0508,3.04534717445652e-12,1.84640409492049e-10,1,0.962,"Example_Visium","TLS","Rest","wilcox","SCT",0.25,0.05,0.05,41,1212,TRUE,FALSE,2,12793,0.365489762238491,4.02690190713664e-114,113.395028949411,"Spatially structured"
"RPLP1",1.0504,3.30110750508735e-20,1.62427185817625e-17,1,1,"Example_Visium","TLS","Rest","wilcox","SCT",0.25,0.05,0.05,41,1212,TRUE,FALSE,2,12793,0.717018469124256,0,432.231584810138,"Spatially structured"
"ETFA",-1.0497,9.06907379952806e-05,0.00117429818944699,0.415,0.687,"Example_Visium","TLS","Rest","wilcox","SCT",0.25,0.05,0.05,41,1212,TRUE,FALSE,2,12793,0.031620863379508,0.0254841466602621,1.59372990423514,"Weakly structured"
"HLA-DRA",1.0484,9.38082229384854e-13,6.28318636676463e-11,1,0.993,"Example_Visium","TLS","Rest","wilcox","SCT",0.25,0.05,0.05,41,1212,TRUE,FALSE,2,12793,0.377477993864521,1.22263186641875e-121,120.912704289039,"Spatially structured"
"TPRN",-1.0474,5.21898968537111e-05,0.000720243096493556,0.439,0.739,"Example_Visium","TLS","Rest","wilcox","SCT",0.25,0.05,0.05,41,1212,TRUE,FALSE,2,12793,0.158592589201607,5.65794978353835e-23,22.247340911391,"Weakly structured"
"FAM20C",1.0472,9.9985356925112e-05,0.00126519552041836,0.683,0.451,"Example_Visium","TLS","Rest","wilcox","SCT",0.25,0.05,0.05,41,1212,TRUE,FALSE,2,12793,0.132457031391515,1.43346324350528e-16,15.8436134386418,"Weakly structured"
"KIF3B",-1.0471,0.00233666058396095,0.0176985783603389,0.171,0.436,"Example_Visium","TLS","Rest","wilcox","SCT",0.25,0.05,0.05,41,1212,TRUE,FALSE,2,12793,0.0314514153371941,0.0260919846485243,1.5834928856709,"Weakly structured"
"TMX4",1.0466,0.00475554312408851,0.0307187865707114,0.463,0.285,"Example_Visium","TLS","Rest","wilcox","SCT",0.25,0.05,0.05,41,1212,TRUE,FALSE,2,12793,0.0111457722478452,0.239305449725149,0.621047411045525,"Not structured"
"ANXA3",-1.0451,0.00543861133346955,0.0340892478143439,0.244,0.456,"Example_Visium","TLS","Rest","wilcox","SCT",0.25,0.05,0.05,41,1212,TRUE,FALSE,2,12793,0.0562586405468126,0.000267104433834104,3.57331890279217,"Weakly structured"
"PLEKHO1",1.0443,0.00135929127421502,0.0112991639187997,0.585,0.391,"Example_Visium","TLS","Rest","wilcox","SCT",0.25,0.05,0.05,41,1212,TRUE,FALSE,2,12793,0.0748640105029647,2.0021141641157e-06,5.69851116190572,"Weakly structured"
"MISP",-1.044,2.54332568570368e-10,1.13764914325899e-08,0.951,0.987,"Example_Visium","TLS","Rest","wilcox","SCT",0.25,0.05,0.05,41,1212,TRUE,FALSE,2,12793,0.322132950498968,3.99891834877306e-89,88.3980574633432,"Spatially structured"
"CORO2A",-1.0437,0.00202956272573189,0.0157741166162139,0.317,0.537,"Example_Visium","TLS","Rest","wilcox","SCT",0.25,0.05,0.05,41,1212,TRUE,FALSE,2,12793,0.067930594895305,1.44740610347434e-05,4.83940960035744,"Weakly structured"
"RPS21",1.0435,6.82374191957194e-16,9.38668068570794e-14,1,1,"Example_Visium","TLS","Rest","wilcox","SCT",0.25,0.05,0.05,41,1212,TRUE,FALSE,2,12793,0.785057322912999,0,517.834900703363,"Spatially structured"
"IGHG1",1.0435,7.3325999429575e-10,3.04564776202128e-08,1,0.962,"Example_Visium","TLS","Rest","wilcox","SCT",0.25,0.05,0.05,41,1212,TRUE,FALSE,2,12793,0.604980944029394,4.09614441536848e-309,308.387624740096,"Spatially structured"
"LGALS1",1.0422,5.13505912087969e-08,1.47293298953843e-06,0.976,0.877,"Example_Visium","TLS","Rest","wilcox","SCT",0.25,0.05,0.05,41,1212,TRUE,FALSE,2,12793,0.264125903245894,1.60619685390928e-60,59.7942012290901,"Weakly structured"
"MAL2",-1.0422,2.0281201641251e-06,4.07311479743365e-05,0.683,0.868,"Example_Visium","TLS","Rest","wilcox","SCT",0.25,0.05,0.05,41,1212,TRUE,FALSE,2,12793,0.185640834079031,7.9171989335491e-31,30.1014284425104,"Weakly structured"
"PCNA",1.0409,5.4555210111309e-07,1.25076129561644e-05,0.854,0.592,"Example_Visium","TLS","Rest","wilcox","SCT",0.25,0.05,0.05,41,1212,TRUE,FALSE,2,12793,0.327598046068737,5.11602667335298e-92,91.2910671999127,"Spatially structured"
"CACFD1",-1.0404,0.000515946340999377,0.00500037995485229,0.293,0.576,"Example_Visium","TLS","Rest","wilcox","SCT",0.25,0.05,0.05,41,1212,TRUE,FALSE,2,12793,0.112452132897724,2.03108572452421e-12,11.6922717462642,"Weakly structured"
"RAB29",1.0401,0.0049307771756172,0.0316504929290872,0.341,0.169,"Example_Visium","TLS","Rest","wilcox","SCT",0.25,0.05,0.05,41,1212,TRUE,FALSE,2,12793,0.0249019569373375,0.0608818251541718,1.21551233648545,"Not structured"
"ACY1",-1.0383,0.00399492469108059,0.0268701743285983,0.268,0.477,"Example_Visium","TLS","Rest","wilcox","SCT",0.25,0.05,0.05,41,1212,TRUE,FALSE,2,12793,0.0641339831746252,3.93835165698541e-05,4.40468550813956,"Weakly structured"
"PAICS",1.038,0.000588106606938945,0.00560629494975404,0.634,0.418,"Example_Visium","TLS","Rest","wilcox","SCT",0.25,0.05,0.05,41,1212,TRUE,FALSE,2,12793,0.182627818467416,6.84496696432442e-30,29.1646286435484,"Weakly structured"
"PNPLA2",-1.0375,0.000293865575401179,0.00312244377583661,0.512,0.702,"Example_Visium","TLS","Rest","wilcox","SCT",0.25,0.05,0.05,41,1212,TRUE,FALSE,2,12793,0.157034142456252,1.46523758304981e-22,21.8340919502984,"Weakly structured"
"RDH10",-1.0372,0.0075346998794204,0.0437190784240038,0.146,0.357,"Example_Visium","TLS","Rest","wilcox","SCT",0.25,0.05,0.05,41,1212,TRUE,FALSE,2,12793,0.0409959388052404,0.00578451981394266,2.23773268698199,"Weakly structured"
"PRPF19",1.036,0.000824324861321202,0.00736938361347459,0.634,0.456,"Example_Visium","TLS","Rest","wilcox","SCT",0.25,0.05,0.05,41,1212,TRUE,FALSE,2,12793,0.158336704958388,6.50021204639471e-23,22.1870724758068,"Weakly structured"
"RPS18",1.0359,6.38169837863018e-17,1.21852339340024e-14,1,1,"Example_Visium","TLS","Rest","wilcox","SCT",0.25,0.05,0.05,41,1212,TRUE,FALSE,2,12793,0.722712391304438,0,439.192768371171,"Spatially structured"
"ARSA",-1.0328,0.000219468263232204,0.0024606989408673,0.463,0.698,"Example_Visium","TLS","Rest","wilcox","SCT",0.25,0.05,0.05,41,1212,TRUE,FALSE,2,12793,0.146629595001354,6.78021385811445e-20,19.1687566076176,"Weakly structured"
"PLAAT4",-1.0325,0.000354263449561569,0.00364316102109418,0.488,0.713,"Example_Visium","TLS","Rest","wilcox","SCT",0.25,0.05,0.05,41,1212,TRUE,FALSE,2,12793,0.295142745166975,4.81294306453154e-75,74.3175892758473,"Weakly structured"
"GNA11",-1.0317,3.71954969113493e-06,7.03204237161122e-05,0.561,0.855,"Example_Visium","TLS","Rest","wilcox","SCT",0.25,0.05,0.05,41,1212,TRUE,FALSE,2,12793,0.195746793648311,4.58544068571732e-34,33.3386189199333,"Weakly structured"
"FLNA",1.0316,3.50864142887396e-08,1.0487394812987e-06,0.976,0.808,"Example_Visium","TLS","Rest","wilcox","SCT",0.25,0.05,0.05,41,1212,TRUE,FALSE,2,12793,0.135090688643762,3.66401379569036e-17,16.436042899802,"Weakly structured"
"RAB25",-1.031,1.62205586970596e-05,0.000259711648825387,0.561,0.797,"Example_Visium","TLS","Rest","wilcox","SCT",0.25,0.05,0.05,41,1212,TRUE,FALSE,2,12793,0.0837617742015862,1.23627117421379e-07,6.90788625695961,"Weakly structured"
"GLO1",1.0308,0.000596681913835699,0.00565482175607092,0.659,0.463,"Example_Visium","TLS","Rest","wilcox","SCT",0.25,0.05,0.05,41,1212,TRUE,FALSE,2,12793,0.212135013784741,1.09112776673285e-39,38.9621243922731,"Weakly structured"
"RPLP2",1.0305,1.40661183229909e-18,4.61404747964162e-16,1,1,"Example_Visium","TLS","Rest","wilcox","SCT",0.25,0.05,0.05,41,1212,TRUE,FALSE,2,12793,0.685568630687586,0,395.467219005566,"Spatially structured"
"FBL",1.0288,1.5918126029723e-06,3.29515511809459e-05,0.927,0.653,"Example_Visium","TLS","Rest","wilcox","SCT",0.25,0.05,0.05,41,1212,TRUE,FALSE,2,12793,0.324815230863416,1.76815240052172e-90,89.7524803050169,"Spatially structured"
"DHDDS",-1.0285,0.000813164256129544,0.00729509840719864,0.098,0.38,"Example_Visium","TLS","Rest","wilcox","SCT",0.25,0.05,0.05,41,1212,TRUE,FALSE,2,12793,0.053036556008923,0.000544224462646729,3.26422194077436,"Weakly structured"
"MYO15B",-1.0279,0.000247217685100358,0.00272173480678906,0.805,0.848,"Example_Visium","TLS","Rest","wilcox","SCT",0.25,0.05,0.05,41,1212,TRUE,FALSE,2,12793,0.477159760468159,5.38089539599875e-193,192.269145450507,"Spatially structured"
"NUP188",1.0276,0.00093962780956376,0.00825028041712367,0.488,0.258,"Example_Visium","TLS","Rest","wilcox","SCT",0.25,0.05,0.05,41,1212,TRUE,FALSE,2,12793,0.0407157071794726,0.00605819161335454,2.21765699457092,"Weakly structured"
"SEPTIN8",-1.0273,0.00536739251111389,0.0337586294959096,0.22,0.439,"Example_Visium","TLS","Rest","wilcox","SCT",0.25,0.05,0.05,41,1212,TRUE,FALSE,2,12793,0.0288248576382634,0.0373653772961052,1.42753062810635,"Weakly structured"
"C2",1.027,1.68021071927757e-06,3.45577744882925e-05,0.805,0.511,"Example_Visium","TLS","Rest","wilcox","SCT",0.25,0.05,0.05,41,1212,TRUE,FALSE,2,12793,0.192055516471245,7.41488972123115e-33,32.1298953036804,"Weakly structured"
"IFI27",-1.0268,7.58934420976316e-12,4.25835440682018e-10,0.976,0.998,"Example_Visium","TLS","Rest","wilcox","SCT",0.25,0.05,0.05,41,1212,TRUE,FALSE,2,12793,0.357687211430613,1.86058264681412e-109,108.730351033915,"Spatially structured"
"ACACA",1.026,0.00166738134826403,0.0134156035146803,0.512,0.3,"Example_Visium","TLS","Rest","wilcox","SCT",0.25,0.05,0.05,41,1212,TRUE,FALSE,2,12793,0.0957348419806186,1.79735179838238e-09,8.74536690945591,"Weakly structured"
"MPC1",-1.0258,0.00137970893501533,0.0114243471881237,0.268,0.524,"Example_Visium","TLS","Rest","wilcox","SCT",0.25,0.05,0.05,41,1212,TRUE,FALSE,2,12793,0.0649321226869657,3.21598702952673e-05,4.49268571148339,"Weakly structured"
"PDCD4",-1.0256,1.1123945520344e-05,0.000186024359531714,0.707,0.867,"Example_Visium","TLS","Rest","wilcox","SCT",0.25,0.05,0.05,41,1212,TRUE,FALSE,2,12793,0.428869147531144,2.66596732978962e-156,155.57414517697,"Spatially structured"
"RNPEP",-1.0254,0.000106790376253606,0.0013354538449779,0.415,0.714,"Example_Visium","TLS","Rest","wilcox","SCT",0.25,0.05,0.05,41,1212,TRUE,FALSE,2,12793,0.10305014731079,1.06636980695157e-10,9.9720921599745,"Weakly structured"
"SLCO4A1",1.0246,2.14464800607002e-05,0.0003345912431909,0.683,0.364,"Example_Visium","TLS","Rest","wilcox","SCT",0.25,0.05,0.05,41,1212,TRUE,FALSE,2,12793,0.315537619911412,1.4087892948615e-85,84.8511539571545,"Spatially structured"
"CCN1",1.0244,1.30374909907961e-07,3.36946711606575e-06,0.927,0.776,"Example_Visium","TLS","Rest","wilcox","SCT",0.25,0.05,0.05,41,1212,TRUE,FALSE,2,12793,0.183350516718579,4.11374311942554e-30,29.3857628310903,"Weakly structured"
"CMC1",-1.0237,0.00697312987632423,0.041223313543353,0.171,0.385,"Example_Visium","TLS","Rest","wilcox","SCT",0.25,0.05,0.05,41,1212,TRUE,FALSE,2,12793,0.0528680992866895,0.000564698292529147,3.24818352543169,"Weakly structured"
"SLC35D2",-1.0229,0.00498407521295203,0.0319125496492969,0.293,0.497,"Example_Visium","TLS","Rest","wilcox","SCT",0.25,0.05,0.05,41,1212,TRUE,FALSE,2,12793,0.0857421634683438,6.37970695908996e-08,7.19519926939373,"Weakly structured"
"CDH1",-1.0227,4.18933708046873e-08,1.22641165378573e-06,0.805,0.956,"Example_Visium","TLS","Rest","wilcox","SCT",0.25,0.05,0.05,41,1212,TRUE,FALSE,2,12793,0.237292136651449,3.15407679076348e-49,48.5011277373233,"Weakly structured"
"HIVEP1",1.0214,0.00515804042149744,0.0327153252911337,0.341,0.169,"Example_Visium","TLS","Rest","wilcox","SCT",0.25,0.05,0.05,41,1212,TRUE,FALSE,2,12793,0.0300883275829689,0.0313929663533173,1.50316764543375,"Weakly structured"
"TMA16",1.0214,0.00460752751287282,0.0299208626762345,0.341,0.167,"Example_Visium","TLS","Rest","wilcox","SCT",0.25,0.05,0.05,41,1212,TRUE,FALSE,2,12793,0.06077316240595,8.98472678013679e-05,4.04649512497494,"Weakly structured"
"GNAI2",1.0213,1.56698856913671e-06,3.24902508346288e-05,0.878,0.712,"Example_Visium","TLS","Rest","wilcox","SCT",0.25,0.05,0.05,41,1212,TRUE,FALSE,2,12793,0.16349794500754,2.62589050015641e-24,23.5807233879835,"Weakly structured"
"ANTXR2",-1.0213,0.00471475733644439,0.0305389969161844,0.293,0.498,"Example_Visium","TLS","Rest","wilcox","SCT",0.25,0.05,0.05,41,1212,TRUE,FALSE,2,12793,0.132603706315711,1.3419575445798e-16,15.8722612236949,"Weakly structured"
"ZER1",-1.0213,0.00658101039651356,0.0393797239686859,0.366,0.533,"Example_Visium","TLS","Rest","wilcox","SCT",0.25,0.05,0.05,41,1212,TRUE,FALSE,2,12793,0.101164694795415,2.25034158408729e-10,9.64775155441103,"Weakly structured"
"RPS27",1.0201,1.7675560990517e-20,9.43912913823521e-18,1,1,"Example_Visium","TLS","Rest","wilcox","SCT",0.25,0.05,0.05,41,1212,TRUE,FALSE,2,12793,0.589147850053048,2.78270492360235e-293,292.555532843557,"Spatially structured"
"STIP1",1.0197,0.000228297279438278,0.00254186866479886,0.683,0.522,"Example_Visium","TLS","Rest","wilcox","SCT",0.25,0.05,0.05,41,1212,TRUE,FALSE,2,12793,0.0928418578653964,5.32799577290307e-09,8.27343612839586,"Weakly structured"
"IGFBP3",1.0197,1.13972198662083e-05,0.000189849783526566,0.878,0.604,"Example_Visium","TLS","Rest","wilcox","SCT",0.25,0.05,0.05,41,1212,TRUE,FALSE,2,12793,0.241276832457617,8.13019692190532e-51,50.0898989352102,"Weakly structured"
"LGALS3BP",-1.0196,1.4519515913242e-11,7.77188983590399e-10,1,0.992,"Example_Visium","TLS","Rest","wilcox","SCT",0.25,0.05,0.05,41,1212,TRUE,FALSE,2,12793,0.384554588046467,3.07689357106176e-126,125.511887525624,"Spatially structured"
"HCFC1",1.0177,0.00325255658904349,0.0229129716099302,0.659,0.459,"Example_Visium","TLS","Rest","wilcox","SCT",0.25,0.05,0.05,41,1212,TRUE,FALSE,2,12793,0.0782101082826168,7.26888414215466e-07,6.1385322532537,"Weakly structured"
"CRLF3",1.0177,0.0018157525486497,0.0143565651142618,0.415,0.207,"Example_Visium","TLS","Rest","wilcox","SCT",0.25,0.05,0.05,41,1212,TRUE,FALSE,2,12793,0.0121988877857387,0.220123827191901,0.657332944916512,"Not structured"
"STAP2",-1.0168,0.000130652288123206,0.00158279803215925,0.439,0.702,"Example_Visium","TLS","Rest","wilcox","SCT",0.25,0.05,0.05,41,1212,TRUE,FALSE,2,12793,0.225338271605204,1.57581511252829e-44,43.8024947388255,"Weakly structured"
"SNRPD2",1.016,1.40425749345112e-10,6.58046377791946e-09,1,0.841,"Example_Visium","TLS","Rest","wilcox","SCT",0.25,0.05,0.05,41,1212,TRUE,FALSE,2,12793,0.275713418366043,9.44184129554617e-66,65.0249433037404,"Weakly structured"
"WDR46",1.0159,0.000246161906215173,0.00271478385018164,0.683,0.442,"Example_Visium","TLS","Rest","wilcox","SCT",0.25,0.05,0.05,41,1212,TRUE,FALSE,2,12793,0.108425021491045,1.14404462066034e-11,10.9415570366193,"Weakly structured"
"GAR1",1.0129,0.00150099717449193,0.0122933782671417,0.561,0.353,"Example_Visium","TLS","Rest","wilcox","SCT",0.25,0.05,0.05,41,1212,TRUE,FALSE,2,12793,0.068573843705431,1.20840925485745e-05,4.91778595725002,"Weakly structured"
"LMTK2",-1.0122,0.00544300842951261,0.0341001012922404,0.098,0.322,"Example_Visium","TLS","Rest","wilcox","SCT",0.25,0.05,0.05,41,1212,TRUE,FALSE,2,12793,0.013090743005673,0.204903453544108,0.68845072172321,"Not structured"
"DOK4",-1.0114,0.000115397508670831,0.00142360687408481,0.439,0.687,"Example_Visium","TLS","Rest","wilcox","SCT",0.25,0.05,0.05,41,1212,TRUE,FALSE,2,12793,0.0665936950782752,2.0717937555952e-05,4.68365348023236,"Weakly structured"
"BOP1",1.0112,3.55675178696136e-05,0.000517062791029508,0.659,0.339,"Example_Visium","TLS","Rest","wilcox","SCT",0.25,0.05,0.05,41,1212,TRUE,FALSE,2,12793,0.121093991636179,3.88595635758051e-14,13.4105020811856,"Weakly structured"
"LILRB2",1.0112,0.00308257011706095,0.0219695373301174,0.366,0.178,"Example_Visium","TLS","Rest","wilcox","SCT",0.25,0.05,0.05,41,1212,TRUE,FALSE,2,12793,0.0630425593565069,5.09390886896035e-05,4.2929488289173,"Weakly structured"
"GLRX",-1.011,0.000153536185461892,0.00182037851771454,0.488,0.724,"Example_Visium","TLS","Rest","wilcox","SCT",0.25,0.05,0.05,41,1212,TRUE,FALSE,2,12793,0.123591796146795,1.20201722681657e-14,13.9200893081588,"Weakly structured"
"PFDN2",1.0105,0.000153970332008103,0.00182383560868487,0.683,0.448,"Example_Visium","TLS","Rest","wilcox","SCT",0.25,0.05,0.05,41,1212,TRUE,FALSE,2,12793,0.118905332982087,1.09828696977382e-13,12.9592841688971,"Weakly structured"
"RPL36A",1.0096,1.57636512715802e-14,1.50495813968154e-12,1,0.998,"Example_Visium","TLS","Rest","wilcox","SCT",0.25,0.05,0.05,41,1212,TRUE,FALSE,2,12793,0.73348020340504,0,452.419002905108,"Spatially structured"
"MPPE1",-1.0092,0.0041035576888691,0.02734209037172,0.195,0.424,"Example_Visium","TLS","Rest","wilcox","SCT",0.25,0.05,0.05,41,1212,TRUE,FALSE,2,12793,0.0949260821613764,2.45616577251109e-09,8.60974232496685,"Weakly structured"
"PPBP",1.0092,4.55234667948948e-08,1.32660981937834e-06,0.78,0.465,"Example_Visium","TLS","Rest","wilcox","SCT",0.25,0.05,0.05,41,1212,TRUE,FALSE,2,12793,0.694132483330315,0,405.975837840569,"Spatially structured"
"NCF1",1.0086,0.000327767299594302,0.00342855851488954,0.659,0.419,"Example_Visium","TLS","Rest","wilcox","SCT",0.25,0.05,0.05,41,1212,TRUE,FALSE,2,12793,0.0817738735995159,2.35704089347303e-07,6.62763288261966,"Weakly structured"
"TMEM216",1.0086,0.00727692975879797,0.0426253490862191,0.293,0.139,"Example_Visium","TLS","Rest","wilcox","SCT",0.25,0.05,0.05,41,1212,TRUE,FALSE,2,12793,-0.0093393950750378,0.707168505570236,0.150477089286882,"Not structured"
"PCDH1",-1.0086,0.0023977239960152,0.0180380579880493,0.341,0.554,"Example_Visium","TLS","Rest","wilcox","SCT",0.25,0.05,0.05,41,1212,TRUE,FALSE,2,12793,0.0403043195708918,0.00654645427704361,2.18399386105553,"Weakly structured"
"ALDH1B1",1.0082,0.00368745433980808,0.0252670612582565,0.488,0.295,"Example_Visium","TLS","Rest","wilcox","SCT",0.25,0.05,0.05,41,1212,TRUE,FALSE,2,12793,0.165030273377729,9.33081311894551e-25,24.0300805086989,"Weakly structured"
"IGLC2",-1.0069,0.00689357993001959,0.040828503724417,1,1,"Example_Visium","TLS","Rest","wilcox","SCT",0.25,0.05,0.05,41,1212,TRUE,FALSE,2,12793,0.648384455394203,0,353.843434993017,"Spatially structured"
"PSIP1",1.0065,0.00360177290465584,0.0248396122745349,0.463,0.268,"Example_Visium","TLS","Rest","wilcox","SCT",0.25,0.05,0.05,41,1212,TRUE,FALSE,2,12793,0.0392896916557667,0.00773273410145167,2.11166692325758,"Weakly structured"
"UBAP2L",1.0065,0.000306025172589863,0.00322485999418626,0.634,0.434,"Example_Visium","TLS","Rest","wilcox","SCT",0.25,0.05,0.05,41,1212,TRUE,FALSE,2,12793,0.0352072256676784,0.0150233273957477,1.82323386829243,"Weakly structured"
"TPMT",-1.006,0.000943817877517975,0.00827571083419291,0.439,0.654,"Example_Visium","TLS","Rest","wilcox","SCT",0.25,0.05,0.05,41,1212,TRUE,FALSE,2,12793,0.107991217860147,1.38274467322046e-11,10.8592580058983,"Weakly structured"
"PBXIP1",1.006,0.00295762926459968,0.0213045896295178,0.659,0.483,"Example_Visium","TLS","Rest","wilcox","SCT",0.25,0.05,0.05,41,1212,TRUE,FALSE,2,12793,0.0499981955229161,0.00104003151423118,2.98295350084608,"Weakly structured"
"MKRN1",-1.0044,0.000500756380146268,0.00487161701232791,0.366,0.631,"Example_Visium","TLS","Rest","wilcox","SCT",0.25,0.05,0.05,41,1212,TRUE,FALSE,2,12793,0.0526019932901606,0.000600219012763528,3.22169025181769,"Weakly structured"
"COPG1",-1.0036,0.000159447918226209,0.00187828473100175,0.366,0.667,"Example_Visium","TLS","Rest","wilcox","SCT",0.25,0.05,0.05,41,1212,TRUE,FALSE,2,12793,0.0512207839361616,0.000808741721688804,3.09219015175542,"Weakly structured"
"RPL5",1.0033,2.71526431130918e-16,4.08663250995039e-14,1,0.993,"Example_Visium","TLS","Rest","wilcox","SCT",0.25,0.05,0.05,41,1212,TRUE,FALSE,2,12793,0.516027643549185,1.41458108931434e-225,224.849372152037,"Spatially structured"
"PSMA7",1.0032,9.63467692718787e-11,4.65118573318922e-09,1,0.893,"Example_Visium","TLS","Rest","wilcox","SCT",0.25,0.05,0.05,41,1212,TRUE,FALSE,2,12793,0.314716427925382,4.11138178263029e-85,84.3860121927913,"Spatially structured"
"NIPAL2",-1.0024,0.00357929456538006,0.0247379337519757,0.098,0.335,"Example_Visium","TLS","Rest","wilcox","SCT",0.25,0.05,0.05,41,1212,TRUE,FALSE,2,12793,0.0504677736130333,0.000941826279175004,3.02602919588367,"Weakly structured"
"MCU",-1.0019,0.00386907790219619,0.0261750997370682,0.268,0.494,"Example_Visium","TLS","Rest","wilcox","SCT",0.25,0.05,0.05,41,1212,TRUE,FALSE,2,12793,0.0247966694779493,0.0619154014012495,1.20820130717378,"Not structured"
"CARD16",-1.0017,0.00118251529501662,0.0099986240377711,0.415,0.63,"Example_Visium","TLS","Rest","wilcox","SCT",0.25,0.05,0.05,41,1212,TRUE,FALSE,2,12793,0.207918942007912,3.46169765918977e-38,37.4607108655997,"Weakly structured"
"SEPTIN6",1.0008,0.00736116024688694,0.0429417797712835,0.39,0.223,"Example_Visium","TLS","Rest","wilcox","SCT",0.25,0.05,0.05,41,1212,TRUE,FALSE,2,12793,0.0329845402412646,0.0208109471577598,1.68170815352082,"Weakly structured"
"GOLPH3L",-1.0005,0.00180435449425865,0.0142752671892708,0.22,0.48,"Example_Visium","TLS","Rest","wilcox","SCT",0.25,0.05,0.05,41,1212,TRUE,FALSE,2,12793,0.0451289953980422,0.00272666948225666,2.56436750259067,"Weakly structured"
"ACBD6",1.0003,0.00788981340106721,0.045327098219971,0.439,0.267,"Example_Visium","TLS","Rest","wilcox","SCT",0.25,0.05,0.05,41,1212,TRUE,FALSE,2,12793,0.0577907359830052,0.000186055853937377,3.73035666107537,"Weakly structured"
"STAT5B",0.9999,0.00733342643664254,0.0428581655568607,0.488,0.309,"Example_Visium","TLS","Rest","wilcox","SCT",0.25,0.05,0.05,41,1212,TRUE,FALSE,2,12793,0.0167887349845788,0.147070883634593,0.83247329823407,"Not structured"
"NONO",0.9998,2.231565764748e-07,5.52193826468495e-06,0.951,0.779,"Example_Visium","TLS","Rest","wilcox","SCT",0.25,0.05,0.05,41,1212,TRUE,FALSE,2,12793,0.216614501483769,2.6640293203735e-41,40.5744609996195,"Weakly structured"
"SLC43A1",0.9991,0.00615899244726642,0.0375915984627287,0.366,0.19,"Example_Visium","TLS","Rest","wilcox","SCT",0.25,0.05,0.05,41,1212,TRUE,FALSE,2,12793,0.069411444615615,9.40748921566546e-06,5.02652627086403,"Weakly structured"
"LMBRD1",-0.9984,0.00108875342001577,0.00933540382189128,0.268,0.551,"Example_Visium","TLS","Rest","wilcox","SCT",0.25,0.05,0.05,41,1212,TRUE,FALSE,2,12793,0.071365475964663,5.58563462767998e-06,5.25292747614882,"Weakly structured"
"RPL21",0.9983,2.06069819532375e-15,2.41857908374099e-13,1,1,"Example_Visium","TLS","Rest","wilcox","SCT",0.25,0.05,0.05,41,1212,TRUE,FALSE,2,12793,0.694879165494349,0,406.126512920757,"Spatially structured"
"PLEK",0.9969,0.00295754032435191,0.0213045896295178,0.341,0.16,"Example_Visium","TLS","Rest","wilcox","SCT",0.25,0.05,0.05,41,1212,TRUE,FALSE,2,12793,0.0945454624101437,2.65600770592819e-09,8.57577066927494,"Weakly structured"
"CYTOR",0.9961,8.24576652723554e-05,0.00108192914033768,0.659,0.376,"Example_Visium","TLS","Rest","wilcox","SCT",0.25,0.05,0.05,41,1212,TRUE,FALSE,2,12793,0.207258723698285,5.47312789384244e-38,37.2617644033208,"Weakly structured"
"NUCKS1",0.9955,1.67757756155096e-07,4.24135370452993e-06,0.878,0.618,"Example_Visium","TLS","Rest","wilcox","SCT",0.25,0.05,0.05,41,1212,TRUE,FALSE,2,12793,0.235695589299673,1.49117791333036e-48,47.8264705375208,"Weakly structured"
"SNRPE",0.995,1.49769106415774e-05,0.000241918709391035,0.829,0.661,"Example_Visium","TLS","Rest","wilcox","SCT",0.25,0.05,0.05,41,1212,TRUE,FALSE,2,12793,0.23373176650655,8.89173931969259e-48,47.0510132780557,"Weakly structured"
"FHL2",-0.9943,0.000103096586772101,0.00129942328529605,0.561,0.762,"Example_Visium","TLS","Rest","wilcox","SCT",0.25,0.05,0.05,41,1212,TRUE,FALSE,2,12793,0.149613093500117,1.21109036018147e-20,19.9168234526751,"Weakly structured"
"MIEN1",-0.9935,0.00115017289187721,0.00977080480327167,0.366,0.599,"Example_Visium","TLS","Rest","wilcox","SCT",0.25,0.05,0.05,41,1212,TRUE,FALSE,2,12793,0.0204515055234491,0.101494805272175,0.9935561853307,"Not structured"
"PCCA",0.9934,2.96416293269142e-05,0.000439203438837423,0.683,0.454,"Example_Visium","TLS","Rest","wilcox","SCT",0.25,0.05,0.05,41,1212,TRUE,FALSE,2,12793,0.505050985615315,3.72037894412526e-216,215.429412822225,"Spatially structured"
"RPL38",0.9933,2.57970290926629e-16,3.97616136364381e-14,1,0.999,"Example_Visium","TLS","Rest","wilcox","SCT",0.25,0.05,0.05,41,1212,TRUE,FALSE,2,12793,0.545067313070248,2.4214156354582e-251,250.615930657608,"Spatially structured"
"TOR4A",-0.9932,0.00251661742407213,0.018718073666369,0.341,0.559,"Example_Visium","TLS","Rest","wilcox","SCT",0.25,0.05,0.05,41,1212,TRUE,FALSE,2,12793,0.000183945887554735,0.486608325046721,0.312820465296436,"Not structured"
"GTF3A",0.9929,1.61516234223073e-07,4.09975631828528e-06,0.854,0.59,"Example_Visium","TLS","Rest","wilcox","SCT",0.25,0.05,0.05,41,1212,TRUE,FALSE,2,12793,0.296232474700188,1.32416143471994e-75,74.878059064795,"Weakly structured"
"IFI16",0.9923,0.00213273502181702,0.0164164134380897,0.634,0.418,"Example_Visium","TLS","Rest","wilcox","SCT",0.25,0.05,0.05,41,1212,TRUE,FALSE,2,12793,0.0419815339098056,0.00486937459066313,2.31252681481529,"Weakly structured"
"RABGAP1L",-0.9918,0.0033900787626849,0.0236602714735559,0.22,0.46,"Example_Visium","TLS","Rest","wilcox","SCT",0.25,0.05,0.05,41,1212,TRUE,FALSE,2,12793,0.014271796418842,0.185208473072081,0.732339148732514,"Not structured"
"RPL13",0.9905,2.13649271885846e-20,1.09328605409425e-17,1,1,"Example_Visium","TLS","Rest","wilcox","SCT",0.25,0.05,0.05,41,1212,TRUE,FALSE,2,12793,0.761972720501811,0,487.749095775377,"Spatially structured"
"CCN2",0.9903,3.2788257103927e-07,7.86979686924088e-06,0.951,0.898,"Example_Visium","TLS","Rest","wilcox","SCT",0.25,0.05,0.05,41,1212,TRUE,FALSE,2,12793,0.235525569384538,1.61341656015616e-48,47.7922534897585,"Weakly structured"
"HPRT1",0.9884,0.00034600382061759,0.00357546597508952,0.61,0.354,"Example_Visium","TLS","Rest","wilcox","SCT",0.25,0.05,0.05,41,1212,TRUE,FALSE,2,12793,0.192902648179688,3.73936425732159e-33,32.4272022274803,"Weakly structured"
"ATP11B",-0.9878,0.0048149176100602,0.0310157306069991,0.317,0.517,"Example_Visium","TLS","Rest","wilcox","SCT",0.25,0.05,0.05,41,1212,TRUE,FALSE,2,12793,0.0364249064317808,0.0124382822475015,1.9052395924701,"Weakly structured"
"LPP",-0.9869,0.00529289233236683,0.0334050180601721,0.341,0.529,"Example_Visium","TLS","Rest","wilcox","SCT",0.25,0.05,0.05,41,1212,TRUE,FALSE,2,12793,0.0376172090046061,0.0102683245311094,1.98850041387645,"Weakly structured"
"PHLDA1",0.9864,4.46812617318981e-05,0.000635119312595747,0.732,0.503,"Example_Visium","TLS","Rest","wilcox","SCT",0.25,0.05,0.05,41,1212,TRUE,FALSE,2,12793,0.205852507689443,1.78616901706441e-37,36.748077448188,"Weakly structured"
"MTHFD1L",0.9861,0.00871578479273257,0.049293118856511,0.415,0.243,"Example_Visium","TLS","Rest","wilcox","SCT",0.25,0.05,0.05,41,1212,TRUE,FALSE,2,12793,0.170994650570815,1.84487678452567e-26,25.7340326341594,"Weakly structured"
"ESRRA",-0.9856,6.37091833872721e-05,0.000857025849709119,0.439,0.73,"Example_Visium","TLS","Rest","wilcox","SCT",0.25,0.05,0.05,41,1212,TRUE,FALSE,2,12793,0.0549842913996679,0.000356177366479684,3.44833368151872,"Weakly structured"
"UTP18",0.9852,0.0014085543958009,0.0115990886939456,0.512,0.296,"Example_Visium","TLS","Rest","wilcox","SCT",0.25,0.05,0.05,41,1212,TRUE,FALSE,2,12793,0.122574409635425,1.90495076405371e-14,13.7201162447527,"Weakly structured"
"THY1",0.9851,4.7957871633663e-06,8.84041861396903e-05,0.756,0.526,"Example_Visium","TLS","Rest","wilcox","SCT",0.25,0.05,0.05,41,1212,TRUE,FALSE,2,12793,0.219404278916567,2.44230435147619e-42,41.6122002167505,"Weakly structured"
"RPL14",0.985,9.49060525635119e-15,9.48541508160163e-13,1,0.991,"Example_Visium","TLS","Rest","wilcox","SCT",0.25,0.05,0.05,41,1212,TRUE,FALSE,2,12793,0.359297723851623,2.17428585225189e-110,109.662683360022,"Spatially structured"
"PAGR1",0.9842,0.00284916879566388,0.0206863884239092,0.537,0.336,"Example_Visium","TLS","Rest","wilcox","SCT",0.25,0.05,0.05,41,1212,TRUE,FALSE,2,12793,0.0798828124953716,4.27989743178761e-07,6.36856663877711,"Weakly structured"
"GGA2",0.9816,0.00331045826985565,0.0232083276465468,0.512,0.336,"Example_Visium","TLS","Rest","wilcox","SCT",0.25,0.05,0.05,41,1212,TRUE,FALSE,2,12793,0.0232554031021668,0.0743189347639146,1.12890052384581,"Not structured"
"TGFBR1",0.9814,3.32099377987403e-05,0.000487218731948721,0.659,0.34,"Example_Visium","TLS","Rest","wilcox","SCT",0.25,0.05,0.05,41,1212,TRUE,FALSE,2,12793,0.0441188310314683,0.00328523892496443,2.48343304010105,"Weakly structured"
"RPL24",0.9813,1.60768209102887e-16,2.74227693207098e-14,1,0.995,"Example_Visium","TLS","Rest","wilcox","SCT",0.25,0.05,0.05,41,1212,TRUE,FALSE,2,12793,0.400312040350899,1.38499967385648e-136,135.858550328868,"Spatially structured"
"TPX2",0.9813,0.000317533193705451,0.0033324053708563,0.561,0.295,"Example_Visium","TLS","Rest","wilcox","SCT",0.25,0.05,0.05,41,1212,TRUE,FALSE,2,12793,0.227262494561709,2.49064962971686e-45,44.6036873622198,"Weakly structured"
"IDH1",-0.981,0.000256896995242673,0.00280656128107559,0.293,0.598,"Example_Visium","TLS","Rest","wilcox","SCT",0.25,0.05,0.05,41,1212,TRUE,FALSE,2,12793,0.0343204447225796,0.0171756070637126,1.76508790406397,"Weakly structured"
"RPS16",0.9798,2.6852748856654e-16,4.08663250995039e-14,1,0.997,"Example_Visium","TLS","Rest","wilcox","SCT",0.25,0.05,0.05,41,1212,TRUE,FALSE,2,12793,0.47411788814225,8.10849546092458e-191,190.091059722069,"Spatially structured"
"AL365226.2",0.9787,5.81738660653986e-05,0.000793321340141868,0.707,0.442,"Example_Visium","TLS","Rest","wilcox","SCT",0.25,0.05,0.05,41,1212,TRUE,FALSE,2,12793,0.298060921237458,1.52241267386526e-76,75.8174676092673,"Weakly structured"
"TEX10",0.9787,0.005774865638321,0.0358746869624907,0.366,0.191,"Example_Visium","TLS","Rest","wilcox","SCT",0.25,0.05,0.05,41,1212,TRUE,FALSE,2,12793,0.0692371282514048,9.87162568270044e-06,5.00561132079662,"Weakly structured"
"TSC22D1",-0.978,1.98650010005379e-07,4.96353433202893e-06,0.951,0.963,"Example_Visium","TLS","Rest","wilcox","SCT",0.25,0.05,0.05,41,1212,TRUE,FALSE,2,12793,0.519123139513485,3.16453790819879e-228,227.499689697517,"Spatially structured"
"PEX26",-0.9773,0.00367056064533546,0.0251919087375979,0.22,0.465,"Example_Visium","TLS","Rest","wilcox","SCT",0.25,0.05,0.05,41,1212,TRUE,FALSE,2,12793,0.13623967723883,2.01195687161122e-17,16.6963813330704,"Weakly structured"
"GNG12",-0.9771,0.000176218856992648,0.00204385116727738,0.463,0.729,"Example_Visium","TLS","Rest","wilcox","SCT",0.25,0.05,0.05,41,1212,TRUE,FALSE,2,12793,0.242557906213886,2.63606302799716e-51,50.5790442100173,"Weakly structured"
"ASXL1",0.9767,3.31412788116533e-05,0.00048676966686278,0.732,0.419,"Example_Visium","TLS","Rest","wilcox","SCT",0.25,0.05,0.05,41,1212,TRUE,FALSE,2,12793,0.0854037762403603,7.14363347316546e-08,7.14608083640748,"Weakly structured"
"RPL4",0.9758,5.41524613151179e-17,1.04965520849137e-14,1,0.997,"Example_Visium","TLS","Rest","wilcox","SCT",0.25,0.05,0.05,41,1212,TRUE,FALSE,2,12793,0.570906978246414,1.47528561762959e-275,274.831123891447,"Spatially structured"
"NOXA1",-0.9757,0.00751034557680932,0.043613187001417,0.268,0.475,"Example_Visium","TLS","Rest","wilcox","SCT",0.25,0.05,0.05,41,1212,TRUE,FALSE,2,12793,0.0669367072793867,1.88857410599052e-05,4.72386596916777,"Weakly structured"
"RPL27",0.9752,1.14508834422073e-17,2.81713753607996e-15,1,1,"Example_Visium","TLS","Rest","wilcox","SCT",0.25,0.05,0.05,41,1212,TRUE,FALSE,2,12793,0.529116671838118,6.33922467151966e-237,236.197963855915,"Spatially structured"
"TUBB6",0.9752,0.00775237898843304,0.0446739569364973,0.439,0.263,"Example_Visium","TLS","Rest","wilcox","SCT",0.25,0.05,0.05,41,1212,TRUE,FALSE,2,12793,0.0918137177223759,7.54914308318117e-09,8.12210234312141,"Weakly structured"
"UNC13B",-0.9744,0.00627622824867969,0.0381252554536369,0.171,0.403,"Example_Visium","TLS","Rest","wilcox","SCT",0.25,0.05,0.05,41,1212,TRUE,FALSE,2,12793,0.0862465829024787,5.3562049336852e-08,7.27114281480678,"Weakly structured"
"GDE1",-0.9741,0.000595173966617524,0.00564841287458308,0.463,0.678,"Example_Visium","TLS","Rest","wilcox","SCT",0.25,0.05,0.05,41,1212,TRUE,FALSE,2,12793,0.132666328875194,1.31214942069871e-16,15.882016706965,"Weakly structured"
"HDAC3",0.9739,0.00192618390376877,0.0151083204665321,0.585,0.398,"Example_Visium","TLS","Rest","wilcox","SCT",0.25,0.05,0.05,41,1212,TRUE,FALSE,2,12793,-0.00636930490333962,0.644148391777178,0.1910140731584,"Not structured"
"PINK1",-0.9734,0.000431142794862775,0.00429899436841737,0.293,0.598,"Example_Visium","TLS","Rest","wilcox","SCT",0.25,0.05,0.05,41,1212,TRUE,FALSE,2,12793,0.139799536824481,3.03928584996774e-18,17.5172284518695,"Weakly structured"
"SPINK1",-0.9734,6.09488438915825e-08,1.68770251061692e-06,1,0.99,"Example_Visium","TLS","Rest","wilcox","SCT",0.25,0.05,0.05,41,1212,TRUE,FALSE,2,12793,0.580991292475569,2.21579435616426e-285,284.654470548153,"Spatially structured"
"TBC1D4",0.9734,0.00333250082879387,0.0233348019172195,0.366,0.181,"Example_Visium","TLS","Rest","wilcox","SCT",0.25,0.05,0.05,41,1212,TRUE,FALSE,2,12793,0.133020462097744,9.77888816804205e-17,16.0097105204612,"Weakly structured"
"CDCA7L",0.9731,0.00704833868789293,0.0415527174351218,0.341,0.172,"Example_Visium","TLS","Rest","wilcox","SCT",0.25,0.05,0.05,41,1212,TRUE,FALSE,2,12793,0.0950574518168835,2.21938527300101e-09,8.65376730010488,"Weakly structured"
"MCM3",0.9712,5.73310723317864e-05,0.000783585906346734,0.756,0.469,"Example_Visium","TLS","Rest","wilcox","SCT",0.25,0.05,0.05,41,1212,TRUE,FALSE,2,12793,0.218228179450739,6.69000634346946e-42,41.1745734704336,"Weakly structured"
"GPS1",-0.9709,0.00336351495854496,0.0235133589424402,0.317,0.538,"Example_Visium","TLS","Rest","wilcox","SCT",0.25,0.05,0.05,41,1212,TRUE,FALSE,2,12793,0.015881636542415,0.159953372342783,0.796006599128344,"Not structured"
"EEF1B2",0.9706,6.7826295316269e-14,5.74636950980814e-12,1,0.971,"Example_Visium","TLS","Rest","wilcox","SCT",0.25,0.05,0.05,41,1212,TRUE,FALSE,2,12793,0.369685430863476,9.47545729063161e-117,116.02339982157,"Spatially structured"
"MCRIP1",0.9704,0.00327710482151779,0.0230478295666174,0.585,0.417,"Example_Visium","TLS","Rest","wilcox","SCT",0.25,0.05,0.05,41,1212,TRUE,FALSE,2,12793,0.0136028688575478,0.196193260491115,0.707315915313822,"Not structured"
"CD74",0.9701,4.80877298502581e-12,2.78364854287037e-10,1,0.999,"Example_Visium","TLS","Rest","wilcox","SCT",0.25,0.05,0.05,41,1212,TRUE,FALSE,2,12793,0.425579666207093,3.59227166270062e-154,153.444630827586,"Spatially structured"
"DPEP1",0.9691,0.000113966925970751,0.00140867525018727,0.512,0.27,"Example_Visium","TLS","Rest","wilcox","SCT",0.25,0.05,0.05,41,1212,TRUE,FALSE,2,12793,0.419192207697909,7.84978762209747e-150,149.105142093038,"Spatially structured"
"DKC1",0.969,0.000293246479618168,0.00311845570553219,0.634,0.386,"Example_Visium","TLS","Rest","wilcox","SCT",0.25,0.05,0.05,41,1212,TRUE,FALSE,2,12793,0.272614333399357,2.34337335447325e-64,63.6301585125682,"Weakly structured"
"UTP11",0.9657,0.00520297555239351,0.0329350154585701,0.415,0.232,"Example_Visium","TLS","Rest","wilcox","SCT",0.25,0.05,0.05,41,1212,TRUE,FALSE,2,12793,0.00836675227492593,0.295357892723714,0.529651419183866,"Not structured"
"GAS5",0.9651,7.19483584046898e-07,1.61479885801964e-05,0.951,0.76,"Example_Visium","TLS","Rest","wilcox","SCT",0.25,0.05,0.05,41,1212,TRUE,FALSE,2,12793,0.257481705563505,1.40926159467011e-57,56.8510083833444,"Weakly structured"
"NT5C3A",-0.9626,0.00381044915353794,0.0258879851413759,0.439,0.606,"Example_Visium","TLS","Rest","wilcox","SCT",0.25,0.05,0.05,41,1212,TRUE,FALSE,2,12793,0.0728787668566436,3.62060597059468e-06,5.44121873674273,"Weakly structured"
"SYNCRIP",0.9621,2.01504469099066e-07,5.02504224792272e-06,0.951,0.713,"Example_Visium","TLS","Rest","wilcox","SCT",0.25,0.05,0.05,41,1212,TRUE,FALSE,2,12793,0.220505608423616,1.00185791884698e-42,41.9991938647322,"Weakly structured"
"TP53",0.962,0.00149496112552899,0.0122517858288868,0.634,0.465,"Example_Visium","TLS","Rest","wilcox","SCT",0.25,0.05,0.05,41,1212,TRUE,FALSE,2,12793,0.14790890001348,3.20804597579217e-20,19.4937594162951,"Weakly structured"
"LGR4",-0.9608,0.000411444311286845,0.0041380558760162,0.415,0.667,"Example_Visium","TLS","Rest","wilcox","SCT",0.25,0.05,0.05,41,1212,TRUE,FALSE,2,12793,0.112255418347904,2.20661903267814e-12,11.6562726402354,"Weakly structured"
"PABPC1",0.9595,1.54250510711937e-15,1.84423063882039e-13,1,0.998,"Example_Visium","TLS","Rest","wilcox","SCT",0.25,0.05,0.05,41,1212,TRUE,FALSE,2,12793,0.430252556382129,1.95216353045696e-157,156.709483804804,"Spatially structured"
"GPBP1L1",-0.9589,0.000734981085124402,0.0067275252721306,0.463,0.665,"Example_Visium","TLS","Rest","wilcox","SCT",0.25,0.05,0.05,41,1212,TRUE,FALSE,2,12793,0.0276325599643422,0.0435641957197367,1.3608702994815,"Weakly structured"
"RAI14",0.958,0.00402333734345254,0.0269761816744174,0.415,0.227,"Example_Visium","TLS","Rest","wilcox","SCT",0.25,0.05,0.05,41,1212,TRUE,FALSE,2,12793,0.0558895959006263,0.000286705805728156,3.54256351259878,"Weakly structured"
"CAST",-0.9572,1.04561796144236e-05,0.000176472171249764,0.659,0.857,"Example_Visium","TLS","Rest","wilcox","SCT",0.25,0.05,0.05,41,1212,TRUE,FALSE,2,12793,0.151622807998142,3.66320121206018e-21,20.4361392257833,"Weakly structured"
"LY6E",0.9567,4.67014324686537e-05,0.000658711604819721,0.683,0.417,"Example_Visium","TLS","Rest","wilcox","SCT",0.25,0.05,0.05,41,1212,TRUE,FALSE,2,12793,0.132135582697004,1.68109379663116e-16,15.7744080544232,"Weakly structured"
"CD27",0.9565,0.00136503843580523,0.0113248616791545,0.585,0.366,"Example_Visium","TLS","Rest","wilcox","SCT",0.25,0.05,0.05,41,1212,TRUE,FALSE,2,12793,0.0893748801891177,1.82806932807126e-08,7.73800733801802,"Weakly structured"
"SLC37A1",-0.9564,0.000590733822702466,0.00561877902887186,0.317,0.61,"Example_Visium","TLS","Rest","wilcox","SCT",0.25,0.05,0.05,41,1212,TRUE,FALSE,2,12793,0.112954953808817,1.63201074912249e-12,11.7872769851231,"Weakly structured"
"ELOF1",0.9549,0.00101043815768508,0.00876375278051878,0.634,0.422,"Example_Visium","TLS","Rest","wilcox","SCT",0.25,0.05,0.05,41,1212,TRUE,FALSE,2,12793,0.0703838338390615,7.37443019093567e-06,5.13227153121322,"Weakly structured"
"RNF103",-0.9527,0.00416975989023602,0.027653570905023,0.22,0.445,"Example_Visium","TLS","Rest","wilcox","SCT",0.25,0.05,0.05,41,1212,TRUE,FALSE,2,12793,0.101145859026355,2.25484868266166e-10,9.64688259724058,"Weakly structured"
"TMEM254",0.9518,0.00414511523668902,0.0275122735547297,0.61,0.433,"Example_Visium","TLS","Rest","wilcox","SCT",0.25,0.05,0.05,41,1212,TRUE,FALSE,2,12793,0.192807538085604,4.16373323743399e-33,32.3805171027017,"Weakly structured"
"GYS1",0.9515,0.00171764448698958,0.0136823324545814,0.512,0.29,"Example_Visium","TLS","Rest","wilcox","SCT",0.25,0.05,0.05,41,1212,TRUE,FALSE,2,12793,0.0342791051051221,0.0172359815119217,1.76356398042695,"Weakly structured"
"TMEM106B",-0.9515,0.0043837044430993,0.0286984146709791,0.341,0.545,"Example_Visium","TLS","Rest","wilcox","SCT",0.25,0.05,0.05,41,1212,TRUE,FALSE,2,12793,0.0300448655387382,0.0317531082447983,1.49821375612026,"Weakly structured"
"TNFRSF12A",0.9512,0.00578342534830288,0.0358813581381371,0.537,0.351,"Example_Visium","TLS","Rest","wilcox","SCT",0.25,0.05,0.05,41,1212,TRUE,FALSE,2,12793,0.110941858184361,3.83516937407255e-12,11.4162154513758,"Weakly structured"
"LIMS1",0.9504,4.75981284702556e-05,0.000669882131485127,0.707,0.422,"Example_Visium","TLS","Rest","wilcox","SCT",0.25,0.05,0.05,41,1212,TRUE,FALSE,2,12793,0.0978914073541133,8.01460608453655e-10,9.09611781822764,"Weakly structured"
"DARS",0.95,0.000500146245297689,0.00486938425882294,0.683,0.452,"Example_Visium","TLS","Rest","wilcox","SCT",0.25,0.05,0.05,41,1212,TRUE,FALSE,2,12793,0.139250446358117,4.03287986013091e-18,17.394384715473,"Weakly structured"
"CSE1L",0.9498,0.000147737514112021,0.00176471150143332,0.707,0.461,"Example_Visium","TLS","Rest","wilcox","SCT",0.25,0.05,0.05,41,1212,TRUE,FALSE,2,12793,0.312249367543955,8.19892566003652e-84,83.086243051334,"Spatially structured"
"IER3",0.949,1.54861650301364e-12,9.95550297640879e-11,1,0.958,"Example_Visium","TLS","Rest","wilcox","SCT",0.25,0.05,0.05,41,1212,TRUE,FALSE,2,12793,0.518542418455419,1.14541012265538e-227,226.941038983093,"Spatially structured"
"SLC35B3",-0.9473,0.00261108258982779,0.0192750026380074,0.22,0.471,"Example_Visium","TLS","Rest","wilcox","SCT",0.25,0.05,0.05,41,1212,TRUE,FALSE,2,12793,0.0259766106856647,0.053626102773466,1.27062376383274,"Not structured"
"F11R",-0.9449,4.53154870636969e-05,0.000643419562714622,0.61,0.806,"Example_Visium","TLS","Rest","wilcox","SCT",0.25,0.05,0.05,41,1212,TRUE,FALSE,2,12793,0.132473369253905,1.43388413886977e-16,15.8434859392417,"Weakly structured"
"STMN1",0.9443,0.000141839000038277,0.00170379936853491,0.732,0.502,"Example_Visium","TLS","Rest","wilcox","SCT",0.25,0.05,0.05,41,1212,TRUE,FALSE,2,12793,0.229647873060714,3.43743133787294e-46,45.4637659680361,"Weakly structured"
"RPL23A",0.9441,2.71253375079093e-14,2.44376368125834e-12,1,1,"Example_Visium","TLS","Rest","wilcox","SCT",0.25,0.05,0.05,41,1212,TRUE,FALSE,2,12793,0.519554593084504,1.49981832327035e-228,227.823961344931,"Spatially structured"
"EPS8L3",-0.9436,3.51550879604221e-05,0.000512231253163645,0.537,0.804,"Example_Visium","TLS","Rest","wilcox","SCT",0.25,0.05,0.05,41,1212,TRUE,FALSE,2,12793,0.114912211007727,6.79756460739017e-13,12.1676466559729,"Weakly structured"
"RPL28",0.9433,1.77704538057088e-21,1.29755227782211e-18,1,1,"Example_Visium","TLS","Rest","wilcox","SCT",0.25,0.05,0.05,41,1212,TRUE,FALSE,2,12793,0.645409153923748,0,350.648370488551,"Spatially structured"
"ZFAS1",0.9431,3.34510934665119e-08,1.00929207244596e-06,0.976,0.774,"Example_Visium","TLS","Rest","wilcox","SCT",0.25,0.05,0.05,41,1212,TRUE,FALSE,2,12793,0.273829250097834,7.04180677207968e-65,64.1523158961887,"Weakly structured"
"PDGFRB",0.9429,0.00549450921587414,0.0343890686881986,0.585,0.426,"Example_Visium","TLS","Rest","wilcox","SCT",0.25,0.05,0.05,41,1212,TRUE,FALSE,2,12793,0.131721087327185,2.07143580086495e-16,15.6837285220626,"Weakly structured"
"MSN",0.9425,0.00175909071694856,0.0139900513375328,0.707,0.587,"Example_Visium","TLS","Rest","wilcox","SCT",0.25,0.05,0.05,41,1212,TRUE,FALSE,2,12793,0.137807768422318,8.77427785205777e-18,17.0567886170584,"Weakly structured"
"CISD1",0.9424,0.000765376755803991,0.00696901411886154,0.561,0.339,"Example_Visium","TLS","Rest","wilcox","SCT",0.25,0.05,0.05,41,1212,TRUE,FALSE,2,12793,0.0399780790743359,0.00690037504683924,2.16112730399517,"Weakly structured"
"MED12",0.9422,0.00566158455905078,0.0352450857732052,0.463,0.277,"Example_Visium","TLS","Rest","wilcox","SCT",0.25,0.05,0.05,41,1212,TRUE,FALSE,2,12793,0.0417627767801915,0.00504579964807587,2.29706999786572,"Weakly structured"
"RAN",0.9419,1.01435397289926e-09,4.06790920855805e-08,0.976,0.899,"Example_Visium","TLS","Rest","wilcox","SCT",0.25,0.05,0.05,41,1212,TRUE,FALSE,2,12793,0.314179461797155,7.94701177814292e-85,84.0997961433215,"Spatially structured"
"SGPP2",-0.9397,0.00624632408125349,0.0380118033331577,0.317,0.531,"Example_Visium","TLS","Rest","wilcox","SCT",0.25,0.05,0.05,41,1212,TRUE,FALSE,2,12793,0.150034341778196,9.51813242817449e-21,20.0214482570467,"Weakly structured"
"PFKP",-0.9396,0.000593186746105272,0.00563373277128786,0.463,0.704,"Example_Visium","TLS","Rest","wilcox","SCT",0.25,0.05,0.05,41,1212,TRUE,FALSE,2,12793,0.157021817342211,1.47056060011019e-22,21.8325170740123,"Weakly structured"
"SLC35C1",-0.9385,0.00033830161058076,0.00351289975986986,0.317,0.639,"Example_Visium","TLS","Rest","wilcox","SCT",0.25,0.05,0.05,41,1212,TRUE,FALSE,2,12793,0.0826189592468373,1.80243632131762e-07,6.74414006962595,"Weakly structured"
"MIA3",-0.938,0.00277519192117499,0.0202296468647246,0.146,0.4,"Example_Visium","TLS","Rest","wilcox","SCT",0.25,0.05,0.05,41,1212,TRUE,FALSE,2,12793,0.0678909598043605,1.45917854223414e-05,4.83589156543138,"Weakly structured"
"RBM19",0.9366,0.00388780316586712,0.0262878783831597,0.39,0.2,"Example_Visium","TLS","Rest","wilcox","SCT",0.25,0.05,0.05,41,1212,TRUE,FALSE,2,12793,0.0251933357873494,0.0587820216555931,1.23075548157116,"Not structured"
"ANGPTL2",0.9363,0.000873976638707221,0.00774575881235755,0.585,0.344,"Example_Visium","TLS","Rest","wilcox","SCT",0.25,0.05,0.05,41,1212,TRUE,FALSE,2,12793,0.124031673640274,9.42164501881577e-15,14.0258732627887,"Weakly structured"
"C1orf122",-0.9362,0.000880931639621089,0.00778836106819115,0.366,0.62,"Example_Visium","TLS","Rest","wilcox","SCT",0.25,0.05,0.05,41,1212,TRUE,FALSE,2,12793,0.0142206231439048,0.186027106046705,0.730423770035752,"Not structured"
"RPS27A",0.9361,6.67878110658176e-14,5.73433870446312e-12,1,1,"Example_Visium","TLS","Rest","wilcox","SCT",0.25,0.05,0.05,41,1212,TRUE,FALSE,2,12793,0.614182527956706,1.76723823057893e-318,317.752704322648,"Spatially structured"
"ARFGAP3",-0.9357,0.00264341863818692,0.0194799853907404,0.415,0.6,"Example_Visium","TLS","Rest","wilcox","SCT",0.25,0.05,0.05,41,1212,TRUE,FALSE,2,12793,0.0462277994576767,0.00221233963874421,2.6551481992889,"Weakly structured"
"RPS14",0.9348,6.16027295863393e-18,1.57616743919608e-15,1,1,"Example_Visium","TLS","Rest","wilcox","SCT",0.25,0.05,0.05,41,1212,TRUE,FALSE,2,12793,0.485390413362272,9.26484839330014e-200,199.033161682928,"Spatially structured"
"RPL10A",0.9343,1.12171986044363e-15,1.37982328602455e-13,1,0.994,"Example_Visium","TLS","Rest","wilcox","SCT",0.25,0.05,0.05,41,1212,TRUE,FALSE,2,12793,0.540890507652038,1.36673014904469e-247,246.864317225264,"Spatially structured"
"CD93",0.9338,0.00029695782267298,0.00314745768471867,0.707,0.451,"Example_Visium","TLS","Rest","wilcox","SCT",0.25,0.05,0.05,41,1212,TRUE,FALSE,2,12793,0.136889512744953,1.4062744776909e-17,16.8519299051251,"Weakly structured"
"COL15A1",0.9338,6.09436972826259e-05,0.000826779129731318,0.732,0.509,"Example_Visium","TLS","Rest","wilcox","SCT",0.25,0.05,0.05,41,1212,TRUE,FALSE,2,12793,0.223648457851823,6.33350912105034e-44,43.1983555996759,"Weakly structured"
"GGCT",0.9324,0.00712923956695813,0.0419112748454353,0.537,0.394,"Example_Visium","TLS","Rest","wilcox","SCT",0.25,0.05,0.05,41,1212,TRUE,FALSE,2,12793,0.207203763106915,5.79931896081443e-38,37.2366230045278,"Weakly structured"
"RPS2",0.9321,3.62088810166788e-17,7.59377401387495e-15,1,1,"Example_Visium","TLS","Rest","wilcox","SCT",0.25,0.05,0.05,41,1212,TRUE,FALSE,2,12793,0.701326664437299,0,413.564992635188,"Spatially structured"
"CSF2",0.9314,0.00829961334375649,0.0472527607951387,0.122,0.038,"Example_Visium","TLS","Rest","wilcox","SCT",0.25,0.05,0.05,41,1212,TRUE,FALSE,2,12793,0.281369751445321,1.00445122082861e-72,71.9980711490495,"Weakly structured"
"IGF1R",0.9314,0.00285438606801098,0.0207007715238461,0.463,0.257,"Example_Visium","TLS","Rest","wilcox","SCT",0.25,0.05,0.05,41,1212,TRUE,FALSE,2,12793,0.0457004518496538,0.00243633391152128,2.61326318976941,"Weakly structured"
"RPL17",0.9303,2.58950197522004e-14,2.34946799780071e-12,1,1,"Example_Visium","TLS","Rest","wilcox","SCT",0.25,0.05,0.05,41,1212,TRUE,FALSE,2,12793,0.60007051982134,3.7808066414382e-304,303.422415532821,"Spatially structured"
"ZMPSTE24",-0.9298,0.00511781931022751,0.0325733058311577,0.268,0.498,"Example_Visium","TLS","Rest","wilcox","SCT",0.25,0.05,0.05,41,1212,TRUE,FALSE,2,12793,0.0506688285265883,0.000907306361192045,3.04224604424129,"Weakly structured"
"HDHD3",-0.9286,4.87385802219774e-05,0.000682927334917586,0.659,0.815,"Example_Visium","TLS","Rest","wilcox","SCT",0.25,0.05,0.05,41,1212,TRUE,FALSE,2,12793,0.12277230012652,1.77506510467021e-14,13.7507857135495,"Weakly structured"
"PTK2B",-0.9282,0.00413209962578899,0.0274756529776932,0.268,0.497,"Example_Visium","TLS","Rest","wilcox","SCT",0.25,0.05,0.05,41,1212,TRUE,FALSE,2,12793,0.0987749412343611,5.73216048624097e-10,9.24168165893883,"Weakly structured"
"KLF3",-0.9272,0.000465646963153018,0.00456476750928472,0.463,0.666,"Example_Visium","TLS","Rest","wilcox","SCT",0.25,0.05,0.05,41,1212,TRUE,FALSE,2,12793,0.0311408423899006,0.0272679158526851,1.56434805488082,"Weakly structured"
"BDH1",-0.9271,0.00243803583844136,0.0182824105985816,0.317,0.555,"Example_Visium","TLS","Rest","wilcox","SCT",0.25,0.05,0.05,41,1212,TRUE,FALSE,2,12793,0.0893655824126131,1.85134550070189e-08,7.73251252503625,"Weakly structured"
"CTNNA1",-0.9264,1.27441713036128e-07,3.30702197742633e-06,0.78,0.954,"Example_Visium","TLS","Rest","wilcox","SCT",0.25,0.05,0.05,41,1212,TRUE,FALSE,2,12793,0.211652970719815,1.51064433950881e-39,38.8208377723057,"Weakly structured"
"TIMM9",0.9263,0.00450776594779842,0.0294073685722515,0.463,0.276,"Example_Visium","TLS","Rest","wilcox","SCT",0.25,0.05,0.05,41,1212,TRUE,FALSE,2,12793,0.0716756335435006,5.07491309052897e-06,5.29457139077965,"Weakly structured"
"SLC35A4",-0.926,0.00328478722320257,0.0230891664540827,0.317,0.538,"Example_Visium","TLS","Rest","wilcox","SCT",0.25,0.05,0.05,41,1212,TRUE,FALSE,2,12793,0.0229117417057649,0.0772602772569448,1.11204373767521,"Not structured"
"PARP4",-0.9258,0.000405874881412444,0.00409815103228839,0.488,0.709,"Example_Visium","TLS","Rest","wilcox","SCT",0.25,0.05,0.05,41,1212,TRUE,FALSE,2,12793,0.101935151221573,1.66158262166404e-10,9.77947805869424,"Weakly structured"
"TFEB",0.9252,0.00521180068069912,0.0329624253237122,0.537,0.375,"Example_Visium","TLS","Rest","wilcox","SCT",0.25,0.05,0.05,41,1212,TRUE,FALSE,2,12793,0.0254474474624228,0.0571256345207147,1.24316896298661,"Not structured"
"SLC12A2",0.9251,1.1324951591788e-06,2.42614652327468e-05,0.976,0.894,"Example_Visium","TLS","Rest","wilcox","SCT",0.25,0.05,0.05,41,1212,TRUE,FALSE,2,12793,0.541832682271069,2.81190911543417e-248,247.550998720389,"Spatially structured"
"PNPO",0.9244,0.00302765971342741,0.0216384640859647,0.488,0.308,"Example_Visium","TLS","Rest","wilcox","SCT",0.25,0.05,0.05,41,1212,TRUE,FALSE,2,12793,0.14389782612233,3.02057257787121e-19,18.5199107246456,"Weakly structured"
"TST",-0.9234,1.37447825614109e-08,4.48563783949312e-07,0.878,0.977,"Example_Visium","TLS","Rest","wilcox","SCT",0.25,0.05,0.05,41,1212,TRUE,FALSE,2,12793,0.326834479211283,1.00091695883429e-91,90.9996019523069,"Spatially structured"
"AVL9",-0.9217,0.00878162649309343,0.0496216200203818,0.293,0.483,"Example_Visium","TLS","Rest","wilcox","SCT",0.25,0.05,0.05,41,1212,TRUE,FALSE,2,12793,0.0452432313734626,0.00267053213678151,2.57340219142901,"Weakly structured"
"ZMIZ2",0.921,5.5225728717208e-05,0.000759559074037971,0.805,0.511,"Example_Visium","TLS","Rest","wilcox","SCT",0.25,0.05,0.05,41,1212,TRUE,FALSE,2,12793,0.0792921122306736,5.21088536986571e-07,6.28308848042801,"Weakly structured"
"TC2N",-0.9208,0.000580756489901064,0.00556077343725224,0.39,0.665,"Example_Visium","TLS","Rest","wilcox","SCT",0.25,0.05,0.05,41,1212,TRUE,FALSE,2,12793,0.131545484546503,2.31784558751107e-16,15.6349154996604,"Weakly structured"
"ITGB4",-0.9195,1.05423884528993e-06,2.27051810568923e-05,0.829,0.929,"Example_Visium","TLS","Rest","wilcox","SCT",0.25,0.05,0.05,41,1212,TRUE,FALSE,2,12793,0.155076376279737,4.61570880046027e-22,21.3357615981068,"Weakly structured"
"GSKIP",-0.9189,5.21168408376246e-05,0.00072001160349431,0.585,0.793,"Example_Visium","TLS","Rest","wilcox","SCT",0.25,0.05,0.05,41,1212,TRUE,FALSE,2,12793,0.0380362924275017,0.00957364006102319,2.01892290466376,"Weakly structured"
"RPL32",0.9185,1.0362905026846e-16,1.84128672233946e-14,1,1,"Example_Visium","TLS","Rest","wilcox","SCT",0.25,0.05,0.05,41,1212,TRUE,FALSE,2,12793,0.598563513078165,9.89733316401585e-303,302.004481810269,"Spatially structured"
"CEBPB",0.9181,2.5091568014143e-07,6.16115987725395e-06,0.951,0.801,"Example_Visium","TLS","Rest","wilcox","SCT",0.25,0.05,0.05,41,1212,TRUE,FALSE,2,12793,0.197755668881127,1.00246208891244e-34,33.9989320425357,"Weakly structured"
"SDC1",-0.9178,3.50582640319728e-08,1.0487394812987e-06,0.805,0.969,"Example_Visium","TLS","Rest","wilcox","SCT",0.25,0.05,0.05,41,1212,TRUE,FALSE,2,12793,0.158235108032538,6.53505611984569e-23,22.1847506785602,"Weakly structured"
"IFI30",0.9174,5.6331669208664e-07,1.28917896992207e-05,0.951,0.849,"Example_Visium","TLS","Rest","wilcox","SCT",0.25,0.05,0.05,41,1212,TRUE,FALSE,2,12793,0.190298948171198,2.62047268782204e-32,31.581620362422,"Weakly structured"
"POLD2",0.9171,0.000186942292029464,0.00214681574679796,0.732,0.458,"Example_Visium","TLS","Rest","wilcox","SCT",0.25,0.05,0.05,41,1212,TRUE,FALSE,2,12793,0.191159988124758,1.43126913403881e-32,31.8442786943758,"Weakly structured"
"RASSF7",-0.9156,0.000158236650438882,0.00186917956515662,0.659,0.821,"Example_Visium","TLS","Rest","wilcox","SCT",0.25,0.05,0.05,41,1212,TRUE,FALSE,2,12793,0.179234712903312,7.47689559106834e-29,28.1262786838898,"Weakly structured"
"HLA-DPA1",0.9149,1.83380153034523e-09,7.00293223215122e-08,0.976,0.829,"Example_Visium","TLS","Rest","wilcox","SCT",0.25,0.05,0.05,41,1212,TRUE,FALSE,2,12793,0.209613553133218,8.43070312100923e-39,38.074136203686,"Weakly structured"
"DDX50",0.9146,0.00661065128680471,0.0394975949419907,0.415,0.233,"Example_Visium","TLS","Rest","wilcox","SCT",0.25,0.05,0.05,41,1212,TRUE,FALSE,2,12793,0.0460908101530349,0.00225555383326952,2.64674680314269,"Weakly structured"
"SAMHD1",0.9138,0.00331081043968951,0.0232083276465468,0.585,0.391,"Example_Visium","TLS","Rest","wilcox","SCT",0.25,0.05,0.05,41,1212,TRUE,FALSE,2,12793,0.100762034454946,2.61709211241387e-10,9.58218099145678,"Weakly structured"
"TPR",0.9138,0.000437756954180021,0.00435137895479799,0.634,0.408,"Example_Visium","TLS","Rest","wilcox","SCT",0.25,0.05,0.05,41,1212,TRUE,FALSE,2,12793,0.0163314495715372,0.153304846004978,0.814444116770168,"Not structured"
"PHC3",0.9136,0.00263734980019289,0.0194464645497796,0.488,0.282,"Example_Visium","TLS","Rest","wilcox","SCT",0.25,0.05,0.05,41,1212,TRUE,FALSE,2,12793,0.029205660672095,0.0354611687542731,1.45024695471461,"Weakly structured"
"FAM177A1",-0.9122,0.000174931985416087,0.00203261116205995,0.39,0.678,"Example_Visium","TLS","Rest","wilcox","SCT",0.25,0.05,0.05,41,1212,TRUE,FALSE,2,12793,0.0418966929031856,0.00494935106425943,2.305451739993,"Weakly structured"
"S100P",-0.9118,1.40544901154031e-07,3.6104235350673e-06,0.951,0.983,"Example_Visium","TLS","Rest","wilcox","SCT",0.25,0.05,0.05,41,1212,TRUE,FALSE,2,12793,0.368446934548146,5.4826306476782e-116,115.26101101056,"Spatially structured"
"RNF19B",-0.9114,0.00083929509622099,0.00748230116094434,0.39,0.637,"Example_Visium","TLS","Rest","wilcox","SCT",0.25,0.05,0.05,41,1212,TRUE,FALSE,2,12793,0.065579833990984,2.713141238373e-05,4.56652759752133,"Weakly structured"
"UGDH",-0.9114,0.00687757697539812,0.040790376562943,0.39,0.56,"Example_Visium","TLS","Rest","wilcox","SCT",0.25,0.05,0.05,41,1212,TRUE,FALSE,2,12793,0.0473334456330893,0.00178242246140895,2.74898935365824,"Weakly structured"
"CCT4",0.9111,2.80311851728697e-05,0.000421390072757371,0.829,0.64,"Example_Visium","TLS","Rest","wilcox","SCT",0.25,0.05,0.05,41,1212,TRUE,FALSE,2,12793,0.174608726178973,1.8266008621614e-27,26.7383563416997,"Weakly structured"
"EIF4A3",0.911,0.000270096053410774,0.00291663439198612,0.756,0.582,"Example_Visium","TLS","Rest","wilcox","SCT",0.25,0.05,0.05,41,1212,TRUE,FALSE,2,12793,0.138435996000307,6.29251519152908e-18,17.201175727295,"Weakly structured"
"LAD1",-0.9107,1.68771139983941e-06,3.46563273485483e-05,0.488,0.811,"Example_Visium","TLS","Rest","wilcox","SCT",0.25,0.05,0.05,41,1212,TRUE,FALSE,2,12793,0.0836187921064907,1.29393686597228e-07,6.88808691333406,"Weakly structured"
"PYGB",-0.9104,2.13447010991415e-07,5.31250508095948e-06,0.805,0.96,"Example_Visium","TLS","Rest","wilcox","SCT",0.25,0.05,0.05,41,1212,TRUE,FALSE,2,12793,0.24869058789603,6.88752329495446e-54,53.1619369192686,"Weakly structured"
"PDCD5",0.9102,0.000575573686183496,0.00551972576262779,0.707,0.552,"Example_Visium","TLS","Rest","wilcox","SCT",0.25,0.05,0.05,41,1212,TRUE,FALSE,2,12793,0.156925722762957,1.55189127136362e-22,21.8091387095604,"Weakly structured"
"SGSM3",-0.9099,0.0011160943940501,0.00951879705538858,0.366,0.633,"Example_Visium","TLS","Rest","wilcox","SCT",0.25,0.05,0.05,41,1212,TRUE,FALSE,2,12793,0.138326638267431,6.70535274505515e-18,17.1735783705042,"Weakly structured"
"TMC5",-0.9092,0.000485836322836087,0.0047445069298031,0.512,0.737,"Example_Visium","TLS","Rest","wilcox","SCT",0.25,0.05,0.05,41,1212,TRUE,FALSE,2,12793,0.0886175498339239,2.39127988807293e-08,7.62136958878105,"Weakly structured"
"ZFPL1",-0.9088,0.00747750397084458,0.0434816855904612,0.146,0.37,"Example_Visium","TLS","Rest","wilcox","SCT",0.25,0.05,0.05,41,1212,TRUE,FALSE,2,12793,0.0279834968199885,0.041624177916,1.38065433078462,"Weakly structured"
"RAB11FIP1",-0.9088,0.00265611509802904,0.0195510244240998,0.366,0.592,"Example_Visium","TLS","Rest","wilcox","SCT",0.25,0.05,0.05,41,1212,TRUE,FALSE,2,12793,0.0609852407227647,8.72811633345575e-05,4.05907947384946,"Weakly structured"
"MCM4",0.9083,0.00825927188086661,0.0471069394435696,0.463,0.278,"Example_Visium","TLS","Rest","wilcox","SCT",0.25,0.05,0.05,41,1212,TRUE,FALSE,2,12793,0.18058527372015,2.69855484096103e-29,28.568868751627,"Weakly structured"
"NAT9",0.9074,0.0040816546059859,0.0272258291346994,0.463,0.267,"Example_Visium","TLS","Rest","wilcox","SCT",0.25,0.05,0.05,41,1212,TRUE,FALSE,2,12793,0.00882710574138152,0.285805347441528,0.543929649783601,"Not structured"
"CDX1",-0.9068,1.9778621901991e-05,0.000311227441564787,0.683,0.873,"Example_Visium","TLS","Rest","wilcox","SCT",0.25,0.05,0.05,41,1212,TRUE,FALSE,2,12793,0.211840215326095,1.37972815504059e-39,38.8602064733058,"Weakly structured"
"RPL13A",0.9063,8.90891345109693e-20,3.79905765932943e-17,1,1,"Example_Visium","TLS","Rest","wilcox","SCT",0.25,0.05,0.05,41,1212,TRUE,FALSE,2,12793,0.687462886986971,0,397.520566280242,"Spatially structured"
"MOV10",-0.905,0.0063675994889245,0.0384819699240662,0.293,0.511,"Example_Visium","TLS","Rest","wilcox","SCT",0.25,0.05,0.05,41,1212,TRUE,FALSE,2,12793,0.0435008656397178,0.00369030171665867,2.43293812475606,"Weakly structured"
"EMP3",0.9046,0.0013513774786363,0.0112406840599442,0.634,0.402,"Example_Visium","TLS","Rest","wilcox","SCT",0.25,0.05,0.05,41,1212,TRUE,FALSE,2,12793,0.0948155174967991,2.54596715268719e-09,8.59414720378477,"Weakly structured"
"FUT3",-0.9035,4.46013378105901e-05,0.000634688447843025,0.634,0.836,"Example_Visium","TLS","Rest","wilcox","SCT",0.25,0.05,0.05,41,1212,TRUE,FALSE,2,12793,0.1026568738396,1.23362903751463e-10,9.90881541662455,"Weakly structured"
"MGAT5",0.9029,0.00297853460310719,0.0213752147826092,0.561,0.405,"Example_Visium","TLS","Rest","wilcox","SCT",0.25,0.05,0.05,41,1212,TRUE,FALSE,2,12793,0.06156534173071,7.54531201726616e-05,4.12232279636882,"Weakly structured"
"ZDHHC7",-0.9019,0.00345851686040181,0.0240591659571073,0.268,0.51,"Example_Visium","TLS","Rest","wilcox","SCT",0.25,0.05,0.05,41,1212,TRUE,FALSE,2,12793,0.0368610370986685,0.0116101786624064,1.93516109710034,"Weakly structured"
"HMGA1",0.9019,6.39893164094235e-10,2.69281356850577e-08,0.976,0.804,"Example_Visium","TLS","Rest","wilcox","SCT",0.25,0.05,0.05,41,1212,TRUE,FALSE,2,12793,0.32826160372459,2.22018389667161e-92,91.6536110516746,"Spatially structured"
"TNFRSF11A",-0.9007,0.00404164967556405,0.0270422721231647,0.341,0.558,"Example_Visium","TLS","Rest","wilcox","SCT",0.25,0.05,0.05,41,1212,TRUE,FALSE,2,12793,0.148016240828848,3.05316204618192e-20,19.515250144966,"Weakly structured"
"TMBIM1",-0.8998,7.4971869866942e-06,0.000131385634412026,0.732,0.899,"Example_Visium","TLS","Rest","wilcox","SCT",0.25,0.05,0.05,41,1212,TRUE,FALSE,2,12793,0.279059957568581,2.49738080364246e-67,66.602515230852,"Weakly structured"
"EEF1A1",0.8997,1.61107692199329e-21,1.28815669144126e-18,1,1,"Example_Visium","TLS","Rest","wilcox","SCT",0.25,0.05,0.05,41,1212,TRUE,FALSE,2,12793,0.744011992362748,0,465.113701168041,"Spatially structured"
"EFNB2",-0.8993,0.00210239917555173,0.0162121715809725,0.39,0.604,"Example_Visium","TLS","Rest","wilcox","SCT",0.25,0.05,0.05,41,1212,TRUE,FALSE,2,12793,0.0503597787964617,0.00096706372335385,3.01454490772762,"Weakly structured"
"TPD52",-0.8993,6.56157906362846e-06,0.00011674865224061,0.659,0.894,"Example_Visium","TLS","Rest","wilcox","SCT",0.25,0.05,0.05,41,1212,TRUE,FALSE,2,12793,0.141073148611165,1.46963933960865e-18,17.8327892312625,"Weakly structured"
"TNK2",0.899,0.0024580585972194,0.0184002010732755,0.488,0.277,"Example_Visium","TLS","Rest","wilcox","SCT",0.25,0.05,0.05,41,1212,TRUE,FALSE,2,12793,0.0396479308233331,0.00728425687664444,2.13761474737161,"Weakly structured"
"FBXO3",-0.8986,0.00856270056485681,0.0485992139867849,0.122,0.328,"Example_Visium","TLS","Rest","wilcox","SCT",0.25,0.05,0.05,41,1212,TRUE,FALSE,2,12793,0.0340694917733912,0.0177642467175466,1.75045320378675,"Weakly structured"
"RPL7",0.8984,1.35873731247566e-15,1.65545966080963e-13,1,0.998,"Example_Visium","TLS","Rest","wilcox","SCT",0.25,0.05,0.05,41,1212,TRUE,FALSE,2,12793,0.611807535949021,4.0913701130722e-316,315.388131229789,"Spatially structured"
"RPS8",0.8972,2.15336030215973e-13,1.62046696150173e-11,1,1,"Example_Visium","TLS","Rest","wilcox","SCT",0.25,0.05,0.05,41,1212,TRUE,FALSE,2,12793,0.609566796537984,1.12408477718159e-313,312.949200933547,"Spatially structured"
"MGLL",-0.8972,0.000105514801669032,0.00132425131172633,0.683,0.822,"Example_Visium","TLS","Rest","wilcox","SCT",0.25,0.05,0.05,41,1212,TRUE,FALSE,2,12793,0.328011193426074,3.12672352215756e-92,91.504910519176,"Spatially structured"
"RPL30",0.8965,1.40744554442231e-14,1.35379329697703e-12,1,1,"Example_Visium","TLS","Rest","wilcox","SCT",0.25,0.05,0.05,41,1212,TRUE,FALSE,2,12793,0.497818527216496,4.34608848552435e-210,209.361901435773,"Spatially structured"
"RPL35",0.8961,6.5215143223224e-16,9.16810249730444e-14,1,1,"Example_Visium","TLS","Rest","wilcox","SCT",0.25,0.05,0.05,41,1212,TRUE,FALSE,2,12793,0.62180861713891,0,325.540666135965,"Spatially structured"
"S100A6",-0.8951,2.17982374783643e-17,4.89236582562658e-15,1,1,"Example_Visium","TLS","Rest","wilcox","SCT",0.25,0.05,0.05,41,1212,TRUE,FALSE,2,12793,0.646998443630814,0,352.395025116995,"Spatially structured"
"NPM1",0.8947,6.08524115318961e-10,2.56925709811071e-08,1,0.894,"Example_Visium","TLS","Rest","wilcox","SCT",0.25,0.05,0.05,41,1212,TRUE,FALSE,2,12793,0.403412559664866,1.44339464800111e-138,137.840614909367,"Spatially structured"
"CARS2",0.8945,0.00457846754162824,0.0297774963192934,0.634,0.459,"Example_Visium","TLS","Rest","wilcox","SCT",0.25,0.05,0.05,41,1212,TRUE,FALSE,2,12793,0.113527165788085,1.2541164602698e-12,11.9016621320029,"Weakly structured"
"CASC4",-0.8944,0.00171760979118052,0.0136823324545814,0.317,0.57,"Example_Visium","TLS","Rest","wilcox","SCT",0.25,0.05,0.05,41,1212,TRUE,FALSE,2,12793,0.00554108324616704,0.358080623951508,0.446019178397776,"Not structured"
"SDC3",0.8938,0.0047335504105024,0.0306304048566299,0.439,0.24,"Example_Visium","TLS","Rest","wilcox","SCT",0.25,0.05,0.05,41,1212,TRUE,FALSE,2,12793,0.0465201728618264,0.00207419207548897,2.68315102930545,"Weakly structured"
"RPS12",0.8935,2.74698867616224e-15,3.05584575079509e-13,1,1,"Example_Visium","TLS","Rest","wilcox","SCT",0.25,0.05,0.05,41,1212,TRUE,FALSE,2,12793,0.746899448138522,0,468.790655478464,"Spatially structured"
"RPS10",0.8929,6.59117861333881e-14,5.69736135138131e-12,1,0.994,"Example_Visium","TLS","Rest","wilcox","SCT",0.25,0.05,0.05,41,1212,TRUE,FALSE,2,12793,0.543573865461833,5.08145152003522e-250,249.294012213484,"Spatially structured"
"CXADR",-0.8921,0.00142060044128653,0.0116872935340055,0.463,0.647,"Example_Visium","TLS","Rest","wilcox","SCT",0.25,0.05,0.05,41,1212,TRUE,FALSE,2,12793,0.08134060585917,2.72810430099503e-07,6.56413902973378,"Weakly structured"
"RPS25",0.8916,1.71750465028398e-16,2.89105749882671e-14,1,0.999,"Example_Visium","TLS","Rest","wilcox","SCT",0.25,0.05,0.05,41,1212,TRUE,FALSE,2,12793,0.424475793299488,2.6800562638903e-153,152.571856088493,"Spatially structured"
"TK1",0.8911,6.69650695883671e-05,0.000897991756020944,0.634,0.314,"Example_Visium","TLS","Rest","wilcox","SCT",0.25,0.05,0.05,41,1212,TRUE,FALSE,2,12793,0.136242971603208,1.95257666313227e-17,16.7093919056086,"Weakly structured"
"FN1",0.8906,1.55955424226697e-05,0.000251593662311744,0.829,0.568,"Example_Visium","TLS","Rest","wilcox","SCT",0.25,0.05,0.05,41,1212,TRUE,FALSE,2,12793,0.314255496322639,6.93954624471219e-85,84.1586689257786,"Spatially structured"
"RPS17",0.8892,1.60958469000551e-14,1.52529014364745e-12,1,0.999,"Example_Visium","TLS","Rest","wilcox","SCT",0.25,0.05,0.05,41,1212,TRUE,FALSE,2,12793,0.654936251707187,0,361.049650314238,"Spatially structured"
"TRRAP",0.889,0.00198749635501239,0.015541589773639,0.512,0.293,"Example_Visium","TLS","Rest","wilcox","SCT",0.25,0.05,0.05,41,1212,TRUE,FALSE,2,12793,0.0568467179599004,0.000232404520015392,3.63375542964378,"Weakly structured"
"PPP4R1",-0.8882,0.00580735050042494,0.0359948812751629,0.22,0.448,"Example_Visium","TLS","Rest","wilcox","SCT",0.25,0.05,0.05,41,1212,TRUE,FALSE,2,12793,0.0396572263806381,0.00729187174133899,2.13716097887041,"Weakly structured"
"EIF3J",0.8878,0.0055170045319873,0.0344996921804988,0.585,0.397,"Example_Visium","TLS","Rest","wilcox","SCT",0.25,0.05,0.05,41,1212,TRUE,FALSE,2,12793,0.0585691520822544,0.000155811338334152,3.80740094206277,"Weakly structured"
"SOX4",0.8873,0.000172074096085388,0.00200669454076606,0.756,0.476,"Example_Visium","TLS","Rest","wilcox","SCT",0.25,0.05,0.05,41,1212,TRUE,FALSE,2,12793,0.103206072811331,9.96614009711378e-11,10.0014730121102,"Weakly structured"
"LMO7",-0.887,0.00606946673272457,0.0371693096753209,0.463,0.598,"Example_Visium","TLS","Rest","wilcox","SCT",0.25,0.05,0.05,41,1212,TRUE,FALSE,2,12793,0.161708221486769,8.17702163985543e-24,23.0874048529196,"Weakly structured"
"EIF3E",0.8863,0.000748298135544944,0.00683784146287605,0.927,0.747,"Example_Visium","TLS","Rest","wilcox","SCT",0.25,0.05,0.05,41,1212,TRUE,FALSE,2,12793,0.142516685236089,6.77454295125813e-19,18.1691199994118,"Weakly structured"
"RPL31",0.8862,8.78832233687398e-14,7.20698767023262e-12,1,0.999,"Example_Visium","TLS","Rest","wilcox","SCT",0.25,0.05,0.05,41,1212,TRUE,FALSE,2,12793,0.575155135130452,1.2685235314064e-279,278.896701472104,"Spatially structured"
"CCNDBP1",-0.8859,0.00809130943290009,0.0462934354092535,0.293,0.496,"Example_Visium","TLS","Rest","wilcox","SCT",0.25,0.05,0.05,41,1212,TRUE,FALSE,2,12793,0.0449733361497439,0.00280770846207588,2.55164798909384,"Weakly structured"
"IPO9",0.8856,0.00256886983324675,0.0190182591300496,0.488,0.266,"Example_Visium","TLS","Rest","wilcox","SCT",0.25,0.05,0.05,41,1212,TRUE,FALSE,2,12793,0.053911389594346,0.000446116690483055,3.35055152827353,"Weakly structured"
"RPS23",0.8851,2.25747389351808e-12,1.40134304686367e-10,1,0.998,"Example_Visium","TLS","Rest","wilcox","SCT",0.25,0.05,0.05,41,1212,TRUE,FALSE,2,12793,0.487978057933998,5.14599596201979e-202,201.288530558909,"Spatially structured"
"BAX",-0.8832,0.00555661447996638,0.0347098481651415,0.439,0.588,"Example_Visium","TLS","Rest","wilcox","SCT",0.25,0.05,0.05,41,1212,TRUE,FALSE,2,12793,0.0543305867034954,0.000410776226461879,3.38639469899683,"Weakly structured"
"RPS13",0.8829,2.64132452080461e-15,2.99030660129676e-13,1,1,"Example_Visium","TLS","Rest","wilcox","SCT",0.25,0.05,0.05,41,1212,TRUE,FALSE,2,12793,0.537657265442028,1.39794350336078e-244,243.85451037986,"Spatially structured"
"CAVIN1",0.8826,0.00669563298392492,0.0399334418477163,0.634,0.474,"Example_Visium","TLS","Rest","wilcox","SCT",0.25,0.05,0.05,41,1212,TRUE,FALSE,2,12793,0.102799234735269,1.16458844546791e-10,9.93382752308461,"Weakly structured"
"SRI",-0.882,1.88123427092143e-07,4.72821808013711e-06,0.878,0.965,"Example_Visium","TLS","Rest","wilcox","SCT",0.25,0.05,0.05,41,1212,TRUE,FALSE,2,12793,0.247064788077412,3.26434424813896e-53,52.4862040480849,"Weakly structured"
"MYO5B",-0.8815,0.000300878813287447,0.00318637637283634,0.268,0.625,"Example_Visium","TLS","Rest","wilcox","SCT",0.25,0.05,0.05,41,1212,TRUE,FALSE,2,12793,0.0539632159655974,0.000444896079001174,3.35174142179895,"Weakly structured"
"ABO",-0.8815,0.00214499300290968,0.0164653758656501,0.39,0.607,"Example_Visium","TLS","Rest","wilcox","SCT",0.25,0.05,0.05,41,1212,TRUE,FALSE,2,12793,0.0500461438473708,0.00103156650567712,2.9865027675769,"Weakly structured"
"RPS6",0.881,5.87759637988354e-15,6.21422235436778e-13,1,1,"Example_Visium","TLS","Rest","wilcox","SCT",0.25,0.05,0.05,41,1212,TRUE,FALSE,2,12793,0.686954648619085,0,396.944066160108,"Spatially structured"
"GSDMB",-0.879,0.00121873261013471,0.0102709132288889,0.439,0.682,"Example_Visium","TLS","Rest","wilcox","SCT",0.25,0.05,0.05,41,1212,TRUE,FALSE,2,12793,0.120221120008872,5.98914179440063e-14,13.2226354047657,"Weakly structured"
"WTAP",0.8785,9.52263283822846e-05,0.00121944986886343,0.78,0.605,"Example_Visium","TLS","Rest","wilcox","SCT",0.25,0.05,0.05,41,1212,TRUE,FALSE,2,12793,0.0710696847035739,6.07630814521746e-06,5.21636021006037,"Weakly structured"
"CTSL",0.8784,0.00104098803723797,0.00898607284776342,0.634,0.414,"Example_Visium","TLS","Rest","wilcox","SCT",0.25,0.05,0.05,41,1212,TRUE,FALSE,2,12793,0.15830650176452,6.500212663069e-23,22.1870724346054,"Weakly structured"
"SPINT2",-0.8779,1.54551567460177e-11,8.23824251049186e-10,0.976,0.998,"Example_Visium","TLS","Rest","wilcox","SCT",0.25,0.05,0.05,41,1212,TRUE,FALSE,2,12793,0.343825933255449,2.29543837634104e-101,100.639134361872,"Spatially structured"
"PARP12",-0.8762,0.00304818291737599,0.0217486916129342,0.366,0.59,"Example_Visium","TLS","Rest","wilcox","SCT",0.25,0.05,0.05,41,1212,TRUE,FALSE,2,12793,0.107793214167972,1.50507380314862e-11,10.8224422033829,"Weakly structured"
"VPS37B",-0.8762,0.0018992644837452,0.0149613858008327,0.415,0.617,"Example_Visium","TLS","Rest","wilcox","SCT",0.25,0.05,0.05,41,1212,TRUE,FALSE,2,12793,0.023249501118186,0.07442592611362,1.12827575253569,"Not structured"
"EEF1G",0.8758,5.61248595840149e-16,8.06747560290228e-14,1,0.998,"Example_Visium","TLS","Rest","wilcox","SCT",0.25,0.05,0.05,41,1212,TRUE,FALSE,2,12793,0.55101356632416,5.74784518254781e-257,256.240494938045,"Spatially structured"
"OCIAD1",-0.8755,0.000686995053675878,0.00636403165943194,0.561,0.733,"Example_Visium","TLS","Rest","wilcox","SCT",0.25,0.05,0.05,41,1212,TRUE,FALSE,2,12793,0.0333112002916853,0.0199203746745187,1.70070249736083,"Weakly structured"
"GPR35",-0.8727,0.00199277794538087,0.0155733709561744,0.366,0.615,"Example_Visium","TLS","Rest","wilcox","SCT",0.25,0.05,0.05,41,1212,TRUE,FALSE,2,12793,0.00758689349529678,0.312392739693329,0.505299068097441,"Not structured"
"CTSD",-0.8727,5.67986194225167e-08,1.60230303202464e-06,1,1,"Example_Visium","TLS","Rest","wilcox","SCT",0.25,0.05,0.05,41,1212,TRUE,FALSE,2,12793,0.659236560280884,0,365.758012102811,"Spatially structured"
"SEMA3F",0.8724,0.00529768943985423,0.0334188072012106,0.537,0.341,"Example_Visium","TLS","Rest","wilcox","SCT",0.25,0.05,0.05,41,1212,TRUE,FALSE,2,12793,0.0982859700915053,6.81525743307395e-10,9.16651773489139,"Weakly structured"
"TOMM40",0.8686,0.00168999189958572,0.0135464075008773,0.683,0.48,"Example_Visium","TLS","Rest","wilcox","SCT",0.25,0.05,0.05,41,1212,TRUE,FALSE,2,12793,0.196943094055402,1.87865558358838e-34,33.7261528323834,"Weakly structured"
"TPCN1",-0.868,0.00401058440327038,0.0269330216645869,0.341,0.566,"Example_Visium","TLS","Rest","wilcox","SCT",0.25,0.05,0.05,41,1212,TRUE,FALSE,2,12793,0.0286119482441174,0.038388594587688,1.41579778717888,"Weakly structured"
"CAPN2",-0.8673,4.83832123961524e-05,0.000678855540828126,0.683,0.89,"Example_Visium","TLS","Rest","wilcox","SCT",0.25,0.05,0.05,41,1212,TRUE,FALSE,2,12793,0.235351648049686,1.94783822647529e-48,47.710447115356,"Weakly structured"
"PLXNB2",-0.8671,2.2397726390847e-06,4.44238935997062e-05,0.805,0.943,"Example_Visium","TLS","Rest","wilcox","SCT",0.25,0.05,0.05,41,1212,TRUE,FALSE,2,12793,0.205691718386386,1.9355295196976e-37,36.7132002006592,"Weakly structured"
"B4GALT1",-0.8668,0.0038246561092115,0.0259707142277828,0.512,0.67,"Example_Visium","TLS","Rest","wilcox","SCT",0.25,0.05,0.05,41,1212,TRUE,FALSE,2,12793,0.144055791625237,2.88483026983351e-19,18.5398797336497,"Weakly structured"
"ZNF292",0.8664,0.00608578274694516,0.0372335527635171,0.488,0.296,"Example_Visium","TLS","Rest","wilcox","SCT",0.25,0.05,0.05,41,1212,TRUE,FALSE,2,12793,-0.0026401359872685,0.555095164713706,0.255632555675349,"Not structured"
"ID1",-0.8664,2.22916701908535e-08,6.97255102082125e-07,0.878,0.991,"Example_Visium","TLS","Rest","wilcox","SCT",0.25,0.05,0.05,41,1212,TRUE,FALSE,2,12793,0.317804544839545,7.67478061249497e-87,86.1149340302019,"Spatially structured"
"RPL36",0.8663,1.21466435561863e-17,2.87762983359798e-15,1,1,"Example_Visium","TLS","Rest","wilcox","SCT",0.25,0.05,0.05,41,1212,TRUE,FALSE,2,12793,0.643549845624921,0,348.72077994188,"Spatially structured"
"CD151",-0.8657,3.2236528322958e-08,9.74945406230738e-07,0.878,0.981,"Example_Visium","TLS","Rest","wilcox","SCT",0.25,0.05,0.05,41,1212,TRUE,FALSE,2,12793,0.202641245361382,2.03579800058574e-36,35.6912653165038,"Weakly structured"
"SBNO1",0.8657,0.00654984862876621,0.0392580956099192,0.39,0.207,"Example_Visium","TLS","Rest","wilcox","SCT",0.25,0.05,0.05,41,1212,TRUE,FALSE,2,12793,0.0643106032921075,3.71578031131417e-05,4.42994997078292,"Weakly structured"
"CFTR",-0.8656,0.00500588473541543,0.0320361597899798,0.439,0.629,"Example_Visium","TLS","Rest","wilcox","SCT",0.25,0.05,0.05,41,1212,TRUE,FALSE,2,12793,0.207588439386479,4.5645661755648e-38,37.3406004922833,"Weakly structured"
"SET",0.8654,5.79397855276861e-08,1.62193364607372e-06,0.951,0.809,"Example_Visium","TLS","Rest","wilcox","SCT",0.25,0.05,0.05,41,1212,TRUE,FALSE,2,12793,0.211601921976752,1.70715995085845e-39,38.7677257861373,"Weakly structured"
"NANS",-0.8651,5.11680443255778e-06,9.35132558653024e-05,0.78,0.899,"Example_Visium","TLS","Rest","wilcox","SCT",0.25,0.05,0.05,41,1212,TRUE,FALSE,2,12793,0.224797551288391,2.39196417352939e-44,43.6212453294307,"Weakly structured"
"ANXA6",0.8651,0.00098706357338013,0.00860184216229701,0.707,0.558,"Example_Visium","TLS","Rest","wilcox","SCT",0.25,0.05,0.05,41,1212,TRUE,FALSE,2,12793,0.0990400806315138,5.18032809037228e-10,9.28564273382118,"Weakly structured"
"RPL19",0.865,7.85986578676708e-17,1.43644661443016e-14,1,1,"Example_Visium","TLS","Rest","wilcox","SCT",0.25,0.05,0.05,41,1212,TRUE,FALSE,2,12793,0.60648989675001,1.23142244100015e-310,309.909592936246,"Spatially structured"
"RPL35A",0.8648,8.22261378769269e-15,8.33162965696121e-13,1,0.998,"Example_Visium","TLS","Rest","wilcox","SCT",0.25,0.05,0.05,41,1212,TRUE,FALSE,2,12793,0.500259246193107,3.42132550557897e-212,211.465805604987,"Spatially structured"
"RPL18A",0.8637,6.13215528396959e-18,1.57616743919608e-15,1,1,"Example_Visium","TLS","Rest","wilcox","SCT",0.25,0.05,0.05,41,1212,TRUE,FALSE,2,12793,0.607869524102427,5.19743079182411e-312,311.284211284956,"Spatially structured"
"SUMF1",-0.8635,0.00830729911186139,0.0472754793318695,0.22,0.446,"Example_Visium","TLS","Rest","wilcox","SCT",0.25,0.05,0.05,41,1212,TRUE,FALSE,2,12793,0.0172219497270291,0.141190850424686,0.850193445910409,"Not structured"
"ERBB2",-0.8627,0.000356104795745343,0.00365621882180592,0.561,0.771,"Example_Visium","TLS","Rest","wilcox","SCT",0.25,0.05,0.05,41,1212,TRUE,FALSE,2,12793,0.152262523575102,2.55325481971201e-21,20.5929058396132,"Weakly structured"
"TMEM181",-0.8623,0.000224909356989016,0.00251070279577704,0.293,0.609,"Example_Visium","TLS","Rest","wilcox","SCT",0.25,0.05,0.05,41,1212,TRUE,FALSE,2,12793,0.0166075340374438,0.149586469217058,0.825107688624837,"Not structured"
"MCAM",0.8621,0.00110786067568647,0.00945864085373846,0.756,0.576,"Example_Visium","TLS","Rest","wilcox","SCT",0.25,0.05,0.05,41,1212,TRUE,FALSE,2,12793,0.164350663789697,1.48626875399119e-24,23.8279026523373,"Weakly structured"
"COL4A1",0.8619,1.71998783573062e-06,3.51498472563927e-05,0.927,0.883,"Example_Visium","TLS","Rest","wilcox","SCT",0.25,0.05,0.05,41,1212,TRUE,FALSE,2,12793,0.362710045545414,1.97144832647662e-112,111.70521460171,"Spatially structured"
"RPL37A",0.8613,8.20391296470547e-17,1.47820645855601e-14,1,1,"Example_Visium","TLS","Rest","wilcox","SCT",0.25,0.05,0.05,41,1212,TRUE,FALSE,2,12793,0.70943340482923,0,423.126111218845,"Spatially structured"
"FLNB",-0.8609,2.43876552761169e-05,0.000372304622848883,0.829,0.913,"Example_Visium","TLS","Rest","wilcox","SCT",0.25,0.05,0.05,41,1212,TRUE,FALSE,2,12793,0.355779557217297,3.25889608761927e-108,107.486929487124,"Spatially structured"
"CCDC88B",0.8604,3.73245170726524e-06,7.04266293378234e-05,0.854,0.585,"Example_Visium","TLS","Rest","wilcox","SCT",0.25,0.05,0.05,41,1212,TRUE,FALSE,2,12793,0.247109516804978,3.44815271391431e-53,52.4624135081195,"Weakly structured"
"PLGRKT",-0.8603,0.000512210879660199,0.00496922775982832,0.293,0.575,"Example_Visium","TLS","Rest","wilcox","SCT",0.25,0.05,0.05,41,1212,TRUE,FALSE,2,12793,0.061702468845788,7.31113432141592e-05,4.13601523708948,"Weakly structured"
"TAX1BP3",-0.8602,1.9082775158935e-05,0.000300647712571744,0.829,0.904,"Example_Visium","TLS","Rest","wilcox","SCT",0.25,0.05,0.05,41,1212,TRUE,FALSE,2,12793,0.292189304142355,1.27188736266649e-73,72.8955513477587,"Weakly structured"
"DNAJC9",0.8601,0.00456107271996889,0.0296945563901079,0.488,0.29,"Example_Visium","TLS","Rest","wilcox","SCT",0.25,0.05,0.05,41,1212,TRUE,FALSE,2,12793,0.106742155166542,2.26339292191255e-11,10.645240046573,"Weakly structured"
"HSP90AB1",0.8596,2.40492293297383e-12,1.4720659847624e-10,1,0.986,"Example_Visium","TLS","Rest","wilcox","SCT",0.25,0.05,0.05,41,1212,TRUE,FALSE,2,12793,0.464583857414001,3.29495775101555e-183,182.482150149695,"Spatially structured"
"RPS3A",0.859,1.20358387923128e-13,9.44628746442075e-12,1,0.999,"Example_Visium","TLS","Rest","wilcox","SCT",0.25,0.05,0.05,41,1212,TRUE,FALSE,2,12793,0.569811705288274,1.64115055014753e-274,273.784851577326,"Spatially structured"
"RANBP1",0.8588,0.00510764968312821,0.0325409175280175,0.732,0.541,"Example_Visium","TLS","Rest","wilcox","SCT",0.25,0.05,0.05,41,1212,TRUE,FALSE,2,12793,0.189345846931933,5.4737765756943e-32,31.2617129332546,"Weakly structured"
"MINDY1",-0.8578,0.00882918347251195,0.0497804073000641,0.073,0.268,"Example_Visium","TLS","Rest","wilcox","SCT",0.25,0.05,0.05,41,1212,TRUE,FALSE,2,12793,0.0609079967420971,8.80806575617288e-05,4.05511945182054,"Weakly structured"
"CYB561D2",-0.8575,0.00719161071098851,0.0422222468222469,0.268,0.483,"Example_Visium","TLS","Rest","wilcox","SCT",0.25,0.05,0.05,41,1212,TRUE,FALSE,2,12793,0.04556580572143,0.00251022423673408,2.60028748153631,"Weakly structured"
"ACSL5",-0.857,7.91853235927826e-06,0.000137638294119901,0.756,0.885,"Example_Visium","TLS","Rest","wilcox","SCT",0.25,0.05,0.05,41,1212,TRUE,FALSE,2,12793,0.0417753896399954,0.00504428809567983,2.29720011742192,"Weakly structured"
"IPO5",0.8551,0.000184034266032048,0.00211912724153734,0.732,0.518,"Example_Visium","TLS","Rest","wilcox","SCT",0.25,0.05,0.05,41,1212,TRUE,FALSE,2,12793,0.258981934324464,3.06321237527127e-58,57.5138228921222,"Weakly structured"
"SLC25A1",-0.8549,0.000180448729017534,0.00208346623675209,0.61,0.809,"Example_Visium","TLS","Rest","wilcox","SCT",0.25,0.05,0.05,41,1212,TRUE,FALSE,2,12793,0.0679863278412314,1.42493129240612e-05,4.84620607604022,"Weakly structured"
"NFKBIA",0.8547,0.00023550703379571,0.00260626425895201,0.829,0.661,"Example_Visium","TLS","Rest","wilcox","SCT",0.25,0.05,0.05,41,1212,TRUE,FALSE,2,12793,0.159243827227182,3.75261349087297e-23,22.4256661644506,"Weakly structured"
"THOC2",0.8544,0.00755994948864753,0.0438140990040632,0.561,0.378,"Example_Visium","TLS","Rest","wilcox","SCT",0.25,0.05,0.05,41,1212,TRUE,FALSE,2,12793,0.104086659254637,6.90238955356498e-11,10.1610005338609,"Weakly structured"
"LDHB",0.8541,1.42903253392479e-06,2.98231863075039e-05,0.951,0.749,"Example_Visium","TLS","Rest","wilcox","SCT",0.25,0.05,0.05,41,1212,TRUE,FALSE,2,12793,0.344262891444505,2.1701566086896e-101,100.663508924292,"Spatially structured"
"PACSIN2",-0.8534,0.000541942747389745,0.00522856226799171,0.585,0.764,"Example_Visium","TLS","Rest","wilcox","SCT",0.25,0.05,0.05,41,1212,TRUE,FALSE,2,12793,0.156042972353549,2.64760802288464e-22,21.5771463115658,"Weakly structured"
"PTPN1",0.8532,0.00471703727869776,0.0305389969161844,0.537,0.351,"Example_Visium","TLS","Rest","wilcox","SCT",0.25,0.05,0.05,41,1212,TRUE,FALSE,2,12793,0.0512365967905196,0.000803940669082578,3.09477600105357,"Weakly structured"
"MTHFD1",0.8528,0.00435182801556094,0.0285355898529324,0.585,0.37,"Example_Visium","TLS","Rest","wilcox","SCT",0.25,0.05,0.05,41,1212,TRUE,FALSE,2,12793,0.140326676824884,2.21101623346919e-18,17.6554080687826,"Weakly structured"
"ARL4A",-0.8523,0.00318388886583388,0.0225659225820569,0.293,0.537,"Example_Visium","TLS","Rest","wilcox","SCT",0.25,0.05,0.05,41,1212,TRUE,FALSE,2,12793,0.0563948104950906,0.000259378592858791,3.58606587014454,"Weakly structured"
"MGST2",-0.8522,0.000326237242801349,0.00341534619243671,0.463,0.698,"Example_Visium","TLS","Rest","wilcox","SCT",0.25,0.05,0.05,41,1212,TRUE,FALSE,2,12793,0.039483587293236,0.00752070926806442,2.12374119974332,"Weakly structured"
"BICDL2",-0.8506,0.00385663430830255,0.0261185403420405,0.439,0.634,"Example_Visium","TLS","Rest","wilcox","SCT",0.25,0.05,0.05,41,1212,TRUE,FALSE,2,12793,0.0584159709529041,0.000161910262073367,3.79072562425098,"Weakly structured"
"CD81",0.8501,9.43734010322941e-08,2.49962509193817e-06,0.976,0.936,"Example_Visium","TLS","Rest","wilcox","SCT",0.25,0.05,0.05,41,1212,TRUE,FALSE,2,12793,0.186792365412422,3.35697868856186e-31,30.4740514158176,"Weakly structured"
"EHD4",-0.8487,0.00522734850413002,0.0330402516864305,0.244,0.491,"Example_Visium","TLS","Rest","wilcox","SCT",0.25,0.05,0.05,41,1212,TRUE,FALSE,2,12793,0.0347358096738518,0.0161325084135919,1.79229809972305,"Weakly structured"
"RACK1",0.8482,2.75516311650004e-17,5.87446695823083e-15,1,0.998,"Example_Visium","TLS","Rest","wilcox","SCT",0.25,0.05,0.05,41,1212,TRUE,FALSE,2,12793,0.523553102664504,3.59997332635837e-232,231.443700717082,"Spatially structured"
"CARD10",-0.848,0.00287983352306419,0.0208616705892187,0.268,0.518,"Example_Visium","TLS","Rest","wilcox","SCT",0.25,0.05,0.05,41,1212,TRUE,FALSE,2,12793,0.0673294056980225,1.70217597289793e-05,4.76899554407047,"Weakly structured"
"VPS33A",0.848,0.00556856880203134,0.0347675454779829,0.488,0.295,"Example_Visium","TLS","Rest","wilcox","SCT",0.25,0.05,0.05,41,1212,TRUE,FALSE,2,12793,0.0352240612775752,0.0149664766521002,1.82488042748927,"Weakly structured"
"IL2RG",-0.8479,0.00156160155277794,0.012668084124723,0.561,0.716,"Example_Visium","TLS","Rest","wilcox","SCT",0.25,0.05,0.05,41,1212,TRUE,FALSE,2,12793,0.251079386464448,7.77992610023108e-55,54.1090245282564,"Weakly structured"
"IGFBP4",0.8468,2.6738742137509e-07,6.55304076944738e-06,0.951,0.899,"Example_Visium","TLS","Rest","wilcox","SCT",0.25,0.05,0.05,41,1212,TRUE,FALSE,2,12793,0.149863972100935,1.02128701143236e-20,19.9908521913461,"Weakly structured"
"ASL",-0.8464,6.04227098762469e-06,0.000108110171670885,0.732,0.908,"Example_Visium","TLS","Rest","wilcox","SCT",0.25,0.05,0.05,41,1212,TRUE,FALSE,2,12793,0.151527897674895,3.81981335407101e-21,20.417957857318,"Weakly structured"
"MKI67",0.8461,0.00089701312374877,0.00790867601110821,0.61,0.373,"Example_Visium","TLS","Rest","wilcox","SCT",0.25,0.05,0.05,41,1212,TRUE,FALSE,2,12793,0.289546257750003,2.36505365044178e-72,71.6261590029911,"Weakly structured"
"HMGB1",0.8451,2.44550852236325e-09,9.20158544899795e-08,1,0.967,"Example_Visium","TLS","Rest","wilcox","SCT",0.25,0.05,0.05,41,1212,TRUE,FALSE,2,12793,0.448326793779445,1.01391625929979e-170,169.993997912484,"Spatially structured"
"UBE2I",0.8451,1.90121193994434e-06,3.83630983402333e-05,0.854,0.684,"Example_Visium","TLS","Rest","wilcox","SCT",0.25,0.05,0.05,41,1212,TRUE,FALSE,2,12793,0.106662620491371,2.40671818195022e-11,10.6185747610708,"Weakly structured"
"HNRNPC",0.8448,8.0683277136408e-10,3.32086131357277e-08,1,0.932,"Example_Visium","TLS","Rest","wilcox","SCT",0.25,0.05,0.05,41,1212,TRUE,FALSE,2,12793,0.205006842985208,3.32594411383221e-37,36.4780850525483,"Weakly structured"
"NOP53",0.8447,1.7400022819501e-08,5.53786274970683e-07,1,0.862,"Example_Visium","TLS","Rest","wilcox","SCT",0.25,0.05,0.05,41,1212,TRUE,FALSE,2,12793,0.174690374176515,1.68744515097274e-27,26.7727703346552,"Weakly structured"
"BLOC1S1",-0.8446,4.41351983438004e-06,8.20670919203835e-05,0.756,0.946,"Example_Visium","TLS","Rest","wilcox","SCT",0.25,0.05,0.05,41,1212,TRUE,FALSE,2,12793,0.169466775130958,5.36002003130094e-26,25.2708335872723,"Weakly structured"
"ZFAND2B",-0.8423,0.00660376728143119,0.0394960237640716,0.317,0.523,"Example_Visium","TLS","Rest","wilcox","SCT",0.25,0.05,0.05,41,1212,TRUE,FALSE,2,12793,0.00304533793771317,0.417232715763275,0.379621645311657,"Not structured"
"DKK3",0.8412,0.00426161540760246,0.0280735560810805,0.61,0.382,"Example_Visium","TLS","Rest","wilcox","SCT",0.25,0.05,0.05,41,1212,TRUE,FALSE,2,12793,0.199127873820656,3.2899345763699e-35,34.482812738343,"Weakly structured"
"EML2",-0.8404,0.00770006698168921,0.0444325470891971,0.195,0.434,"Example_Visium","TLS","Rest","wilcox","SCT",0.25,0.05,0.05,41,1212,TRUE,FALSE,2,12793,0.0738003931251622,2.75001031656848e-06,5.56066567692597,"Weakly structured"
"GFPT1",-0.8401,7.42844316626162e-06,0.000130359497154986,0.732,0.917,"Example_Visium","TLS","Rest","wilcox","SCT",0.25,0.05,0.05,41,1212,TRUE,FALSE,2,12793,0.114280644526063,8.85729641713547e-13,12.0526988210361,"Weakly structured"
"PPP1R14B",0.8394,5.11080551836849e-06,9.35132558653024e-05,0.927,0.708,"Example_Visium","TLS","Rest","wilcox","SCT",0.25,0.05,0.05,41,1212,TRUE,FALSE,2,12793,0.245117835233953,2.33990990880531e-52,51.630800863471,"Weakly structured"
"SEMA4B",-0.8391,0.000125753442664639,0.00152779087560183,0.537,0.795,"Example_Visium","TLS","Rest","wilcox","SCT",0.25,0.05,0.05,41,1212,TRUE,FALSE,2,12793,0.123327382375726,1.36038035105949e-14,13.866339649518,"Weakly structured"
"MLLT6",0.8379,0.00507828280311575,0.032386077716979,0.634,0.468,"Example_Visium","TLS","Rest","wilcox","SCT",0.25,0.05,0.05,41,1212,TRUE,FALSE,2,12793,0.0668258970450328,1.94292101568523e-05,4.7115448541348,"Weakly structured"
"RPS3",0.8365,8.03146853359105e-15,8.21972615601843e-13,1,1,"Example_Visium","TLS","Rest","wilcox","SCT",0.25,0.05,0.05,41,1212,TRUE,FALSE,2,12793,0.63780265104711,0,342.534086817116,"Spatially structured"
"POF1B",-0.8361,0.00323002808211475,0.0227919190592907,0.341,0.578,"Example_Visium","TLS","Rest","wilcox","SCT",0.25,0.05,0.05,41,1212,TRUE,FALSE,2,12793,0.0544695896659845,0.000398168075708485,3.39993356374468,"Weakly structured"
"ATP1B1",-0.8361,3.14333158542532e-07,7.55876710006505e-06,0.976,0.983,"Example_Visium","TLS","Rest","wilcox","SCT",0.25,0.05,0.05,41,1212,TRUE,FALSE,2,12793,0.283511358271424,1.76334442689479e-69,68.7536628504402,"Weakly structured"
"EFNA1",-0.8359,6.06825810695558e-05,0.000824110679005125,0.78,0.896,"Example_Visium","TLS","Rest","wilcox","SCT",0.25,0.05,0.05,41,1212,TRUE,FALSE,2,12793,0.266598089969722,1.2859289976416e-61,60.8907830102483,"Weakly structured"
"EBPL",0.8355,0.00642381215412116,0.0387092929287197,0.61,0.427,"Example_Visium","TLS","Rest","wilcox","SCT",0.25,0.05,0.05,41,1212,TRUE,FALSE,2,12793,0.317801064729584,1.00667374243409e-86,85.9971112591573,"Spatially structured"
"ORMDL2",-0.8349,0.0073736872378427,0.0429756632499871,0.39,0.581,"Example_Visium","TLS","Rest","wilcox","SCT",0.25,0.05,0.05,41,1212,TRUE,FALSE,2,12793,0.0587069412757018,0.000151301436675025,3.82015694813628,"Weakly structured"
"RPLP0",0.8344,8.58358810190092e-16,1.1122899336339e-13,1,1,"Example_Visium","TLS","Rest","wilcox","SCT",0.25,0.05,0.05,41,1212,TRUE,FALSE,2,12793,0.66909113746971,0,376.660767578232,"Spatially structured"
"PHYKPL",-0.8341,0.00406254835183535,0.0271253554619153,0.293,0.537,"Example_Visium","TLS","Rest","wilcox","SCT",0.25,0.05,0.05,41,1212,TRUE,FALSE,2,12793,0.0693425751932113,9.82049359145169e-06,5.00786668342928,"Weakly structured"
"ZNF263",0.834,0.00858484595103825,0.048660139234219,0.463,0.275,"Example_Visium","TLS","Rest","wilcox","SCT",0.25,0.05,0.05,41,1212,TRUE,FALSE,2,12793,0.0452796583259897,0.00264177854586138,2.57810359108993,"Weakly structured"
"ACAA1",-0.8338,0.00259160492090358,0.0191422642916394,0.537,0.694,"Example_Visium","TLS","Rest","wilcox","SCT",0.25,0.05,0.05,41,1212,TRUE,FALSE,2,12793,0.169776004556391,4.60477670711532e-26,25.3367914245809,"Weakly structured"
"ACO2",-0.8337,0.000679882260159366,0.00632102743765899,0.512,0.719,"Example_Visium","TLS","Rest","wilcox","SCT",0.25,0.05,0.05,41,1212,TRUE,FALSE,2,12793,0.0634455153195732,4.69674626235281e-05,4.32820290156608,"Weakly structured"
"ATIC",0.8336,0.00542643087528777,0.0340295736213512,0.61,0.427,"Example_Visium","TLS","Rest","wilcox","SCT",0.25,0.05,0.05,41,1212,TRUE,FALSE,2,12793,0.162989929108776,3.59169026341145e-24,23.4447011226426,"Weakly structured"
"CCT8",0.8332,7.41081669663069e-05,0.000981434554865387,0.878,0.611,"Example_Visium","TLS","Rest","wilcox","SCT",0.25,0.05,0.05,41,1212,TRUE,FALSE,2,12793,0.0967923288672038,1.22712119889811e-09,8.91111254125569,"Weakly structured"
"PLCD3",-0.8325,0.00239840042505056,0.0180380579880493,0.341,0.595,"Example_Visium","TLS","Rest","wilcox","SCT",0.25,0.05,0.05,41,1212,TRUE,FALSE,2,12793,0.164785964268165,1.17054146272954e-24,23.9316131981863,"Weakly structured"
"DAB2IP",-0.8317,0.00353675506009244,0.0245367177243832,0.268,0.526,"Example_Visium","TLS","Rest","wilcox","SCT",0.25,0.05,0.05,41,1212,TRUE,FALSE,2,12793,0.0540329005308818,0.000437706628184244,3.35881687682292,"Weakly structured"
"RUBCNL",0.8316,0.00163770731549493,0.0132121509366897,0.707,0.528,"Example_Visium","TLS","Rest","wilcox","SCT",0.25,0.05,0.05,41,1212,TRUE,FALSE,2,12793,0.307258329206388,3.32767185024666e-81,80.477859507097,"Spatially structured"
"NELFCD",0.8245,0.000357492439312336,0.00366458395522653,0.683,0.434,"Example_Visium","TLS","Rest","wilcox","SCT",0.25,0.05,0.05,41,1212,TRUE,FALSE,2,12793,0.25712193299884,1.92487243893591e-57,56.7155980458448,"Weakly structured"
"NR2F6",-0.824,1.1904162735002e-05,0.000197011583271515,0.732,0.902,"Example_Visium","TLS","Rest","wilcox","SCT",0.25,0.05,0.05,41,1212,TRUE,FALSE,2,12793,0.134164705695455,5.90455708967259e-17,16.2288126739565,"Weakly structured"
"ST14",-0.8231,6.27857338876534e-08,1.73481186528024e-06,0.976,0.985,"Example_Visium","TLS","Rest","wilcox","SCT",0.25,0.05,0.05,41,1212,TRUE,FALSE,2,12793,0.274529856189978,2.72395000719215e-65,64.5648008673172,"Weakly structured"
"SLC41A3",0.8219,0.00688815217168721,0.0408152527709099,0.39,0.204,"Example_Visium","TLS","Rest","wilcox","SCT",0.25,0.05,0.05,41,1212,TRUE,FALSE,2,12793,0.0192610017990481,0.114862498165853,0.93982174240061,"Not structured"
"TYMP",0.8196,4.6798394355746e-07,1.09450065629444e-05,1,0.897,"Example_Visium","TLS","Rest","wilcox","SCT",0.25,0.05,0.05,41,1212,TRUE,FALSE,2,12793,0.261045184375686,3.68534861406287e-59,58.4335214239507,"Weakly structured"
"NAA60",-0.8183,0.00670708197935687,0.0399458564999592,0.463,0.615,"Example_Visium","TLS","Rest","wilcox","SCT",0.25,0.05,0.05,41,1212,TRUE,FALSE,2,12793,0.0287479267230028,0.0377342247578046,1.42326456807529,"Weakly structured"
"SH3D19",-0.817,0.00123874100928504,0.0104120983783072,0.341,0.608,"Example_Visium","TLS","Rest","wilcox","SCT",0.25,0.05,0.05,41,1212,TRUE,FALSE,2,12793,0.0716590238421478,5.15789562704957e-06,5.28752745030492,"Weakly structured"
"CNN2",0.8166,0.00014815441906062,0.00176639280805454,0.854,0.715,"Example_Visium","TLS","Rest","wilcox","SCT",0.25,0.05,0.05,41,1212,TRUE,FALSE,2,12793,0.0769547365710519,1.07533819355164e-06,5.96845492877656,"Weakly structured"
"TRAPPC6A",0.8152,0.00858153346648083,0.048660139234219,0.488,0.311,"Example_Visium","TLS","Rest","wilcox","SCT",0.25,0.05,0.05,41,1212,TRUE,FALSE,2,12793,0.118853228864761,1.09828696977382e-13,12.9592841688971,"Weakly structured"
"RBPJ",0.8148,0.00249799912817602,0.0186136049885574,0.61,0.414,"Example_Visium","TLS","Rest","wilcox","SCT",0.25,0.05,0.05,41,1212,TRUE,FALSE,2,12793,0.0144126892672216,0.182986947840832,0.737579886678643,"Not structured"
"SELENOM",0.8143,0.000811849944613023,0.00729221685071374,0.732,0.578,"Example_Visium","TLS","Rest","wilcox","SCT",0.25,0.05,0.05,41,1212,TRUE,FALSE,2,12793,0.0764091274917668,1.26969762189312e-06,5.89629969383071,"Weakly structured"
"MPRIP",0.8142,0.000997594762812315,0.00868178898003942,0.78,0.575,"Example_Visium","TLS","Rest","wilcox","SCT",0.25,0.05,0.05,41,1212,TRUE,FALSE,2,12793,0.0411068947944994,0.00568142487362512,2.24554273169242,"Weakly structured"
"TRMT112",0.8129,0.00107736581924581,0.00926259470807236,0.756,0.639,"Example_Visium","TLS","Rest","wilcox","SCT",0.25,0.05,0.05,41,1212,TRUE,FALSE,2,12793,0.16157644809176,8.84764499935197e-24,23.0531723112107,"Weakly structured"
"PTPRK",-0.8122,0.00763268978760219,0.0441574209982013,0.366,0.566,"Example_Visium","TLS","Rest","wilcox","SCT",0.25,0.05,0.05,41,1212,TRUE,FALSE,2,12793,0.0635995523656893,4.5217915004243e-05,4.34468946682542,"Weakly structured"
"RPSA",0.8115,7.18135386437837e-14,6.01185136037168e-12,1,0.998,"Example_Visium","TLS","Rest","wilcox","SCT",0.25,0.05,0.05,41,1212,TRUE,FALSE,2,12793,0.547741029266633,7.08695755987435e-254,253.149540167996,"Spatially structured"
"RPL9",0.8108,2.87228669184901e-16,4.26090154645822e-14,1,1,"Example_Visium","TLS","Rest","wilcox","SCT",0.25,0.05,0.05,41,1212,TRUE,FALSE,2,12793,0.591165682805122,2.97055642366088e-295,294.527162194086,"Spatially structured"
"UBE2C",0.8108,0.000211862831033028,0.00238430385560897,0.634,0.385,"Example_Visium","TLS","Rest","wilcox","SCT",0.25,0.05,0.05,41,1212,TRUE,FALSE,2,12793,0.425482879750134,5.14688365801142e-154,153.288455648586,"Spatially structured"
"COL18A1",0.8097,1.27294766629887e-06,2.70063341541649e-05,0.976,0.868,"Example_Visium","TLS","Rest","wilcox","SCT",0.25,0.05,0.05,41,1212,TRUE,FALSE,2,12793,0.226431954936146,5.78483224516509e-45,44.2377092306717,"Weakly structured"
"TNFRSF21",-0.8095,0.000891618394377603,0.00787068051443201,0.39,0.64,"Example_Visium","TLS","Rest","wilcox","SCT",0.25,0.05,0.05,41,1212,TRUE,FALSE,2,12793,0.089262103860685,1.91765402450803e-08,7.71722974377664,"Weakly structured"
"C11orf96",0.8086,0.000155397479468957,0.00183903788607435,0.927,0.814,"Example_Visium","TLS","Rest","wilcox","SCT",0.25,0.05,0.05,41,1212,TRUE,FALSE,2,12793,0.225284756288174,1.58846017237004e-44,43.7990236698118,"Weakly structured"
"ARHGEF1",0.8082,0.00217349605796872,0.0166201644169718,0.659,0.488,"Example_Visium","TLS","Rest","wilcox","SCT",0.25,0.05,0.05,41,1212,TRUE,FALSE,2,12793,0.0529530291516113,0.000555125611644908,3.25560873530647,"Weakly structured"
"CTSS",-0.8079,3.09135308739531e-06,5.93809009715438e-05,0.976,0.969,"Example_Visium","TLS","Rest","wilcox","SCT",0.25,0.05,0.05,41,1212,TRUE,FALSE,2,12793,0.405549426629962,4.57484393546535e-140,139.339623716706,"Spatially structured"
"RPS29",0.8063,2.75258114382239e-18,7.82528234953773e-16,1,1,"Example_Visium","TLS","Rest","wilcox","SCT",0.25,0.05,0.05,41,1212,TRUE,FALSE,2,12793,0.650621950696338,0,356.30753790014,"Spatially structured"
"TLE1",-0.806,0.00404408621596296,0.0270423110757853,0.268,0.521,"Example_Visium","TLS","Rest","wilcox","SCT",0.25,0.05,0.05,41,1212,TRUE,FALSE,2,12793,0.0676570489831729,1.5582967148257e-05,4.8073498449032,"Weakly structured"
"KIF1C",-0.8047,0.00270283019339839,0.0198037266117673,0.488,0.694,"Example_Visium","TLS","Rest","wilcox","SCT",0.25,0.05,0.05,41,1212,TRUE,FALSE,2,12793,0.12676250911077,2.58187581993326e-15,14.5880646497592,"Weakly structured"
"RPS5",0.8043,3.11603603538479e-14,2.78765377627116e-12,1,0.999,"Example_Visium","TLS","Rest","wilcox","SCT",0.25,0.05,0.05,41,1212,TRUE,FALSE,2,12793,0.518550175877532,1.14429330871136e-227,226.941462641602,"Spatially structured"
"TGOLN2",-0.8033,4.62616962818073e-05,0.000653951249207912,0.659,0.886,"Example_Visium","TLS","Rest","wilcox","SCT",0.25,0.05,0.05,41,1212,TRUE,FALSE,2,12793,0.132150237623912,1.66462870944981e-16,15.7786826194663,"Weakly structured"
"ACVRL1",-0.8032,8.16211805834437e-05,0.0010731549467667,0.732,0.87,"Example_Visium","TLS","Rest","wilcox","SCT",0.25,0.05,0.05,41,1212,TRUE,FALSE,2,12793,0.29941546777116,3.32914601991322e-77,76.477667155804,"Weakly structured"
"IMP4",0.8027,0.000538250005616041,0.00520077969927947,0.732,0.505,"Example_Visium","TLS","Rest","wilcox","SCT",0.25,0.05,0.05,41,1212,TRUE,FALSE,2,12793,0.0814458836536235,2.63323024590089e-07,6.57951116514292,"Weakly structured"
"CD55",-0.802,0.00154732134072092,0.0125761638575875,0.927,0.914,"Example_Visium","TLS","Rest","wilcox","SCT",0.25,0.05,0.05,41,1212,TRUE,FALSE,2,12793,0.458516593081161,1.77905978813342e-178,177.749809456514,"Spatially structured"
"XPNPEP1",-0.8009,0.00403146473061187,0.0269953982084096,0.439,0.634,"Example_Visium","TLS","Rest","wilcox","SCT",0.25,0.05,0.05,41,1212,TRUE,FALSE,2,12793,0.0575227730292285,0.000199877166604304,3.69923681560747,"Weakly structured"
"LAMTOR3",-0.7999,0.00241303960202315,0.0181374944939378,0.171,0.453,"Example_Visium","TLS","Rest","wilcox","SCT",0.25,0.05,0.05,41,1212,TRUE,FALSE,2,12793,0.0595153086260364,0.0001244415533623,3.9050345763767,"Weakly structured"
"GSTO1",0.7999,2.0515899546685e-05,0.000322036690675756,0.927,0.697,"Example_Visium","TLS","Rest","wilcox","SCT",0.25,0.05,0.05,41,1212,TRUE,FALSE,2,12793,0.0578598192532924,0.000184693794177767,3.73354769686962,"Weakly structured"
"RPL7A",0.7988,1.5394772500348e-12,9.94673356550261e-11,1,1,"Example_Visium","TLS","Rest","wilcox","SCT",0.25,0.05,0.05,41,1212,TRUE,FALSE,2,12793,0.509611256358857,5.5981322169869e-220,219.251956848558,"Spatially structured"
"EIF2S1",0.7982,0.0003822228337925,0.00387769763101305,0.683,0.417,"Example_Visium","TLS","Rest","wilcox","SCT",0.25,0.05,0.05,41,1212,TRUE,FALSE,2,12793,0.101844903496651,1.71215763478134e-10,9.76645625323123,"Weakly structured"
"GPRC5A",-0.7976,1.57916043739524e-05,0.000254031656831418,0.878,0.949,"Example_Visium","TLS","Rest","wilcox","SCT",0.25,0.05,0.05,41,1212,TRUE,FALSE,2,12793,0.250168426835355,1.67043772136426e-54,53.7771697114488,"Weakly structured"
"HNRNPL",0.7975,1.42162042050404e-06,2.9716977188739e-05,0.927,0.79,"Example_Visium","TLS","Rest","wilcox","SCT",0.25,0.05,0.05,41,1212,TRUE,FALSE,2,12793,0.127193421524246,2.07315938791292e-15,14.6833673073465,"Weakly structured"
"ITGA3",-0.7973,0.000119261712916393,0.001460014443387,0.634,0.847,"Example_Visium","TLS","Rest","wilcox","SCT",0.25,0.05,0.05,41,1212,TRUE,FALSE,2,12793,0.125992583837692,3.71854655762424e-15,14.4296267766095,"Weakly structured"
"RPL18",0.7965,8.00277132524381e-16,1.06645264129004e-13,1,1,"Example_Visium","TLS","Rest","wilcox","SCT",0.25,0.05,0.05,41,1212,TRUE,FALSE,2,12793,0.507829573053253,1.94835130964159e-218,217.71033273222,"Spatially structured"
"NPDC1",-0.7965,7.38323307533322e-05,0.000979810173576119,0.829,0.899,"Example_Visium","TLS","Rest","wilcox","SCT",0.25,0.05,0.05,41,1212,TRUE,FALSE,2,12793,0.240717634774214,1.38479666573332e-50,49.858613990811,"Weakly structured"
"RPS15",0.7945,1.01037569053876e-14,1.00199505496607e-12,1,0.999,"Example_Visium","TLS","Rest","wilcox","SCT",0.25,0.05,0.05,41,1212,TRUE,FALSE,2,12793,0.605460015689243,1.06360839257177e-309,308.973218244457,"Spatially structured"
"IMPDH2",0.7937,0.00124274040279592,0.0104251658839136,0.732,0.64,"Example_Visium","TLS","Rest","wilcox","SCT",0.25,0.05,0.05,41,1212,TRUE,FALSE,2,12793,0.24450069950589,4.28921816152894e-52,51.3676218637776,"Weakly structured"
"KARS",0.7914,0.00011652908614222,0.00143479942157596,0.854,0.659,"Example_Visium","TLS","Rest","wilcox","SCT",0.25,0.05,0.05,41,1212,TRUE,FALSE,2,12793,0.0759345676987838,1.46858705016199e-06,5.83310030567198,"Weakly structured"
"TXNDC17",-0.7913,2.1025778710418e-06,4.20285604753715e-05,0.805,0.96,"Example_Visium","TLS","Rest","wilcox","SCT",0.25,0.05,0.05,41,1212,TRUE,FALSE,2,12793,0.130917878706114,3.05482073499305e-16,15.5150142702292,"Weakly structured"
"RPS20",0.7912,4.50535393178317e-11,2.29629453582877e-09,1,0.996,"Example_Visium","TLS","Rest","wilcox","SCT",0.25,0.05,0.05,41,1212,TRUE,FALSE,2,12793,0.409845038784359,4.74846020253551e-143,142.323447197524,"Spatially structured"
"CFDP1",-0.7911,0.00538167849176494,0.0338152322913305,0.415,0.615,"Example_Visium","TLS","Rest","wilcox","SCT",0.25,0.05,0.05,41,1212,TRUE,FALSE,2,12793,0.0973737037735747,9.82383626237871e-10,9.00771888469415,"Weakly structured"
"CDKN1A",-0.7905,0.00051926736311297,0.00502875653013189,0.756,0.862,"Example_Visium","TLS","Rest","wilcox","SCT",0.25,0.05,0.05,41,1212,TRUE,FALSE,2,12793,0.323657854075057,7.06050885576138e-90,89.1511639979163,"Spatially structured"
"ZMIZ1",0.7904,0.0060106731920296,0.0368975730065425,0.707,0.598,"Example_Visium","TLS","Rest","wilcox","SCT",0.25,0.05,0.05,41,1212,TRUE,FALSE,2,12793,0.0945089526182446,2.86952981810111e-09,8.542189258016,"Weakly structured"
"LRPAP1",-0.7896,0.000233515826423271,0.00258646577266919,0.561,0.771,"Example_Visium","TLS","Rest","wilcox","SCT",0.25,0.05,0.05,41,1212,TRUE,FALSE,2,12793,0.117613362097776,1.99041219871869e-13,12.7010569753032,"Weakly structured"
"FUS",0.7896,1.23614551320312e-07,3.22077587584673e-06,0.976,0.826,"Example_Visium","TLS","Rest","wilcox","SCT",0.25,0.05,0.05,41,1212,TRUE,FALSE,2,12793,0.152900541933074,1.7256646734158e-21,20.7630435913749,"Weakly structured"
"DHCR24",-0.7892,0.000295001333410672,0.0031293134811963,0.634,0.815,"Example_Visium","TLS","Rest","wilcox","SCT",0.25,0.05,0.05,41,1212,TRUE,FALSE,2,12793,0.1367488995884,1.53390091535583e-17,16.8142026933884,"Weakly structured"
"CKS2",0.789,0.000452187796251064,0.00445673226305075,0.756,0.491,"Example_Visium","TLS","Rest","wilcox","SCT",0.25,0.05,0.05,41,1212,TRUE,FALSE,2,12793,0.304461747106635,9.50768601008816e-80,79.0219251692175,"Spatially structured"
"BCL7C",0.7886,0.000654098501469198,0.00613481094523127,0.732,0.54,"Example_Visium","TLS","Rest","wilcox","SCT",0.25,0.05,0.05,41,1212,TRUE,FALSE,2,12793,0.0821270377015884,2.11556347014536e-07,6.67457394063739,"Weakly structured"
"HSPD1",0.7885,3.99346241548226e-07,9.44332064348697e-06,1,0.816,"Example_Visium","TLS","Rest","wilcox","SCT",0.25,0.05,0.05,41,1212,TRUE,FALSE,2,12793,0.416096631643874,3.00856783566233e-147,146.52164019181,"Spatially structured"
"PLIN3",-0.7881,0.000685797178995541,0.00635753863107968,0.585,0.797,"Example_Visium","TLS","Rest","wilcox","SCT",0.25,0.05,0.05,41,1212,TRUE,FALSE,2,12793,0.174369215935316,2.12431218292014e-27,26.6727816602097,"Weakly structured"
"ELMO3",-0.7879,0.00456652273735295,0.0297149162660001,0.415,0.616,"Example_Visium","TLS","Rest","wilcox","SCT",0.25,0.05,0.05,41,1212,TRUE,FALSE,2,12793,0.08188938796379,2.28528799993808e-07,6.64105906084478,"Weakly structured"
"SUPT16H",0.7878,0.00111737525718754,0.00952337219533656,0.659,0.456,"Example_Visium","TLS","Rest","wilcox","SCT",0.25,0.05,0.05,41,1212,TRUE,FALSE,2,12793,0.0914392782040959,8.81923620881549e-09,8.05456902537388,"Weakly structured"
"CLCN7",0.7872,0.000874296546943196,0.00774575881235755,0.732,0.493,"Example_Visium","TLS","Rest","wilcox","SCT",0.25,0.05,0.05,41,1212,TRUE,FALSE,2,12793,0.0366639734391422,0.0119785006267405,1.92159754006735,"Weakly structured"
"IVNS1ABP",-0.7868,6.24372239610126e-05,0.000842573213220712,0.878,0.912,"Example_Visium","TLS","Rest","wilcox","SCT",0.25,0.05,0.05,41,1212,TRUE,FALSE,2,12793,0.340423240932792,3.08448172531846e-99,98.5108177984843,"Spatially structured"
"TMEM176A",-0.7862,4.55829611324427e-06,8.45589702042596e-05,0.951,0.949,"Example_Visium","TLS","Rest","wilcox","SCT",0.25,0.05,0.05,41,1212,TRUE,FALSE,2,12793,0.242444140483811,2.63606302799716e-51,50.5790442100173,"Weakly structured"
"PTMA",0.786,2.99518232703847e-16,4.35424630793218e-14,1,1,"Example_Visium","TLS","Rest","wilcox","SCT",0.25,0.05,0.05,41,1212,TRUE,FALSE,2,12793,0.598433646960382,1.91636036363153e-302,301.717522820299,"Spatially structured"
"ARHGAP27",-0.7849,0.00203329289484913,0.0157935130563478,0.512,0.679,"Example_Visium","TLS","Rest","wilcox","SCT",0.25,0.05,0.05,41,1212,TRUE,FALSE,2,12793,0.0327455064221666,0.0216254993002827,1.66503385654041,"Weakly structured"
"SELENOH",0.784,0.000347785945641349,0.00358519387799337,0.902,0.754,"Example_Visium","TLS","Rest","wilcox","SCT",0.25,0.05,0.05,41,1212,TRUE,FALSE,2,12793,0.164402884878506,1.48075322439425e-24,23.8295173129939,"Weakly structured"
"RPS4X",0.7839,3.5944848964704e-13,2.59797995935287e-11,1,0.998,"Example_Visium","TLS","Rest","wilcox","SCT",0.25,0.05,0.05,41,1212,TRUE,FALSE,2,12793,0.642119201067503,0,347.332869499223,"Spatially structured"
"ARPC1A",-0.7833,0.000222245626560459,0.00248965700576878,0.634,0.81,"Example_Visium","TLS","Rest","wilcox","SCT",0.25,0.05,0.05,41,1212,TRUE,FALSE,2,12793,0.0263551376508693,0.051137741652932,1.29125845521712,"Not structured"
"HSPG2",0.7833,1.45352001808731e-05,0.000235676572767946,0.878,0.876,"Example_Visium","TLS","Rest","wilcox","SCT",0.25,0.05,0.05,41,1212,TRUE,FALSE,2,12793,0.186566596377853,4.04062603709351e-31,30.3935513419706,"Weakly structured"
"SERPINA1",-0.7825,1.41039265042947e-05,0.000229556656195218,0.927,0.983,"Example_Visium","TLS","Rest","wilcox","SCT",0.25,0.05,0.05,41,1212,TRUE,FALSE,2,12793,0.407486492172885,1.99324080385359e-141,140.700440230919,"Spatially structured"
"ABL1",0.7821,0.00340185752995898,0.0237090473797375,0.634,0.418,"Example_Visium","TLS","Rest","wilcox","SCT",0.25,0.05,0.05,41,1212,TRUE,FALSE,2,12793,0.00822781459554276,0.298403329958192,0.525196334770419,"Not structured"
"ATP1B3",-0.7806,0.00706315698726261,0.041620896977453,0.902,0.941,"Example_Visium","TLS","Rest","wilcox","SCT",0.25,0.05,0.05,41,1212,TRUE,FALSE,2,12793,0.517919131348883,4.64201635412628e-227,226.33329333383,"Spatially structured"
"ODC1",0.78,0.00034089679509079,0.00353411077763086,0.78,0.63,"Example_Visium","TLS","Rest","wilcox","SCT",0.25,0.05,0.05,41,1212,TRUE,FALSE,2,12793,0.324869585470059,1.6292089839044e-90,89.7880232037608,"Spatially structured"
"SMDT1",-0.7787,0.00460109315179039,0.0299094434404748,0.463,0.647,"Example_Visium","TLS","Rest","wilcox","SCT",0.25,0.05,0.05,41,1212,TRUE,FALSE,2,12793,0.0800257897077815,4.13802225647905e-07,6.38320717779787,"Weakly structured"
"TTC38",-0.7785,0.003961364058597,0.0266724896850692,0.366,0.587,"Example_Visium","TLS","Rest","wilcox","SCT",0.25,0.05,0.05,41,1212,TRUE,FALSE,2,12793,0.105422904062635,4.04280210995184e-11,10.3933175163115,"Weakly structured"
"ADRM1",0.7777,9.52806233256258e-06,0.000161875831899699,0.902,0.692,"Example_Visium","TLS","Rest","wilcox","SCT",0.25,0.05,0.05,41,1212,TRUE,FALSE,2,12793,0.192470118283048,5.48473559838746e-33,32.2608443035367,"Weakly structured"
"CD164",-0.7773,5.13118065729297e-07,1.18489520124096e-05,0.951,0.986,"Example_Visium","TLS","Rest","wilcox","SCT",0.25,0.05,0.05,41,1212,TRUE,FALSE,2,12793,0.310475640614818,6.10786015068821e-83,82.2141109153746,"Spatially structured"
"DPYSL2",0.7771,0.00274344466425365,0.0200439106737847,0.61,0.41,"Example_Visium","TLS","Rest","wilcox","SCT",0.25,0.05,0.05,41,1212,TRUE,FALSE,2,12793,0.0655739415390361,2.70994485447243e-05,4.56703954663187,"Weakly structured"
"TMEM106C",-0.7768,5.29169083248414e-05,0.000729489232973811,0.707,0.87,"Example_Visium","TLS","Rest","wilcox","SCT",0.25,0.05,0.05,41,1212,TRUE,FALSE,2,12793,0.104441558734974,5.98720167354234e-11,10.2227761127861,"Weakly structured"
"GBA",-0.7733,0.00101310001764087,0.00878088653501328,0.61,0.782,"Example_Visium","TLS","Rest","wilcox","SCT",0.25,0.05,0.05,41,1212,TRUE,FALSE,2,12793,0.0774293847856191,9.2875796463593e-07,6.0320974488894,"Weakly structured"
"NAMPT",0.7732,3.12245906098192e-08,9.5108616112242e-07,1,0.936,"Example_Visium","TLS","Rest","wilcox","SCT",0.25,0.05,0.05,41,1212,TRUE,FALSE,2,12793,0.327505936839181,5.12206198705904e-92,91.2905551700154,"Spatially structured"
"RPL10",0.7729,2.42007528600824e-14,2.21143022385024e-12,1,1,"Example_Visium","TLS","Rest","wilcox","SCT",0.25,0.05,0.05,41,1212,TRUE,FALSE,2,12793,0.684581204052341,0,394.359329563074,"Spatially structured"
"PTTG1IP",-0.7707,2.96624537759348e-05,0.000439203438837423,0.805,0.924,"Example_Visium","TLS","Rest","wilcox","SCT",0.25,0.05,0.05,41,1212,TRUE,FALSE,2,12793,0.204283568725884,5.90638623146544e-37,36.2286781569799,"Weakly structured"
"HTATIP2",-0.7707,0.00298947529374912,0.0214134140161996,0.512,0.712,"Example_Visium","TLS","Rest","wilcox","SCT",0.25,0.05,0.05,41,1212,TRUE,FALSE,2,12793,0.0987291368716391,5.84117147516358e-10,9.23350004429545,"Weakly structured"
"MYH14",-0.7703,1.26146768812805e-05,0.000207695703143142,0.902,0.954,"Example_Visium","TLS","Rest","wilcox","SCT",0.25,0.05,0.05,41,1212,TRUE,FALSE,2,12793,0.274775464106692,2.29008757473991e-65,64.6401479095819,"Weakly structured"
"SCARB2",-0.77,0.000849556970561173,0.00756324448461314,0.585,0.76,"Example_Visium","TLS","Rest","wilcox","SCT",0.25,0.05,0.05,41,1212,TRUE,FALSE,2,12793,0.0960090737281783,1.64178470664009e-09,8.78468379414014,"Weakly structured"
"TAZ",0.7678,0.00343750338733449,0.0239390205956288,0.561,0.374,"Example_Visium","TLS","Rest","wilcox","SCT",0.25,0.05,0.05,41,1212,TRUE,FALSE,2,12793,0.0702916744677138,7.52368786761789e-06,5.12356923015821,"Weakly structured"
"RPL22",0.7674,1.84715281167481e-10,8.37965458147372e-09,1,0.995,"Example_Visium","TLS","Rest","wilcox","SCT",0.25,0.05,0.05,41,1212,TRUE,FALSE,2,12793,0.477647433814641,1.33915311030253e-193,192.873169765663,"Spatially structured"
"OTULINL",-0.7668,0.00311134780776526,0.0221376376555845,0.39,0.629,"Example_Visium","TLS","Rest","wilcox","SCT",0.25,0.05,0.05,41,1212,TRUE,FALSE,2,12793,0.0763337205576324,1.29985212773754e-06,5.88610605058573,"Weakly structured"
"HSPE1",0.766,3.76498978098289e-05,0.00054362882921122,0.927,0.793,"Example_Visium","TLS","Rest","wilcox","SCT",0.25,0.05,0.05,41,1212,TRUE,FALSE,2,12793,0.29093999712833,5.4608813731492e-73,72.2627372575509,"Weakly structured"
"SELENOS",-0.7658,0.00117997522601275,0.00998374541427323,0.561,0.748,"Example_Visium","TLS","Rest","wilcox","SCT",0.25,0.05,0.05,41,1212,TRUE,FALSE,2,12793,0.0937379128765612,3.8244630201483e-09,8.41742953404177,"Weakly structured"
"CUTA",0.7657,6.47195994276917e-05,0.000868791013093872,0.927,0.811,"Example_Visium","TLS","Rest","wilcox","SCT",0.25,0.05,0.05,41,1212,TRUE,FALSE,2,12793,0.0949888971845194,2.40019474768276e-09,8.61975351894979,"Weakly structured"
"SPPL2A",-0.7656,0.00658124363675842,0.0393797239686859,0.537,0.682,"Example_Visium","TLS","Rest","wilcox","SCT",0.25,0.05,0.05,41,1212,TRUE,FALSE,2,12793,0.195516391745532,5.60653721620051e-34,33.2513052906547,"Weakly structured"
"RPS28",0.7646,6.66291847142963e-16,9.26507782663035e-14,1,1,"Example_Visium","TLS","Rest","wilcox","SCT",0.25,0.05,0.05,41,1212,TRUE,FALSE,2,12793,0.65510016046981,0,361.184144971053,"Spatially structured"
"EML4",0.7643,0.000644164107293287,0.00605050765389355,0.707,0.514,"Example_Visium","TLS","Rest","wilcox","SCT",0.25,0.05,0.05,41,1212,TRUE,FALSE,2,12793,0.0499646322592458,0.00104697992225699,2.98006164662737,"Weakly structured"
"FCER1G",0.7639,0.00155579975239175,0.0126370452268874,0.707,0.518,"Example_Visium","TLS","Rest","wilcox","SCT",0.25,0.05,0.05,41,1212,TRUE,FALSE,2,12793,0.176278893397307,5.73382067148496e-28,27.241555893985,"Weakly structured"
"ANXA11",0.7635,8.48985607806739e-07,1.87259877252959e-05,1,0.988,"Example_Visium","TLS","Rest","wilcox","SCT",0.25,0.05,0.05,41,1212,TRUE,FALSE,2,12793,0.394069701457901,1.92826632384746e-132,131.714832983405,"Spatially structured"
"B2M",-0.7626,6.79648141711373e-08,1.86582375041064e-06,1,1,"Example_Visium","TLS","Rest","wilcox","SCT",0.25,0.05,0.05,41,1212,TRUE,FALSE,2,12793,0.813359036464477,0,555.493672121938,"Spatially structured"
"PPP1R15B",-0.7621,0.00723688642512418,0.0424296462129302,0.22,0.455,"Example_Visium","TLS","Rest","wilcox","SCT",0.25,0.05,0.05,41,1212,TRUE,FALSE,2,12793,0.0209172101412313,0.0964647861525984,1.01563119412369,"Not structured"
"EIF3D",0.7619,0.00401457856157939,0.0269456996528254,0.756,0.63,"Example_Visium","TLS","Rest","wilcox","SCT",0.25,0.05,0.05,41,1212,TRUE,FALSE,2,12793,0.050658322871656,0.000909399013162857,3.04124552140665,"Weakly structured"
"BTG1",0.7618,4.92905057833558e-05,0.00068915130107811,0.878,0.778,"Example_Visium","TLS","Rest","wilcox","SCT",0.25,0.05,0.05,41,1212,TRUE,FALSE,2,12793,0.0582667352285931,0.000167304829685546,3.77649152182597,"Weakly structured"
"RPS11",0.7597,1.59388194268737e-16,2.74227693207098e-14,1,0.999,"Example_Visium","TLS","Rest","wilcox","SCT",0.25,0.05,0.05,41,1212,TRUE,FALSE,2,12793,0.481397061807099,9.89166709957212e-197,196.004730508086,"Spatially structured"
"CASP1",-0.7588,0.00087840855724655,0.00777142508496204,0.634,0.811,"Example_Visium","TLS","Rest","wilcox","SCT",0.25,0.05,0.05,41,1212,TRUE,FALSE,2,12793,0.170972316405368,2.05666923133483e-26,25.6868355491205,"Weakly structured"
"ATP1A1",-0.7587,5.5780264341802e-11,2.77664171877305e-09,1,0.999,"Example_Visium","TLS","Rest","wilcox","SCT",0.25,0.05,0.05,41,1212,TRUE,FALSE,2,12793,0.311588828879689,1.39936174990474e-83,82.8540700012488,"Spatially structured"
"EIF3H",0.7587,3.15535914589242e-06,6.04289065170685e-05,0.976,0.837,"Example_Visium","TLS","Rest","wilcox","SCT",0.25,0.05,0.05,41,1212,TRUE,FALSE,2,12793,0.102758097646898,1.18371389034827e-10,9.92675325610836,"Weakly structured"
"PLPP2",-0.7575,0.00070538557303058,0.00651552175868608,0.585,0.777,"Example_Visium","TLS","Rest","wilcox","SCT",0.25,0.05,0.05,41,1212,TRUE,FALSE,2,12793,0.075565780249807,1.63613284473181e-06,5.78618143697783,"Weakly structured"
"RPL11",0.7573,6.80796665247728e-12,3.87085855045075e-10,1,1,"Example_Visium","TLS","Rest","wilcox","SCT",0.25,0.05,0.05,41,1212,TRUE,FALSE,2,12793,0.560751199246248,6.211311170521e-266,265.206816713186,"Spatially structured"
"CEP170B",-0.7571,0.00560827030094902,0.0349642309746787,0.366,0.605,"Example_Visium","TLS","Rest","wilcox","SCT",0.25,0.05,0.05,41,1212,TRUE,FALSE,2,12793,0.0320959848089845,0.0238051212160989,1.62332960274865,"Weakly structured"
"WBP11",0.7563,0.00229469429417389,0.0174116394456504,0.634,0.407,"Example_Visium","TLS","Rest","wilcox","SCT",0.25,0.05,0.05,41,1212,TRUE,FALSE,2,12793,0.0430899010280982,0.00397593885318842,2.40056030333082,"Weakly structured"
"RPL34",0.7559,3.93521027081083e-11,2.0381840078738e-09,1,1,"Example_Visium","TLS","Rest","wilcox","SCT",0.25,0.05,0.05,41,1212,TRUE,FALSE,2,12793,0.522249800040486,6.8651730093243e-231,230.163348513628,"Spatially structured"
"SDHA",-0.7546,0.000148107928577395,0.00176639280805454,0.756,0.866,"Example_Visium","TLS","Rest","wilcox","SCT",0.25,0.05,0.05,41,1212,TRUE,FALSE,2,12793,0.0777417386835035,8.40118598595472e-07,6.07565940074784,"Weakly structured"
"NOTCH1",0.7523,0.00336701876850153,0.0235145970698273,0.683,0.479,"Example_Visium","TLS","Rest","wilcox","SCT",0.25,0.05,0.05,41,1212,TRUE,FALSE,2,12793,0.129946212634811,5.19456948897382e-16,15.2844504396969,"Weakly structured"
"RRBP1",-0.752,2.38917417145976e-08,7.40065500617063e-07,0.927,0.992,"Example_Visium","TLS","Rest","wilcox","SCT",0.25,0.05,0.05,41,1212,TRUE,FALSE,2,12793,0.196193999045212,2.93482054930617e-34,33.5324184487021,"Weakly structured"
"GCN1",0.7516,0.000107064375290716,0.00133757280575598,0.829,0.554,"Example_Visium","TLS","Rest","wilcox","SCT",0.25,0.05,0.05,41,1212,TRUE,FALSE,2,12793,0.116222089699302,3.7630330626139e-13,12.4244619658822,"Weakly structured"
"TOMM20",0.7516,0.000374988958099203,0.00382175287760011,0.805,0.654,"Example_Visium","TLS","Rest","wilcox","SCT",0.25,0.05,0.05,41,1212,TRUE,FALSE,2,12793,0.0769386747571823,1.0814668851458e-06,5.96598677425414,"Weakly structured"
"DDIT4",0.7514,0.000111118295180324,0.00138147361539541,0.951,0.788,"Example_Visium","TLS","Rest","wilcox","SCT",0.25,0.05,0.05,41,1212,TRUE,FALSE,2,12793,0.285460694193271,2.34638567779667e-70,69.629600600928,"Weakly structured"
"GRAMD1A",0.7509,0.00607805762146308,0.0372041105987451,0.512,0.321,"Example_Visium","TLS","Rest","wilcox","SCT",0.25,0.05,0.05,41,1212,TRUE,FALSE,2,12793,0.118484450014692,1.30219442334509e-13,12.8853241688537,"Weakly structured"
"RHOB",0.7499,7.2294959914405e-07,1.619736291042e-05,0.976,0.896,"Example_Visium","TLS","Rest","wilcox","SCT",0.25,0.05,0.05,41,1212,TRUE,FALSE,2,12793,0.206544448489557,9.95226285834776e-38,37.0020781619517,"Weakly structured"
"IL10RB",-0.7491,0.00236040203950051,0.0178265708195416,0.585,0.747,"Example_Visium","TLS","Rest","wilcox","SCT",0.25,0.05,0.05,41,1212,TRUE,FALSE,2,12793,0.158021336007502,8.00699851739993e-23,22.0965302519081,"Weakly structured"
"LAMB3",-0.7486,0.00169902674569013,0.0135658215256256,0.561,0.745,"Example_Visium","TLS","Rest","wilcox","SCT",0.25,0.05,0.05,41,1212,TRUE,FALSE,2,12793,0.124390568505962,8.19585860925459e-15,14.0864055424317,"Weakly structured"
"BANF1",0.7481,0.000677907783920108,0.00630725402159269,0.805,0.594,"Example_Visium","TLS","Rest","wilcox","SCT",0.25,0.05,0.05,41,1212,TRUE,FALSE,2,12793,0.110097034549728,5.6329912778812e-12,11.2492609212253,"Weakly structured"
"ABHD17C",-0.748,6.23672146096972e-05,0.000842517187435962,0.829,0.883,"Example_Visium","TLS","Rest","wilcox","SCT",0.25,0.05,0.05,41,1212,TRUE,FALSE,2,12793,0.146083302699673,9.00549774916059e-20,19.0454922779872,"Weakly structured"
"NME1",0.7475,8.4472693329653e-05,0.00110496847215363,0.878,0.682,"Example_Visium","TLS","Rest","wilcox","SCT",0.25,0.05,0.05,41,1212,TRUE,FALSE,2,12793,0.289171777466344,4.10950654069388e-72,71.3862103239925,"Weakly structured"
"CXCL2",0.7474,4.00621468229048e-05,0.000573925021618613,0.854,0.573,"Example_Visium","TLS","Rest","wilcox","SCT",0.25,0.05,0.05,41,1212,TRUE,FALSE,2,12793,0.325805912311534,4.99257318643403e-91,90.3016755600614,"Spatially structured"
"MALAT1",0.7472,2.94972639400473e-07,7.13968377977183e-06,1,0.999,"Example_Visium","TLS","Rest","wilcox","SCT",0.25,0.05,0.05,41,1212,TRUE,FALSE,2,12793,0.391672860945437,8.60026972254608e-131,130.065487928155,"Spatially structured"
"CCND2",0.747,0.000784702803560412,0.00710956300704557,0.805,0.693,"Example_Visium","TLS","Rest","wilcox","SCT",0.25,0.05,0.05,41,1212,TRUE,FALSE,2,12793,0.212253063577738,1.02875556483623e-39,38.9876878025489,"Weakly structured"
"BRI3",-0.7463,9.68610055990982e-05,0.00123175233064539,0.78,0.918,"Example_Visium","TLS","Rest","wilcox","SCT",0.25,0.05,0.05,41,1212,TRUE,FALSE,2,12793,0.159240716929059,3.67498007095384e-23,22.4347450117086,"Weakly structured"
"MRPL17",0.7463,0.000664282085399901,0.0062121057883925,0.707,0.454,"Example_Visium","TLS","Rest","wilcox","SCT",0.25,0.05,0.05,41,1212,TRUE,FALSE,2,12793,0.0753409909340684,1.7499889432929e-06,5.75696469524631,"Weakly structured"
"PSME3",0.7463,0.00591462921773999,0.0364830528363297,0.634,0.506,"Example_Visium","TLS","Rest","wilcox","SCT",0.25,0.05,0.05,41,1212,TRUE,FALSE,2,12793,0.078060645335039,7.6447394330861e-07,6.11663731269789,"Weakly structured"
"CRELD2",-0.7462,0.00635047153600199,0.0384484535542231,0.488,0.665,"Example_Visium","TLS","Rest","wilcox","SCT",0.25,0.05,0.05,41,1212,TRUE,FALSE,2,12793,0.119244230368179,9.48332021284912e-14,13.0230395848488,"Weakly structured"
"LSR",-0.7453,8.9514655372256e-05,0.00116142087847593,0.805,0.924,"Example_Visium","TLS","Rest","wilcox","SCT",0.25,0.05,0.05,41,1212,TRUE,FALSE,2,12793,0.233836709950844,7.63667347903369e-48,47.1170957781136,"Weakly structured"
"EIF3B",0.7452,7.29657660526335e-06,0.000128221297405404,0.927,0.754,"Example_Visium","TLS","Rest","wilcox","SCT",0.25,0.05,0.05,41,1212,TRUE,FALSE,2,12793,0.230651444130048,1.42107954813859e-46,45.8473816107772,"Weakly structured"
"PDCD6IP",-0.7446,0.00049848259016885,0.00485688330238392,0.659,0.814,"Example_Visium","TLS","Rest","wilcox","SCT",0.25,0.05,0.05,41,1212,TRUE,FALSE,2,12793,0.145798441839395,1.06996947480746e-19,18.9706286121389,"Weakly structured"
"ERBB3",-0.7391,0.000346669392749939,0.00357656575923384,0.707,0.847,"Example_Visium","TLS","Rest","wilcox","SCT",0.25,0.05,0.05,41,1212,TRUE,FALSE,2,12793,0.0787892255153767,6.06776631098403e-07,6.21697115362763,"Weakly structured"
"COL1A1",0.739,1.59676239812607e-08,5.13250787920273e-07,0.976,0.874,"Example_Visium","TLS","Rest","wilcox","SCT",0.25,0.05,0.05,41,1212,TRUE,FALSE,2,12793,0.436711827317628,3.80059126881851e-162,161.420148833696,"Spatially structured"
"TSPO",-0.7388,2.18960758161064e-07,5.42861430068699e-06,0.951,0.988,"Example_Visium","TLS","Rest","wilcox","SCT",0.25,0.05,0.05,41,1212,TRUE,FALSE,2,12793,0.249844086925643,2.12742223859769e-54,53.6721463052575,"Weakly structured"
"SRSF9",0.7387,5.33656457692355e-06,9.73904003317873e-05,0.927,0.788,"Example_Visium","TLS","Rest","wilcox","SCT",0.25,0.05,0.05,41,1212,TRUE,FALSE,2,12793,0.0822187796423717,2.0483092287516e-07,6.68860447826127,"Weakly structured"
"TJP2",-0.7384,0.0074319566895023,0.0432561519239322,0.341,0.56,"Example_Visium","TLS","Rest","wilcox","SCT",0.25,0.05,0.05,41,1212,TRUE,FALSE,2,12793,0.0175932263194703,0.136069102721832,0.86624047906392,"Not structured"
"NET1",-0.7383,0.000269906873025667,0.00291663439198612,0.585,0.835,"Example_Visium","TLS","Rest","wilcox","SCT",0.25,0.05,0.05,41,1212,TRUE,FALSE,2,12793,0.133951301232573,6.66204041859108e-17,16.1763927367728,"Weakly structured"
"UQCC2",0.7377,0.00314200270964591,0.0223185123067741,0.659,0.494,"Example_Visium","TLS","Rest","wilcox","SCT",0.25,0.05,0.05,41,1212,TRUE,FALSE,2,12793,0.141790573389149,1.0178926952885e-18,17.992298002255,"Weakly structured"
"FURIN",0.7359,0.000126403489388732,0.00153423134701144,0.902,0.725,"Example_Visium","TLS","Rest","wilcox","SCT",0.25,0.05,0.05,41,1212,TRUE,FALSE,2,12793,0.0183123695830441,0.126768003051392,0.896990350963725,"Not structured"
"SERINC5",-0.7358,0.00581036124947393,0.0359961024041259,0.317,0.552,"Example_Visium","TLS","Rest","wilcox","SCT",0.25,0.05,0.05,41,1212,TRUE,FALSE,2,12793,0.028382188181385,0.0394968227346131,1.40343783916656,"Weakly structured"
"PGRMC2",-0.735,0.00638364946389032,0.0384945334046803,0.512,0.67,"Example_Visium","TLS","Rest","wilcox","SCT",0.25,0.05,0.05,41,1212,TRUE,FALSE,2,12793,0.0275492654231736,0.0439874246543664,1.35667146405493,"Weakly structured"
"RPL3",0.7317,1.58163819157968e-13,1.20439865386184e-11,1,0.998,"Example_Visium","TLS","Rest","wilcox","SCT",0.25,0.05,0.05,41,1212,TRUE,FALSE,2,12793,0.610673809378942,3.12700520699756e-315,314.504871395497,"Spatially structured"
"RPL26",0.7317,1.67656599594204e-12,1.06708003910878e-10,1,1,"Example_Visium","TLS","Rest","wilcox","SCT",0.25,0.05,0.05,41,1212,TRUE,FALSE,2,12793,0.533045143619175,1.95161543097916e-240,239.709605756679,"Spatially structured"
"SAE1",0.73,0.00570109078326135,0.0354737618629681,0.634,0.448,"Example_Visium","TLS","Rest","wilcox","SCT",0.25,0.05,0.05,41,1212,TRUE,FALSE,2,12793,0.0788078297693681,6.04132825756549e-07,6.21886756609536,"Weakly structured"
"RNF7",-0.7291,0.000701774288239387,0.00648684860509138,0.561,0.748,"Example_Visium","TLS","Rest","wilcox","SCT",0.25,0.05,0.05,41,1212,TRUE,FALSE,2,12793,0.0658318808222015,2.54196457796273e-05,4.5948305055926,"Weakly structured"
"MUC3A",-0.7291,0.00419137892042574,0.0277131740705574,0.537,0.734,"Example_Visium","TLS","Rest","wilcox","SCT",0.25,0.05,0.05,41,1212,TRUE,FALSE,2,12793,0.0769749479026603,1.06967180690193e-06,5.97074945064649,"Weakly structured"
"EIF3F",0.7288,0.000268793054744081,0.00291165922890858,0.878,0.765,"Example_Visium","TLS","Rest","wilcox","SCT",0.25,0.05,0.05,41,1212,TRUE,FALSE,2,12793,0.105198909602094,4.42209881968643e-11,10.354371556564,"Weakly structured"
"SUCLG2",-0.7277,0.00177362201135376,0.0140669227472093,0.512,0.751,"Example_Visium","TLS","Rest","wilcox","SCT",0.25,0.05,0.05,41,1212,TRUE,FALSE,2,12793,0.0731255652545113,3.36391680909605e-06,5.47315475300411,"Weakly structured"
"EIF4EBP2",-0.7274,0.00171612708083654,0.0136823324545814,0.463,0.699,"Example_Visium","TLS","Rest","wilcox","SCT",0.25,0.05,0.05,41,1212,TRUE,FALSE,2,12793,0.0280343204927444,0.041399114469522,1.38300894837459,"Weakly structured"
"TNFRSF6B",0.7258,0.000117909467225757,0.0014462280097978,0.927,0.792,"Example_Visium","TLS","Rest","wilcox","SCT",0.25,0.05,0.05,41,1212,TRUE,FALSE,2,12793,0.323490664508876,9.07757433531099e-90,89.0420301860082,"Spatially structured"
"CLDN4",-0.7256,8.08745868850912e-08,2.15988054580642e-06,0.951,0.998,"Example_Visium","TLS","Rest","wilcox","SCT",0.25,0.05,0.05,41,1212,TRUE,FALSE,2,12793,0.30024987883877,8.70287023380109e-78,77.0603374920797,"Spatially structured"
"MCUR1",-0.7249,0.00559098126728768,0.0348734389821605,0.171,0.414,"Example_Visium","TLS","Rest","wilcox","SCT",0.25,0.05,0.05,41,1212,TRUE,FALSE,2,12793,0.0593164736545747,0.000130252356376307,3.88521441119949,"Weakly structured"
"CSNK1E",0.7232,0.000217347401126621,0.00244119868534931,0.854,0.628,"Example_Visium","TLS","Rest","wilcox","SCT",0.25,0.05,0.05,41,1212,TRUE,FALSE,2,12793,0.0589710110331452,0.000142234229986961,3.8469958740317,"Weakly structured"
"DDX24",0.7214,0.00324184662282563,0.0228627033328601,0.707,0.535,"Example_Visium","TLS","Rest","wilcox","SCT",0.25,0.05,0.05,41,1212,TRUE,FALSE,2,12793,0.0241658152242544,0.0668521243363802,1.17488478776013,"Not structured"
"RPL15",0.721,1.749775470597e-10,8.02325361840408e-09,1,0.998,"Example_Visium","TLS","Rest","wilcox","SCT",0.25,0.05,0.05,41,1212,TRUE,FALSE,2,12793,0.417724358862771,1.53531971986147e-148,147.813801171905,"Spatially structured"
"NOP56",0.72,0.00509385216865171,0.0324691832553868,0.707,0.54,"Example_Visium","TLS","Rest","wilcox","SCT",0.25,0.05,0.05,41,1212,TRUE,FALSE,2,12793,0.320172225017862,5.41854075902859e-88,87.2661176554595,"Spatially structured"
"MGAT4B",-0.7181,0.000381570270850406,0.0038741495833248,0.732,0.884,"Example_Visium","TLS","Rest","wilcox","SCT",0.25,0.05,0.05,41,1212,TRUE,FALSE,2,12793,0.106747802827353,2.29338056138134e-11,10.6395238728783,"Weakly structured"
"IRAK1",0.7173,0.000273373836016943,0.00294727382848719,0.854,0.703,"Example_Visium","TLS","Rest","wilcox","SCT",0.25,0.05,0.05,41,1212,TRUE,FALSE,2,12793,0.180946788789689,2.29527675420698e-29,28.6391649416829,"Weakly structured"
"GOLGA3",-0.7154,0.00486167410802662,0.0312539682733591,0.415,0.637,"Example_Visium","TLS","Rest","wilcox","SCT",0.25,0.05,0.05,41,1212,TRUE,FALSE,2,12793,0.0496934935604467,0.00110713006385715,2.95580135590774,"Weakly structured"
"C11orf58",0.7146,0.00247542616140309,0.0184977376652043,0.78,0.635,"Example_Visium","TLS","Rest","wilcox","SCT",0.25,0.05,0.05,41,1212,TRUE,FALSE,2,12793,0.046428737129501,0.00212630341601319,2.67237476309677,"Weakly structured"
"RALB",-0.7137,0.00631218935791585,0.0382710134861694,0.341,0.586,"Example_Visium","TLS","Rest","wilcox","SCT",0.25,0.05,0.05,41,1212,TRUE,FALSE,2,12793,0.0719780761295138,4.70744837962266e-06,5.32721443361994,"Weakly structured"
"APOL6",-0.7109,0.00401954570788139,0.0269648915788813,0.415,0.662,"Example_Visium","TLS","Rest","wilcox","SCT",0.25,0.05,0.05,41,1212,TRUE,FALSE,2,12793,0.0890117285730917,2.08996447659558e-08,7.67986109558733,"Weakly structured"
"EMC3",-0.7098,0.00803480413951885,0.0459907155959126,0.341,0.581,"Example_Visium","TLS","Rest","wilcox","SCT",0.25,0.05,0.05,41,1212,TRUE,FALSE,2,12793,-0.0216898771485986,0.902794138599914,0.0444112692464436,"Not structured"
"PRKDC",0.7097,0.00863722560046845,0.0489116107813275,0.683,0.493,"Example_Visium","TLS","Rest","wilcox","SCT",0.25,0.05,0.05,41,1212,TRUE,FALSE,2,12793,0.122788599174283,1.76384332563647e-14,13.7535399939397,"Weakly structured"
"CMPK1",-0.7096,1.19281163963448e-05,0.000197152962607803,0.854,0.962,"Example_Visium","TLS","Rest","wilcox","SCT",0.25,0.05,0.05,41,1212,TRUE,FALSE,2,12793,0.122860084040317,1.65339810629551e-14,13.7816225641232,"Weakly structured"
"PRR13",-0.7072,3.0042697642104e-06,5.78819624902766e-05,0.927,0.981,"Example_Visium","TLS","Rest","wilcox","SCT",0.25,0.05,0.05,41,1212,TRUE,FALSE,2,12793,0.243464569458055,9.60282929613757e-52,51.0176007912658,"Weakly structured"
"BLCAP",-0.7066,0.00254563427150293,0.0188680760343783,0.488,0.706,"Example_Visium","TLS","Rest","wilcox","SCT",0.25,0.05,0.05,41,1212,TRUE,FALSE,2,12793,0.0894290393327996,1.8125550166879e-08,7.74170880236726,"Weakly structured"
"SPARC",0.7064,8.87264590603744e-07,1.94695984692859e-05,1,0.934,"Example_Visium","TLS","Rest","wilcox","SCT",0.25,0.05,0.05,41,1212,TRUE,FALSE,2,12793,0.336331774205008,5.93023658887083e-97,96.2269279799593,"Spatially structured"
"BCAR1",-0.7059,0.00819009032473164,0.046733196041165,0.488,0.667,"Example_Visium","TLS","Rest","wilcox","SCT",0.25,0.05,0.05,41,1212,TRUE,FALSE,2,12793,0.0327599839472342,0.0215994923175822,1.66555645654647,"Weakly structured"
"PRKD2",-0.7051,0.00391674932238287,0.0264159632942165,0.317,0.543,"Example_Visium","TLS","Rest","wilcox","SCT",0.25,0.05,0.05,41,1212,TRUE,FALSE,2,12793,0.0597152100168097,0.000118685804448132,3.92560122222922,"Weakly structured"
"ILF2",0.7044,0.00176333314285044,0.014011379438811,0.829,0.693,"Example_Visium","TLS","Rest","wilcox","SCT",0.25,0.05,0.05,41,1212,TRUE,FALSE,2,12793,0.121338818861417,3.53511968020697e-14,13.4515958787345,"Weakly structured"
"SERPINH1",0.7041,0.000782914796586783,0.00710342481754235,0.829,0.674,"Example_Visium","TLS","Rest","wilcox","SCT",0.25,0.05,0.05,41,1212,TRUE,FALSE,2,12793,0.14508928351295,1.60230461303193e-19,18.7952549169764,"Weakly structured"
"PI4KA",-0.7036,0.00572124468761666,0.0355818586721828,0.317,0.541,"Example_Visium","TLS","Rest","wilcox","SCT",0.25,0.05,0.05,41,1212,TRUE,FALSE,2,12793,-0.0041162272207544,0.590741662035261,0.228602399458829,"Not structured"
"FOS",-0.7036,2.37567810611053e-06,4.67570000176492e-05,1,0.998,"Example_Visium","TLS","Rest","wilcox","SCT",0.25,0.05,0.05,41,1212,TRUE,FALSE,2,12793,0.53790327724967,6.92770824724589e-245,244.159410410436,"Spatially structured"
"CD63",-0.7026,7.49851408437561e-12,4.2259246996219e-10,1,1,"Example_Visium","TLS","Rest","wilcox","SCT",0.25,0.05,0.05,41,1212,TRUE,FALSE,2,12793,0.445025446419688,2.41339039815508e-168,167.617372419471,"Spatially structured"
"PON2",-0.7019,0.00733278234513265,0.0428581655568607,0.512,0.679,"Example_Visium","TLS","Rest","wilcox","SCT",0.25,0.05,0.05,41,1212,TRUE,FALSE,2,12793,0.088010912885922,2.95383376771409e-08,7.52961394903621,"Weakly structured"
"FABP5",0.7016,0.00340262729533323,0.0237090473797375,0.732,0.62,"Example_Visium","TLS","Rest","wilcox","SCT",0.25,0.05,0.05,41,1212,TRUE,FALSE,2,12793,0.131138444094035,2.84558868441739e-16,15.545827874806,"Weakly structured"
"ZYX",0.7016,0.00148932926945262,0.0122212888672915,0.805,0.712,"Example_Visium","TLS","Rest","wilcox","SCT",0.25,0.05,0.05,41,1212,TRUE,FALSE,2,12793,0.0464809236176922,0.00210531633743756,2.67668263936197,"Weakly structured"
"LOXL2",0.7012,0.000161675324680007,0.00190277132348788,0.707,0.459,"Example_Visium","TLS","Rest","wilcox","SCT",0.25,0.05,0.05,41,1212,TRUE,FALSE,2,12793,0.260533787006275,5.55525632765757e-59,58.2552958972778,"Weakly structured"
"TPM2",0.7006,0.00592512050003528,0.0365053969294701,0.683,0.506,"Example_Visium","TLS","Rest","wilcox","SCT",0.25,0.05,0.05,41,1212,TRUE,FALSE,2,12793,0.132269761930853,1.57698927378125e-16,15.8021712606048,"Weakly structured"
"SNRPB",0.7003,7.51347259510918e-05,0.000993064569572351,0.951,0.819,"Example_Visium","TLS","Rest","wilcox","SCT",0.25,0.05,0.05,41,1212,TRUE,FALSE,2,12793,0.312235942317235,8.91560773609057e-84,83.0498490476165,"Spatially structured"
"HIF1A",0.7001,0.000110499056538937,0.00137511131352395,0.976,0.917,"Example_Visium","TLS","Rest","wilcox","SCT",0.25,0.05,0.05,41,1212,TRUE,FALSE,2,12793,0.180343204077461,3.35030542339812e-29,28.4749155996347,"Weakly structured"
"ANXA2",-0.6981,1.45718445549734e-10,6.80356231356841e-09,1,1,"Example_Visium","TLS","Rest","wilcox","SCT",0.25,0.05,0.05,41,1212,TRUE,FALSE,2,12793,0.388456038229654,1.05493842938803e-128,127.976772886866,"Spatially structured"
"BLVRB",-0.697,0.0050347298001291,0.0322046491665258,0.366,0.605,"Example_Visium","TLS","Rest","wilcox","SCT",0.25,0.05,0.05,41,1212,TRUE,FALSE,2,12793,0.0286728741328392,0.0381077267198678,1.41898695787869,"Weakly structured"
"MCM7",0.697,0.0010059136348741,0.00873635650437501,0.78,0.546,"Example_Visium","TLS","Rest","wilcox","SCT",0.25,0.05,0.05,41,1212,TRUE,FALSE,2,12793,0.27978176365008,1.21379716286525e-67,66.9158538819662,"Weakly structured"
"YKT6",-0.6959,0.00418068914375477,0.0276973362071749,0.415,0.616,"Example_Visium","TLS","Rest","wilcox","SCT",0.25,0.05,0.05,41,1212,TRUE,FALSE,2,12793,0.0714573035563584,5.4608459324535e-06,5.26274007609752,"Weakly structured"
"GRN",-0.6931,1.40896819310429e-06,2.95007039187941e-05,0.976,0.998,"Example_Visium","TLS","Rest","wilcox","SCT",0.25,0.05,0.05,41,1212,TRUE,FALSE,2,12793,0.434593137371367,1.42953303057581e-160,159.844805805447,"Spatially structured"
"EIF1AX",0.692,0.000263725781906655,0.00286370961896453,0.829,0.626,"Example_Visium","TLS","Rest","wilcox","SCT",0.25,0.05,0.05,41,1212,TRUE,FALSE,2,12793,0.254970408369938,1.70363746986766e-56,55.7686228166038,"Weakly structured"
"EIF4B",0.6894,3.72799917476946e-05,0.000538927194348348,0.927,0.842,"Example_Visium","TLS","Rest","wilcox","SCT",0.25,0.05,0.05,41,1212,TRUE,FALSE,2,12793,0.128696396679067,9.7406476462501e-16,15.0114121663409,"Weakly structured"
"ILF3",0.6892,3.7837815678022e-05,0.000545632591297627,0.878,0.69,"Example_Visium","TLS","Rest","wilcox","SCT",0.25,0.05,0.05,41,1212,TRUE,FALSE,2,12793,0.202688402215469,2.23350082498817e-36,35.6510138827768,"Weakly structured"
"PLBD1",-0.689,0.00474004561427796,0.0306569279795035,0.463,0.655,"Example_Visium","TLS","Rest","wilcox","SCT",0.25,0.05,0.05,41,1212,TRUE,FALSE,2,12793,0.131815400604936,2.02230404461758e-16,15.6941535495497,"Weakly structured"
"H2AFJ",-0.689,0.000340666112012555,0.00353411077763086,0.707,0.877,"Example_Visium","TLS","Rest","wilcox","SCT",0.25,0.05,0.05,41,1212,TRUE,FALSE,2,12793,0.101129369704543,2.26245743384251e-10,9.64541958291667,"Weakly structured"
"NFE2L1",-0.6889,0.00127861545350346,0.0107120677777798,0.659,0.829,"Example_Visium","TLS","Rest","wilcox","SCT",0.25,0.05,0.05,41,1212,TRUE,FALSE,2,12793,0.126718116940759,2.60771082212641e-15,14.5837405706541,"Weakly structured"
"RTF2",0.6889,0.00124254462936812,0.0104251658839136,0.805,0.648,"Example_Visium","TLS","Rest","wilcox","SCT",0.25,0.05,0.05,41,1212,TRUE,FALSE,2,12793,0.0351700472041479,0.0151151547361693,1.82058740252384,"Weakly structured"
"MARCKS",-0.6885,1.20647212325312e-05,0.00019889687980383,0.927,0.955,"Example_Visium","TLS","Rest","wilcox","SCT",0.25,0.05,0.05,41,1212,TRUE,FALSE,2,12793,0.30022165155359,1.16101419411834e-77,76.9351624707097,"Spatially structured"
"SLC30A9",-0.6876,0.00737357343107396,0.0429756632499871,0.244,0.489,"Example_Visium","TLS","Rest","wilcox","SCT",0.25,0.05,0.05,41,1212,TRUE,FALSE,2,12793,0.016571354106776,0.150027129585939,0.823830199850266,"Not structured"
"TRIOBP",-0.6875,0.00360963869536576,0.0248804460289947,0.415,0.629,"Example_Visium","TLS","Rest","wilcox","SCT",0.25,0.05,0.05,41,1212,TRUE,FALSE,2,12793,0.0697288651882162,8.85406701978962e-06,5.05285719500517,"Weakly structured"
"SRSF11",0.6874,0.00359422532953999,0.0248034959113313,0.756,0.639,"Example_Visium","TLS","Rest","wilcox","SCT",0.25,0.05,0.05,41,1212,TRUE,FALSE,2,12793,0.00953554811883207,0.271357429155841,0.566458283916013,"Not structured"
"HNRNPA1",0.6862,4.1352448200823e-08,1.21335291246131e-06,1,0.978,"Example_Visium","TLS","Rest","wilcox","SCT",0.25,0.05,0.05,41,1212,TRUE,FALSE,2,12793,0.423788563374708,8.941484780355e-153,152.048590358344,"Spatially structured"
"ID2",-0.6839,0.00211629844422255,0.0163095216849031,0.707,0.808,"Example_Visium","TLS","Rest","wilcox","SCT",0.25,0.05,0.05,41,1212,TRUE,FALSE,2,12793,0.132828472694763,1.19417582244126e-16,15.9229317258913,"Weakly structured"
"COL5A2",0.6835,0.00239335444400265,0.0180212968817692,0.659,0.488,"Example_Visium","TLS","Rest","wilcox","SCT",0.25,0.05,0.05,41,1212,TRUE,FALSE,2,12793,0.235545344377016,1.57686837574129e-48,47.8022045565601,"Weakly structured"
"MICALL2",-0.6831,0.00734399400120621,0.0428771171627798,0.463,0.625,"Example_Visium","TLS","Rest","wilcox","SCT",0.25,0.05,0.05,41,1212,TRUE,FALSE,2,12793,0.125922742468432,3.89795718010497e-15,14.4091629360102,"Weakly structured"
"TBCB",0.6823,0.00725744570325792,0.042530693028758,0.61,0.425,"Example_Visium","TLS","Rest","wilcox","SCT",0.25,0.05,0.05,41,1212,TRUE,FALSE,2,12793,0.0641732573157531,3.90261205673451e-05,4.40864461807393,"Weakly structured"
"TGM2",0.6785,2.40150302615873e-05,0.000367933272019744,0.878,0.554,"Example_Visium","TLS","Rest","wilcox","SCT",0.25,0.05,0.05,41,1212,TRUE,FALSE,2,12793,0.320182993436284,5.11923363219212e-88,87.2907950496143,"Spatially structured"
"SNRPC",0.678,0.000692862204619348,0.00641373819370139,0.854,0.646,"Example_Visium","TLS","Rest","wilcox","SCT",0.25,0.05,0.05,41,1212,TRUE,FALSE,2,12793,0.155044219438322,4.87156195257944e-22,21.3123317700736,"Weakly structured"
"TMEM219",-0.678,0.000164909725158196,0.00193372146099799,0.756,0.915,"Example_Visium","TLS","Rest","wilcox","SCT",0.25,0.05,0.05,41,1212,TRUE,FALSE,2,12793,0.126739833038641,2.54297821707465e-15,14.5946573599363,"Weakly structured"
"HLA-C",-0.6772,5.0713057302213e-10,2.19179777725409e-08,1,1,"Example_Visium","TLS","Rest","wilcox","SCT",0.25,0.05,0.05,41,1212,TRUE,FALSE,2,12793,0.609147842651078,2.56783600037731e-313,312.590432716745,"Spatially structured"
"RPS15A",0.677,8.11161338666917e-10,3.32086131357277e-08,1,0.998,"Example_Visium","TLS","Rest","wilcox","SCT",0.25,0.05,0.05,41,1212,TRUE,FALSE,2,12793,0.516523664766247,5.3425178753748e-226,225.272254016068,"Spatially structured"
"AHNAK",-0.6769,9.19171207444944e-06,0.000156786096757909,0.927,0.973,"Example_Visium","TLS","Rest","wilcox","SCT",0.25,0.05,0.05,41,1212,TRUE,FALSE,2,12793,0.348565928356704,4.74282714120843e-104,103.323962703513,"Spatially structured"
"PRDX6",-0.6768,0.000232677496555105,0.00258165066212442,1,0.941,"Example_Visium","TLS","Rest","wilcox","SCT",0.25,0.05,0.05,41,1212,TRUE,FALSE,2,12793,0.374892214916194,5.88422786420343e-120,119.230310517751,"Spatially structured"
"AGPAT2",-0.6756,0.000275156126398931,0.00296302384261071,0.78,0.893,"Example_Visium","TLS","Rest","wilcox","SCT",0.25,0.05,0.05,41,1212,TRUE,FALSE,2,12793,0.126156694780958,3.40369366380442e-15,14.4680495338125,"Weakly structured"
"SNRNP70",0.6742,0.00085206955124934,0.00758033780885452,0.854,0.8,"Example_Visium","TLS","Rest","wilcox","SCT",0.25,0.05,0.05,41,1212,TRUE,FALSE,2,12793,0.101275656547474,2.15172663933211e-10,9.6672129033451,"Weakly structured"
"EEF2",0.6723,3.47512796047542e-13,2.54041782847783e-11,1,0.998,"Example_Visium","TLS","Rest","wilcox","SCT",0.25,0.05,0.05,41,1212,TRUE,FALSE,2,12793,0.486883485504535,3.69806062897667e-201,200.432025972946,"Spatially structured"
"RBIS",0.6721,0.000793291560222039,0.00717214058651628,0.805,0.626,"Example_Visium","TLS","Rest","wilcox","SCT",0.25,0.05,0.05,41,1212,TRUE,FALSE,2,12793,0.0936835867550538,3.90776025429845e-09,8.40807208861476,"Weakly structured"
"ATP2A3",-0.6719,0.000205920530977161,0.00233127553344321,0.829,0.946,"Example_Visium","TLS","Rest","wilcox","SCT",0.25,0.05,0.05,41,1212,TRUE,FALSE,2,12793,0.485467337599403,7.38765027921957e-200,199.131493671624,"Spatially structured"
"CDX2",-0.6708,0.00313003361607558,0.0222497081682873,0.659,0.798,"Example_Visium","TLS","Rest","wilcox","SCT",0.25,0.05,0.05,41,1212,TRUE,FALSE,2,12793,0.154879622224002,5.3300889764138e-22,21.2732655411342,"Weakly structured"
"RPL12",0.6687,3.09740984864524e-10,1.36638497219719e-08,1,0.998,"Example_Visium","TLS","Rest","wilcox","SCT",0.25,0.05,0.05,41,1212,TRUE,FALSE,2,12793,0.538340483722041,2.74704697863973e-245,244.561133913426,"Spatially structured"
"CTSA",-0.6685,3.28909658893342e-05,0.000484204978851845,0.951,0.975,"Example_Visium","TLS","Rest","wilcox","SCT",0.25,0.05,0.05,41,1212,TRUE,FALSE,2,12793,0.323961137689069,4.0725212076557e-90,89.3901366454249,"Spatially structured"
"UBA52",0.6664,7.16851247315513e-13,4.98406413418878e-11,1,1,"Example_Visium","TLS","Rest","wilcox","SCT",0.25,0.05,0.05,41,1212,TRUE,FALSE,2,12793,0.341437409918417,6.23893280745303e-100,99.2048896916432,"Spatially structured"
"CLINT1",-0.6647,0.00739516710559256,0.0430812262212412,0.415,0.62,"Example_Visium","TLS","Rest","wilcox","SCT",0.25,0.05,0.05,41,1212,TRUE,FALSE,2,12793,0.0546534819783164,0.00038288090680445,3.41693629015849,"Weakly structured"
"CALM2",-0.6627,7.01902704892763e-08,1.92279257038397e-06,1,0.998,"Example_Visium","TLS","Rest","wilcox","SCT",0.25,0.05,0.05,41,1212,TRUE,FALSE,2,12793,0.26286359559675,5.33682070849579e-60,59.2727173871569,"Weakly structured"
"CLSTN1",-0.6621,0.000328555075161679,0.00343211775167002,0.829,0.897,"Example_Visium","TLS","Rest","wilcox","SCT",0.25,0.05,0.05,41,1212,TRUE,FALSE,2,12793,0.306646131863949,6.74755729791682e-81,80.1708534188776,"Spatially structured"
"EIF3M",0.6609,0.00115478765369235,0.00979655069873096,0.805,0.64,"Example_Visium","TLS","Rest","wilcox","SCT",0.25,0.05,0.05,41,1212,TRUE,FALSE,2,12793,0.109712639779525,6.64785676536676e-12,11.1773183464263,"Weakly structured"
"CAPN1",-0.6577,0.00114953492725104,0.00977080480327167,0.683,0.829,"Example_Visium","TLS","Rest","wilcox","SCT",0.25,0.05,0.05,41,1212,TRUE,FALSE,2,12793,0.0111715431540059,0.238977946036094,0.621642175858396,"Not structured"
"TMEM176B",-0.6576,2.94932476553059e-06,5.70812582835596e-05,0.976,0.99,"Example_Visium","TLS","Rest","wilcox","SCT",0.25,0.05,0.05,41,1212,TRUE,FALSE,2,12793,0.269805322893498,4.07565570729703e-63,62.3898025103222,"Weakly structured"
"LUM",0.6556,0.000443935768828019,0.00439572003917713,0.902,0.712,"Example_Visium","TLS","Rest","wilcox","SCT",0.25,0.05,0.05,41,1212,TRUE,FALSE,2,12793,0.19988527176196,1.93212923674218e-35,34.7139638277514,"Weakly structured"
"UBE2G2",0.655,0.000961085954874612,0.00839834195403751,0.707,0.518,"Example_Visium","TLS","Rest","wilcox","SCT",0.25,0.05,0.05,41,1212,TRUE,FALSE,2,12793,0.0432347358578746,0.00387499286406993,2.41172909292487,"Weakly structured"
"SH3BGRL3",-0.6544,6.31123411027536e-08,1.73633587038178e-06,1,0.999,"Example_Visium","TLS","Rest","wilcox","SCT",0.25,0.05,0.05,41,1212,TRUE,FALSE,2,12793,0.44629619198926,2.38942542795159e-169,168.621706518914,"Spatially structured"
"RPL27A",0.6538,7.81374121698414e-13,5.32039321329557e-11,1,1,"Example_Visium","TLS","Rest","wilcox","SCT",0.25,0.05,0.05,41,1212,TRUE,FALSE,2,12793,0.600943946794774,6.05594106264102e-305,304.217818360109,"Spatially structured"
"MLLT1",0.6522,0.00670584829633377,0.0399458564999592,0.659,0.453,"Example_Visium","TLS","Rest","wilcox","SCT",0.25,0.05,0.05,41,1212,TRUE,FALSE,2,12793,0.0633821571605734,4.76194428269862e-05,4.32221569037971,"Weakly structured"
"CBX3",0.6514,0.00380488593003167,0.0258639243904863,0.805,0.729,"Example_Visium","TLS","Rest","wilcox","SCT",0.25,0.05,0.05,41,1212,TRUE,FALSE,2,12793,0.194060163050243,1.65539085539993e-33,32.7810994482312,"Weakly structured"
"COL1A2",0.651,3.7623165354954e-07,8.92974312404316e-06,1,0.956,"Example_Visium","TLS","Rest","wilcox","SCT",0.25,0.05,0.05,41,1212,TRUE,FALSE,2,12793,0.316739839324664,3.09266266642005e-86,85.5096674482807,"Spatially structured"
"FAU",0.6498,2.51564937991483e-08,7.75486807644587e-07,1,1,"Example_Visium","TLS","Rest","wilcox","SCT",0.25,0.05,0.05,41,1212,TRUE,FALSE,2,12793,0.223683305940269,5.87100633754617e-44,43.2312874508164,"Weakly structured"
"UFC1",-0.6484,0.00356488709368657,0.0247004012422826,0.585,0.757,"Example_Visium","TLS","Rest","wilcox","SCT",0.25,0.05,0.05,41,1212,TRUE,FALSE,2,12793,0.0497249141755856,0.00110098386292348,2.95821904641848,"Weakly structured"
"THRAP3",0.6474,0.00331275185390804,0.0232092193138256,0.732,0.588,"Example_Visium","TLS","Rest","wilcox","SCT",0.25,0.05,0.05,41,1212,TRUE,FALSE,2,12793,0.038114921011824,0.00946537907085608,2.02386198866432,"Weakly structured"
"MAZ",0.6473,0.00140582266979268,0.0115990886939456,0.829,0.651,"Example_Visium","TLS","Rest","wilcox","SCT",0.25,0.05,0.05,41,1212,TRUE,FALSE,2,12793,0.0602304616551861,0.000104797118111959,3.97965066015079,"Weakly structured"
"NDUFC1",-0.647,0.00106047963161983,0.00913583564128789,0.78,0.827,"Example_Visium","TLS","Rest","wilcox","SCT",0.25,0.05,0.05,41,1212,TRUE,FALSE,2,12793,0.0261447808697943,0.0524975346957052,1.27986109075005,"Not structured"
"STAT1",0.6469,0.000256601699728916,0.00280573123472822,0.976,0.833,"Example_Visium","TLS","Rest","wilcox","SCT",0.25,0.05,0.05,41,1212,TRUE,FALSE,2,12793,0.119121859758083,9.87436781396809e-14,13.0054906996199,"Weakly structured"
"SCAMP2",-0.6465,0.000712741951075578,0.0065739782120475,0.805,0.893,"Example_Visium","TLS","Rest","wilcox","SCT",0.25,0.05,0.05,41,1212,TRUE,FALSE,2,12793,0.073822580037018,2.72006722238658e-06,5.56542036289565,"Weakly structured"
"SLC44A1",-0.646,0.00138847060887629,0.0114746153096605,0.707,0.881,"Example_Visium","TLS","Rest","wilcox","SCT",0.25,0.05,0.05,41,1212,TRUE,FALSE,2,12793,0.155920728875284,2.79743600323366e-22,21.5532398400133,"Weakly structured"
"S100A14",-0.6456,9.64441895322144e-05,0.00122886182322675,0.902,0.941,"Example_Visium","TLS","Rest","wilcox","SCT",0.25,0.05,0.05,41,1212,TRUE,FALSE,2,12793,0.173509479702503,3.63304020650239e-27,26.4397297958159,"Weakly structured"
"HNRNPU",0.644,2.21896759929146e-06,4.40795846238131e-05,1,0.92,"Example_Visium","TLS","Rest","wilcox","SCT",0.25,0.05,0.05,41,1212,TRUE,FALSE,2,12793,0.0916532433764406,8.08092566484607e-09,8.09253888822185,"Weakly structured"
"DDR1",-0.6438,0.000796868635460013,0.00719431224660547,0.707,0.875,"Example_Visium","TLS","Rest","wilcox","SCT",0.25,0.05,0.05,41,1212,TRUE,FALSE,2,12793,0.0503905552327355,0.000958662151441594,3.01833441849764,"Weakly structured"
"TSTA3",-0.6433,0.00327148617985552,0.0230209695813486,0.707,0.836,"Example_Visium","TLS","Rest","wilcox","SCT",0.25,0.05,0.05,41,1212,TRUE,FALSE,2,12793,0.133508222184683,8.3897842241641e-17,16.0762492085944,"Weakly structured"
"EEF1D",0.6427,6.92368877309957e-09,2.38745958151652e-07,0.976,0.987,"Example_Visium","TLS","Rest","wilcox","SCT",0.25,0.05,0.05,41,1212,TRUE,FALSE,2,12793,0.282866685299714,3.46708354838285e-69,68.460035692764,"Weakly structured"
"COMMD6",0.6427,4.56075114835763e-06,8.45589702042596e-05,0.976,0.883,"Example_Visium","TLS","Rest","wilcox","SCT",0.25,0.05,0.05,41,1212,TRUE,FALSE,2,12793,0.266184268263672,1.98001638315335e-61,60.7033312162619,"Weakly structured"
"CEACAM6",-0.6426,0.000378896737782793,0.00385312080004393,0.976,0.998,"Example_Visium","TLS","Rest","wilcox","SCT",0.25,0.05,0.05,41,1212,TRUE,FALSE,2,12793,0.662791017865839,0,369.874448678008,"Spatially structured"
"CCT6A",0.6423,0.000330663779965041,0.00344758087782622,0.878,0.705,"Example_Visium","TLS","Rest","wilcox","SCT",0.25,0.05,0.05,41,1212,TRUE,FALSE,2,12793,0.223711230477165,6.39577844032528e-44,43.194106589299,"Weakly structured"
"YWHAG",0.6385,0.00169294849783788,0.0135529448122622,0.829,0.746,"Example_Visium","TLS","Rest","wilcox","SCT",0.25,0.05,0.05,41,1212,TRUE,FALSE,2,12793,0.0903751545970079,1.2939434384286e-08,7.88808470737306,"Weakly structured"
"OCIAD2",-0.6372,0.00150999335131372,0.012351243569921,0.488,0.745,"Example_Visium","TLS","Rest","wilcox","SCT",0.25,0.05,0.05,41,1212,TRUE,FALSE,2,12793,0.0901798097383846,1.38863546971957e-08,7.85741174581521,"Weakly structured"
"HSP90AA1",0.6368,7.45887730491393e-08,2.02164019834245e-06,1,0.994,"Example_Visium","TLS","Rest","wilcox","SCT",0.25,0.05,0.05,41,1212,TRUE,FALSE,2,12793,0.416254736847436,1.69877816991608e-147,146.76986332853,"Spatially structured"
"COPB2",-0.6345,0.00584760919865661,0.0361918067142787,0.561,0.715,"Example_Visium","TLS","Rest","wilcox","SCT",0.25,0.05,0.05,41,1212,TRUE,FALSE,2,12793,-0.00335466397539749,0.572409331324985,0.242293295055661,"Not structured"
"COLGALT1",0.6334,0.00186143919080886,0.0146996244247023,0.805,0.615,"Example_Visium","TLS","Rest","wilcox","SCT",0.25,0.05,0.05,41,1212,TRUE,FALSE,2,12793,0.0789459644030765,5.82810735936251e-07,6.23447245670485,"Weakly structured"
"UQCR10",-0.6321,8.30184326953907e-06,0.00014313407135743,0.927,0.976,"Example_Visium","TLS","Rest","wilcox","SCT",0.25,0.05,0.05,41,1212,TRUE,FALSE,2,12793,0.148248917868772,2.48849710035802e-20,19.6040628609675,"Weakly structured"
"GOLGB1",-0.6301,0.0071714616312863,0.0421232822080099,0.488,0.651,"Example_Visium","TLS","Rest","wilcox","SCT",0.25,0.05,0.05,41,1212,TRUE,FALSE,2,12793,0.0285472431129168,0.0386923223751178,1.41237520244652,"Weakly structured"
"SNHG5",0.6299,2.28826306531246e-05,0.000352271352521567,0.927,0.79,"Example_Visium","TLS","Rest","wilcox","SCT",0.25,0.05,0.05,41,1212,TRUE,FALSE,2,12793,0.346169128075025,1.63668732500186e-102,101.786034280879,"Spatially structured"
"MBOAT7",-0.6259,0.00678072098218258,0.0403184544231639,0.585,0.754,"Example_Visium","TLS","Rest","wilcox","SCT",0.25,0.05,0.05,41,1212,TRUE,FALSE,2,12793,0.0442794251947286,0.0031960172424638,2.49539088633969,"Weakly structured"
"SARAF",-0.6255,0.000420042704336811,0.00421129021675614,0.829,0.899,"Example_Visium","TLS","Rest","wilcox","SCT",0.25,0.05,0.05,41,1212,TRUE,FALSE,2,12793,0.139797730317812,2.95920790546171e-18,17.5288245214825,"Weakly structured"
"MRPL12",0.6254,0.00140897239352705,0.0115990886939456,0.878,0.709,"Example_Visium","TLS","Rest","wilcox","SCT",0.25,0.05,0.05,41,1212,TRUE,FALSE,2,12793,0.244474026914084,4.3378433136574e-52,51.3627261390998,"Weakly structured"
"TGFBI",0.6241,0.000149529142131615,0.0017811231985938,0.951,0.864,"Example_Visium","TLS","Rest","wilcox","SCT",0.25,0.05,0.05,41,1212,TRUE,FALSE,2,12793,0.224121331680587,4.29228030148993e-44,43.3673119247733,"Weakly structured"
"HLA-DRB1",0.6237,3.85520825691557e-05,0.000553531753431211,1,0.906,"Example_Visium","TLS","Rest","wilcox","SCT",0.25,0.05,0.05,41,1212,TRUE,FALSE,2,12793,0.206391056217033,1.09168206021059e-37,36.9619038264675,"Weakly structured"
"EWSR1",0.6193,7.39725884221984e-05,0.000980654221435424,0.927,0.802,"Example_Visium","TLS","Rest","wilcox","SCT",0.25,0.05,0.05,41,1212,TRUE,FALSE,2,12793,0.0258909401574673,0.0541751283668712,1.26620005095493,"Not structured"
"CCT7",0.6183,0.00115447993193502,0.00979655069873096,0.878,0.748,"Example_Visium","TLS","Rest","wilcox","SCT",0.25,0.05,0.05,41,1212,TRUE,FALSE,2,12793,0.138684137958224,5.49236029226625e-18,17.2602409813022,"Weakly structured"
"HMGB2",0.6181,0.00154106552576362,0.0125332811640775,0.732,0.483,"Example_Visium","TLS","Rest","wilcox","SCT",0.25,0.05,0.05,41,1212,TRUE,FALSE,2,12793,0.254923676924465,1.73508051661334e-56,55.7606803669195,"Weakly structured"
"CANT1",-0.615,0.000175596281646392,0.00203847843112731,0.732,0.935,"Example_Visium","TLS","Rest","wilcox","SCT",0.25,0.05,0.05,41,1212,TRUE,FALSE,2,12793,0.088556286313665,2.40505991909945e-08,7.61887409924437,"Weakly structured"
"TCIM",-0.6131,0.00774419892384172,0.0446469296226711,0.707,0.8,"Example_Visium","TLS","Rest","wilcox","SCT",0.25,0.05,0.05,41,1212,TRUE,FALSE,2,12793,0.160910789718943,1.32718081645638e-23,22.8770699043853,"Weakly structured"
"PA2G4",0.6119,0.00589300325210112,0.0363847445000625,0.78,0.617,"Example_Visium","TLS","Rest","wilcox","SCT",0.25,0.05,0.05,41,1212,TRUE,FALSE,2,12793,0.176249801175208,5.96708382551815e-28,27.2242378611497,"Weakly structured"
"ITM2B",-0.6107,1.00817972959899e-06,2.1860412340271e-05,1,0.999,"Example_Visium","TLS","Rest","wilcox","SCT",0.25,0.05,0.05,41,1212,TRUE,FALSE,2,12793,0.486789609369334,6.22246424120662e-201,200.206037590483,"Spatially structured"
"HNRNPH1",0.6065,3.2471482832525e-06,6.20011462502226e-05,1,0.944,"Example_Visium","TLS","Rest","wilcox","SCT",0.25,0.05,0.05,41,1212,TRUE,FALSE,2,12793,0.126128455027901,3.40946975246593e-15,14.4673131580997,"Weakly structured"
"G3BP1",0.6063,0.00269654193672906,0.0197825989035836,0.805,0.669,"Example_Visium","TLS","Rest","wilcox","SCT",0.25,0.05,0.05,41,1212,TRUE,FALSE,2,12793,0.0732509788899536,3.2449731241165e-06,5.4887888958116,"Weakly structured"
"MYO1C",-0.6062,0.00276534766801052,0.0201924045187549,0.683,0.82,"Example_Visium","TLS","Rest","wilcox","SCT",0.25,0.05,0.05,41,1212,TRUE,FALSE,2,12793,0.157891867911685,8.57652469069528e-23,22.0666886577699,"Weakly structured"
"HNRNPR",0.6047,0.0043354735391186,0.0284575233380935,0.805,0.651,"Example_Visium","TLS","Rest","wilcox","SCT",0.25,0.05,0.05,41,1212,TRUE,FALSE,2,12793,0.0665975965612518,2.07020904027241e-05,4.68398579925172,"Weakly structured"
"NPTN",-0.6046,0.00100452041509736,0.00873018319995961,0.756,0.849,"Example_Visium","TLS","Rest","wilcox","SCT",0.25,0.05,0.05,41,1212,TRUE,FALSE,2,12793,0.0827614448990491,1.70974934354113e-07,6.76706755434242,"Weakly structured"
"IGFBP7",0.6044,6.39008334604656e-05,0.000858701010987118,1,0.977,"Example_Visium","TLS","Rest","wilcox","SCT",0.25,0.05,0.05,41,1212,TRUE,FALSE,2,12793,0.190949248259153,1.55907088848539e-32,31.8071341376796,"Weakly structured"
"MRPS26",0.6039,0.00514582203383732,0.0326540184915083,0.707,0.487,"Example_Visium","TLS","Rest","wilcox","SCT",0.25,0.05,0.05,41,1212,TRUE,FALSE,2,12793,0.263970536994663,1.95490171453335e-60,59.7088750724926,"Weakly structured"
"LRP1",-0.603,0.00319521446515025,0.0226211281973808,0.683,0.827,"Example_Visium","TLS","Rest","wilcox","SCT",0.25,0.05,0.05,41,1212,TRUE,FALSE,2,12793,0.146182069658104,8.62756993601593e-20,19.0641115115841,"Weakly structured"
"TRIM28",0.603,0.000447190886252019,0.00442110742490115,0.902,0.766,"Example_Visium","TLS","Rest","wilcox","SCT",0.25,0.05,0.05,41,1212,TRUE,FALSE,2,12793,0.167283986061278,2.33237876540078e-25,24.632200921166,"Weakly structured"
"PRPF6",0.601,0.00291229942626768,0.0210491788475946,0.732,0.491,"Example_Visium","TLS","Rest","wilcox","SCT",0.25,0.05,0.05,41,1212,TRUE,FALSE,2,12793,0.0989777295967938,5.30083877748117e-10,9.27565540443516,"Weakly structured"
"PFDN5",0.6007,9.34973695986566e-07,2.04114650047033e-05,1,0.984,"Example_Visium","TLS","Rest","wilcox","SCT",0.25,0.05,0.05,41,1212,TRUE,FALSE,2,12793,0.0847234597730492,8.78646544528493e-08,7.05618579458711,"Weakly structured"
"DUT",0.6002,0.00610845690994399,0.037328768597741,0.683,0.496,"Example_Visium","TLS","Rest","wilcox","SCT",0.25,0.05,0.05,41,1212,TRUE,FALSE,2,12793,0.151207658495405,4.74955276929786e-21,20.32334728279,"Weakly structured"
"SLC9A3R1",-0.5996,0.00364265090074473,0.0250775985466269,0.854,0.906,"Example_Visium","TLS","Rest","wilcox","SCT",0.25,0.05,0.05,41,1212,TRUE,FALSE,2,12793,0.328965045179268,8.64496988054134e-93,92.0632365154887,"Spatially structured"
"HNRNPA3",0.5995,9.99782431358983e-07,2.17151386152385e-05,1,0.946,"Example_Visium","TLS","Rest","wilcox","SCT",0.25,0.05,0.05,41,1212,TRUE,FALSE,2,12793,0.277678801376132,1.03794235084567e-66,65.9838267673015,"Weakly structured"
"SNHG25",0.5984,0.000360798047978715,0.00368959986234349,0.951,0.829,"Example_Visium","TLS","Rest","wilcox","SCT",0.25,0.05,0.05,41,1212,TRUE,FALSE,2,12793,0.391875006376756,8.05351006333845e-131,130.094014794304,"Spatially structured"
"RPL41",0.5973,4.72723331916401e-15,5.08197444135002e-13,1,1,"Example_Visium","TLS","Rest","wilcox","SCT",0.25,0.05,0.05,41,1212,TRUE,FALSE,2,12793,0.609590089810663,1.06536355177135e-313,312.972502165376,"Spatially structured"
"RPL29",0.5972,5.4847589577246e-11,2.7408797400848e-09,1,1,"Example_Visium","TLS","Rest","wilcox","SCT",0.25,0.05,0.05,41,1212,TRUE,FALSE,2,12793,0.437948556475538,4.48673844190124e-163,162.348069247282,"Spatially structured"
"TM9SF3",-0.5966,4.32339615792567e-05,0.000617979967020593,0.927,0.987,"Example_Visium","TLS","Rest","wilcox","SCT",0.25,0.05,0.05,41,1212,TRUE,FALSE,2,12793,0.190820636624582,1.65784588256295e-32,31.7804558449941,"Weakly structured"
"GSTK1",-0.5936,0.00450189543926465,0.0293840552829146,0.634,0.799,"Example_Visium","TLS","Rest","wilcox","SCT",0.25,0.05,0.05,41,1212,TRUE,FALSE,2,12793,0.0767444618960072,1.14408793282622e-06,5.94154059505907,"Weakly structured"
"ATP5MD",-0.5929,4.10977493123954e-06,7.67537966355438e-05,0.976,0.992,"Example_Visium","TLS","Rest","wilcox","SCT",0.25,0.05,0.05,41,1212,TRUE,FALSE,2,12793,0.112597791138103,1.8107606299336e-12,11.7421389566268,"Weakly structured"
"TNFSF13",-0.5921,0.00132375536852706,0.0110468378535986,0.634,0.792,"Example_Visium","TLS","Rest","wilcox","SCT",0.25,0.05,0.05,41,1212,TRUE,FALSE,2,12793,0.0968894577918581,1.1795072839376e-09,8.9282993728249,"Weakly structured"
"RPS9",0.5909,2.71894847921921e-09,1.00821762013482e-07,1,1,"Example_Visium","TLS","Rest","wilcox","SCT",0.25,0.05,0.05,41,1212,TRUE,FALSE,2,12793,0.438513251607247,2.00439738691144e-163,162.698016172109,"Spatially structured"
"RPL8",0.5902,1.30311863149241e-11,7.06389688672984e-10,1,1,"Example_Visium","TLS","Rest","wilcox","SCT",0.25,0.05,0.05,41,1212,TRUE,FALSE,2,12793,0.611360152643433,1.48722644180724e-315,314.827622901845,"Spatially structured"
"TOMM7",0.5885,5.89811074278248e-07,1.34740233450743e-05,1,0.977,"Example_Visium","TLS","Rest","wilcox","SCT",0.25,0.05,0.05,41,1212,TRUE,FALSE,2,12793,0.146029905598936,9.06430968266304e-20,19.0426652651952,"Weakly structured"
"TKT",0.5882,0.00168883777726194,0.0135456436893493,0.854,0.673,"Example_Visium","TLS","Rest","wilcox","SCT",0.25,0.05,0.05,41,1212,TRUE,FALSE,2,12793,0.214276819493452,1.92731713521089e-40,39.7150468173944,"Weakly structured"
"TMEM141",-0.5872,0.0014081375993995,0.0115990886939456,0.902,0.913,"Example_Visium","TLS","Rest","wilcox","SCT",0.25,0.05,0.05,41,1212,TRUE,FALSE,2,12793,0.21023945263301,5.01351999346048e-39,38.2998572487923,"Weakly structured"
"NCL",0.5869,0.000179208166654153,0.00207476024977971,1,0.888,"Example_Visium","TLS","Rest","wilcox","SCT",0.25,0.05,0.05,41,1212,TRUE,FALSE,2,12793,0.292277065412393,1.16759462972779e-73,72.9327079111874,"Weakly structured"
"SF3B2",0.5867,0.00103736211024708,0.00896081936285679,0.976,0.725,"Example_Visium","TLS","Rest","wilcox","SCT",0.25,0.05,0.05,41,1212,TRUE,FALSE,2,12793,0.0356866636166666,0.0139851108321196,1.85433408749144,"Weakly structured"
"MRPL52",0.586,0.000454314604977692,0.00447424691414905,0.927,0.804,"Example_Visium","TLS","Rest","wilcox","SCT",0.25,0.05,0.05,41,1212,TRUE,FALSE,2,12793,0.166822675440083,3.11436269340967e-25,24.5066308116221,"Weakly structured"
"RNPS1",0.5847,0.000808238041567219,0.00726619062949363,0.878,0.747,"Example_Visium","TLS","Rest","wilcox","SCT",0.25,0.05,0.05,41,1212,TRUE,FALSE,2,12793,0.165524270576219,7.2624485297246e-25,24.1389169325136,"Weakly structured"
"PMEPA1",0.5845,0.000958241365936379,0.00838493966786874,0.854,0.718,"Example_Visium","TLS","Rest","wilcox","SCT",0.25,0.05,0.05,41,1212,TRUE,FALSE,2,12793,0.190084776751832,3.1952758235953e-32,31.4954916465838,"Weakly structured"
"AEBP1",0.5842,0.00112485530284375,0.00958074160404803,0.829,0.639,"Example_Visium","TLS","Rest","wilcox","SCT",0.25,0.05,0.05,41,1212,TRUE,FALSE,2,12793,0.0871076785084834,4.01654277856377e-08,7.39614760318203,"Weakly structured"
"MYO1D",-0.5812,0.00514431550350885,0.0326540184915083,0.61,0.778,"Example_Visium","TLS","Rest","wilcox","SCT",0.25,0.05,0.05,41,1212,TRUE,FALSE,2,12793,0.145221612940669,1.49384457505952e-19,18.8256945857237,"Weakly structured"
"UQCRQ",-0.5803,2.03614812984929e-06,4.08282806037021e-05,1,0.999,"Example_Visium","TLS","Rest","wilcox","SCT",0.25,0.05,0.05,41,1212,TRUE,FALSE,2,12793,0.222492433791989,1.61803185551056e-43,42.7910129323305,"Weakly structured"
"XBP1",-0.5796,0.00366656936907911,0.0251914188714442,0.951,0.949,"Example_Visium","TLS","Rest","wilcox","SCT",0.25,0.05,0.05,41,1212,TRUE,FALSE,2,12793,0.392927102829,1.37100509791428e-131,130.862960930337,"Spatially structured"
"HEBP2",-0.5782,0.00563671310733234,0.0351244377896262,0.756,0.834,"Example_Visium","TLS","Rest","wilcox","SCT",0.25,0.05,0.05,41,1212,TRUE,FALSE,2,12793,0.097018670099512,1.11874102217054e-09,8.95127043684916,"Weakly structured"
"ARL6IP1",0.5752,0.000722954793020662,0.0066299359620884,0.829,0.742,"Example_Visium","TLS","Rest","wilcox","SCT",0.25,0.05,0.05,41,1212,TRUE,FALSE,2,12793,0.169569422732122,5.23325863608779e-26,25.2812278011957,"Weakly structured"
"YBX3",0.575,0.00678540079520611,0.0403184544231639,0.805,0.724,"Example_Visium","TLS","Rest","wilcox","SCT",0.25,0.05,0.05,41,1212,TRUE,FALSE,2,12793,0.0838389595847932,1.20915523262534e-07,6.91751794037587,"Weakly structured"
"VEGFA",0.574,0.00505921305764881,0.0323127871425368,0.854,0.688,"Example_Visium","TLS","Rest","wilcox","SCT",0.25,0.05,0.05,41,1212,TRUE,FALSE,2,12793,0.116085259495612,4.01040835682904e-13,12.3968114034177,"Weakly structured"
"MBNL1",0.5739,0.00637405567647122,0.0384819699240662,0.756,0.648,"Example_Visium","TLS","Rest","wilcox","SCT",0.25,0.05,0.05,41,1212,TRUE,FALSE,2,12793,0.0343571134645372,0.0171025142410268,1.76694003927226,"Weakly structured"
"PSMB7",0.5736,0.00528170474393617,0.0333508631733344,0.805,0.701,"Example_Visium","TLS","Rest","wilcox","SCT",0.25,0.05,0.05,41,1212,TRUE,FALSE,2,12793,0.0551670786220719,0.000341841763145852,3.46617488018811,"Weakly structured"
"CHCHD10",-0.5692,0.000954811987664601,0.00836065007405424,0.829,0.949,"Example_Visium","TLS","Rest","wilcox","SCT",0.25,0.05,0.05,41,1212,TRUE,FALSE,2,12793,0.212282471214054,9.17842994603759e-40,39.0372316024685,"Weakly structured"
"LRP10",-0.5692,8.78147009226123e-05,0.0011416803545762,0.976,0.977,"Example_Visium","TLS","Rest","wilcox","SCT",0.25,0.05,0.05,41,1212,TRUE,FALSE,2,12793,0.280569475516354,4.39235486580931e-68,67.3573025797517,"Weakly structured"
"TMCO1",-0.5688,0.00336736823512262,0.0235145970698273,0.707,0.83,"Example_Visium","TLS","Rest","wilcox","SCT",0.25,0.05,0.05,41,1212,TRUE,FALSE,2,12793,0.117212172382926,2.38231522459482e-13,12.6230007738169,"Weakly structured"
"H2AFV",0.568,0.00283817123150969,0.0206182422286788,0.951,0.815,"Example_Visium","TLS","Rest","wilcox","SCT",0.25,0.05,0.05,41,1212,TRUE,FALSE,2,12793,0.0986649707961784,5.95146178129947e-10,9.22537635098045,"Weakly structured"
"CIB1",-0.5659,2.1555748730877e-05,0.000335383272323885,0.976,0.992,"Example_Visium","TLS","Rest","wilcox","SCT",0.25,0.05,0.05,41,1212,TRUE,FALSE,2,12793,0.218987928106475,3.14323724969568e-42,41.5026228374536,"Weakly structured"
"SNU13",0.5657,0.00176914213966933,0.0140400963975122,0.878,0.775,"Example_Visium","TLS","Rest","wilcox","SCT",0.25,0.05,0.05,41,1212,TRUE,FALSE,2,12793,0.142263579744317,7.80452358418942e-19,18.1076536026685,"Weakly structured"
"INF2",-0.565,0.00101398398199897,0.00878259788876972,0.732,0.905,"Example_Visium","TLS","Rest","wilcox","SCT",0.25,0.05,0.05,41,1212,TRUE,FALSE,2,12793,0.0757933289534557,1.51759272199458e-06,5.81884476488506,"Weakly structured"
"CTNND1",-0.5643,0.000949262556176461,0.00831775060353799,0.78,0.901,"Example_Visium","TLS","Rest","wilcox","SCT",0.25,0.05,0.05,41,1212,TRUE,FALSE,2,12793,0.137752146149865,8.86138669190965e-18,17.0524983113498,"Weakly structured"
"IGHG2",0.5629,0.00701106493856747,0.0413711041324233,0.756,0.568,"Example_Visium","TLS","Rest","wilcox","SCT",0.25,0.05,0.05,41,1212,TRUE,FALSE,2,12793,0.461120196226537,1.07965459682727e-180,179.966715161813,"Spatially structured"
"HSPA8",0.5627,2.72199997173205e-07,6.64552397678781e-06,1,0.996,"Example_Visium","TLS","Rest","wilcox","SCT",0.25,0.05,0.05,41,1212,TRUE,FALSE,2,12793,0.243413190777664,1.00122964652194e-51,50.9994662993652,"Weakly structured"
"FAM162A",-0.5602,0.00599543958265467,0.0368344671018356,0.634,0.776,"Example_Visium","TLS","Rest","wilcox","SCT",0.25,0.05,0.05,41,1212,TRUE,FALSE,2,12793,0.125158291871274,5.64669679876889e-15,14.2482055312213,"Weakly structured"
"PSMB9",0.56,0.000277409003703926,0.00298424650194367,0.951,0.857,"Example_Visium","TLS","Rest","wilcox","SCT",0.25,0.05,0.05,41,1212,TRUE,FALSE,2,12793,0.0742394429448525,2.4142571411505e-06,5.61721647531767,"Weakly structured"
"ARF4",-0.5596,0.000583789065235252,0.00557188752171278,0.854,0.931,"Example_Visium","TLS","Rest","wilcox","SCT",0.25,0.05,0.05,41,1212,TRUE,FALSE,2,12793,0.138575567020396,5.64443177606881e-18,17.2483797718858,"Weakly structured"
"MIDN",-0.5592,0.0011936978913266,0.010073203907481,0.634,0.884,"Example_Visium","TLS","Rest","wilcox","SCT",0.25,0.05,0.05,41,1212,TRUE,FALSE,2,12793,0.064317030468885,3.7520337424283e-05,4.42573326462013,"Weakly structured"
"APLP2",-0.5577,0.000193663278907965,0.00221011090728778,0.976,0.973,"Example_Visium","TLS","Rest","wilcox","SCT",0.25,0.05,0.05,41,1212,TRUE,FALSE,2,12793,0.243464094445683,9.83351513579246e-52,51.0072912094118,"Weakly structured"
"SNRPF",0.5547,0.00643368260704774,0.0387505186402833,0.829,0.69,"Example_Visium","TLS","Rest","wilcox","SCT",0.25,0.05,0.05,41,1212,TRUE,FALSE,2,12793,0.296895617281199,6.32885756754198e-76,75.198674678117,"Weakly structured"
"NBL1",-0.5545,5.63541815201063e-05,0.000771057801269219,1,0.979,"Example_Visium","TLS","Rest","wilcox","SCT",0.25,0.05,0.05,41,1212,TRUE,FALSE,2,12793,0.28921592319205,3.05051498014078e-72,71.5156268379797,"Weakly structured"
"SUB1",0.5536,1.71515022640187e-05,0.000273249275795257,1,0.933,"Example_Visium","TLS","Rest","wilcox","SCT",0.25,0.05,0.05,41,1212,TRUE,FALSE,2,12793,0.0868407769840747,4.3402436334374e-08,7.36248589129677,"Weakly structured"
"GNG5",-0.5531,5.33288272030358e-05,0.000734376411634485,0.829,0.975,"Example_Visium","TLS","Rest","wilcox","SCT",0.25,0.05,0.05,41,1212,TRUE,FALSE,2,12793,0.111370875384357,3.11698964449619e-12,11.5062646405674,"Weakly structured"
"LLGL2",-0.5522,0.00373084078002188,0.0254688613120704,0.756,0.892,"Example_Visium","TLS","Rest","wilcox","SCT",0.25,0.05,0.05,41,1212,TRUE,FALSE,2,12793,0.0752786551708537,1.76755277647978e-06,5.7526276099544,"Weakly structured"
"H2AFZ",0.549,0.000436682424849742,0.0043440732979026,0.927,0.828,"Example_Visium","TLS","Rest","wilcox","SCT",0.25,0.05,0.05,41,1212,TRUE,FALSE,2,12793,0.216202419760093,3.69628504860339e-41,40.4322345444157,"Weakly structured"
"COL4A2",0.5488,0.000782481047687442,0.00710342481754235,0.976,0.877,"Example_Visium","TLS","Rest","wilcox","SCT",0.25,0.05,0.05,41,1212,TRUE,FALSE,2,12793,0.290220061247878,1.10447858185468e-72,71.9568427015875,"Weakly structured"
"TYROBP",0.5471,0.00294839489147963,0.0212620156971245,0.683,0.503,"Example_Visium","TLS","Rest","wilcox","SCT",0.25,0.05,0.05,41,1212,TRUE,FALSE,2,12793,0.142016714906054,8.7795055581612e-19,18.0565299418853,"Weakly structured"
"ETS2",0.5468,0.00010397819666958,0.00130667295677204,1,0.945,"Example_Visium","TLS","Rest","wilcox","SCT",0.25,0.05,0.05,41,1212,TRUE,FALSE,2,12793,0.285649323785066,1.82034476021846e-70,69.7398463519705,"Weakly structured"
"NACA",0.5456,2.59811334521857e-08,7.98982308302433e-07,1,0.992,"Example_Visium","TLS","Rest","wilcox","SCT",0.25,0.05,0.05,41,1212,TRUE,FALSE,2,12793,0.348966080172696,2.70288081285067e-104,103.568173104676,"Spatially structured"
"SERBP1",0.5434,0.000541875910203268,0.00522856226799171,0.976,0.889,"Example_Visium","TLS","Rest","wilcox","SCT",0.25,0.05,0.05,41,1212,TRUE,FALSE,2,12793,0.153380287244828,1.27979593488032e-21,20.8928592736495,"Weakly structured"
"ATP5F1E",0.5427,5.25311463223936e-11,2.6354155094211e-09,1,1,"Example_Visium","TLS","Rest","wilcox","SCT",0.25,0.05,0.05,41,1212,TRUE,FALSE,2,12793,0.497527608781764,7.40029087429347e-210,209.130751209645,"Spatially structured"
"NDUFS6",0.5425,0.00206614901053806,0.0159615001762158,0.927,0.907,"Example_Visium","TLS","Rest","wilcox","SCT",0.25,0.05,0.05,41,1212,TRUE,FALSE,2,12793,0.10916614760289,8.2665783691458e-12,11.0826742126835,"Weakly structured"
"S100A16",-0.5404,0.000377643332219074,0.00384342971287081,0.951,0.974,"Example_Visium","TLS","Rest","wilcox","SCT",0.25,0.05,0.05,41,1212,TRUE,FALSE,2,12793,0.127634736007285,1.6009383794077e-15,14.7956253838822,"Weakly structured"
"LUC7L3",0.5402,0.00592399792080903,0.0365053969294701,0.829,0.64,"Example_Visium","TLS","Rest","wilcox","SCT",0.25,0.05,0.05,41,1212,TRUE,FALSE,2,12793,0.0520695580274594,0.000673744524867297,3.17150475105134,"Weakly structured"
"RPS27L",-0.5388,0.000409827780274927,0.00412828881343082,0.927,0.97,"Example_Visium","TLS","Rest","wilcox","SCT",0.25,0.05,0.05,41,1212,TRUE,FALSE,2,12793,0.114075957714114,9.5793289268833e-13,12.0186649140488,"Weakly structured"
"ATP6V0D1",-0.5348,0.00269255043674779,0.0197737070822701,0.805,0.901,"Example_Visium","TLS","Rest","wilcox","SCT",0.25,0.05,0.05,41,1212,TRUE,FALSE,2,12793,0.130048386744843,4.8562198845519e-16,15.3137016570882,"Weakly structured"
"CALD1",0.5332,0.00476946806866785,0.0307694427647342,0.805,0.619,"Example_Visium","TLS","Rest","wilcox","SCT",0.25,0.05,0.05,41,1212,TRUE,FALSE,2,12793,0.131070695545648,2.93463241295271e-16,15.5324462899952,"Weakly structured"
"YWHAB",0.5316,0.000304128237576608,0.00321546491183268,1,0.971,"Example_Visium","TLS","Rest","wilcox","SCT",0.25,0.05,0.05,41,1212,TRUE,FALSE,2,12793,0.314756744493935,3.65153192915943e-85,84.4375248975154,"Spatially structured"
"MZT2A",0.5311,0.00506697882833197,0.032346237600225,0.829,0.752,"Example_Visium","TLS","Rest","wilcox","SCT",0.25,0.05,0.05,41,1212,TRUE,FALSE,2,12793,0.221253821959609,5.22642245879601e-43,42.2817954885795,"Weakly structured"
"PLEKHJ1",-0.5305,0.0038927043408932,0.0263065158430443,0.805,0.895,"Example_Visium","TLS","Rest","wilcox","SCT",0.25,0.05,0.05,41,1212,TRUE,FALSE,2,12793,0.0904855798613223,1.23358922544053e-08,7.90882943254227,"Weakly structured"
"YBX1",0.5301,0.00114063579538462,0.00970868511667028,0.976,0.887,"Example_Visium","TLS","Rest","wilcox","SCT",0.25,0.05,0.05,41,1212,TRUE,FALSE,2,12793,0.13565275893258,2.7106720629963e-17,16.5669230201716,"Weakly structured"
"PCBP2",0.5291,6.52088887178495e-07,1.47128273962513e-05,1,0.985,"Example_Visium","TLS","Rest","wilcox","SCT",0.25,0.05,0.05,41,1212,TRUE,FALSE,2,12793,0.133625883385993,7.48458560990829e-17,16.125832239718,"Weakly structured"
"KLF6",-0.5273,0.00764079294146779,0.044170205196655,0.854,0.888,"Example_Visium","TLS","Rest","wilcox","SCT",0.25,0.05,0.05,41,1212,TRUE,FALSE,2,12793,0.186609402373654,3.90419652353367e-31,30.408468329597,"Weakly structured"
"PPIA",0.5243,1.03397461184829e-08,3.43574992451303e-07,1,1,"Example_Visium","TLS","Rest","wilcox","SCT",0.25,0.05,0.05,41,1212,TRUE,FALSE,2,12793,0.526412384824582,1.49977477708171e-234,233.823973954554,"Spatially structured"
"DNAJA1",0.5241,0.00188152517717651,0.014839920833304,0.854,0.786,"Example_Visium","TLS","Rest","wilcox","SCT",0.25,0.05,0.05,41,1212,TRUE,FALSE,2,12793,0.0850444491398522,8.06924350388265e-08,7.09316717872147,"Weakly structured"
"IGLC3",0.5231,0.00151194734345119,0.0123514319059841,1,0.979,"Example_Visium","TLS","Rest","wilcox","SCT",0.25,0.05,0.05,41,1212,TRUE,FALSE,2,12793,0.550993459759585,9.13276537741758e-257,256.039397699322,"Spatially structured"
"ENG",0.5218,0.00315546501391995,0.0223892756090283,0.805,0.601,"Example_Visium","TLS","Rest","wilcox","SCT",0.25,0.05,0.05,41,1212,TRUE,FALSE,2,12793,0.160909590418515,1.31244764729884e-23,22.8819180113069,"Weakly structured"
"ITGA6",-0.5212,0.00251352496264461,0.0187059481367728,0.805,0.912,"Example_Visium","TLS","Rest","wilcox","SCT",0.25,0.05,0.05,41,1212,TRUE,FALSE,2,12793,0.0712947483565045,5.65560197851676e-06,5.24752116226213,"Weakly structured"
"PPIB",0.5176,0.000263918833796544,0.00286370961896453,1,0.953,"Example_Visium","TLS","Rest","wilcox","SCT",0.25,0.05,0.05,41,1212,TRUE,FALSE,2,12793,0.170582330251732,2.52273766376733e-26,25.5981279088569,"Weakly structured"
"COL6A3",0.5164,0.00163796383847337,0.0132121509366897,0.854,0.715,"Example_Visium","TLS","Rest","wilcox","SCT",0.25,0.05,0.05,41,1212,TRUE,FALSE,2,12793,0.262598912858242,7.53321379283212e-60,59.1230197071022,"Weakly structured"
"ANKRD10",0.5131,0.00511782574225178,0.0325733058311577,0.829,0.715,"Example_Visium","TLS","Rest","wilcox","SCT",0.25,0.05,0.05,41,1212,TRUE,FALSE,2,12793,0.121385083424561,3.45434015540591e-14,13.4616348988641,"Weakly structured"
"SQSTM1",0.5107,4.83949232576605e-05,0.000678855540828126,0.951,0.921,"Example_Visium","TLS","Rest","wilcox","SCT",0.25,0.05,0.05,41,1212,TRUE,FALSE,2,12793,0.0903625476335399,1.28442437680666e-08,7.89129146064824,"Weakly structured"
"PPDPF",-0.5107,5.73115297502069e-06,0.000103557401143276,1,0.993,"Example_Visium","TLS","Rest","wilcox","SCT",0.25,0.05,0.05,41,1212,TRUE,FALSE,2,12793,0.21547727575605,5.88349560130056e-41,40.2303645669033,"Weakly structured"
"MPST",-0.5101,0.00552262483250254,0.0345143817695188,0.732,0.836,"Example_Visium","TLS","Rest","wilcox","SCT",0.25,0.05,0.05,41,1212,TRUE,FALSE,2,12793,0.0651275840929222,3.0461524201732e-05,4.51624836968546,"Weakly structured"
"CD99",0.5094,0.00699432109448763,0.0413022771000034,0.902,0.748,"Example_Visium","TLS","Rest","wilcox","SCT",0.25,0.05,0.05,41,1212,TRUE,FALSE,2,12793,0.100917568566363,2.47819923221215e-10,9.60586378190983,"Weakly structured"
"GSDMD",-0.5083,0.00620179595852252,0.037780750332085,0.707,0.867,"Example_Visium","TLS","Rest","wilcox","SCT",0.25,0.05,0.05,41,1212,TRUE,FALSE,2,12793,0.0863716554231179,5.12837498068119e-08,7.29002022723207,"Weakly structured"
"CAP1",-0.5035,0.00617139502923296,0.0376313901854038,0.902,0.958,"Example_Visium","TLS","Rest","wilcox","SCT",0.25,0.05,0.05,41,1212,TRUE,FALSE,2,12793,0.224568185320655,2.79384218046977e-44,43.5537981301069,"Weakly structured"
"PLP2",0.5027,0.00650703294989523,0.0391002689187457,0.78,0.629,"Example_Visium","TLS","Rest","wilcox","SCT",0.25,0.05,0.05,41,1212,TRUE,FALSE,2,12793,0.246884387514782,4.3984942736852e-53,52.3566959690924,"Weakly structured"
"CXCL3",0.5017,0.00347536657931961,0.0241632416571934,0.854,0.668,"Example_Visium","TLS","Rest","wilcox","SCT",0.25,0.05,0.05,41,1212,TRUE,FALSE,2,12793,0.347505011370366,2.82386657745899e-103,102.549155826757,"Spatially structured"
"APP",-0.4996,0.000123347207242424,0.00150714500692677,0.976,0.99,"Example_Visium","TLS","Rest","wilcox","SCT",0.25,0.05,0.05,41,1212,TRUE,FALSE,2,12793,0.228998508386175,5.25602751601138e-46,45.2793423698523,"Weakly structured"
"CTSB",0.4986,4.87023852620512e-07,1.13281748119531e-05,1,0.999,"Example_Visium","TLS","Rest","wilcox","SCT",0.25,0.05,0.05,41,1212,TRUE,FALSE,2,12793,0.347386365205863,2.31061016380316e-103,102.636273320635,"Spatially structured"
"SLC25A6",0.4946,7.7306863287921e-06,0.000135107472956608,1,0.974,"Example_Visium","TLS","Rest","wilcox","SCT",0.25,0.05,0.05,41,1212,TRUE,FALSE,2,12793,0.272898813556742,1.62195617238158e-64,63.7899608852358,"Weakly structured"
"PHB",0.4944,0.00558906733943158,0.0348734389821605,0.927,0.815,"Example_Visium","TLS","Rest","wilcox","SCT",0.25,0.05,0.05,41,1212,TRUE,FALSE,2,12793,0.236645951346233,6.16455398546047e-49,48.2100983397755,"Weakly structured"
"SDF4",-0.494,0.000984831110644394,0.00858823749043881,0.927,0.931,"Example_Visium","TLS","Rest","wilcox","SCT",0.25,0.05,0.05,41,1212,TRUE,FALSE,2,12793,0.116625666446935,3.06830301129512e-13,12.5131017537076,"Weakly structured"
"TAGLN2",0.491,6.00724973744953e-07,1.36988851855957e-05,1,0.992,"Example_Visium","TLS","Rest","wilcox","SCT",0.25,0.05,0.05,41,1212,TRUE,FALSE,2,12793,0.213470112416174,3.14470941624288e-40,39.5024194789159,"Weakly structured"
"EFHD2",-0.49,0.00226326637427027,0.017234504003595,0.878,0.922,"Example_Visium","TLS","Rest","wilcox","SCT",0.25,0.05,0.05,41,1212,TRUE,FALSE,2,12793,0.102815747709539,1.14889696823159e-10,9.93971891659876,"Weakly structured"
"CHMP2A",-0.4892,0.00767643237665713,0.0443161549614506,0.756,0.868,"Example_Visium","TLS","Rest","wilcox","SCT",0.25,0.05,0.05,41,1212,TRUE,FALSE,2,12793,0.127680658560314,1.60856467368548e-15,14.7935614732388,"Weakly structured"
"COX5A",-0.4863,0.000355730410299353,0.0036553085453491,0.976,0.973,"Example_Visium","TLS","Rest","wilcox","SCT",0.25,0.05,0.05,41,1212,TRUE,FALSE,2,12793,0.0721614608713851,4.3810425720492e-06,5.35842252661725,"Weakly structured"
"NAPRT",-0.4862,0.00763512977784892,0.0441574209982013,0.78,0.886,"Example_Visium","TLS","Rest","wilcox","SCT",0.25,0.05,0.05,41,1212,TRUE,FALSE,2,12793,0.12319937298812,1.43422347652662e-14,13.8433831728938,"Weakly structured"
"MT2A",0.4854,7.78253088666879e-06,0.000135678783603906,1,0.939,"Example_Visium","TLS","Rest","wilcox","SCT",0.25,0.05,0.05,41,1212,TRUE,FALSE,2,12793,0.628162453532206,0,332.210185193221,"Spatially structured"
"NCOA7",0.4853,0.00384821213539591,0.0260753060636228,0.951,0.856,"Example_Visium","TLS","Rest","wilcox","SCT",0.25,0.05,0.05,41,1212,TRUE,FALSE,2,12793,0.237173590532958,3.73707514744031e-49,48.427468168998,"Weakly structured"
"CLDN3",-0.484,9.25815756519152e-06,0.000157640569033669,0.976,1,"Example_Visium","TLS","Rest","wilcox","SCT",0.25,0.05,0.05,41,1212,TRUE,FALSE,2,12793,0.233725781240978,7.02211752166657e-48,47.1535319064878,"Weakly structured"
"KDELR1",-0.4837,0.00243978769546062,0.0182848295184697,0.829,0.944,"Example_Visium","TLS","Rest","wilcox","SCT",0.25,0.05,0.05,41,1212,TRUE,FALSE,2,12793,0.0550871726532905,0.000345708026572125,3.46129053698778,"Weakly structured"
"HNRNPA2B1",0.4825,8.61210608233588e-07,1.89629385733774e-05,1,0.998,"Example_Visium","TLS","Rest","wilcox","SCT",0.25,0.05,0.05,41,1212,TRUE,FALSE,2,12793,0.298853317484885,5.38134421358045e-77,76.2691092277496,"Weakly structured"
"MIF",0.4821,2.88455241620932e-07,7.0022920418531e-06,1,0.998,"Example_Visium","TLS","Rest","wilcox","SCT",0.25,0.05,0.05,41,1212,TRUE,FALSE,2,12793,0.402789239303512,2.26111474286496e-138,137.645677398323,"Spatially structured"
"TALDO1",0.481,0.00056388492676458,0.00542389463766862,0.951,0.866,"Example_Visium","TLS","Rest","wilcox","SCT",0.25,0.05,0.05,41,1212,TRUE,FALSE,2,12793,0.11797313667965,1.67489012891383e-13,12.7760136769683,"Weakly structured"
"FKBP1A",0.4807,0.00319507969082613,0.0226211281973808,1,0.928,"Example_Visium","TLS","Rest","wilcox","SCT",0.25,0.05,0.05,41,1212,TRUE,FALSE,2,12793,0.0961559881460842,1.53538123747889e-09,8.81378377082125,"Weakly structured"
"EPAS1",-0.4778,0.0024265000721064,0.0182172625718645,0.61,0.847,"Example_Visium","TLS","Rest","wilcox","SCT",0.25,0.05,0.05,41,1212,TRUE,FALSE,2,12793,0.105476716211008,3.91521922556084e-11,10.4072439153977,"Weakly structured"
"OAZ1",0.4769,4.18822072112355e-06,7.81048216987369e-05,1,1,"Example_Visium","TLS","Rest","wilcox","SCT",0.25,0.05,0.05,41,1212,TRUE,FALSE,2,12793,0.0749784310730604,1.9205232988301e-06,5.71658041982296,"Weakly structured"
"VAMP8",-0.4762,0.004911714145445,0.0315439553527499,0.878,0.955,"Example_Visium","TLS","Rest","wilcox","SCT",0.25,0.05,0.05,41,1212,TRUE,FALSE,2,12793,0.324603372060877,1.88676568631455e-90,89.724282030656,"Spatially structured"
"PDLIM1",-0.475,0.00109194054802962,0.00935019774494176,0.951,0.963,"Example_Visium","TLS","Rest","wilcox","SCT",0.25,0.05,0.05,41,1212,TRUE,FALSE,2,12793,0.21756814309331,1.09522084297126e-41,40.9604982998072,"Weakly structured"
"ANP32B",0.472,0.0027080967297194,0.0198302364746894,0.951,0.766,"Example_Visium","TLS","Rest","wilcox","SCT",0.25,0.05,0.05,41,1212,TRUE,FALSE,2,12793,0.120091332956529,6.32640813970849e-14,13.1988427935924,"Weakly structured"
"EIF3I",0.4716,0.00166650491155902,0.0134156035146803,0.927,0.824,"Example_Visium","TLS","Rest","wilcox","SCT",0.25,0.05,0.05,41,1212,TRUE,FALSE,2,12793,0.0847437926837311,8.9027600488956e-08,7.050475331762,"Weakly structured"
"HNRNPD",0.4714,0.00244765845165225,0.0183330764472993,0.927,0.821,"Example_Visium","TLS","Rest","wilcox","SCT",0.25,0.05,0.05,41,1212,TRUE,FALSE,2,12793,0.167165540840725,2.48884388033907e-25,24.6040023448674,"Weakly structured"
"CALM3",-0.4708,0.00109163920914164,0.00935019774494176,0.902,0.946,"Example_Visium","TLS","Rest","wilcox","SCT",0.25,0.05,0.05,41,1212,TRUE,FALSE,2,12793,0.066187343000857,2.28708518989876e-05,4.64071765838674,"Weakly structured"
"ENTPD6",-0.4695,0.00668157255476599,0.0398681705658215,0.878,0.884,"Example_Visium","TLS","Rest","wilcox","SCT",0.25,0.05,0.05,41,1212,TRUE,FALSE,2,12793,0.124601279532332,7.28862024171113e-15,14.1373546771861,"Weakly structured"
"DDX3X",0.467,0.000683160132167323,0.00634228415879286,0.976,0.912,"Example_Visium","TLS","Rest","wilcox","SCT",0.25,0.05,0.05,41,1212,TRUE,FALSE,2,12793,0.0472134788548549,0.00181788500904796,2.74043359169457,"Weakly structured"
"CHCHD2",0.4653,0.000103060844030091,0.00129942328529605,1,0.996,"Example_Visium","TLS","Rest","wilcox","SCT",0.25,0.05,0.05,41,1212,TRUE,FALSE,2,12793,0.270820888560936,1.37002493496188e-63,62.863271528451,"Weakly structured"
"RPL22L1",0.464,0.0083459432798253,0.0474742785143642,0.902,0.719,"Example_Visium","TLS","Rest","wilcox","SCT",0.25,0.05,0.05,41,1212,TRUE,FALSE,2,12793,0.326202122493564,3.10577297098449e-91,90.5078302939559,"Spatially structured"
"RAB2A",-0.4629,0.00583663753358194,0.0361413862377124,0.634,0.818,"Example_Visium","TLS","Rest","wilcox","SCT",0.25,0.05,0.05,41,1212,TRUE,FALSE,2,12793,0.0330045696752974,0.0208246612518008,1.68142205439513,"Weakly structured"
"IFITM2",0.462,0.00871385265278684,0.049293118856511,1,0.913,"Example_Visium","TLS","Rest","wilcox","SCT",0.25,0.05,0.05,41,1212,TRUE,FALSE,2,12793,0.239275803687618,5.20200723240094e-50,49.2838290483359,"Weakly structured"
"ATP5MC2",0.4612,0.00269685394261314,0.0197825989035836,0.927,0.93,"Example_Visium","TLS","Rest","wilcox","SCT",0.25,0.05,0.05,41,1212,TRUE,FALSE,2,12793,0.0864735360616291,4.92850339374681e-08,7.30728494005605,"Weakly structured"
"PHB2",0.4611,0.00699617247523704,0.0413022771000034,0.902,0.75,"Example_Visium","TLS","Rest","wilcox","SCT",0.25,0.05,0.05,41,1212,TRUE,FALSE,2,12793,0.132459806227508,1.44378688050571e-16,15.8404969088794,"Weakly structured"
"ACTN4",-0.4605,0.000171420115548669,0.00200402866726355,0.976,0.993,"Example_Visium","TLS","Rest","wilcox","SCT",0.25,0.05,0.05,41,1212,TRUE,FALSE,2,12793,0.12440263082299,7.73228489829598e-15,14.1116921526416,"Weakly structured"
"DDT",-0.4598,0.00815555434918339,0.046598484497143,0.756,0.864,"Example_Visium","TLS","Rest","wilcox","SCT",0.25,0.05,0.05,41,1212,TRUE,FALSE,2,12793,0.054599482067579,0.000385902398880399,3.41352252172069,"Weakly structured"
"CSNK2B",0.4564,0.00534692035419691,0.0336629685488391,0.951,0.835,"Example_Visium","TLS","Rest","wilcox","SCT",0.25,0.05,0.05,41,1212,TRUE,FALSE,2,12793,0.0224068868724311,0.0818333225397842,1.0870698155427,"Not structured"
"TMEM123",0.452,0.00713209140455816,0.0419112748454353,0.902,0.788,"Example_Visium","TLS","Rest","wilcox","SCT",0.25,0.05,0.05,41,1212,TRUE,FALSE,2,12793,0.135199316781181,3.48608948101866e-17,16.457661469603,"Weakly structured"
"OS9",-0.4501,0.00673594602840467,0.0400804453680842,0.878,0.933,"Example_Visium","TLS","Rest","wilcox","SCT",0.25,0.05,0.05,41,1212,TRUE,FALSE,2,12793,0.0633423132299841,4.77922829981212e-05,4.32064222309284,"Weakly structured"
"PSMB3",0.4461,0.00166970868267828,0.0134258850895684,0.951,0.919,"Example_Visium","TLS","Rest","wilcox","SCT",0.25,0.05,0.05,41,1212,TRUE,FALSE,2,12793,0.11350894287369,1.24231862025261e-12,11.9057670053902,"Weakly structured"
"BCAP31",0.4455,0.000228773399006822,0.00254495486390807,1,0.974,"Example_Visium","TLS","Rest","wilcox","SCT",0.25,0.05,0.05,41,1212,TRUE,FALSE,2,12793,0.259452411399201,1.68703862889152e-58,57.7728749730586,"Weakly structured"
"SPTBN1",-0.4436,0.00215339260134301,0.0165059026656568,0.951,0.965,"Example_Visium","TLS","Rest","wilcox","SCT",0.25,0.05,0.05,41,1212,TRUE,FALSE,2,12793,0.133692786612659,7.36888881960998e-17,16.1325979959801,"Weakly structured"
"MDH2",0.4398,0.00624863772450799,0.0380118033331577,0.951,0.831,"Example_Visium","TLS","Rest","wilcox","SCT",0.25,0.05,0.05,41,1212,TRUE,FALSE,2,12793,0.100377809555545,3.05105743501837e-10,9.51554961684898,"Weakly structured"
"ALDH2",-0.4367,0.00739945177232997,0.0430865664649146,0.805,0.929,"Example_Visium","TLS","Rest","wilcox","SCT",0.25,0.05,0.05,41,1212,TRUE,FALSE,2,12793,0.0292194690676211,0.035414425044444,1.45081980460828,"Weakly structured"
"ACTR2",0.436,0.000171534378390406,0.00200402866726355,1,0.961,"Example_Visium","TLS","Rest","wilcox","SCT",0.25,0.05,0.05,41,1212,TRUE,FALSE,2,12793,0.0812076486548789,2.79341301801272e-07,6.55386484726255,"Weakly structured"
"PGK1",0.4356,0.000667667889918731,0.00623465351513162,1,0.996,"Example_Visium","TLS","Rest","wilcox","SCT",0.25,0.05,0.05,41,1212,TRUE,FALSE,2,12793,0.331161329828603,4.66840141993472e-94,93.330831807518,"Spatially structured"
"CALU",0.4307,0.00879449386510815,0.0496504677918484,0.829,0.755,"Example_Visium","TLS","Rest","wilcox","SCT",0.25,0.05,0.05,41,1212,TRUE,FALSE,2,12793,0.104141113732102,6.81783979465277e-11,10.1663532080229,"Weakly structured"
"TMSB4X",0.4298,8.68490045039098e-09,2.93155491983778e-07,1,1,"Example_Visium","TLS","Rest","wilcox","SCT",0.25,0.05,0.05,41,1212,TRUE,FALSE,2,12793,0.585679310747316,7.87312946526694e-290,289.103852606987,"Spatially structured"
"RBM3",0.4283,0.00229422210215846,0.0174116394456504,0.976,0.936,"Example_Visium","TLS","Rest","wilcox","SCT",0.25,0.05,0.05,41,1212,TRUE,FALSE,2,12793,0.20096098002978,7.91169355625912e-36,35.1017305426196,"Weakly structured"
"TRIR",0.4253,0.00208618673686853,0.0161065702623772,0.951,0.927,"Example_Visium","TLS","Rest","wilcox","SCT",0.25,0.05,0.05,41,1212,TRUE,FALSE,2,12793,0.0570353866716185,0.000222469572536755,3.65272937966294,"Weakly structured"
"SAT1",0.4239,6.95912504825834e-06,0.000123307599366162,1,1,"Example_Visium","TLS","Rest","wilcox","SCT",0.25,0.05,0.05,41,1212,TRUE,FALSE,2,12793,0.31839379567582,4.32732969534276e-87,86.3637800150362,"Spatially structured"
"CTTN",-0.4203,0.00400659448542846,0.0269255438373124,0.902,0.963,"Example_Visium","TLS","Rest","wilcox","SCT",0.25,0.05,0.05,41,1212,TRUE,FALSE,2,12793,0.0803719052550588,3.64884260229816e-07,6.43784487010416,"Weakly structured"
"SUMO2",0.4199,0.00318190879582388,0.0225643898142876,0.927,0.9,"Example_Visium","TLS","Rest","wilcox","SCT",0.25,0.05,0.05,41,1212,TRUE,FALSE,2,12793,0.0784789147151018,6.65319447615047e-07,6.17696978172687,"Weakly structured"
"HLA-B",-0.4199,5.38949681003466e-06,9.82162858842925e-05,1,1,"Example_Visium","TLS","Rest","wilcox","SCT",0.25,0.05,0.05,41,1212,TRUE,FALSE,2,12793,0.753275632027714,0,476.891287307488,"Spatially structured"
"DDX39B",0.4052,0.00650330324744453,0.0390962210735704,0.976,0.861,"Example_Visium","TLS","Rest","wilcox","SCT",0.25,0.05,0.05,41,1212,TRUE,FALSE,2,12793,0.144687072662562,1.98456160452008e-19,18.7023354152311,"Weakly structured"
"VWF",0.4047,0.00307362596793616,0.0219180027914199,0.902,0.832,"Example_Visium","TLS","Rest","wilcox","SCT",0.25,0.05,0.05,41,1212,TRUE,FALSE,2,12793,0.169953802925609,3.94691298513463e-26,25.4037424480895,"Weakly structured"
"PKM",0.4041,6.548292950495e-06,0.000116674528851926,1,0.998,"Example_Visium","TLS","Rest","wilcox","SCT",0.25,0.05,0.05,41,1212,TRUE,FALSE,2,12793,0.192332856584565,5.46284616108379e-33,32.2625810294567,"Weakly structured"
"YWHAQ",0.4035,0.00876997958343557,0.0495777060587235,0.951,0.809,"Example_Visium","TLS","Rest","wilcox","SCT",0.25,0.05,0.05,41,1212,TRUE,FALSE,2,12793,0.069450480681335,9.51993896221825e-06,5.02136583611729,"Weakly structured"
"PLVAP",0.4012,0.0021959409038883,0.0167817634309696,0.878,0.723,"Example_Visium","TLS","Rest","wilcox","SCT",0.25,0.05,0.05,41,1212,TRUE,FALSE,2,12793,0.16393230628622,1.94382867007068e-24,23.711342016633,"Weakly structured"
"EIF3K",0.3924,0.00258521785900792,0.0191061190469603,0.927,0.898,"Example_Visium","TLS","Rest","wilcox","SCT",0.25,0.05,0.05,41,1212,TRUE,FALSE,2,12793,0.10733131098495,1.79158242230815e-11,10.7467632071852,"Weakly structured"
"CAPNS1",-0.3896,0.00246423735916073,0.0184356658103762,0.976,0.984,"Example_Visium","TLS","Rest","wilcox","SCT",0.25,0.05,0.05,41,1212,TRUE,FALSE,2,12793,0.108085104536495,1.27571526011169e-11,10.8942462494094,"Weakly structured"
"PTBP1",0.3879,0.00264717608292254,0.0194964442307588,0.951,0.917,"Example_Visium","TLS","Rest","wilcox","SCT",0.25,0.05,0.05,41,1212,TRUE,FALSE,2,12793,0.114271133872489,8.89091689292463e-13,12.0510534492655,"Weakly structured"
"VAPA",-0.3872,0.00813065935975544,0.0464769996377799,0.927,0.945,"Example_Visium","TLS","Rest","wilcox","SCT",0.25,0.05,0.05,41,1212,TRUE,FALSE,2,12793,0.1351260774063,3.50163312649425e-17,16.4557293578201,"Weakly structured"
"JUND",-0.3858,0.00153219016728798,0.0124769629599714,1,0.998,"Example_Visium","TLS","Rest","wilcox","SCT",0.25,0.05,0.05,41,1212,TRUE,FALSE,2,12793,0.355092619841481,7.02012986867514e-108,107.153654853579,"Spatially structured"
"GABARAP",-0.3846,0.0061837421725258,0.037688715394532,0.951,0.967,"Example_Visium","TLS","Rest","wilcox","SCT",0.25,0.05,0.05,41,1212,TRUE,FALSE,2,12793,0.160914103417159,1.2386854107924e-23,22.9070389774857,"Weakly structured"
"HNRNPK",0.3803,3.82479023014121e-05,0.000550399790935843,1,0.996,"Example_Visium","TLS","Rest","wilcox","SCT",0.25,0.05,0.05,41,1212,TRUE,FALSE,2,12793,0.121629157480146,2.92469976492802e-14,13.5339187097963,"Weakly structured"
"NR4A1",0.3724,0.001653776343188,0.0133228972030252,0.951,0.856,"Example_Visium","TLS","Rest","wilcox","SCT",0.25,0.05,0.05,41,1212,TRUE,FALSE,2,12793,0.374966362188305,5.83936337217582e-120,119.233634498611,"Spatially structured"
"EPN1",-0.3672,0.00734672405384298,0.0428771171627798,0.805,0.903,"Example_Visium","TLS","Rest","wilcox","SCT",0.25,0.05,0.05,41,1212,TRUE,FALSE,2,12793,0.0932477083575624,4.52422203630503e-09,8.34445608925149,"Weakly structured"
"COX7A2",-0.3651,0.00228044853035936,0.0173343898092022,0.976,0.993,"Example_Visium","TLS","Rest","wilcox","SCT",0.25,0.05,0.05,41,1212,TRUE,FALSE,2,12793,0.0843160569544783,1.00684205449715e-07,6.99703865282311,"Weakly structured"
"NEAT1",-0.3638,2.88224725192954e-05,0.000429482636857056,1,1,"Example_Visium","TLS","Rest","wilcox","SCT",0.25,0.05,0.05,41,1212,TRUE,FALSE,2,12793,0.33469773983109,4.84855273853606e-96,95.3143878761329,"Spatially structured"
"TUBA1B",0.3573,0.000415197374587024,0.00416924647809403,1,0.997,"Example_Visium","TLS","Rest","wilcox","SCT",0.25,0.05,0.05,41,1212,TRUE,FALSE,2,12793,0.266263056042286,1.63101650364926e-61,60.7875416444732,"Weakly structured"
"CANX",0.3559,0.000643394295633313,0.00604771728437691,1,0.992,"Example_Visium","TLS","Rest","wilcox","SCT",0.25,0.05,0.05,41,1212,TRUE,FALSE,2,12793,0.221775378050115,3.00147276624457e-43,42.5226655928456,"Weakly structured"
"SERF2",-0.3552,4.989353480916e-06,9.15764692702415e-05,1,1,"Example_Visium","TLS","Rest","wilcox","SCT",0.25,0.05,0.05,41,1212,TRUE,FALSE,2,12793,0.305055052977792,3.69188323333033e-80,79.4327520432697,"Spatially structured"
"NME2",0.3541,0.00152497954383585,0.0124420046583495,1,0.995,"Example_Visium","TLS","Rest","wilcox","SCT",0.25,0.05,0.05,41,1212,TRUE,FALSE,2,12793,0.547206215010652,2.56457207570715e-253,252.59098509085,"Spatially structured"
"PRDX5",0.3522,0.00504899727923018,0.0322797712109904,1,0.977,"Example_Visium","TLS","Rest","wilcox","SCT",0.25,0.05,0.05,41,1212,TRUE,FALSE,2,12793,0.204399705141023,5.16192228987161e-37,36.2871885378266,"Weakly structured"
"HLA-A",-0.3502,0.000837803601287631,0.0074742130204133,1,1,"Example_Visium","TLS","Rest","wilcox","SCT",0.25,0.05,0.05,41,1212,TRUE,FALSE,2,12793,0.671485970577807,0,379.421390071878,"Spatially structured"
"GNAS",0.3391,4.58590467384586e-05,0.000649695221400997,1,1,"Example_Visium","TLS","Rest","wilcox","SCT",0.25,0.05,0.05,41,1212,TRUE,FALSE,2,12793,0.284250858967799,7.97538273803477e-70,69.0982484660102,"Weakly structured"
"SYNGR2",0.3376,0.00454301710294751,0.0296071410076452,1,0.97,"Example_Visium","TLS","Rest","wilcox","SCT",0.25,0.05,0.05,41,1212,TRUE,FALSE,2,12793,0.342481806702455,1.74370042740331e-100,99.7585281259981,"Spatially structured"
"BSG",-0.3356,0.00373798962776667,0.0254904591194131,1,0.988,"Example_Visium","TLS","Rest","wilcox","SCT",0.25,0.05,0.05,41,1212,TRUE,FALSE,2,12793,0.108577970741329,1.03088158644121e-11,10.986791217654,"Weakly structured"
"KDELR2",-0.334,0.00527786803933396,0.033343094235654,0.927,0.997,"Example_Visium","TLS","Rest","wilcox","SCT",0.25,0.05,0.05,41,1212,TRUE,FALSE,2,12793,0.0751966822241225,1.78781522963932e-06,5.74767736747218,"Weakly structured"
"PFN1",0.3286,0.00255100390883314,0.0188969270444136,1,1,"Example_Visium","TLS","Rest","wilcox","SCT",0.25,0.05,0.05,41,1212,TRUE,FALSE,2,12793,0.174178287904274,2.29481605585572e-27,26.6392521202045,"Weakly structured"
"UBC",-0.3284,2.5963949988928e-05,0.000394017570828418,1,1,"Example_Visium","TLS","Rest","wilcox","SCT",0.25,0.05,0.05,41,1212,TRUE,FALSE,2,12793,0.279553541424241,1.33394875372958e-67,66.8748608543775,"Weakly structured"
"COX5B",-0.3244,0.00460701481808367,0.0299208626762345,1,0.994,"Example_Visium","TLS","Rest","wilcox","SCT",0.25,0.05,0.05,41,1212,TRUE,FALSE,2,12793,0.108694964538021,9.74398622239929e-12,11.0112633387855,"Weakly structured"
"TPT1",0.3196,9.84183900034013e-09,3.30463638664964e-07,1,1,"Example_Visium","TLS","Rest","wilcox","SCT",0.25,0.05,0.05,41,1212,TRUE,FALSE,2,12793,0.507520855537255,3.08054938986451e-218,217.511371823854,"Spatially structured"
"TMBIM6",-0.3155,0.00229069795853958,0.0174019590163877,1,1,"Example_Visium","TLS","Rest","wilcox","SCT",0.25,0.05,0.05,41,1212,TRUE,FALSE,2,12793,0.263028374479198,4.75925558276682e-60,59.3224609719811,"Weakly structured"
"COX8A",-0.3084,0.00765614293356185,0.044238950564163,1,0.989,"Example_Visium","TLS","Rest","wilcox","SCT",0.25,0.05,0.05,41,1212,TRUE,FALSE,2,12793,0.034135712315127,0.017538194373154,1.75601512101223,"Weakly structured"
"HMGN2",0.2826,0.00589222712720841,0.0363847445000625,1,0.94,"Example_Visium","TLS","Rest","wilcox","SCT",0.25,0.05,0.05,41,1212,TRUE,FALSE,2,12793,0.279145648200766,2.16488852619828e-67,66.6645644612983,"Weakly structured"
"FTH1",0.253,2.88131994131832e-05,0.000429482636857056,1,1,"Example_Visium","TLS","Rest","wilcox","SCT",0.25,0.05,0.05,41,1212,TRUE,FALSE,2,12793,0.46527587361219,8.21696382251702e-184,183.085288625125,"Spatially structured"
"ACTB",0.2513,1.4274175005342e-05,0.000232032428009328,1,1,"Example_Visium","TLS","Rest","wilcox","SCT",0.25,0.05,0.05,41,1212,TRUE,FALSE,2,12793,0.544403275846159,8.1631906773553e-251,250.088140059049,"Spatially structured"
