"gene","avg_log2FC","p_val","p_val_adj","pct_roi","pct_rest","sample","roi","reference","test","expression_assay","logfc_cutoff","fdr_cutoff","min_pct","n_spots_roi","n_spots_rest","passes_selected_filters","complete_gene_table","analysis_format_version","n_genes_tested","Moran_I","Moran_padj","Moran_neglog10_padj","spatial_class"
"NBPF1",-3.6537,0.00238050629755582,0.0234576361403522,0,0.056,"P2N_Spatial","TLS","Rest","wilcox","Spatial",0.25,0.05,0.05,157,3499,TRUE,FALSE,2,10366,-0.00478698914791375,0.700081406482693,0.154851456656292,"Not structured"
"HIRA",-2.9619,0.00416689763039838,0.0359156797390475,0.006,0.061,"P2N_Spatial","TLS","Rest","wilcox","Spatial",0.25,0.05,0.05,157,3499,TRUE,FALSE,2,10366,0.00732716101752951,0.239594885552461,0.620522456733689,"Not structured"
"SLC22A9",-2.7058,0.000152350427122562,0.00255155188369764,0.013,0.107,"P2N_Spatial","TLS","Rest","wilcox","Spatial",0.25,0.05,0.05,157,3499,TRUE,FALSE,2,10366,0.0220063107399596,0.0130948311621121,1.88290009676802,"Weakly structured"
"CCL18",2.5907,6.39910128824215e-13,5.10254491953216e-11,0.166,0.043,"P2N_Spatial","TLS","Rest","wilcox","Spatial",0.25,0.05,0.05,157,3499,TRUE,FALSE,2,10366,0.0666781956314942,1.57273035446275e-12,11.8033457310367,"Weakly structured"
"IGLC7",2.5761,7.55753814608898e-05,0.00140145689485435,0.134,0.059,"P2N_Spatial","TLS","Rest","wilcox","Spatial",0.25,0.05,0.05,157,3499,TRUE,FALSE,2,10366,0.120886032613186,1.09963398817066e-37,36.9587518451774,"Weakly structured"
"ZNF521",2.5132,1.00667491885772e-05,0.000241555375205534,0.051,0.011,"P2N_Spatial","TLS","Rest","wilcox","Spatial",0.25,0.05,0.05,157,3499,TRUE,FALSE,2,10366,0.00320495377871634,0.383737762395213,0.415965461179838,"Not structured"
"CCR7",2.4437,5.01752634150231e-08,1.926358446519e-06,0.108,0.03,"P2N_Spatial","TLS","Rest","wilcox","Spatial",0.25,0.05,0.05,157,3499,TRUE,FALSE,2,10366,0.0447753594633096,1.73026333251118e-06,5.76188779562645,"Weakly structured"
"SIDT1",2.4418,3.73028277751992e-09,1.6739442108992e-07,0.076,0.014,"P2N_Spatial","TLS","Rest","wilcox","Spatial",0.25,0.05,0.05,157,3499,TRUE,FALSE,2,10366,-0.00656007190314615,0.760136922447172,0.119108171788566,"Not structured"
"GJA5",2.3819,2.58402787950308e-08,1.026284789231e-06,0.108,0.029,"P2N_Spatial","TLS","Rest","wilcox","Spatial",0.25,0.05,0.05,157,3499,TRUE,FALSE,2,10366,0.0594057934522054,2.63270603208754e-10,9.57959763150149,"Weakly structured"
"ANKRD29",2.3524,0.000452602003331983,0.00629915256871206,0.076,0.028,"P2N_Spatial","TLS","Rest","wilcox","Spatial",0.25,0.05,0.05,157,3499,TRUE,FALSE,2,10366,-0.00108156957787859,0.559733905454432,0.252018385239454,"Not structured"
"CCL21",2.3075,2.51526074083835e-47,2.60731928395303e-43,0.924,0.781,"P2N_Spatial","TLS","Rest","wilcox","Spatial",0.25,0.05,0.05,157,3499,TRUE,FALSE,2,10366,0.277363579536411,6.63387668590661e-189,188.178232605643,"Weakly structured"
"CD96",2.2971,0.000717415484007865,0.00914726802856769,0.07,0.026,"P2N_Spatial","TLS","Rest","wilcox","Spatial",0.25,0.05,0.05,157,3499,TRUE,FALSE,2,10366,0.0138184709360074,0.083782949060987,1.07684435705223,"Not structured"
"AC008549.1",-2.289,0.000835145991132861,0.0104177176222422,0.013,0.09,"P2N_Spatial","TLS","Rest","wilcox","Spatial",0.25,0.05,0.05,157,3499,TRUE,FALSE,2,10366,0.0154806277084335,0.0609512223215879,1.21501758057558,"Not structured"
"NGEF",-2.2823,0.00298800610956349,0.0281578830288501,0.013,0.076,"P2N_Spatial","TLS","Rest","wilcox","Spatial",0.25,0.05,0.05,157,3499,TRUE,FALSE,2,10366,0.0246731787847107,0.00614099211259853,2.21176146041903,"Weakly structured"
"AC145207.5",2.2555,1.0089953593425e-06,3.02290343784517e-05,0.089,0.025,"P2N_Spatial","TLS","Rest","wilcox","Spatial",0.25,0.05,0.05,157,3499,TRUE,FALSE,2,10366,0.0204228418615119,0.0190274923369987,1.7206184442913,"Weakly structured"
"MDFI",2.2536,7.77123432656454e-07,2.40467507549755e-05,0.07,0.016,"P2N_Spatial","TLS","Rest","wilcox","Spatial",0.25,0.05,0.05,157,3499,TRUE,FALSE,2,10366,0.00281696956481498,0.399317225185819,0.39868195541598,"Not structured"
"HRH2",2.2514,0.000291665383244592,0.00443965251499771,0.051,0.014,"P2N_Spatial","TLS","Rest","wilcox","Spatial",0.25,0.05,0.05,157,3499,TRUE,FALSE,2,10366,-0.000945277815927444,0.55468224427774,0.25595573593407,"Not structured"
"CCL19",2.241,2.0948454946049e-27,8.0426549618794e-25,0.631,0.311,"P2N_Spatial","TLS","Rest","wilcox","Spatial",0.25,0.05,0.05,157,3499,TRUE,FALSE,2,10366,0.206983798926049,5.61135446740187e-106,105.250932296192,"Weakly structured"
"CYTIP",2.2323,0.000274634071248401,0.0042300992311455,0.102,0.042,"P2N_Spatial","TLS","Rest","wilcox","Spatial",0.25,0.05,0.05,157,3499,TRUE,FALSE,2,10366,0.0222636497181978,0.0120215084875771,1.9200410326057,"Weakly structured"
"TTN",2.2279,2.87669805188558e-05,0.000606094552964347,0.064,0.017,"P2N_Spatial","TLS","Rest","wilcox","Spatial",0.25,0.05,0.05,157,3499,TRUE,FALSE,2,10366,0.0315822922029335,0.000576415068505498,3.23926467448669,"Weakly structured"
"CCR5",2.1108,1.12454518746371e-07,4.01966738387889e-06,0.096,0.025,"P2N_Spatial","TLS","Rest","wilcox","Spatial",0.25,0.05,0.05,157,3499,TRUE,FALSE,2,10366,0.013327698602422,0.0918157412749226,1.03708285515195,"Not structured"
"GDPD3",2.0751,7.03176310985473e-06,0.000173138376239321,0.083,0.024,"P2N_Spatial","TLS","Rest","wilcox","Spatial",0.25,0.05,0.05,157,3499,TRUE,FALSE,2,10366,0.0268623217543682,0.0029875339175331,2.52468715546176,"Weakly structured"
"C16orf54",2.069,8.96888200390465e-05,0.0016197113388933,0.089,0.032,"P2N_Spatial","TLS","Rest","wilcox","Spatial",0.25,0.05,0.05,157,3499,TRUE,FALSE,2,10366,0.00586729493423607,0.288318977598309,0.54012677074057,"Not structured"
"PIK3R3",2.0677,5.12717021795626e-05,0.00101234755198733,0.089,0.03,"P2N_Spatial","TLS","Rest","wilcox","Spatial",0.25,0.05,0.05,157,3499,TRUE,FALSE,2,10366,0.0044154863212059,0.340267218915877,0.468179888487784,"Not structured"
"LOX",2.0449,4.01205587436774e-05,0.000821916426752886,0.115,0.045,"P2N_Spatial","TLS","Rest","wilcox","Spatial",0.25,0.05,0.05,157,3499,TRUE,FALSE,2,10366,0.0262889268184945,0.00369067922591264,2.43289369971628,"Weakly structured"
"GAS1",2.009,5.64386253924588e-06,0.000141656850077053,0.115,0.041,"P2N_Spatial","TLS","Rest","wilcox","Spatial",0.25,0.05,0.05,157,3499,TRUE,FALSE,2,10366,0.0268270488180549,0.0031308918129539,2.50433193904195,"Weakly structured"
"LSAMP",2.0038,2.13926224185098e-05,0.000469104020178242,0.057,0.014,"P2N_Spatial","TLS","Rest","wilcox","Spatial",0.25,0.05,0.05,157,3499,TRUE,FALSE,2,10366,0.000352075764047089,0.500240406173337,0.300821231699115,"Not structured"
"SLAMF1",1.9996,6.07287140995065e-05,0.00116146466855255,0.083,0.028,"P2N_Spatial","TLS","Rest","wilcox","Spatial",0.25,0.05,0.05,157,3499,TRUE,FALSE,2,10366,0.00272564635993524,0.403346122919014,0.394322113266625,"Not structured"
"NRARP",1.9991,7.21980704030262e-05,0.00135070132669655,0.064,0.018,"P2N_Spatial","TLS","Rest","wilcox","Spatial",0.25,0.05,0.05,157,3499,TRUE,FALSE,2,10366,0.0107928868890649,0.141571362569495,0.849024588001207,"Not structured"
"PSTPIP1",1.9965,3.09266450456042e-08,1.21433940357096e-06,0.134,0.041,"P2N_Spatial","TLS","Rest","wilcox","Spatial",0.25,0.05,0.05,157,3499,TRUE,FALSE,2,10366,0.029717550865527,0.00117951150713043,2.92829781784844,"Weakly structured"
"KCNMB4",1.9952,0.00412948223937927,0.0357313964051799,0.051,0.019,"P2N_Spatial","TLS","Rest","wilcox","Spatial",0.25,0.05,0.05,157,3499,TRUE,FALSE,2,10366,0.00537290684251057,0.304552109943617,0.516338387350556,"Not structured"
"FGF7",1.9928,7.0719695613531e-08,2.63697972924411e-06,0.108,0.03,"P2N_Spatial","TLS","Rest","wilcox","Spatial",0.25,0.05,0.05,157,3499,TRUE,FALSE,2,10366,0.030783845070244,0.000804197106626219,3.09463749375304,"Weakly structured"
"TMEM243",1.9811,3.00872229986206e-05,0.000631344440493323,0.083,0.027,"P2N_Spatial","TLS","Rest","wilcox","Spatial",0.25,0.05,0.05,157,3499,TRUE,FALSE,2,10366,0.0115740740006351,0.124811552713284,0.903745213953111,"Not structured"
"CCDC144A",1.9539,2.29295413786365e-07,7.92292086436485e-06,0.121,0.038,"P2N_Spatial","TLS","Rest","wilcox","Spatial",0.25,0.05,0.05,157,3499,TRUE,FALSE,2,10366,0.0369196382336836,7.21678236498192e-05,4.14165639143391,"Weakly structured"
"ATF6B",1.9538,0.00172938288913356,0.0185962479551437,0.064,0.024,"P2N_Spatial","TLS","Rest","wilcox","Spatial",0.25,0.05,0.05,157,3499,TRUE,FALSE,2,10366,0.00348984570112504,0.375045645195251,0.425915872938787,"Not structured"
"ZNF142",1.9146,0.0022306228912255,0.022383966012046,0.064,0.025,"P2N_Spatial","TLS","Rest","wilcox","Spatial",0.25,0.05,0.05,157,3499,TRUE,FALSE,2,10366,-0.00506639882235748,0.711115942261319,0.148059584953446,"Not structured"
"SYK",1.9119,2.74324052468273e-09,1.25270622373838e-07,0.178,0.061,"P2N_Spatial","TLS","Rest","wilcox","Spatial",0.25,0.05,0.05,157,3499,TRUE,FALSE,2,10366,0.00810375776294504,0.215329738322259,0.666895987373982,"Not structured"
"NFKBID",1.9101,0.000269513308533478,0.00417604627243353,0.07,0.024,"P2N_Spatial","TLS","Rest","wilcox","Spatial",0.25,0.05,0.05,157,3499,TRUE,FALSE,2,10366,-0.00444838819389739,0.688029534376334,0.162392918826456,"Not structured"
"PTGES",1.9077,3.34132848697686e-06,8.88107976820568e-05,0.096,0.029,"P2N_Spatial","TLS","Rest","wilcox","Spatial",0.25,0.05,0.05,157,3499,TRUE,FALSE,2,10366,0.0142674407287173,0.0761249939465841,1.11847272889392,"Not structured"
"PRIMA1",1.904,0.00201694596797782,0.0209076619040581,0.057,0.021,"P2N_Spatial","TLS","Rest","wilcox","Spatial",0.25,0.05,0.05,157,3499,TRUE,FALSE,2,10366,0.00181370999476408,0.437841569737278,0.358683007842402,"Not structured"
"TCF7",1.8633,1.75969335890489e-05,0.000395996185712994,0.115,0.043,"P2N_Spatial","TLS","Rest","wilcox","Spatial",0.25,0.05,0.05,157,3499,TRUE,FALSE,2,10366,0.0274433820233519,0.0025460879772398,2.59412659386003,"Weakly structured"
"LTB",1.8633,2.97173382921183e-16,3.42277698595665e-14,0.318,0.112,"P2N_Spatial","TLS","Rest","wilcox","Spatial",0.25,0.05,0.05,157,3499,TRUE,FALSE,2,10366,0.0543521135177851,8.53075176949275e-09,8.06901269509789,"Weakly structured"
"TMOD2",1.8557,6.72865507901001e-06,0.000166465963124147,0.108,0.037,"P2N_Spatial","TLS","Rest","wilcox","Spatial",0.25,0.05,0.05,157,3499,TRUE,FALSE,2,10366,0.0107389107964636,0.143775646707449,0.842314670255398,"Not structured"
"COL4A3",1.8497,0.00126284277963665,0.0145289991717131,0.057,0.02,"P2N_Spatial","TLS","Rest","wilcox","Spatial",0.25,0.05,0.05,157,3499,TRUE,FALSE,2,10366,0.0119973333157331,0.115686606011167,0.936716919977938,"Not structured"
"ZNF549",1.8393,0.00269561497951649,0.0259449813163119,0.051,0.018,"P2N_Spatial","TLS","Rest","wilcox","Spatial",0.25,0.05,0.05,157,3499,TRUE,FALSE,2,10366,0.0156256582618181,0.057480696987528,1.24047797442782,"Not structured"
"RBL1",1.8379,0.00205328202098759,0.0211363668615267,0.064,0.024,"P2N_Spatial","TLS","Rest","wilcox","Spatial",0.25,0.05,0.05,157,3499,TRUE,FALSE,2,10366,0.021298142545334,0.0152102281100474,1.81786427271939,"Weakly structured"
"TDP1",1.837,0.00103975248391326,0.0124458132196823,0.076,0.03,"P2N_Spatial","TLS","Rest","wilcox","Spatial",0.25,0.05,0.05,157,3499,TRUE,FALSE,2,10366,-0.0204608381035041,0.984975866889908,0.00657441011654096,"Not structured"
"AC245407.2",1.8296,0.00153151365158653,0.0168471770901085,0.07,0.027,"P2N_Spatial","TLS","Rest","wilcox","Spatial",0.25,0.05,0.05,157,3499,TRUE,FALSE,2,10366,-0.001267256696953,0.56559450941276,0.247494815164684,"Not structured"
"TTF2",1.8253,0.00070117897454567,0.0090054167129602,0.07,0.025,"P2N_Spatial","TLS","Rest","wilcox","Spatial",0.25,0.05,0.05,157,3499,TRUE,FALSE,2,10366,-0.00509113339561885,0.711255232477339,0.147974525619472,"Not structured"
"RHOF",1.825,2.46743621689718e-05,0.000530652361501166,0.089,0.029,"P2N_Spatial","TLS","Rest","wilcox","Spatial",0.25,0.05,0.05,157,3499,TRUE,FALSE,2,10366,0.0116887067392619,0.122947135320743,0.910281585907676,"Not structured"
"CD244",1.8212,0.00482491167864898,0.0403672594518768,0.064,0.027,"P2N_Spatial","TLS","Rest","wilcox","Spatial",0.25,0.05,0.05,157,3499,TRUE,FALSE,2,10366,0.00551781278065936,0.300278097034501,0.522476345070318,"Not structured"
"LGI2",1.8113,0.000330103327586732,0.00490236546384537,0.051,0.014,"P2N_Spatial","TLS","Rest","wilcox","Spatial",0.25,0.05,0.05,157,3499,TRUE,FALSE,2,10366,0.00566584407446575,0.294168031362907,0.531404525888113,"Not structured"
"RIMKLB",1.8094,0.000101543826200156,0.00180625575906697,0.108,0.043,"P2N_Spatial","TLS","Rest","wilcox","Spatial",0.25,0.05,0.05,157,3499,TRUE,FALSE,2,10366,0.0157668340059245,0.0572767680497449,1.24202149589856,"Not structured"
"MHENCR",1.7944,6.55461182575881e-05,0.00124123316768552,0.108,0.042,"P2N_Spatial","TLS","Rest","wilcox","Spatial",0.25,0.05,0.05,157,3499,TRUE,FALSE,2,10366,-0.000983808767129033,0.555709212182823,0.255152403705884,"Not structured"
"BATF3",1.7898,0.00450156334525414,0.0381235340170787,0.064,0.026,"P2N_Spatial","TLS","Rest","wilcox","Spatial",0.25,0.05,0.05,157,3499,TRUE,FALSE,2,10366,-0.00626039960822298,0.750672077643185,0.124549738057973,"Not structured"
"S1PR4",1.7874,0.000225015682387932,0.00356653297191637,0.102,0.041,"P2N_Spatial","TLS","Rest","wilcox","Spatial",0.25,0.05,0.05,157,3499,TRUE,FALSE,2,10366,0.022147876225728,0.0124108042734726,1.90620007343979,"Weakly structured"
"GPX7",1.7807,0.000105246428394335,0.00186174825381514,0.121,0.052,"P2N_Spatial","TLS","Rest","wilcox","Spatial",0.25,0.05,0.05,157,3499,TRUE,FALSE,2,10366,0.00477027607547641,0.328059144414725,0.484047852088955,"Not structured"
"CYTH4",1.7726,9.8746865682611e-13,7.75462128534807e-11,0.299,0.117,"P2N_Spatial","TLS","Rest","wilcox","Spatial",0.25,0.05,0.05,157,3499,TRUE,FALSE,2,10366,0.0265280859754663,0.0035335138900733,2.45179319715516,"Weakly structured"
"CPNE5",1.77,4.54415264255795e-05,0.000911115789028157,0.102,0.038,"P2N_Spatial","TLS","Rest","wilcox","Spatial",0.25,0.05,0.05,157,3499,TRUE,FALSE,2,10366,0.0040476888176956,0.354542782246052,0.450331351532198,"Not structured"
"PLD4",1.758,8.79207051231324e-06,0.000214443771601504,0.108,0.038,"P2N_Spatial","TLS","Rest","wilcox","Spatial",0.25,0.05,0.05,157,3499,TRUE,FALSE,2,10366,0.019164968660731,0.0265705385309693,1.57559964323149,"Weakly structured"
"HOMER3",1.7452,0.00260637490939254,0.0252737907490768,0.121,0.063,"P2N_Spatial","TLS","Rest","wilcox","Spatial",0.25,0.05,0.05,157,3499,TRUE,FALSE,2,10366,-0.00985185198886136,0.849381505238911,0.0708971997382428,"Not structured"
"SH3BP1",1.7447,0.000986310692852772,0.011956047622325,0.07,0.026,"P2N_Spatial","TLS","Rest","wilcox","Spatial",0.25,0.05,0.05,157,3499,TRUE,FALSE,2,10366,-0.00952175563728021,0.842614518909762,0.0743710619097784,"Not structured"
"PIK3CG",1.7369,1.16588302544826e-05,0.000277191363343961,0.102,0.035,"P2N_Spatial","TLS","Rest","wilcox","Spatial",0.25,0.05,0.05,157,3499,TRUE,FALSE,2,10366,-0.00138330565860897,0.570205341508185,0.243968718670431,"Not structured"
"ZNF559",1.7338,0.00073923599505881,0.00940235622672346,0.089,0.037,"P2N_Spatial","TLS","Rest","wilcox","Spatial",0.25,0.05,0.05,157,3499,TRUE,FALSE,2,10366,-0.00931487755819902,0.837252394248538,0.0771436018562452,"Not structured"
"TRAC",1.7312,1.60281562956973e-12,1.21275816176057e-10,0.427,0.219,"P2N_Spatial","TLS","Rest","wilcox","Spatial",0.25,0.05,0.05,157,3499,TRUE,FALSE,2,10366,0.059672657119538,2.81639390069355e-10,9.55030660487999,"Weakly structured"
"PELI2",1.7283,0.0025898100021393,0.0251602347536795,0.076,0.033,"P2N_Spatial","TLS","Rest","wilcox","Spatial",0.25,0.05,0.05,157,3499,TRUE,FALSE,2,10366,-0.00194987980386658,0.591649912798653,0.227935195157475,"Not structured"
"CD79B",1.7252,1.26240275541752e-05,0.000297143404844136,0.146,0.062,"P2N_Spatial","TLS","Rest","wilcox","Spatial",0.25,0.05,0.05,157,3499,TRUE,FALSE,2,10366,0.0251189307975115,0.00536961100625093,2.27005717500022,"Weakly structured"
"DISC1",1.7233,0.00323715222153622,0.0299075935191127,0.051,0.018,"P2N_Spatial","TLS","Rest","wilcox","Spatial",0.25,0.05,0.05,157,3499,TRUE,FALSE,2,10366,-0.00881446251473787,0.825767085194333,0.0831424319521881,"Not structured"
"CLEC2D",1.716,2.39429520179472e-08,9.54587079300158e-07,0.223,0.094,"P2N_Spatial","TLS","Rest","wilcox","Spatial",0.25,0.05,0.05,157,3499,TRUE,FALSE,2,10366,0.0108856939229851,0.141571362569495,0.849024588001207,"Not structured"
"GZMK",1.6983,1.20541366269094e-07,4.27921850255282e-06,0.21,0.09,"P2N_Spatial","TLS","Rest","wilcox","Spatial",0.25,0.05,0.05,157,3499,TRUE,FALSE,2,10366,0.0556285769945251,3.74942177098657e-09,8.4260357032143,"Weakly structured"
"RIPOR2",1.6944,1.32395254762148e-05,0.000309798918931022,0.115,0.042,"P2N_Spatial","TLS","Rest","wilcox","Spatial",0.25,0.05,0.05,157,3499,TRUE,FALSE,2,10366,0.0143377648010233,0.0762332419809916,1.11785561053935,"Not structured"
"SLC45A4",1.6908,5.49766439660489e-07,1.7842212311505e-05,0.102,0.029,"P2N_Spatial","TLS","Rest","wilcox","Spatial",0.25,0.05,0.05,157,3499,TRUE,FALSE,2,10366,0.00327822253128102,0.382457763637133,0.417416518764321,"Not structured"
"JAML",1.6844,2.62469616607997e-05,0.000562140505322003,0.191,0.094,"P2N_Spatial","TLS","Rest","wilcox","Spatial",0.25,0.05,0.05,157,3499,TRUE,FALSE,2,10366,0.0154657880548932,0.0611581424038729,1.2135457141688,"Not structured"
"TSPYL5",1.6759,0.000100440450901286,0.00179511330007367,0.089,0.032,"P2N_Spatial","TLS","Rest","wilcox","Spatial",0.25,0.05,0.05,157,3499,TRUE,FALSE,2,10366,0.00666746003428932,0.260239800734132,0.584626282265781,"Not structured"
"MCM6",1.6644,0.000287522502054134,0.00438948196803116,0.096,0.038,"P2N_Spatial","TLS","Rest","wilcox","Spatial",0.25,0.05,0.05,157,3499,TRUE,FALSE,2,10366,0.00738361874338605,0.23754847882146,0.624247746307967,"Not structured"
"UBE2S",1.6636,4.34821878525415e-06,0.000112403082114575,0.153,0.062,"P2N_Spatial","TLS","Rest","wilcox","Spatial",0.25,0.05,0.05,157,3499,TRUE,FALSE,2,10366,0.0217777924468682,0.0138007217917838,1.86009819896172,"Weakly structured"
"IL7R",1.6628,3.15677651049683e-14,2.89585356706285e-12,0.357,0.146,"P2N_Spatial","TLS","Rest","wilcox","Spatial",0.25,0.05,0.05,157,3499,TRUE,FALSE,2,10366,0.0972995733768655,1.03031565955354e-24,23.9870296993725,"Weakly structured"
"CAMK4",1.6589,0.00322702013450745,0.0298776969720691,0.051,0.018,"P2N_Spatial","TLS","Rest","wilcox","Spatial",0.25,0.05,0.05,157,3499,TRUE,FALSE,2,10366,-0.005735761586722,0.735058374390255,0.133678170209821,"Not structured"
"INTS6",1.6545,0.000267122997655529,0.00414520508038505,0.185,0.101,"P2N_Spatial","TLS","Rest","wilcox","Spatial",0.25,0.05,0.05,157,3499,TRUE,FALSE,2,10366,0.0115915840587466,0.125744615879433,0.90051060145225,"Not structured"
"WDR37",1.6517,0.000589866759175228,0.0078291406217803,0.134,0.067,"P2N_Spatial","TLS","Rest","wilcox","Spatial",0.25,0.05,0.05,157,3499,TRUE,FALSE,2,10366,0.0234179091247556,0.00887785191993883,2.05169210315947,"Weakly structured"
"SYTL3",1.65,0.00212978671628156,0.0217224358958827,0.051,0.017,"P2N_Spatial","TLS","Rest","wilcox","Spatial",0.25,0.05,0.05,157,3499,TRUE,FALSE,2,10366,0.0250978925398257,0.00511327607322849,2.29130075844832,"Weakly structured"
"CD2",1.6492,1.04001375452023e-12,8.1058515634261e-11,0.306,0.121,"P2N_Spatial","TLS","Rest","wilcox","Spatial",0.25,0.05,0.05,157,3499,TRUE,FALSE,2,10366,0.0503433360400156,9.27422469504843e-08,7.03272238626666,"Weakly structured"
"SSPN",1.6484,7.23393089822829e-05,0.00135070132669655,0.096,0.035,"P2N_Spatial","TLS","Rest","wilcox","Spatial",0.25,0.05,0.05,157,3499,TRUE,FALSE,2,10366,0.043009875344342,4.22881437437348e-06,5.37378137797786,"Weakly structured"
"TIGIT",1.647,0.000459856686321286,0.0063813579791251,0.064,0.021,"P2N_Spatial","TLS","Rest","wilcox","Spatial",0.25,0.05,0.05,157,3499,TRUE,FALSE,2,10366,0.0135913679422905,0.0867485459613559,1.06173779591751,"Not structured"
"JCHAIN",1.6383,5.06392737459161e-31,3.08780418617745e-28,0.936,0.831,"P2N_Spatial","TLS","Rest","wilcox","Spatial",0.25,0.05,0.05,157,3499,TRUE,FALSE,2,10366,0.236174087700213,2.15381723244858e-137,136.66679115262,"Weakly structured"
"ANO9",1.6313,0.000122124036605098,0.00212405665008129,0.083,0.029,"P2N_Spatial","TLS","Rest","wilcox","Spatial",0.25,0.05,0.05,157,3499,TRUE,FALSE,2,10366,0.0210626187149064,0.0163289135805366,1.78704270942584,"Weakly structured"
"GMIP",1.6287,0.000321450374839805,0.00481525229131418,0.115,0.051,"P2N_Spatial","TLS","Rest","wilcox","Spatial",0.25,0.05,0.05,157,3499,TRUE,FALSE,2,10366,0.00888914414096869,0.191559705456969,0.717695839401989,"Not structured"
"CD3D",1.628,7.41646529653177e-05,0.0013777612771299,0.153,0.072,"P2N_Spatial","TLS","Rest","wilcox","Spatial",0.25,0.05,0.05,157,3499,TRUE,FALSE,2,10366,0.0296520330275262,0.00122750182871603,2.91097785219832,"Weakly structured"
"ZAP70",1.6167,1.58711602825039e-06,4.50740952023111e-05,0.166,0.068,"P2N_Spatial","TLS","Rest","wilcox","Spatial",0.25,0.05,0.05,157,3499,TRUE,FALSE,2,10366,0.0188675219705021,0.0286882255867735,1.54229631274056,"Weakly structured"
"TNFAIP8",1.6161,0.000706174921537831,0.00904046705909195,0.108,0.049,"P2N_Spatial","TLS","Rest","wilcox","Spatial",0.25,0.05,0.05,157,3499,TRUE,FALSE,2,10366,0.00719165895967928,0.243609689938555,0.61330544098519,"Not structured"
"TACC3",1.6155,6.21942774182453e-05,0.00118512110242193,0.096,0.034,"P2N_Spatial","TLS","Rest","wilcox","Spatial",0.25,0.05,0.05,157,3499,TRUE,FALSE,2,10366,0.0031894340993575,0.385531834729892,0.413939754897867,"Not structured"
"CD6",1.611,2.21977592505658e-05,0.000483407505023877,0.178,0.086,"P2N_Spatial","TLS","Rest","wilcox","Spatial",0.25,0.05,0.05,157,3499,TRUE,FALSE,2,10366,0.0141585091340401,0.079485972036434,1.09970951039673,"Not structured"
"STK17B",1.6028,5.45514029998235e-05,0.00106093779267574,0.21,0.114,"P2N_Spatial","TLS","Rest","wilcox","Spatial",0.25,0.05,0.05,157,3499,TRUE,FALSE,2,10366,0.0507210305390032,7.48578376492151e-08,7.12576272211309,"Weakly structured"
"CUL4B",-1.6016,0.000788245617038775,0.00991620639104848,0.032,0.122,"P2N_Spatial","TLS","Rest","wilcox","Spatial",0.25,0.05,0.05,157,3499,TRUE,FALSE,2,10366,-0.012989901746226,0.913329652393499,0.0393724422077558,"Not structured"
"PCED1B",1.5988,0.00199814241746222,0.0207750695079372,0.083,0.036,"P2N_Spatial","TLS","Rest","wilcox","Spatial",0.25,0.05,0.05,157,3499,TRUE,FALSE,2,10366,0.00355423276073532,0.373368237499322,0.427862630322398,"Not structured"
"SNHG10",1.5984,0.00248380809783193,0.0242668753460186,0.064,0.025,"P2N_Spatial","TLS","Rest","wilcox","Spatial",0.25,0.05,0.05,157,3499,TRUE,FALSE,2,10366,0.0103949171518533,0.150991611701222,0.821047179150955,"Not structured"
"EVA1C",1.5982,0.000223629862466006,0.00356090192676285,0.121,0.054,"P2N_Spatial","TLS","Rest","wilcox","Spatial",0.25,0.05,0.05,157,3499,TRUE,FALSE,2,10366,0.012582538267345,0.105815872788909,0.975449181567498,"Not structured"
"COL15A1",1.5891,0.000187541917750837,0.00305051573158578,0.096,0.037,"P2N_Spatial","TLS","Rest","wilcox","Spatial",0.25,0.05,0.05,157,3499,TRUE,FALSE,2,10366,0.0875298583898132,1.80860232122739e-20,19.7426569161048,"Weakly structured"
"INPP4B",1.5868,0.000843580846106518,0.0105102873206012,0.083,0.033,"P2N_Spatial","TLS","Rest","wilcox","Spatial",0.25,0.05,0.05,157,3499,TRUE,FALSE,2,10366,0.019474653661401,0.0244984251532321,1.61086183274747,"Weakly structured"
"FIBIN",1.5856,0.00304133610521854,0.0285307602413533,0.108,0.054,"P2N_Spatial","TLS","Rest","wilcox","Spatial",0.25,0.05,0.05,157,3499,TRUE,FALSE,2,10366,0.0438940754280035,2.8383931240526e-06,5.5469274539163,"Weakly structured"
"CSPG4",1.5855,0.000419129052856082,0.00593537125943463,0.115,0.051,"P2N_Spatial","TLS","Rest","wilcox","Spatial",0.25,0.05,0.05,157,3499,TRUE,FALSE,2,10366,0.0291287410279468,0.00145452574027854,2.83727858877786,"Weakly structured"
"MAP4K1",1.5795,2.68081269613795e-05,0.000571796386999301,0.134,0.055,"P2N_Spatial","TLS","Rest","wilcox","Spatial",0.25,0.05,0.05,157,3499,TRUE,FALSE,2,10366,0.0222285642055424,0.0122754298143243,1.91096329246599,"Weakly structured"
"JAK3",1.5794,6.36325151204132e-11,3.79088880309312e-09,0.318,0.142,"P2N_Spatial","TLS","Rest","wilcox","Spatial",0.25,0.05,0.05,157,3499,TRUE,FALSE,2,10366,0.0358455970006225,0.000120521582510105,3.91893517445227,"Weakly structured"
"CD247",1.5776,0.000130900474056947,0.00223544368051781,0.102,0.04,"P2N_Spatial","TLS","Rest","wilcox","Spatial",0.25,0.05,0.05,157,3499,TRUE,FALSE,2,10366,-0.00217096291027804,0.5996616695733,0.222093710416552,"Not structured"
"VENTX",1.5739,0.00177588721458249,0.0189391428666276,0.051,0.017,"P2N_Spatial","TLS","Rest","wilcox","Spatial",0.25,0.05,0.05,157,3499,TRUE,FALSE,2,10366,-0.0115834789561659,0.89026259227016,0.0504818747559063,"Not structured"
"KCNK17",1.5669,5.77370957446615e-05,0.00111869669997974,0.14,0.061,"P2N_Spatial","TLS","Rest","wilcox","Spatial",0.25,0.05,0.05,157,3499,TRUE,FALSE,2,10366,0.0207465956919476,0.0181186637885648,1.74187383373706,"Weakly structured"
"AL590617.2",1.5622,0.000552430723067422,0.00742736300300506,0.14,0.069,"P2N_Spatial","TLS","Rest","wilcox","Spatial",0.25,0.05,0.05,157,3499,TRUE,FALSE,2,10366,0.0214324119359515,0.0151412996944315,1.81983684439384,"Weakly structured"
"HSH2D",1.5621,0.000487664148057681,0.00669553186591513,0.076,0.028,"P2N_Spatial","TLS","Rest","wilcox","Spatial",0.25,0.05,0.05,157,3499,TRUE,FALSE,2,10366,0.0188234975447292,0.0283650437129029,1.54721654281467,"Weakly structured"
"CENPW",1.5578,0.00359877806371247,0.0323307677011533,0.057,0.022,"P2N_Spatial","TLS","Rest","wilcox","Spatial",0.25,0.05,0.05,157,3499,TRUE,FALSE,2,10366,0.00318817743029856,0.385334765606308,0.414161806377989,"Not structured"
"P2RX5",1.5574,0.000166250798181821,0.00273983429881201,0.121,0.053,"P2N_Spatial","TLS","Rest","wilcox","Spatial",0.25,0.05,0.05,157,3499,TRUE,FALSE,2,10366,0.01767710380935,0.0377624121192085,1.42294027240882,"Weakly structured"
"CD79A",1.5563,2.23304494645476e-05,0.000485277650208596,0.14,0.059,"P2N_Spatial","TLS","Rest","wilcox","Spatial",0.25,0.05,0.05,157,3499,TRUE,FALSE,2,10366,0.0214135598062396,0.0152389069853698,1.81704618176582,"Weakly structured"
"AP002807.1",1.5557,0.000614922062276086,0.00807893801971345,0.096,0.04,"P2N_Spatial","TLS","Rest","wilcox","Spatial",0.25,0.05,0.05,157,3499,TRUE,FALSE,2,10366,-0.00694690761820364,0.770624107089106,0.113157409270573,"Not structured"
"ITGB2-AS1",1.5533,0.00054169423275286,0.00732099402440175,0.076,0.029,"P2N_Spatial","TLS","Rest","wilcox","Spatial",0.25,0.05,0.05,157,3499,TRUE,FALSE,2,10366,0.0222256060537279,0.0120215084875771,1.9200410326057,"Weakly structured"
"ADAM8",1.5491,0.000228427414939004,0.00361508180650032,0.076,0.027,"P2N_Spatial","TLS","Rest","wilcox","Spatial",0.25,0.05,0.05,157,3499,TRUE,FALSE,2,10366,-0.0019307091253319,0.591376699263631,0.228135791038482,"Not structured"
"CD27",1.5448,5.77188070938792e-07,1.85811538613401e-05,0.223,0.103,"P2N_Spatial","TLS","Rest","wilcox","Spatial",0.25,0.05,0.05,157,3499,TRUE,FALSE,2,10366,0.0511351820285371,5.83507745192179e-08,7.23395337497097,"Weakly structured"
"KLRB1",1.5347,1.05898796564424e-06,3.12748411734136e-05,0.178,0.074,"P2N_Spatial","TLS","Rest","wilcox","Spatial",0.25,0.05,0.05,157,3499,TRUE,FALSE,2,10366,0.0306852759238011,0.000863394574023638,3.06379068498135,"Weakly structured"
"LRRC8C",1.5283,0.00265738245288167,0.0256692070189241,0.076,0.033,"P2N_Spatial","TLS","Rest","wilcox","Spatial",0.25,0.05,0.05,157,3499,TRUE,FALSE,2,10366,0.00425826379163772,0.346379299198934,0.460448070789542,"Not structured"
"SEMA3G",1.5203,0.0020767558765939,0.02131450635324,0.064,0.024,"P2N_Spatial","TLS","Rest","wilcox","Spatial",0.25,0.05,0.05,157,3499,TRUE,FALSE,2,10366,0.0176727030062043,0.0370625509753901,1.43106469196781,"Weakly structured"
"NRGN",1.5157,7.20763723350185e-05,0.00135070132669655,0.146,0.067,"P2N_Spatial","TLS","Rest","wilcox","Spatial",0.25,0.05,0.05,157,3499,TRUE,FALSE,2,10366,0.0228644534271566,0.0104243034240135,1.98195295594312,"Weakly structured"
"AL365361.1",1.5141,0.000109306235975445,0.00192371552142862,0.083,0.028,"P2N_Spatial","TLS","Rest","wilcox","Spatial",0.25,0.05,0.05,157,3499,TRUE,FALSE,2,10366,-0.00753873560564226,0.789095853127662,0.102870238924972,"Not structured"
"ABCA7",1.5115,0.0015298911411701,0.0168471770901085,0.121,0.061,"P2N_Spatial","TLS","Rest","wilcox","Spatial",0.25,0.05,0.05,157,3499,TRUE,FALSE,2,10366,0.0205641875019886,0.018940512475711,1.72260827441604,"Weakly structured"
"CDH11",1.5098,0.000217613857383511,0.0034811500704282,0.115,0.049,"P2N_Spatial","TLS","Rest","wilcox","Spatial",0.25,0.05,0.05,157,3499,TRUE,FALSE,2,10366,0.0146115350702784,0.0725270192792546,1.13950017083789,"Not structured"
"SLC28A1",-1.505,0.00101253077131718,0.0121903530493308,0.032,0.119,"P2N_Spatial","TLS","Rest","wilcox","Spatial",0.25,0.05,0.05,157,3499,TRUE,FALSE,2,10366,0.0205020906649351,0.0193753941773898,1.71274945334687,"Weakly structured"
"ADGRL3",1.5029,0.00342099827414067,0.0311617470208631,0.051,0.018,"P2N_Spatial","TLS","Rest","wilcox","Spatial",0.25,0.05,0.05,157,3499,TRUE,FALSE,2,10366,0.0724544193364137,1.20753167730729e-14,13.9181014675335,"Weakly structured"
"GRAP",1.5013,0.000203381983143907,0.00327369198333811,0.115,0.049,"P2N_Spatial","TLS","Rest","wilcox","Spatial",0.25,0.05,0.05,157,3499,TRUE,FALSE,2,10366,0.0104859149190422,0.149673822570044,0.824854149606823,"Not structured"
"KDM3A",1.5005,0.00200929313846822,0.0208700728189996,0.108,0.053,"P2N_Spatial","TLS","Rest","wilcox","Spatial",0.25,0.05,0.05,157,3499,TRUE,FALSE,2,10366,0.00355258522483649,0.373368237499322,0.427862630322398,"Not structured"
"UGT2A3",-1.4999,0.000918762193076264,0.0112976143457041,0.045,0.138,"P2N_Spatial","TLS","Rest","wilcox","Spatial",0.25,0.05,0.05,157,3499,TRUE,FALSE,2,10366,0.0116833413225326,0.124066292910589,0.90634619425737,"Not structured"
"AC108134.3",1.496,0.00216133174205051,0.0219006498906115,0.07,0.028,"P2N_Spatial","TLS","Rest","wilcox","Spatial",0.25,0.05,0.05,157,3499,TRUE,FALSE,2,10366,0.00805705906795,0.215615866890517,0.666319283144649,"Not structured"
"SPATC1L",1.4952,0.00108835701640575,0.0128788913608014,0.07,0.026,"P2N_Spatial","TLS","Rest","wilcox","Spatial",0.25,0.05,0.05,157,3499,TRUE,FALSE,2,10366,0.00342196448525718,0.377087442868984,0.423557929497083,"Not structured"
"OLFML2A",1.4804,0.00396055174556221,0.0346456366198294,0.051,0.018,"P2N_Spatial","TLS","Rest","wilcox","Spatial",0.25,0.05,0.05,157,3499,TRUE,FALSE,2,10366,0.00855248677982745,0.199587916824718,0.699865754707934,"Not structured"
"DERL3",1.4797,1.9152168226406e-10,1.01291518283125e-08,0.312,0.14,"P2N_Spatial","TLS","Rest","wilcox","Spatial",0.25,0.05,0.05,157,3499,TRUE,FALSE,2,10366,0.0523082183695859,2.98457904093092e-08,7.52511691515207,"Weakly structured"
"LRIG3",1.4779,0.00160094655395474,0.0174321554393854,0.102,0.047,"P2N_Spatial","TLS","Rest","wilcox","Spatial",0.25,0.05,0.05,157,3499,TRUE,FALSE,2,10366,0.00898791260343554,0.188853522475871,0.723874910346297,"Not structured"
"MEI1",1.4764,0.00106812954781319,0.0127120905770741,0.096,0.042,"P2N_Spatial","TLS","Rest","wilcox","Spatial",0.25,0.05,0.05,157,3499,TRUE,FALSE,2,10366,0.0187371985195684,0.0292856102290999,1.53334572207585,"Weakly structured"
"STRIP1",1.4763,0.00345200309656837,0.031416561983343,0.115,0.06,"P2N_Spatial","TLS","Rest","wilcox","Spatial",0.25,0.05,0.05,157,3499,TRUE,FALSE,2,10366,0.0200691654547865,0.0214355958566504,1.66886443967103,"Weakly structured"
"TMEM229B",1.4692,0.00106374246853813,0.0126890154532408,0.07,0.026,"P2N_Spatial","TLS","Rest","wilcox","Spatial",0.25,0.05,0.05,157,3499,TRUE,FALSE,2,10366,0.01307345420105,0.0961554067280733,1.01702629076871,"Not structured"
"MVB12A",1.4692,1.00291189968747e-07,3.62236402514298e-06,0.306,0.16,"P2N_Spatial","TLS","Rest","wilcox","Spatial",0.25,0.05,0.05,157,3499,TRUE,FALSE,2,10366,0.0233952518988302,0.00902835256196482,2.04439148983285,"Weakly structured"
"FZD7",1.4663,9.7487894679059e-05,0.00174953981377225,0.146,0.068,"P2N_Spatial","TLS","Rest","wilcox","Spatial",0.25,0.05,0.05,157,3499,TRUE,FALSE,2,10366,0.0254632718963165,0.00486924535789545,2.31253834110509,"Weakly structured"
"SEMA4D",1.4639,1.34818859843607e-05,0.000314052202503107,0.236,0.127,"P2N_Spatial","TLS","Rest","wilcox","Spatial",0.25,0.05,0.05,157,3499,TRUE,FALSE,2,10366,0.0214438773156314,0.015246910230943,1.81681815668485,"Weakly structured"
"ZNF618",1.4628,0.00498150322513665,0.0412687012343784,0.096,0.047,"P2N_Spatial","TLS","Rest","wilcox","Spatial",0.25,0.05,0.05,157,3499,TRUE,FALSE,2,10366,0.0194124609255454,0.025012969724829,1.6018347425542,"Weakly structured"
"FKBP10",1.4626,1.52981542679907e-10,8.30265272994721e-09,0.248,0.095,"P2N_Spatial","TLS","Rest","wilcox","Spatial",0.25,0.05,0.05,157,3499,TRUE,FALSE,2,10366,0.0255370268467356,0.00479233372711569,2.31945294629525,"Weakly structured"
"CD8A",1.4599,0.00115563389894098,0.0135054126227985,0.146,0.079,"P2N_Spatial","TLS","Rest","wilcox","Spatial",0.25,0.05,0.05,157,3499,TRUE,FALSE,2,10366,0.0315491788549531,0.000629146206634427,3.20124841758175,"Weakly structured"
"S100A4",1.4575,4.56381524435066e-14,4.14986919499465e-12,0.427,0.199,"P2N_Spatial","TLS","Rest","wilcox","Spatial",0.25,0.05,0.05,157,3499,TRUE,FALSE,2,10366,0.110484676744287,2.29212079296291e-31,30.639762499124,"Weakly structured"
"PAPLN",1.4574,1.70060605710496e-09,7.97668886332581e-08,0.312,0.147,"P2N_Spatial","TLS","Rest","wilcox","Spatial",0.25,0.05,0.05,157,3499,TRUE,FALSE,2,10366,0.035904914147445,0.000117961339383443,3.92826030492716,"Weakly structured"
"IKZF1",1.4507,2.11284545942575e-05,0.000465005435932215,0.21,0.108,"P2N_Spatial","TLS","Rest","wilcox","Spatial",0.25,0.05,0.05,157,3499,TRUE,FALSE,2,10366,0.0175160343200262,0.0394624970050205,1.40381543806021,"Weakly structured"
"PTPN7",1.4497,0.00340689094850426,0.0310878799051013,0.083,0.037,"P2N_Spatial","TLS","Rest","wilcox","Spatial",0.25,0.05,0.05,157,3499,TRUE,FALSE,2,10366,0.00445053648740299,0.339730747544838,0.4688651452561,"Not structured"
"SFXN4",-1.4453,0.00135169885116207,0.0154484126694002,0.032,0.116,"P2N_Spatial","TLS","Rest","wilcox","Spatial",0.25,0.05,0.05,157,3499,TRUE,FALSE,2,10366,0.00831057649024585,0.209188675402511,0.679461830050091,"Not structured"
"SFXN3",1.4423,4.2693239322558e-05,0.000866062854829034,0.153,0.069,"P2N_Spatial","TLS","Rest","wilcox","Spatial",0.25,0.05,0.05,157,3499,TRUE,FALSE,2,10366,0.00986459881628699,0.166026923530811,0.779821479473532,"Not structured"
"NPR3",1.4422,0.00123577184017158,0.0142650455403325,0.108,0.05,"P2N_Spatial","TLS","Rest","wilcox","Spatial",0.25,0.05,0.05,157,3499,TRUE,FALSE,2,10366,0.00244883325805225,0.414351876588251,0.382630689908065,"Not structured"
"AHDC1",1.4356,2.48517691395719e-05,0.000533361157144518,0.191,0.095,"P2N_Spatial","TLS","Rest","wilcox","Spatial",0.25,0.05,0.05,157,3499,TRUE,FALSE,2,10366,0.0308133211671049,0.000830183216214545,3.08082605098531,"Weakly structured"
"DGKA",1.4334,1.59263599094163e-05,0.000362840982024197,0.21,0.108,"P2N_Spatial","TLS","Rest","wilcox","Spatial",0.25,0.05,0.05,157,3499,TRUE,FALSE,2,10366,0.0324619712793434,0.000457633261742264,3.33948241763691,"Weakly structured"
"PRDM1",1.4331,0.000333449493363269,0.00492406845413688,0.14,0.068,"P2N_Spatial","TLS","Rest","wilcox","Spatial",0.25,0.05,0.05,157,3499,TRUE,FALSE,2,10366,0.0198498550013713,0.0226817832250488,1.64432280452539,"Weakly structured"
"FMOD",1.4314,3.27887799996526e-06,8.76001271846388e-05,0.255,0.134,"P2N_Spatial","TLS","Rest","wilcox","Spatial",0.25,0.05,0.05,157,3499,TRUE,FALSE,2,10366,0.0369008686179841,7.68268550970358e-05,4.11448694426808,"Weakly structured"
"CAPG",1.4279,0.000142627597336191,0.00241976706053512,0.14,0.065,"P2N_Spatial","TLS","Rest","wilcox","Spatial",0.25,0.05,0.05,157,3499,TRUE,FALSE,2,10366,0.0130466521294256,0.0979607896637471,1.00894772267732,"Not structured"
"LAMA2",1.4247,7.76103496069958e-08,2.88354438719039e-06,0.217,0.091,"P2N_Spatial","TLS","Rest","wilcox","Spatial",0.25,0.05,0.05,157,3499,TRUE,FALSE,2,10366,0.0227619191760281,0.010789909123793,1.9669822130744,"Weakly structured"
"SPON1",1.4245,1.03181951041694e-06,3.07351754166149e-05,0.146,0.054,"P2N_Spatial","TLS","Rest","wilcox","Spatial",0.25,0.05,0.05,157,3499,TRUE,FALSE,2,10366,0.0635524163985154,1.65322877335171e-11,10.7816670447168,"Weakly structured"
"PIK3CD",1.4181,0.00105400638911699,0.012601880310942,0.153,0.082,"P2N_Spatial","TLS","Rest","wilcox","Spatial",0.25,0.05,0.05,157,3499,TRUE,FALSE,2,10366,-0.00799259924020738,0.801720295978384,0.0959771218661955,"Not structured"
"SH2D2A",1.4154,0.00015341118821946,0.00256080576019794,0.083,0.029,"P2N_Spatial","TLS","Rest","wilcox","Spatial",0.25,0.05,0.05,157,3499,TRUE,FALSE,2,10366,0.00474448424632251,0.328200385520172,0.483860913139156,"Not structured"
"BCAS4",1.4144,8.67589794247066e-05,0.001577795755643,0.076,0.025,"P2N_Spatial","TLS","Rest","wilcox","Spatial",0.25,0.05,0.05,157,3499,TRUE,FALSE,2,10366,-0.00149087309635884,0.574108653121541,0.24100590727867,"Not structured"
"TRBC2",1.4136,4.07870519929764e-11,2.59340869780838e-09,0.439,0.247,"P2N_Spatial","TLS","Rest","wilcox","Spatial",0.25,0.05,0.05,157,3499,TRUE,FALSE,2,10366,0.0827581276935952,2.61530938903917e-18,17.5824769270627,"Weakly structured"
"STRADA",1.4125,0.00347467250049509,0.0315668917890451,0.185,0.115,"P2N_Spatial","TLS","Rest","wilcox","Spatial",0.25,0.05,0.05,157,3499,TRUE,FALSE,2,10366,-0.00704745074530705,0.772725823258778,0.111974574086797,"Not structured"
"CD52",1.4098,8.80195726414388e-09,3.72412608163737e-07,0.414,0.252,"P2N_Spatial","TLS","Rest","wilcox","Spatial",0.25,0.05,0.05,157,3499,TRUE,FALSE,2,10366,0.058009428124317,8.49371904002745e-10,9.07090210894268,"Weakly structured"
"GZMM",1.4083,0.000808033533820979,0.0101405273748042,0.083,0.033,"P2N_Spatial","TLS","Rest","wilcox","Spatial",0.25,0.05,0.05,157,3499,TRUE,FALSE,2,10366,-0.00149275992845167,0.574108653121541,0.24100590727867,"Not structured"
"SPOCK2",1.4079,0.00424342829940946,0.0364315173124724,0.121,0.065,"P2N_Spatial","TLS","Rest","wilcox","Spatial",0.25,0.05,0.05,157,3499,TRUE,FALSE,2,10366,0.0118168410861425,0.121220240572907,0.916424858427127,"Not structured"
"GPRIN3",1.4075,0.00219033000039423,0.0220865377277107,0.102,0.049,"P2N_Spatial","TLS","Rest","wilcox","Spatial",0.25,0.05,0.05,157,3499,TRUE,FALSE,2,10366,0.00217280589715355,0.423617968379257,0.373025626934576,"Not structured"
"SLC7A1",1.4074,0.00496427986320907,0.0411677800496202,0.083,0.039,"P2N_Spatial","TLS","Rest","wilcox","Spatial",0.25,0.05,0.05,157,3499,TRUE,FALSE,2,10366,-0.000391045131836003,0.532879298321136,0.273371151216269,"Not structured"
"TRBC1",1.4054,3.0231217719766e-09,1.37445966176796e-07,0.306,0.143,"P2N_Spatial","TLS","Rest","wilcox","Spatial",0.25,0.05,0.05,157,3499,TRUE,FALSE,2,10366,0.0441047418093335,2.6980059754685e-06,5.56895709279973,"Weakly structured"
"CD3G",1.4002,0.00613402963930198,0.0487244070812294,0.083,0.039,"P2N_Spatial","TLS","Rest","wilcox","Spatial",0.25,0.05,0.05,157,3499,TRUE,FALSE,2,10366,-0.00300842957402809,0.632701234320854,0.198801318285892,"Not structured"
"ARHGEF6",1.3994,0.000760095556426913,0.00959701648955101,0.102,0.045,"P2N_Spatial","TLS","Rest","wilcox","Spatial",0.25,0.05,0.05,157,3499,TRUE,FALSE,2,10366,0.00836591052166227,0.206912698298657,0.684212855724744,"Not structured"
"LFNG",1.3963,1.91474893639068e-06,5.34994271553255e-05,0.242,0.122,"P2N_Spatial","TLS","Rest","wilcox","Spatial",0.25,0.05,0.05,157,3499,TRUE,FALSE,2,10366,0.036837913540652,7.86251335206522e-05,4.1044386040302,"Weakly structured"
"PREX1",1.3926,0.00234701371919457,0.0232335559325331,0.121,0.062,"P2N_Spatial","TLS","Rest","wilcox","Spatial",0.25,0.05,0.05,157,3499,TRUE,FALSE,2,10366,0.0023264873046915,0.419094195281367,0.377688354376678,"Not structured"
"NLRP1",1.3893,3.26896557461485e-05,0.000684567619120354,0.159,0.072,"P2N_Spatial","TLS","Rest","wilcox","Spatial",0.25,0.05,0.05,157,3499,TRUE,FALSE,2,10366,0.00718780435772687,0.24374883530091,0.613057450803154,"Not structured"
"RERG",1.3887,0.000382571503974057,0.00550032761469497,0.108,0.047,"P2N_Spatial","TLS","Rest","wilcox","Spatial",0.25,0.05,0.05,157,3499,TRUE,FALSE,2,10366,0.0295936968841133,0.00123338830730158,2.9089001730643,"Weakly structured"
"KCNK5",-1.3884,0.0023063363062438,0.0229879636062724,0.013,0.079,"P2N_Spatial","TLS","Rest","wilcox","Spatial",0.25,0.05,0.05,157,3499,TRUE,FALSE,2,10366,-0.00676725614057451,0.764820973641324,0.116440210936197,"Not structured"
"IRS1",-1.3882,0.00185374951715307,0.0195681950048969,0.045,0.13,"P2N_Spatial","TLS","Rest","wilcox","Spatial",0.25,0.05,0.05,157,3499,TRUE,FALSE,2,10366,0.00344905126121536,0.377087442868984,0.423557929497083,"Not structured"
"FCMR",1.3877,0.000333464794019302,0.00492406845413688,0.146,0.073,"P2N_Spatial","TLS","Rest","wilcox","Spatial",0.25,0.05,0.05,157,3499,TRUE,FALSE,2,10366,0.0413706583092639,1.00238456059777e-05,4.99896563125855,"Weakly structured"
"SASH3",1.3851,0.000521517697792304,0.00709455702797248,0.115,0.052,"P2N_Spatial","TLS","Rest","wilcox","Spatial",0.25,0.05,0.05,157,3499,TRUE,FALSE,2,10366,0.0315864168985064,0.000612517348408475,3.21288160621017,"Weakly structured"
"KCND3",-1.3826,0.000611403699811294,0.00804290704599477,0.051,0.152,"P2N_Spatial","TLS","Rest","wilcox","Spatial",0.25,0.05,0.05,157,3499,TRUE,FALSE,2,10366,0.00258097202738269,0.409632217574744,0.387605893427037,"Not structured"
"TMC8",1.3783,0.000126965573928844,0.0021790151313682,0.159,0.078,"P2N_Spatial","TLS","Rest","wilcox","Spatial",0.25,0.05,0.05,157,3499,TRUE,FALSE,2,10366,0.0190447472312088,0.027557217422199,1.55976463724315,"Weakly structured"
"SH2D1A",1.3774,0.00499477994451764,0.0412687012343784,0.064,0.026,"P2N_Spatial","TLS","Rest","wilcox","Spatial",0.25,0.05,0.05,157,3499,TRUE,FALSE,2,10366,0.00429672170940433,0.344848213876226,0.462372019075382,"Not structured"
"RPP25",1.3747,0.00321743579330026,0.0298584954640559,0.096,0.046,"P2N_Spatial","TLS","Rest","wilcox","Spatial",0.25,0.05,0.05,157,3499,TRUE,FALSE,2,10366,0.00911852793074053,0.185674404607776,0.731247960039117,"Not structured"
"LCK",1.3718,0.00227790922890745,0.0227483690432125,0.115,0.057,"P2N_Spatial","TLS","Rest","wilcox","Spatial",0.25,0.05,0.05,157,3499,TRUE,FALSE,2,10366,0.0262029491949699,0.00384357529564065,2.41526460668241,"Weakly structured"
"VARS",-1.3715,0.000937915413281749,0.0114786672657363,0.051,0.148,"P2N_Spatial","TLS","Rest","wilcox","Spatial",0.25,0.05,0.05,157,3499,TRUE,FALSE,2,10366,0.021483393402045,0.0151400859714591,1.8198716587313,"Weakly structured"
"RNASE6",1.3707,6.94001521196132e-05,0.00130326445085491,0.255,0.152,"P2N_Spatial","TLS","Rest","wilcox","Spatial",0.25,0.05,0.05,157,3499,TRUE,FALSE,2,10366,0.041770611521062,8.50543020577244e-06,5.07030371482415,"Weakly structured"
"PTGDS",1.3696,1.90405655239475e-30,1.09652501234022e-27,0.911,0.742,"P2N_Spatial","TLS","Rest","wilcox","Spatial",0.25,0.05,0.05,157,3499,TRUE,FALSE,2,10366,0.367943125002224,0,330.391511301747,"Spatially structured"
"TFF3",1.3683,1.12553682737621e-05,0.000268832137156262,0.261,0.146,"P2N_Spatial","TLS","Rest","wilcox","Spatial",0.25,0.05,0.05,157,3499,TRUE,FALSE,2,10366,0.059044481333649,4.22831551841689e-10,9.3738326129458,"Weakly structured"
"PIK3IP1",1.3674,6.84340968034981e-09,2.93135474159116e-07,0.306,0.147,"P2N_Spatial","TLS","Rest","wilcox","Spatial",0.25,0.05,0.05,157,3499,TRUE,FALSE,2,10366,0.0295997917808235,0.0012671493185055,2.89717220565165,"Weakly structured"
"ARHGAP9",1.3663,0.000391264666404495,0.00560200211595166,0.134,0.064,"P2N_Spatial","TLS","Rest","wilcox","Spatial",0.25,0.05,0.05,157,3499,TRUE,FALSE,2,10366,-0.00293409173505598,0.629887255686932,0.200737178506505,"Not structured"
"EVA1B",1.3634,1.37111285682508e-07,4.83433873260163e-06,0.357,0.205,"P2N_Spatial","TLS","Rest","wilcox","Spatial",0.25,0.05,0.05,157,3499,TRUE,FALSE,2,10366,0.0327049124016749,0.000423095410868012,3.3735616852466,"Weakly structured"
"LIMD2",1.363,3.29082770735305e-07,1.11116351838507e-05,0.299,0.161,"P2N_Spatial","TLS","Rest","wilcox","Spatial",0.25,0.05,0.05,157,3499,TRUE,FALSE,2,10366,0.0204061375398051,0.0199345653965794,1.70039322816937,"Weakly structured"
"KIF21B",1.3612,0.00352557166114051,0.0318623154658958,0.076,0.033,"P2N_Spatial","TLS","Rest","wilcox","Spatial",0.25,0.05,0.05,157,3499,TRUE,FALSE,2,10366,0.0112042742919352,0.133089860748691,0.875855029338427,"Not structured"
"ZNF426",1.3577,0.00136132683858996,0.0155413149876911,0.127,0.065,"P2N_Spatial","TLS","Rest","wilcox","Spatial",0.25,0.05,0.05,157,3499,TRUE,FALSE,2,10366,0.0192653152798019,0.0261420799146887,1.58265986206775,"Weakly structured"
"ARHGAP15",1.3531,2.85240235698423e-05,0.000602199650356386,0.121,0.047,"P2N_Spatial","TLS","Rest","wilcox","Spatial",0.25,0.05,0.05,157,3499,TRUE,FALSE,2,10366,0.0388568220227703,3.09791264915251e-05,4.50893083206612,"Weakly structured"
"EHD1",1.3482,2.07870278035307e-05,0.000459442068681021,0.287,0.174,"P2N_Spatial","TLS","Rest","wilcox","Spatial",0.25,0.05,0.05,157,3499,TRUE,FALSE,2,10366,0.0326100954207406,0.000437328962444666,3.35919176021885,"Weakly structured"
"PGF",1.3405,0.00117837151203222,0.0137093143588395,0.159,0.088,"P2N_Spatial","TLS","Rest","wilcox","Spatial",0.25,0.05,0.05,157,3499,TRUE,FALSE,2,10366,0.0225942932403928,0.0112857810904091,1.94746837796722,"Weakly structured"
"PDE4D",1.3339,0.00151785537472482,0.0167740818916818,0.096,0.043,"P2N_Spatial","TLS","Rest","wilcox","Spatial",0.25,0.05,0.05,157,3499,TRUE,FALSE,2,10366,0.0078899399014384,0.221105775386232,0.655399913298204,"Not structured"
"ARHGEF10",1.3314,0.00356089145042599,0.032097565891405,0.083,0.037,"P2N_Spatial","TLS","Rest","wilcox","Spatial",0.25,0.05,0.05,157,3499,TRUE,FALSE,2,10366,-0.00404546892539614,0.672219921733946,0.17248862103804,"Not structured"
"CST7",1.3304,0.000458523388092044,0.00637138530960071,0.127,0.06,"P2N_Spatial","TLS","Rest","wilcox","Spatial",0.25,0.05,0.05,157,3499,TRUE,FALSE,2,10366,0.0301634783798191,0.00102376061684609,2.98980158138414,"Weakly structured"
"THY1",1.3299,1.78929355499129e-07,6.26615438886475e-06,0.382,0.233,"P2N_Spatial","TLS","Rest","wilcox","Spatial",0.25,0.05,0.05,157,3499,TRUE,FALSE,2,10366,0.0718886303859274,3.26562242740066e-14,13.4860340300022,"Weakly structured"
"PTGER1",1.3296,0.00527671849526241,0.0432398924283717,0.051,0.019,"P2N_Spatial","TLS","Rest","wilcox","Spatial",0.25,0.05,0.05,157,3499,TRUE,FALSE,2,10366,0.00937644102415448,0.177078726735121,0.751833609428107,"Not structured"
"PLAT",1.3252,0.00329973642430678,0.0303064704491291,0.166,0.099,"P2N_Spatial","TLS","Rest","wilcox","Spatial",0.25,0.05,0.05,157,3499,TRUE,FALSE,2,10366,0.0327203741958144,0.000415345388979587,3.38159060655865,"Weakly structured"
"SCTR",1.3247,0.000286556757847953,0.00438119078444229,0.127,0.058,"P2N_Spatial","TLS","Rest","wilcox","Spatial",0.25,0.05,0.05,157,3499,TRUE,FALSE,2,10366,0.050621883201761,7.49404511761859e-08,7.12528369658065,"Weakly structured"
"KCTD7",1.3239,0.00197488903285615,0.020616011797167,0.108,0.052,"P2N_Spatial","TLS","Rest","wilcox","Spatial",0.25,0.05,0.05,157,3499,TRUE,FALSE,2,10366,0.00466385307620165,0.331576533368272,0.479416213312651,"Not structured"
"CRIP1",1.323,4.0872993417716e-09,1.81840965565684e-07,0.433,0.26,"P2N_Spatial","TLS","Rest","wilcox","Spatial",0.25,0.05,0.05,157,3499,TRUE,FALSE,2,10366,0.0847179688394028,4.170096412895e-19,18.379853903994,"Weakly structured"
"CCDC22",1.3213,0.00534553098589905,0.043700137381569,0.102,0.052,"P2N_Spatial","TLS","Rest","wilcox","Spatial",0.25,0.05,0.05,157,3499,TRUE,FALSE,2,10366,0.00868309780336017,0.197482119545698,0.704472220210554,"Not structured"
"ISG20",1.3211,0.000197528673598246,0.00318442026519349,0.197,0.108,"P2N_Spatial","TLS","Rest","wilcox","Spatial",0.25,0.05,0.05,157,3499,TRUE,FALSE,2,10366,0.0308145146429284,0.000831146967085379,3.08032217555309,"Weakly structured"
"XYLB",-1.3145,0.00179825368378456,0.0190795268025699,0.045,0.131,"P2N_Spatial","TLS","Rest","wilcox","Spatial",0.25,0.05,0.05,157,3499,TRUE,FALSE,2,10366,0.00906082590758599,0.187443931965567,0.727128614226297,"Not structured"
"IGHA1",1.3107,6.28290928332346e-34,5.42738646924425e-31,0.994,0.993,"P2N_Spatial","TLS","Rest","wilcox","Spatial",0.25,0.05,0.05,157,3499,TRUE,FALSE,2,10366,0.37285711388273,0,339.483224926089,"Spatially structured"
"GZMB",1.3092,0.000556849728171536,0.00747707808578515,0.115,0.052,"P2N_Spatial","TLS","Rest","wilcox","Spatial",0.25,0.05,0.05,157,3499,TRUE,FALSE,2,10366,0.0221953261909775,0.0123213773509234,1.90934074164637,"Weakly structured"
"PTK2B",1.3073,1.54796460856533e-05,0.000355791599387766,0.268,0.152,"P2N_Spatial","TLS","Rest","wilcox","Spatial",0.25,0.05,0.05,157,3499,TRUE,FALSE,2,10366,0.0283042984804164,0.00196973246373376,2.70559275729751,"Weakly structured"
"RNF166",1.3029,0.00199379529260345,0.0207750695079372,0.185,0.113,"P2N_Spatial","TLS","Rest","wilcox","Spatial",0.25,0.05,0.05,157,3499,TRUE,FALSE,2,10366,0.00731134602009878,0.240370572930063,0.619118701379568,"Not structured"
"NDUFA12",-1.3029,0.000421203822806205,0.00594992810982871,0.057,0.166,"P2N_Spatial","TLS","Rest","wilcox","Spatial",0.25,0.05,0.05,157,3499,TRUE,FALSE,2,10366,-0.00154379223617568,0.57534861831503,0.240068925515971,"Not structured"
"IGLC2",1.3003,4.38137342267595e-33,3.24409406424707e-30,0.987,0.955,"P2N_Spatial","TLS","Rest","wilcox","Spatial",0.25,0.05,0.05,157,3499,TRUE,FALSE,2,10366,0.388190385855168,0,367.798830435656,"Spatially structured"
"CD37",1.2988,2.30502639363645e-05,0.000498828885103037,0.197,0.098,"P2N_Spatial","TLS","Rest","wilcox","Spatial",0.25,0.05,0.05,157,3499,TRUE,FALSE,2,10366,0.0207993309493311,0.0180385717199633,1.74379785253106,"Weakly structured"
"IGLC1",1.2973,1.93213120934193e-14,1.85448815889245e-12,0.898,0.854,"P2N_Spatial","TLS","Rest","wilcox","Spatial",0.25,0.05,0.05,157,3499,TRUE,FALSE,2,10366,0.22122938702125,8.47508863801932e-121,120.071855750965,"Weakly structured"
"TENT2",1.2964,0.00189805125913339,0.0199141693847943,0.172,0.102,"P2N_Spatial","TLS","Rest","wilcox","Spatial",0.25,0.05,0.05,157,3499,TRUE,FALSE,2,10366,-0.023987560971052,0.99403694590959,0.00259747364446131,"Not structured"
"WAS",1.2956,1.00568743974482e-05,0.000241555375205534,0.217,0.11,"P2N_Spatial","TLS","Rest","wilcox","Spatial",0.25,0.05,0.05,157,3499,TRUE,FALSE,2,10366,0.0164359722289222,0.0502156572737268,1.29916084844523,"Not structured"
"SYTL1",1.2927,0.00201175446420363,0.0208747214974323,0.108,0.052,"P2N_Spatial","TLS","Rest","wilcox","Spatial",0.25,0.05,0.05,157,3499,TRUE,FALSE,2,10366,0.00907833320321122,0.186684499017302,0.728891741347821,"Not structured"
"SNCG",1.2918,0.000184522826628467,0.00300748996985958,0.121,0.052,"P2N_Spatial","TLS","Rest","wilcox","Spatial",0.25,0.05,0.05,157,3499,TRUE,FALSE,2,10366,0.0339766784397353,0.000248707169759463,3.60431169465733,"Weakly structured"
"NCF1",1.2871,6.7369785901935e-10,3.36864700742223e-08,0.465,0.277,"P2N_Spatial","TLS","Rest","wilcox","Spatial",0.25,0.05,0.05,157,3499,TRUE,FALSE,2,10366,0.0687568466386623,3.93796886648226e-13,12.4047277217094,"Weakly structured"
"POU2AF1",1.2848,4.33791890874163e-05,0.000878259129062807,0.191,0.096,"P2N_Spatial","TLS","Rest","wilcox","Spatial",0.25,0.05,0.05,157,3499,TRUE,FALSE,2,10366,0.0451575721354529,1.55850682488889e-06,5.80729129155519,"Weakly structured"
"EVI2B",1.283,5.34712681724412e-05,0.00104581729410476,0.159,0.073,"P2N_Spatial","TLS","Rest","wilcox","Spatial",0.25,0.05,0.05,157,3499,TRUE,FALSE,2,10366,0.0224014332851077,0.0118035217748842,1.9279883944564,"Weakly structured"
"SCAMP5",1.2827,0.00459855402674409,0.0387865020677211,0.102,0.052,"P2N_Spatial","TLS","Rest","wilcox","Spatial",0.25,0.05,0.05,157,3499,TRUE,FALSE,2,10366,-0.00616988591765071,0.74735116544008,0.126475283891795,"Not structured"
"ATP8B2",1.2827,3.78317819651786e-06,9.97873414379241e-05,0.21,0.099,"P2N_Spatial","TLS","Rest","wilcox","Spatial",0.25,0.05,0.05,157,3499,TRUE,FALSE,2,10366,0.0267437325007468,0.00329395190873774,2.48228274576198,"Weakly structured"
"CTSK",1.2822,0.000159334355401476,0.00264689091040337,0.178,0.092,"P2N_Spatial","TLS","Rest","wilcox","Spatial",0.25,0.05,0.05,157,3499,TRUE,FALSE,2,10366,0.0762489319382206,7.93677939307838e-16,15.1003556909682,"Weakly structured"
"CYTOR",1.2804,0.00282354511778982,0.0269015337233541,0.108,0.053,"P2N_Spatial","TLS","Rest","wilcox","Spatial",0.25,0.05,0.05,157,3499,TRUE,FALSE,2,10366,0.0171133438787036,0.0427726659490526,1.36883368004761,"Weakly structured"
"PDP1",1.2774,0.000239666567246586,0.00376992964503506,0.178,0.094,"P2N_Spatial","TLS","Rest","wilcox","Spatial",0.25,0.05,0.05,157,3499,TRUE,FALSE,2,10366,0.00245703941791903,0.414351876588251,0.382630689908065,"Not structured"
"VCAN",1.2769,0.00141986246447869,0.0159634428490087,0.146,0.077,"P2N_Spatial","TLS","Rest","wilcox","Spatial",0.25,0.05,0.05,157,3499,TRUE,FALSE,2,10366,0.0326164720870521,0.000426549094729087,3.3700309754159,"Weakly structured"
"FGD3",1.2709,1.06666625721026e-06,3.13088019610468e-05,0.223,0.104,"P2N_Spatial","TLS","Rest","wilcox","Spatial",0.25,0.05,0.05,157,3499,TRUE,FALSE,2,10366,0.0189035807566281,0.0285964572157416,1.54368776781356,"Weakly structured"
"LGALS2",1.2653,0.0025073840310718,0.0244741458249437,0.076,0.032,"P2N_Spatial","TLS","Rest","wilcox","Spatial",0.25,0.05,0.05,157,3499,TRUE,FALSE,2,10366,0.0163953178902634,0.049936090419596,1.30158546229825,"Weakly structured"
"STK10",1.2553,0.000513799658761176,0.00701719006945765,0.178,0.099,"P2N_Spatial","TLS","Rest","wilcox","Spatial",0.25,0.05,0.05,157,3499,TRUE,FALSE,2,10366,0.0291235797799339,0.00148422188785816,2.82850116814804,"Weakly structured"
"FLII",1.2524,0.00416444008692465,0.0359156797390475,0.21,0.138,"P2N_Spatial","TLS","Rest","wilcox","Spatial",0.25,0.05,0.05,157,3499,TRUE,FALSE,2,10366,0.00737970697085745,0.238481388000247,0.622545509303948,"Not structured"
"MLIP",-1.2498,0.00302525801745456,0.02840563823273,0.051,0.134,"P2N_Spatial","TLS","Rest","wilcox","Spatial",0.25,0.05,0.05,157,3499,TRUE,FALSE,2,10366,0.00799898884031702,0.218650645817921,0.660249235562458,"Not structured"
"AC004687.1",1.2493,6.00487026259383e-05,0.00115501418142718,0.14,0.061,"P2N_Spatial","TLS","Rest","wilcox","Spatial",0.25,0.05,0.05,157,3499,TRUE,FALSE,2,10366,0.0246061114811306,0.00623743000689566,2.20499431476167,"Weakly structured"
"HHEX",-1.2463,0.00441889690310776,0.0376386896447124,0.045,0.121,"P2N_Spatial","TLS","Rest","wilcox","Spatial",0.25,0.05,0.05,157,3499,TRUE,FALSE,2,10366,0.00966355731039703,0.171333724988563,0.766157142960707,"Not structured"
"ITGA4",1.239,3.93692721128245e-05,0.000809725941907816,0.21,0.111,"P2N_Spatial","TLS","Rest","wilcox","Spatial",0.25,0.05,0.05,157,3499,TRUE,FALSE,2,10366,0.00973556114635883,0.169628637173617,0.770500827099359,"Not structured"
"ELK3",1.2376,4.52475569635736e-05,0.000908984836210084,0.236,0.13,"P2N_Spatial","TLS","Rest","wilcox","Spatial",0.25,0.05,0.05,157,3499,TRUE,FALSE,2,10366,0.0182974754239369,0.0330552725298912,1.48075925787255,"Weakly structured"
"CLEC10A",1.2355,0.000107284519001139,0.00189134578905749,0.108,0.043,"P2N_Spatial","TLS","Rest","wilcox","Spatial",0.25,0.05,0.05,157,3499,TRUE,FALSE,2,10366,0.0119434393903144,0.118103329079081,0.927737860385661,"Not structured"
"LMO2",1.2349,0.0047219732612377,0.0396339877133522,0.172,0.106,"P2N_Spatial","TLS","Rest","wilcox","Spatial",0.25,0.05,0.05,157,3499,TRUE,FALSE,2,10366,0.0108174659805671,0.1428788883626,0.845031937373968,"Not structured"
"BIN2",1.2335,0.00373616896889395,0.0331869130518892,0.115,0.06,"P2N_Spatial","TLS","Rest","wilcox","Spatial",0.25,0.05,0.05,157,3499,TRUE,FALSE,2,10366,0.0186380785058011,0.0301538734338092,1.52065689238353,"Weakly structured"
"EHD2",1.2333,1.01569078619252e-07,3.65578148946933e-06,0.414,0.251,"P2N_Spatial","TLS","Rest","wilcox","Spatial",0.25,0.05,0.05,157,3499,TRUE,FALSE,2,10366,0.109934082967641,4.64514606028213e-31,30.333000625658,"Weakly structured"
"CEP120",1.2309,0.00372748010704167,0.0331381293221217,0.14,0.08,"P2N_Spatial","TLS","Rest","wilcox","Spatial",0.25,0.05,0.05,157,3499,TRUE,FALSE,2,10366,0.0023179332634911,0.419200834596066,0.377577861377132,"Not structured"
"FRZB",1.2202,4.19330339592956e-06,0.000108669457505515,0.236,0.119,"P2N_Spatial","TLS","Rest","wilcox","Spatial",0.25,0.05,0.05,157,3499,TRUE,FALSE,2,10366,0.0835976602441,1.12551214895421e-18,17.9486498127956,"Weakly structured"
"SLAMF7",1.2186,4.81933322682904e-05,0.000958871559103835,0.159,0.073,"P2N_Spatial","TLS","Rest","wilcox","Spatial",0.25,0.05,0.05,157,3499,TRUE,FALSE,2,10366,0.0334058120731607,0.000315042989341612,3.50163018030573,"Weakly structured"
"GRTP1",-1.2162,0.0010233221152691,0.0122917231134178,0.057,0.155,"P2N_Spatial","TLS","Rest","wilcox","Spatial",0.25,0.05,0.05,157,3499,TRUE,FALSE,2,10366,0.00623227674149157,0.276655711456956,0.558060359505005,"Not structured"
"DIO1",-1.2159,0.000310730060769964,0.00468172646793815,0.07,0.188,"P2N_Spatial","TLS","Rest","wilcox","Spatial",0.25,0.05,0.05,157,3499,TRUE,FALSE,2,10366,0.0602183119394937,1.91567333075231e-10,9.71767854679568,"Weakly structured"
"ARL4C",1.2157,0.0040166722325795,0.0349029897534459,0.166,0.1,"P2N_Spatial","TLS","Rest","wilcox","Spatial",0.25,0.05,0.05,157,3499,TRUE,FALSE,2,10366,0.0154028617420822,0.0620011852697288,1.20760000806332,"Not structured"
"POU2F2",1.2151,0.00499635539737072,0.0412687012343784,0.089,0.043,"P2N_Spatial","TLS","Rest","wilcox","Spatial",0.25,0.05,0.05,157,3499,TRUE,FALSE,2,10366,0.0044250858162896,0.340267218915877,0.468179888487784,"Not structured"
"REEP4",1.2149,0.00233932515049,0.0232274372700952,0.14,0.077,"P2N_Spatial","TLS","Rest","wilcox","Spatial",0.25,0.05,0.05,157,3499,TRUE,FALSE,2,10366,0.0071379083703021,0.245271956323613,0.61035210491285,"Not structured"
"LRIG2",1.2119,0.00360235738904419,0.0323307677011533,0.127,0.069,"P2N_Spatial","TLS","Rest","wilcox","Spatial",0.25,0.05,0.05,157,3499,TRUE,FALSE,2,10366,0.0292524069483722,0.00140872370209231,2.85117417823442,"Weakly structured"
"TRAF3IP3",1.21,0.000787005107890749,0.00991263055698117,0.108,0.049,"P2N_Spatial","TLS","Rest","wilcox","Spatial",0.25,0.05,0.05,157,3499,TRUE,FALSE,2,10366,0.0254980990860286,0.0047630128056102,2.3221182508633,"Weakly structured"
"IQGAP1",1.2082,7.12508397007525e-09,3.0394494005679e-07,0.382,0.209,"P2N_Spatial","TLS","Rest","wilcox","Spatial",0.25,0.05,0.05,157,3499,TRUE,FALSE,2,10366,0.0413699093506637,1.03838094030644e-05,4.98364329203418,"Weakly structured"
"FBLN5",1.2061,9.88383073395829e-15,9.57530741945903e-13,0.586,0.344,"P2N_Spatial","TLS","Rest","wilcox","Spatial",0.25,0.05,0.05,157,3499,TRUE,FALSE,2,10366,0.195844919298686,5.22091166753837e-95,94.2822536545436,"Weakly structured"
"PDGFRA",1.2054,3.1802193940913e-08,1.2440058203453e-06,0.427,0.269,"P2N_Spatial","TLS","Rest","wilcox","Spatial",0.25,0.05,0.05,157,3499,TRUE,FALSE,2,10366,0.0403552993244612,1.6572081563067e-05,4.7806229378947,"Weakly structured"
"SESN3",1.2053,1.86536413948758e-05,0.000415835799353296,0.255,0.143,"P2N_Spatial","TLS","Rest","wilcox","Spatial",0.25,0.05,0.05,157,3499,TRUE,FALSE,2,10366,0.0143969308190114,0.0761249939465841,1.11847272889392,"Not structured"
"PLN",1.1992,0.00320641389312767,0.0298095842297412,0.089,0.041,"P2N_Spatial","TLS","Rest","wilcox","Spatial",0.25,0.05,0.05,157,3499,TRUE,FALSE,2,10366,0.0906172488707257,8.94760548567569e-22,21.0482931728958,"Weakly structured"
"CORO1A",1.198,4.10301974185389e-11,2.59340869780838e-09,0.427,0.225,"P2N_Spatial","TLS","Rest","wilcox","Spatial",0.25,0.05,0.05,157,3499,TRUE,FALSE,2,10366,0.0449875407253244,1.74181022816221e-06,5.75899916353703,"Weakly structured"
"CRISPLD2",1.1956,1.06816159966999e-06,3.13088019610468e-05,0.414,0.274,"P2N_Spatial","TLS","Rest","wilcox","Spatial",0.25,0.05,0.05,157,3499,TRUE,FALSE,2,10366,0.0794181397670105,5.55522894779848e-17,16.2552980377642,"Weakly structured"
"IGLC3",1.1895,8.31213472204622e-10,4.0452388980625e-08,0.535,0.358,"P2N_Spatial","TLS","Rest","wilcox","Spatial",0.25,0.05,0.05,157,3499,TRUE,FALSE,2,10366,0.167169836274427,1.09981906167541e-69,68.9586787575504,"Weakly structured"
"ENGASE",1.1894,0.00254842875844034,0.0248047065821527,0.172,0.101,"P2N_Spatial","TLS","Rest","wilcox","Spatial",0.25,0.05,0.05,157,3499,TRUE,FALSE,2,10366,0.0136554430544289,0.0874454128702819,1.05826296740171,"Not structured"
"RCSD1",1.1875,0.000148033484750281,0.002491095946301,0.153,0.073,"P2N_Spatial","TLS","Rest","wilcox","Spatial",0.25,0.05,0.05,157,3499,TRUE,FALSE,2,10366,0.00242876617423513,0.415057985879407,0.3818912257258,"Not structured"
"CCDC88B",1.1847,0.000675228387153653,0.00872745319355956,0.204,0.119,"P2N_Spatial","TLS","Rest","wilcox","Spatial",0.25,0.05,0.05,157,3499,TRUE,FALSE,2,10366,0.00856802332267,0.201418608828402,0.695900407972331,"Not structured"
"ARHGAP45",1.1823,0.000210307171529461,0.00337468133138451,0.217,0.124,"P2N_Spatial","TLS","Rest","wilcox","Spatial",0.25,0.05,0.05,157,3499,TRUE,FALSE,2,10366,0.018044727893201,0.0351002352925708,1.45468997225433,"Weakly structured"
"GIMAP5",1.1821,0.00294446408013349,0.0278640671573432,0.21,0.138,"P2N_Spatial","TLS","Rest","wilcox","Spatial",0.25,0.05,0.05,157,3499,TRUE,FALSE,2,10366,0.0251704567417815,0.00536961100625093,2.27005717500022,"Weakly structured"
"HLA-DQA1",1.1799,3.9995156227835e-05,0.000820969880114332,0.338,0.227,"P2N_Spatial","TLS","Rest","wilcox","Spatial",0.25,0.05,0.05,157,3499,TRUE,FALSE,2,10366,0.0513798585177678,5.20703954015158e-08,7.2834091244552,"Weakly structured"
"GSTA2",-1.1779,0.00281435318229814,0.0268633380181422,0.057,0.144,"P2N_Spatial","TLS","Rest","wilcox","Spatial",0.25,0.05,0.05,157,3499,TRUE,FALSE,2,10366,0.066025526088748,3.00163468577357e-12,11.5226421647266,"Weakly structured"
"MZB1",1.1778,6.68323944099194e-15,6.72606408207014e-13,0.618,0.374,"P2N_Spatial","TLS","Rest","wilcox","Spatial",0.25,0.05,0.05,157,3499,TRUE,FALSE,2,10366,0.162897016825535,3.34120483205262e-66,65.4760968991888,"Weakly structured"
"LZTR1",1.1766,7.24474182561532e-05,0.00135070132669655,0.223,0.123,"P2N_Spatial","TLS","Rest","wilcox","Spatial",0.25,0.05,0.05,157,3499,TRUE,FALSE,2,10366,0.00334019943616445,0.380930353388766,0.419154420397504,"Not structured"
"SOX18",1.1761,0.00361812413834921,0.0324161407243975,0.134,0.073,"P2N_Spatial","TLS","Rest","wilcox","Spatial",0.25,0.05,0.05,157,3499,TRUE,FALSE,2,10366,0.017239787675136,0.0417945081051087,1.37888078177385,"Weakly structured"
"NUDT6",-1.1758,0.00446514336640775,0.0379702019164748,0.038,0.112,"P2N_Spatial","TLS","Rest","wilcox","Spatial",0.25,0.05,0.05,157,3499,TRUE,FALSE,2,10366,0.0190933706318989,0.0273606274602398,1.56287394717871,"Weakly structured"
"GABPB2",1.1731,0.00477164106951963,0.0399538217501134,0.134,0.076,"P2N_Spatial","TLS","Rest","wilcox","Spatial",0.25,0.05,0.05,157,3499,TRUE,FALSE,2,10366,0.0255459599503674,0.00475704094372241,2.32266311060318,"Weakly structured"
"PRRX1",1.1728,0.002389427364677,0.0235221311132401,0.089,0.04,"P2N_Spatial","TLS","Rest","wilcox","Spatial",0.25,0.05,0.05,157,3499,TRUE,FALSE,2,10366,0.0333608287671961,0.000311622508295115,3.50637118105298,"Weakly structured"
"SLCO3A1",1.172,0.00473623416405865,0.0397215237416116,0.127,0.071,"P2N_Spatial","TLS","Rest","wilcox","Spatial",0.25,0.05,0.05,157,3499,TRUE,FALSE,2,10366,0.00488569359471028,0.323923431541262,0.489557635438394,"Not structured"
"ZNF506",1.171,0.00338365320521512,0.0309849373898056,0.115,0.059,"P2N_Spatial","TLS","Rest","wilcox","Spatial",0.25,0.05,0.05,157,3499,TRUE,FALSE,2,10366,0.0126553281339254,0.105000173488986,0.978809983356282,"Not structured"
"SLC1A1",-1.1704,8.4527379032225e-07,2.57709062072954e-05,0.127,0.329,"P2N_Spatial","TLS","Rest","wilcox","Spatial",0.25,0.05,0.05,157,3499,TRUE,FALSE,2,10366,0.0338883596178064,0.000267462371667668,3.57273730869537,"Weakly structured"
"CXCR4",1.1698,3.84537626501505e-06,0.000100914355349737,0.408,0.29,"P2N_Spatial","TLS","Rest","wilcox","Spatial",0.25,0.05,0.05,157,3499,TRUE,FALSE,2,10366,0.110487628200665,2.35613545679635e-31,30.6277997451039,"Weakly structured"
"GIMAP1",1.1686,0.00354300090292317,0.0319640969188003,0.121,0.064,"P2N_Spatial","TLS","Rest","wilcox","Spatial",0.25,0.05,0.05,157,3499,TRUE,FALSE,2,10366,0.0189892422907592,0.0279047016701184,1.55432261617595,"Weakly structured"
"LXN",1.1678,0.000895692719252164,0.0110664490199856,0.115,0.053,"P2N_Spatial","TLS","Rest","wilcox","Spatial",0.25,0.05,0.05,157,3499,TRUE,FALSE,2,10366,0.0187180427203768,0.029533353424226,1.5296872373915,"Weakly structured"
"AC132872.1",1.1671,0.00243865822857999,0.0239159235548346,0.14,0.077,"P2N_Spatial","TLS","Rest","wilcox","Spatial",0.25,0.05,0.05,157,3499,TRUE,FALSE,2,10366,-0.00641318506680232,0.753782498828514,0.122753950131887,"Not structured"
"RELL1",1.1659,4.70721187526022e-06,0.00012048137851592,0.274,0.149,"P2N_Spatial","TLS","Rest","wilcox","Spatial",0.25,0.05,0.05,157,3499,TRUE,FALSE,2,10366,0.00671157869282002,0.260090432860711,0.584875622553138,"Not structured"
"LSP1",1.1633,7.36969471344656e-05,0.00137153061758684,0.236,0.132,"P2N_Spatial","TLS","Rest","wilcox","Spatial",0.25,0.05,0.05,157,3499,TRUE,FALSE,2,10366,0.031682872764802,0.000609804347382312,3.21480948381219,"Weakly structured"
"GPSM3",1.1623,4.47081535569163e-05,0.000901643423678977,0.223,0.12,"P2N_Spatial","TLS","Rest","wilcox","Spatial",0.25,0.05,0.05,157,3499,TRUE,FALSE,2,10366,0.0306348641865159,0.000886509771183892,3.05231647320705,"Weakly structured"
"B3GALT6",-1.1596,0.00522055255775173,0.0428813374117705,0.038,0.11,"P2N_Spatial","TLS","Rest","wilcox","Spatial",0.25,0.05,0.05,157,3499,TRUE,FALSE,2,10366,-0.00576569317529873,0.734737912602873,0.133867549907345,"Not structured"
"PIM2",1.1592,0.000537695597439035,0.00727643937735384,0.204,0.119,"P2N_Spatial","TLS","Rest","wilcox","Spatial",0.25,0.05,0.05,157,3499,TRUE,FALSE,2,10366,0.0589087365969358,4.55617862614504e-10,9.34139925763324,"Weakly structured"
"NEDD4",-1.1559,0.00339065014633141,0.0310216058401337,0.038,0.116,"P2N_Spatial","TLS","Rest","wilcox","Spatial",0.25,0.05,0.05,157,3499,TRUE,FALSE,2,10366,0.000442542519412522,0.497326948530558,0.303358007124057,"Not structured"
"TPRN",-1.155,0.00150902022850392,0.0167299504691675,0.076,0.177,"P2N_Spatial","TLS","Rest","wilcox","Spatial",0.25,0.05,0.05,157,3499,TRUE,FALSE,2,10366,-0.00208860159973699,0.596261547224271,0.224563197306592,"Not structured"
"CDH19",1.1546,0.00384426369893033,0.0339724104885863,0.115,0.059,"P2N_Spatial","TLS","Rest","wilcox","Spatial",0.25,0.05,0.05,157,3499,TRUE,FALSE,2,10366,0.00230744173905437,0.41921564017646,0.377562522981333,"Not structured"
"CLCC1",-1.1545,0.00349843056837683,0.0316722543858465,0.045,0.123,"P2N_Spatial","TLS","Rest","wilcox","Spatial",0.25,0.05,0.05,157,3499,TRUE,FALSE,2,10366,0.00472227327896657,0.329924586269668,0.481585319242828,"Not structured"
"EPHA3",1.1528,0.00186334222282697,0.019609548712512,0.159,0.09,"P2N_Spatial","TLS","Rest","wilcox","Spatial",0.25,0.05,0.05,157,3499,TRUE,FALSE,2,10366,0.0126457504162752,0.105342565268582,0.977396110048932,"Not structured"
"CCL5",1.1512,1.65178925463304e-09,7.81846913859637e-08,0.395,0.21,"P2N_Spatial","TLS","Rest","wilcox","Spatial",0.25,0.05,0.05,157,3499,TRUE,FALSE,2,10366,0.082353302620408,3.77344795287898e-18,17.4232616358497,"Weakly structured"
"IGHG3",1.1497,1.98977115085029e-43,6.87532258323805e-40,1,1,"P2N_Spatial","TLS","Rest","wilcox","Spatial",0.25,0.05,0.05,157,3499,TRUE,FALSE,2,10366,0.580179598440812,0,820.293834153307,"Spatially structured"
"PTPN14",1.1489,0.00363074966901575,0.0324388387230764,0.108,0.055,"P2N_Spatial","TLS","Rest","wilcox","Spatial",0.25,0.05,0.05,157,3499,TRUE,FALSE,2,10366,0.0306096388437066,0.000873166576876677,3.05890289659533,"Weakly structured"
"CORO7",1.1483,2.66724387421409e-05,0.000570075257734088,0.191,0.093,"P2N_Spatial","TLS","Rest","wilcox","Spatial",0.25,0.05,0.05,157,3499,TRUE,FALSE,2,10366,0.0136952729810237,0.0869058502852427,1.06095098694514,"Not structured"
"RAB31",1.147,0.000653729842764493,0.00851327079157882,0.153,0.08,"P2N_Spatial","TLS","Rest","wilcox","Spatial",0.25,0.05,0.05,157,3499,TRUE,FALSE,2,10366,0.038780957809767,3.28871339750562e-05,4.48297397245996,"Weakly structured"
"MMP2",1.1465,4.38046895591273e-09,1.93225281689325e-07,0.541,0.384,"P2N_Spatial","TLS","Rest","wilcox","Spatial",0.25,0.05,0.05,157,3499,TRUE,FALSE,2,10366,0.121312881144068,1.88459500124447e-37,36.7247819651519,"Weakly structured"
"PLAC9",1.1446,0.00326767811727777,0.0301358997897699,0.178,0.109,"P2N_Spatial","TLS","Rest","wilcox","Spatial",0.25,0.05,0.05,157,3499,TRUE,FALSE,2,10366,0.011698749432747,0.123742868933613,0.907479819238975,"Not structured"
"MGP",1.1395,4.02371352705585e-18,5.87462174950155e-16,0.86,0.716,"P2N_Spatial","TLS","Rest","wilcox","Spatial",0.25,0.05,0.05,157,3499,TRUE,FALSE,2,10366,0.294741521609522,4.16294725611448e-213,212.380599091521,"Weakly structured"
"LBH",1.1373,1.16550578574422e-07,4.15176390894314e-06,0.395,0.237,"P2N_Spatial","TLS","Rest","wilcox","Spatial",0.25,0.05,0.05,157,3499,TRUE,FALSE,2,10366,0.0488175488376721,2.25464275371234e-07,6.64692226193789,"Weakly structured"
"NFATC4",1.1369,0.00175063489390796,0.0187663715721302,0.14,0.074,"P2N_Spatial","TLS","Rest","wilcox","Spatial",0.25,0.05,0.05,157,3499,TRUE,FALSE,2,10366,0.0302100008142107,0.00101729711256054,2.99255218817777,"Weakly structured"
"CCDC146",1.1346,0.00448365931937557,0.038034052786127,0.102,0.051,"P2N_Spatial","TLS","Rest","wilcox","Spatial",0.25,0.05,0.05,157,3499,TRUE,FALSE,2,10366,0.00349036381378432,0.375459597467475,0.425436789794235,"Not structured"
"NBEA",1.1338,0.00238061289018431,0.0234576361403522,0.089,0.04,"P2N_Spatial","TLS","Rest","wilcox","Spatial",0.25,0.05,0.05,157,3499,TRUE,FALSE,2,10366,0.00586439837924579,0.288489620971371,0.539869806896273,"Not structured"
"GALNT10",1.13,0.00617606103580434,0.0490207111004194,0.185,0.119,"P2N_Spatial","TLS","Rest","wilcox","Spatial",0.25,0.05,0.05,157,3499,TRUE,FALSE,2,10366,0.0112912577563561,0.132558234837726,0.877593287670638,"Not structured"
"SPSB2",1.1299,0.00213121907078204,0.0217224358958827,0.089,0.04,"P2N_Spatial","TLS","Rest","wilcox","Spatial",0.25,0.05,0.05,157,3499,TRUE,FALSE,2,10366,0.0172060562788558,0.0417549955451405,1.37929155831446,"Weakly structured"
"RASAL3",1.1261,0.00175272159088337,0.0187693305899762,0.115,0.056,"P2N_Spatial","TLS","Rest","wilcox","Spatial",0.25,0.05,0.05,157,3499,TRUE,FALSE,2,10366,0.0126063130392028,0.105601769524147,0.976328804452455,"Not structured"
"NEURL1B",1.1227,0.00179002747109015,0.0190174643080098,0.248,0.167,"P2N_Spatial","TLS","Rest","wilcox","Spatial",0.25,0.05,0.05,157,3499,TRUE,FALSE,2,10366,0.0197700268949214,0.0233296346924677,1.63209206156148,"Weakly structured"
"LUM",1.1209,5.82696628801194e-20,1.05969004458828e-17,0.86,0.743,"P2N_Spatial","TLS","Rest","wilcox","Spatial",0.25,0.05,0.05,157,3499,TRUE,FALSE,2,10366,0.195870366705574,5.3490407909922e-95,94.271724090227,"Weakly structured"
"ZNF496",1.1208,0.000592990766164819,0.00786054000264004,0.108,0.047,"P2N_Spatial","TLS","Rest","wilcox","Spatial",0.25,0.05,0.05,157,3499,TRUE,FALSE,2,10366,0.0174110884348411,0.0400382638399229,1.39752476288824,"Weakly structured"
"LOXL1",1.1206,0.00100908146317119,0.0121629516828285,0.14,0.072,"P2N_Spatial","TLS","Rest","wilcox","Spatial",0.25,0.05,0.05,157,3499,TRUE,FALSE,2,10366,0.0357359688437399,0.00012254040150425,3.91172070103365,"Weakly structured"
"OGFRL1",1.1184,9.99391932819975e-06,0.000241484773324286,0.274,0.151,"P2N_Spatial","TLS","Rest","wilcox","Spatial",0.25,0.05,0.05,157,3499,TRUE,FALSE,2,10366,-0.000754456499060713,0.547251657668224,0.261812914245966,"Not structured"
"COL12A1",1.1149,0.00543702996488485,0.0443825429537637,0.14,0.081,"P2N_Spatial","TLS","Rest","wilcox","Spatial",0.25,0.05,0.05,157,3499,TRUE,FALSE,2,10366,0.0392949253585391,2.60498649793124e-05,4.58419452337757,"Weakly structured"
"SUSD2",1.1133,0.00299335010851851,0.0281826223659427,0.153,0.087,"P2N_Spatial","TLS","Rest","wilcox","Spatial",0.25,0.05,0.05,157,3499,TRUE,FALSE,2,10366,0.0251970294107698,0.00528985714064339,2.27655605648429,"Weakly structured"
"CCDC80",1.113,1.29429626209427e-11,8.79726522462699e-10,0.42,0.203,"P2N_Spatial","TLS","Rest","wilcox","Spatial",0.25,0.05,0.05,157,3499,TRUE,FALSE,2,10366,0.164320386045966,2.10607522477131e-67,66.676526120748,"Weakly structured"
"MAD1L1",1.1109,0.000126521914991071,0.00217759164972568,0.21,0.116,"P2N_Spatial","TLS","Rest","wilcox","Spatial",0.25,0.05,0.05,157,3499,TRUE,FALSE,2,10366,0.00505554326847531,0.318132048243176,0.497392578380589,"Not structured"
"GIMAP7",1.109,0.00062191109943196,0.00815526772812824,0.121,0.056,"P2N_Spatial","TLS","Rest","wilcox","Spatial",0.25,0.05,0.05,157,3499,TRUE,FALSE,2,10366,0.0209892126215602,0.0170050408803404,1.7694223196804,"Weakly structured"
"ETS1",1.1054,1.66562199820022e-10,8.99262376736638e-09,0.484,0.287,"P2N_Spatial","TLS","Rest","wilcox","Spatial",0.25,0.05,0.05,157,3499,TRUE,FALSE,2,10366,0.0305627471617952,0.000919499390286774,3.03644855440326,"Weakly structured"
"SLF2",1.1054,0.00389951244216128,0.0343143853781357,0.28,0.206,"P2N_Spatial","TLS","Rest","wilcox","Spatial",0.25,0.05,0.05,157,3499,TRUE,FALSE,2,10366,-0.00846988893775389,0.814342371064702,0.0891929678341315,"Not structured"
"CERCAM",1.1053,0.00623499351729646,0.0491497663880571,0.127,0.072,"P2N_Spatial","TLS","Rest","wilcox","Spatial",0.25,0.05,0.05,157,3499,TRUE,FALSE,2,10366,0.0128027507568082,0.102339659591809,0.989956031937333,"Not structured"
"OIT3",-1.1034,0.000333313257072652,0.00492406845413688,0.108,0.235,"P2N_Spatial","TLS","Rest","wilcox","Spatial",0.25,0.05,0.05,157,3499,TRUE,FALSE,2,10366,0.0251468823657453,0.00541549833821988,2.26636157309574,"Weakly structured"
"MPEG1",1.1023,1.21978703160601e-05,0.000288025338715897,0.35,0.226,"P2N_Spatial","TLS","Rest","wilcox","Spatial",0.25,0.05,0.05,157,3499,TRUE,FALSE,2,10366,0.0208076128990623,0.0180853545363349,1.74267297312494,"Weakly structured"
"ZNF468",1.1016,0.00388891483309131,0.0342793292175379,0.096,0.046,"P2N_Spatial","TLS","Rest","wilcox","Spatial",0.25,0.05,0.05,157,3499,TRUE,FALSE,2,10366,-0.00320721854901478,0.640498065512406,0.193482177611029,"Not structured"
"KCNK6",1.1006,0.00266488169234951,0.0256968963933908,0.204,0.128,"P2N_Spatial","TLS","Rest","wilcox","Spatial",0.25,0.05,0.05,157,3499,TRUE,FALSE,2,10366,0.0424767153725197,6.03136118447288e-06,5.21958466328387,"Weakly structured"
"PDGFRB",1.1005,4.82851975749557e-06,0.000122978957754789,0.414,0.273,"P2N_Spatial","TLS","Rest","wilcox","Spatial",0.25,0.05,0.05,157,3499,TRUE,FALSE,2,10366,0.066422106954321,2.30744174682455e-12,11.6368692542682,"Weakly structured"
"HCLS1",1.0962,1.41211910318708e-05,0.000326013955983013,0.382,0.261,"P2N_Spatial","TLS","Rest","wilcox","Spatial",0.25,0.05,0.05,157,3499,TRUE,FALSE,2,10366,0.0151250226938087,0.065981976741374,1.18057467765077,"Not structured"
"AGMAT",-1.0933,3.2289045711999e-07,1.09381780343327e-05,0.14,0.352,"P2N_Spatial","TLS","Rest","wilcox","Spatial",0.25,0.05,0.05,157,3499,TRUE,FALSE,2,10366,0.0403272064699544,1.68167891067506e-05,4.77425692211348,"Weakly structured"
"AC004889.1",1.0915,0.000622305303197901,0.00815526772812824,0.127,0.061,"P2N_Spatial","TLS","Rest","wilcox","Spatial",0.25,0.05,0.05,157,3499,TRUE,FALSE,2,10366,0.00105743989111371,0.470633678248988,0.327316998208957,"Not structured"
"ATRN",-1.0909,1.44729137628141e-05,0.000333391609034068,0.159,0.335,"P2N_Spatial","TLS","Rest","wilcox","Spatial",0.25,0.05,0.05,157,3499,TRUE,FALSE,2,10366,0.0156631401478995,0.0590684606314348,1.22864434703599,"Not structured"
"ARHGAP18",1.0905,0.000329536251965525,0.00490096526237393,0.127,0.058,"P2N_Spatial","TLS","Rest","wilcox","Spatial",0.25,0.05,0.05,157,3499,TRUE,FALSE,2,10366,0.0145561220294373,0.0734366978482075,1.1340868598371,"Not structured"
"C7",1.0902,3.45874058367168e-38,4.48166311129258e-35,0.987,0.962,"P2N_Spatial","TLS","Rest","wilcox","Spatial",0.25,0.05,0.05,157,3499,TRUE,FALSE,2,10366,0.372956531102918,0,339.509929217527,"Spatially structured"
"RAC2",1.0892,0.00107476032595922,0.0127763366271712,0.153,0.082,"P2N_Spatial","TLS","Rest","wilcox","Spatial",0.25,0.05,0.05,157,3499,TRUE,FALSE,2,10366,0.0299514968436514,0.00111124792072083,2.95418903863844,"Weakly structured"
"CCND3",1.088,1.60091745309106e-05,0.000363927857867148,0.325,0.201,"P2N_Spatial","TLS","Rest","wilcox","Spatial",0.25,0.05,0.05,157,3499,TRUE,FALSE,2,10366,0.0317766543678341,0.000593978538373445,3.22622924665916,"Weakly structured"
"CFAP36",1.085,0.00599380960358034,0.0477569795163058,0.121,0.066,"P2N_Spatial","TLS","Rest","wilcox","Spatial",0.25,0.05,0.05,157,3499,TRUE,FALSE,2,10366,-0.00997390607116011,0.85171049983649,0.0697079987648825,"Not structured"
"LAMC3",1.0841,8.9503673091471e-09,3.77152469620402e-07,0.51,0.361,"P2N_Spatial","TLS","Rest","wilcox","Spatial",0.25,0.05,0.05,157,3499,TRUE,FALSE,2,10366,0.0966920528113335,2.17950386953835e-24,23.6616423555898,"Weakly structured"
"PSMC2",-1.0838,1.76108664493238e-05,0.000395996185712994,0.108,0.272,"P2N_Spatial","TLS","Rest","wilcox","Spatial",0.25,0.05,0.05,157,3499,TRUE,FALSE,2,10366,0.00220807480887749,0.422786192167705,0.373879204816113,"Not structured"
"PDE7A",1.0802,0.00316893604978052,0.0295140980161948,0.102,0.049,"P2N_Spatial","TLS","Rest","wilcox","Spatial",0.25,0.05,0.05,157,3499,TRUE,FALSE,2,10366,0.00957083543779046,0.173277821324587,0.761257021202701,"Not structured"
"SELPLG",1.0791,0.00225466995188471,0.0226033933474245,0.159,0.091,"P2N_Spatial","TLS","Rest","wilcox","Spatial",0.25,0.05,0.05,157,3499,TRUE,FALSE,2,10366,0.0161297214563025,0.0535469412026299,1.27126533261477,"Not structured"
"IL2RG",1.0772,5.02974127704113e-05,0.000996908185044137,0.229,0.125,"P2N_Spatial","TLS","Rest","wilcox","Spatial",0.25,0.05,0.05,157,3499,TRUE,FALSE,2,10366,0.0286573644428943,0.00174089524337434,2.75922736133141,"Weakly structured"
"ADGRA2",1.0764,0.000491578111686759,0.00674034220336632,0.204,0.119,"P2N_Spatial","TLS","Rest","wilcox","Spatial",0.25,0.05,0.05,157,3499,TRUE,FALSE,2,10366,0.0258787627830653,0.00433623688408389,2.36288700076847,"Weakly structured"
"DPT",1.0714,1.31253175152183e-08,5.42059925748018e-07,0.452,0.277,"P2N_Spatial","TLS","Rest","wilcox","Spatial",0.25,0.05,0.05,157,3499,TRUE,FALSE,2,10366,0.138888742558332,1.30274372883424e-48,47.885141008769,"Weakly structured"
"CD93",1.0711,0.000468616356483378,0.00646827849707949,0.299,0.209,"P2N_Spatial","TLS","Rest","wilcox","Spatial",0.25,0.05,0.05,157,3499,TRUE,FALSE,2,10366,0.0209080601974412,0.0176208147452803,1.75397401469815,"Weakly structured"
"MCAM",1.0692,0.000183545493229131,0.00299627178395775,0.312,0.209,"P2N_Spatial","TLS","Rest","wilcox","Spatial",0.25,0.05,0.05,157,3499,TRUE,FALSE,2,10366,0.0903609567543452,1.605805071397e-21,20.7943071748448,"Weakly structured"
"KCTD12",1.0671,8.14225032965528e-06,0.0001990626578236,0.395,0.261,"P2N_Spatial","TLS","Rest","wilcox","Spatial",0.25,0.05,0.05,157,3499,TRUE,FALSE,2,10366,0.0506530441607879,7.98938071922974e-08,7.09748688284428,"Weakly structured"
"GBP5",1.0655,0.00288709688472541,0.0274313898323223,0.115,0.057,"P2N_Spatial","TLS","Rest","wilcox","Spatial",0.25,0.05,0.05,157,3499,TRUE,FALSE,2,10366,0.0299872460257351,0.00108962658095363,2.96272231088221,"Weakly structured"
"COL1A2",1.0641,1.63775173005534e-17,2.26359125783382e-15,0.822,0.657,"P2N_Spatial","TLS","Rest","wilcox","Spatial",0.25,0.05,0.05,157,3499,TRUE,FALSE,2,10366,0.218590120528736,6.56982458444986e-118,117.18244622603,"Weakly structured"
"PRLR",-1.0631,0.00491507733296632,0.0409310469252514,0.07,0.155,"P2N_Spatial","TLS","Rest","wilcox","Spatial",0.25,0.05,0.05,157,3499,TRUE,FALSE,2,10366,0.00115587649803109,0.466790128465756,0.330878336855848,"Not structured"
"PODXL",1.0625,0.00060452150299394,0.00797260801531194,0.172,0.092,"P2N_Spatial","TLS","Rest","wilcox","Spatial",0.25,0.05,0.05,157,3499,TRUE,FALSE,2,10366,0.0105674156648473,0.148476555194205,0.828342117078224,"Not structured"
"MMP14",1.0619,0.00231875217252382,0.0230895149091084,0.236,0.158,"P2N_Spatial","TLS","Rest","wilcox","Spatial",0.25,0.05,0.05,157,3499,TRUE,FALSE,2,10366,0.0436343181261347,3.42530337161138e-06,5.4653009579578,"Weakly structured"
"NDN",1.0612,0.0062182920243648,0.0490927761801718,0.172,0.107,"P2N_Spatial","TLS","Rest","wilcox","Spatial",0.25,0.05,0.05,157,3499,TRUE,FALSE,2,10366,0.0405109760509187,1.51282048484098e-05,4.82021260341661,"Weakly structured"
"HLA-DQB1",1.0584,4.73636396676923e-07,1.54393549935629e-05,0.529,0.406,"P2N_Spatial","TLS","Rest","wilcox","Spatial",0.25,0.05,0.05,157,3499,TRUE,FALSE,2,10366,0.0853787640843423,2.30130402250779e-19,18.6380260034193,"Weakly structured"
"DGKZ",1.0573,0.00162784530996708,0.0176508833505426,0.312,0.23,"P2N_Spatial","TLS","Rest","wilcox","Spatial",0.25,0.05,0.05,157,3499,TRUE,FALSE,2,10366,0.0137869112420892,0.0858089863833702,1.06646722809133,"Not structured"
"IGHG4",1.057,4.24264781910708e-46,2.1989643646432e-42,1,1,"P2N_Spatial","TLS","Rest","wilcox","Spatial",0.25,0.05,0.05,157,3499,TRUE,FALSE,2,10366,0.644470500742981,0,1011.94411863111,"Spatially structured"
"CLRN3",-1.0567,0.00181192604530387,0.0191853170435341,0.064,0.158,"P2N_Spatial","TLS","Rest","wilcox","Spatial",0.25,0.05,0.05,157,3499,TRUE,FALSE,2,10366,0.0203110010618785,0.0203609878672534,1.69120115487707,"Weakly structured"
"MMP23B",1.055,3.44832470156742e-05,0.000717777788282085,0.268,0.154,"P2N_Spatial","TLS","Rest","wilcox","Spatial",0.25,0.05,0.05,157,3499,TRUE,FALSE,2,10366,0.0519933943783331,3.60468155872441e-08,7.44313309527112,"Weakly structured"
"ANKRD44",1.0535,0.00410750624781613,0.0356006770609214,0.14,0.079,"P2N_Spatial","TLS","Rest","wilcox","Spatial",0.25,0.05,0.05,157,3499,TRUE,FALSE,2,10366,0.00914684897761233,0.185464284936466,0.731739710568552,"Not structured"
"AGTRAP",1.049,0.00131292002196898,0.0150716821126583,0.217,0.135,"P2N_Spatial","TLS","Rest","wilcox","Spatial",0.25,0.05,0.05,157,3499,TRUE,FALSE,2,10366,0.012615067826889,0.105815872788909,0.975449181567498,"Not structured"
"IFI27L2",1.0467,0.000311761354059353,0.00469044730940385,0.255,0.159,"P2N_Spatial","TLS","Rest","wilcox","Spatial",0.25,0.05,0.05,157,3499,TRUE,FALSE,2,10366,0.0240555880691936,0.00745850425117257,2.12734825839778,"Weakly structured"
"HMGA1",1.0456,0.0003267834491021,0.00486716626613626,0.261,0.164,"P2N_Spatial","TLS","Rest","wilcox","Spatial",0.25,0.05,0.05,157,3499,TRUE,FALSE,2,10366,0.025878309588578,0.00434981621235252,2.36152909238958,"Weakly structured"
"IGHGP",1.0446,5.97077770253281e-14,5.38200710125696e-12,0.783,0.624,"P2N_Spatial","TLS","Rest","wilcox","Spatial",0.25,0.05,0.05,157,3499,TRUE,FALSE,2,10366,0.24297972474637,2.35238701290432e-145,144.628491226923,"Weakly structured"
"PLCG1",1.0394,0.00202547443443008,0.0209535887577204,0.21,0.132,"P2N_Spatial","TLS","Rest","wilcox","Spatial",0.25,0.05,0.05,157,3499,TRUE,FALSE,2,10366,-0.00388906150177243,0.666375951668668,0.176280684239396,"Not structured"
"CBX6",1.0376,1.37868235434497e-05,0.000319718596982997,0.389,0.27,"P2N_Spatial","TLS","Rest","wilcox","Spatial",0.25,0.05,0.05,157,3499,TRUE,FALSE,2,10366,0.0409377013428266,1.27460238119582e-05,4.89462527451202,"Weakly structured"
"EFEMP2",1.0364,2.75078920479833e-06,7.48416821441982e-05,0.344,0.202,"P2N_Spatial","TLS","Rest","wilcox","Spatial",0.25,0.05,0.05,157,3499,TRUE,FALSE,2,10366,0.0471826073063801,5.50645371000021e-07,6.25912800732129,"Weakly structured"
"LRCOL1",-1.0357,0.00458706737968764,0.0387526817097327,0.038,0.113,"P2N_Spatial","TLS","Rest","wilcox","Spatial",0.25,0.05,0.05,157,3499,TRUE,FALSE,2,10366,-0.00339023312924983,0.6471482242583,0.18899623617081,"Not structured"
"CD53",1.0336,0.000473743828083662,0.00653035707701495,0.236,0.144,"P2N_Spatial","TLS","Rest","wilcox","Spatial",0.25,0.05,0.05,157,3499,TRUE,FALSE,2,10366,0.024963701956833,0.00569282597872628,2.24467209172578,"Weakly structured"
"IGHG1",1.032,3.71006944196802e-25,1.13113470104237e-22,0.943,0.89,"P2N_Spatial","TLS","Rest","wilcox","Spatial",0.25,0.05,0.05,157,3499,TRUE,FALSE,2,10366,0.365360436952188,0,325.863952404787,"Spatially structured"
"CAV1",1.0315,1.05632102987635e-06,3.12748411734136e-05,0.344,0.196,"P2N_Spatial","TLS","Rest","wilcox","Spatial",0.25,0.05,0.05,157,3499,TRUE,FALSE,2,10366,0.0752879753283249,1.93877325178833e-15,14.7124729806353,"Weakly structured"
"CLDN5",1.031,0.0018627558019573,0.019609548712512,0.363,0.289,"P2N_Spatial","TLS","Rest","wilcox","Spatial",0.25,0.05,0.05,157,3499,TRUE,FALSE,2,10366,0.0423522649312082,6.50512215126924e-06,5.18674454397186,"Weakly structured"
"MEGF6",1.0283,0.00214981409782958,0.0218052572779858,0.242,0.163,"P2N_Spatial","TLS","Rest","wilcox","Spatial",0.25,0.05,0.05,157,3499,TRUE,FALSE,2,10366,0.0333706886545505,0.00032496780730945,3.48815965994529,"Weakly structured"
"CYLD",1.028,0.00146172656394244,0.0163222900366227,0.229,0.147,"P2N_Spatial","TLS","Rest","wilcox","Spatial",0.25,0.05,0.05,157,3499,TRUE,FALSE,2,10366,0.00227667954286106,0.420431842138698,0.376304399348271,"Not structured"
"ITGB2",1.0265,1.46780250494973e-08,6.03779395488447e-07,0.522,0.353,"P2N_Spatial","TLS","Rest","wilcox","Spatial",0.25,0.05,0.05,157,3499,TRUE,FALSE,2,10366,0.0566290820431505,2.11752065181534e-09,8.67417234537709,"Weakly structured"
"CELF2",1.0249,8.06617453016496e-05,0.00148051186977972,0.236,0.133,"P2N_Spatial","TLS","Rest","wilcox","Spatial",0.25,0.05,0.05,157,3499,TRUE,FALSE,2,10366,0.0374515142209565,6.04738040592667e-05,4.21843271156628,"Weakly structured"
"G6PD",1.0241,0.000294655765835263,0.00445898053817276,0.178,0.093,"P2N_Spatial","TLS","Rest","wilcox","Spatial",0.25,0.05,0.05,157,3499,TRUE,FALSE,2,10366,0.0121978134129978,0.11384269375702,0.943694836483431,"Not structured"
"RTP3",-1.0179,0.00557321397305089,0.0452403571218837,0.07,0.153,"P2N_Spatial","TLS","Rest","wilcox","Spatial",0.25,0.05,0.05,157,3499,TRUE,FALSE,2,10366,0.0151418575474621,0.0656741826155348,1.18260532376111,"Not structured"
"SMOC2",1.017,0.00347765680330788,0.0315668917890451,0.146,0.082,"P2N_Spatial","TLS","Rest","wilcox","Spatial",0.25,0.05,0.05,157,3499,TRUE,FALSE,2,10366,0.0552105006253568,4.87161624295873e-09,8.3123269301719,"Weakly structured"
"CPN2",-1.016,5.34137644110341e-05,0.00104581729410476,0.121,0.278,"P2N_Spatial","TLS","Rest","wilcox","Spatial",0.25,0.05,0.05,157,3499,TRUE,FALSE,2,10366,0.0281821326768089,0.00206662902028802,2.68473747639726,"Weakly structured"
"INMT",1.0139,2.7392012704425e-19,4.57976780151726e-17,0.866,0.695,"P2N_Spatial","TLS","Rest","wilcox","Spatial",0.25,0.05,0.05,157,3499,TRUE,FALSE,2,10366,0.208896184501553,8.46355253556859e-108,107.072447305667,"Weakly structured"
"MDK",1.0092,6.16632879758693e-06,0.000153285765745291,0.344,0.209,"P2N_Spatial","TLS","Rest","wilcox","Spatial",0.25,0.05,0.05,157,3499,TRUE,FALSE,2,10366,0.0245430037205742,0.00646313607801525,2.18955670013349,"Weakly structured"
"SPARCL1",1.009,9.90503923957245e-08,3.59005722928e-06,0.471,0.306,"P2N_Spatial","TLS","Rest","wilcox","Spatial",0.25,0.05,0.05,157,3499,TRUE,FALSE,2,10366,0.208736601315654,1.03813858368195e-107,106.983744667575,"Weakly structured"
"MICALL2",1.0066,6.10327631236204e-05,0.00116513005992532,0.363,0.24,"P2N_Spatial","TLS","Rest","wilcox","Spatial",0.25,0.05,0.05,157,3499,TRUE,FALSE,2,10366,0.0145402715947926,0.0742449677271044,1.12933297719477,"Not structured"
"SRGAP2",1.0049,0.00447718252127399,0.0380102162289322,0.159,0.095,"P2N_Spatial","TLS","Rest","wilcox","Spatial",0.25,0.05,0.05,157,3499,TRUE,FALSE,2,10366,4.03470389736194e-05,0.514031251399407,0.289010476534432,"Not structured"
"DENND2D",0.9978,0.00476856893768374,0.0399538217501134,0.197,0.127,"P2N_Spatial","TLS","Rest","wilcox","Spatial",0.25,0.05,0.05,157,3499,TRUE,FALSE,2,10366,0.00607248774586992,0.28211089951901,0.549580134300085,"Not structured"
"COL6A3",0.9974,9.29376672874115e-06,0.000225618702365646,0.503,0.382,"P2N_Spatial","TLS","Rest","wilcox","Spatial",0.25,0.05,0.05,157,3499,TRUE,FALSE,2,10366,0.0861936998013586,1.03260924229841e-19,18.9860639921483,"Weakly structured"
"ATP1B3",0.997,7.64594843720256e-05,0.00141473556703938,0.293,0.178,"P2N_Spatial","TLS","Rest","wilcox","Spatial",0.25,0.05,0.05,157,3499,TRUE,FALSE,2,10366,0.0471464512847487,5.56957506658011e-07,6.25417793826959,"Weakly structured"
"IGKC",0.9947,4.50508580420363e-42,9.33994388927497e-39,1,1,"P2N_Spatial","TLS","Rest","wilcox","Spatial",0.25,0.05,0.05,157,3499,TRUE,FALSE,2,10366,0.598681946626081,0,873.366684058894,"Spatially structured"
"CCDC88A",0.9942,0.00491599010437372,0.0409310469252514,0.159,0.095,"P2N_Spatial","TLS","Rest","wilcox","Spatial",0.25,0.05,0.05,157,3499,TRUE,FALSE,2,10366,0.0164542362918231,0.0499936529141046,1.30108512925104,"Weakly structured"
"TNFSF13B",0.9936,0.00361224716403284,0.0323914827875125,0.121,0.063,"P2N_Spatial","TLS","Rest","wilcox","Spatial",0.25,0.05,0.05,157,3499,TRUE,FALSE,2,10366,0.00708621918356002,0.246561987948628,0.608073877037243,"Not structured"
"RNASET2",0.9932,6.04458783847215e-05,0.00116033699136301,0.35,0.237,"P2N_Spatial","TLS","Rest","wilcox","Spatial",0.25,0.05,0.05,157,3499,TRUE,FALSE,2,10366,0.0144587660727771,0.0753916722987517,1.12267662328724,"Not structured"
"VIM",0.9931,2.42848530987549e-21,5.47253885264551e-19,0.924,0.781,"P2N_Spatial","TLS","Rest","wilcox","Spatial",0.25,0.05,0.05,157,3499,TRUE,FALSE,2,10366,0.319673587202682,2.45144422629447e-250,249.610577983098,"Spatially structured"
"CCAR1",0.993,0.000100284492785,0.00179511330007367,0.325,0.214,"P2N_Spatial","TLS","Rest","wilcox","Spatial",0.25,0.05,0.05,157,3499,TRUE,FALSE,2,10366,0.00278168422315337,0.402027675469943,0.395744049178793,"Not structured"
"PLA1A",-0.9905,0.0037147367164456,0.0330531852383477,0.076,0.166,"P2N_Spatial","TLS","Rest","wilcox","Spatial",0.25,0.05,0.05,157,3499,TRUE,FALSE,2,10366,0.0155495876763135,0.0603547391273902,1.21928862289775,"Not structured"
"JADE2",0.9888,0.00550121479966827,0.0447610617059351,0.229,0.157,"P2N_Spatial","TLS","Rest","wilcox","Spatial",0.25,0.05,0.05,157,3499,TRUE,FALSE,2,10366,0.00907070214645604,0.187416301800961,0.727192636104123,"Not structured"
"WIPF1",0.9874,0.00274618408391405,0.0263338984401971,0.255,0.18,"P2N_Spatial","TLS","Rest","wilcox","Spatial",0.25,0.05,0.05,157,3499,TRUE,FALSE,2,10366,0.019111323684994,0.0273583789496603,1.56290963919148,"Weakly structured"
"CLIP2",0.9851,0.00622885311434865,0.049138730124306,0.134,0.076,"P2N_Spatial","TLS","Rest","wilcox","Spatial",0.25,0.05,0.05,157,3499,TRUE,FALSE,2,10366,-0.00197941843771214,0.592169350751125,0.227554074393734,"Not structured"
"HCST",0.9809,0.00595958347699088,0.0476307188299826,0.242,0.172,"P2N_Spatial","TLS","Rest","wilcox","Spatial",0.25,0.05,0.05,157,3499,TRUE,FALSE,2,10366,0.068264031242612,5.57063465262574e-13,12.2540953235997,"Weakly structured"
"NAT8",-0.9799,0.00099474701264256,0.0120181206678937,0.121,0.239,"P2N_Spatial","TLS","Rest","wilcox","Spatial",0.25,0.05,0.05,157,3499,TRUE,FALSE,2,10366,0.0236175785698329,0.00853390247758424,2.06885232441191,"Weakly structured"
"RNASE1",0.9786,3.26180250957179e-10,1.70766893001117e-08,0.682,0.552,"P2N_Spatial","TLS","Rest","wilcox","Spatial",0.25,0.05,0.05,157,3499,TRUE,FALSE,2,10366,0.134295518328914,1.61786856704855e-45,44.7910567626521,"Weakly structured"
"HLA-DRB5",0.9781,4.36438836458614e-05,0.000881895707354774,0.331,0.213,"P2N_Spatial","TLS","Rest","wilcox","Spatial",0.25,0.05,0.05,157,3499,TRUE,FALSE,2,10366,0.0666978061948794,1.86169512716773e-12,11.7300914379785,"Weakly structured"
"STAT4",0.9773,0.0048477793428457,0.0405258715064021,0.108,0.056,"P2N_Spatial","TLS","Rest","wilcox","Spatial",0.25,0.05,0.05,157,3499,TRUE,FALSE,2,10366,0.00523230786583203,0.310918071106325,0.507354035262439,"Not structured"
"GMFG",0.9754,0.000126672560754832,0.00217759164972568,0.248,0.145,"P2N_Spatial","TLS","Rest","wilcox","Spatial",0.25,0.05,0.05,157,3499,TRUE,FALSE,2,10366,0.0283410941986466,0.00194509881820097,2.71105833001477,"Weakly structured"
"NIPAL2",0.9752,0.00492347387478512,0.0409604576131802,0.146,0.085,"P2N_Spatial","TLS","Rest","wilcox","Spatial",0.25,0.05,0.05,157,3499,TRUE,FALSE,2,10366,0.00575225005305187,0.293182106685823,0.532862538821979,"Not structured"
"UGCG",0.9752,0.00202139361535676,0.0209328333834048,0.248,0.165,"P2N_Spatial","TLS","Rest","wilcox","Spatial",0.25,0.05,0.05,157,3499,TRUE,FALSE,2,10366,0.0163288778063699,0.0514413370836716,1.2886877515824,"Not structured"
"CDKN1C",0.9747,8.81197726595943e-05,0.00159415281568823,0.217,0.118,"P2N_Spatial","TLS","Rest","wilcox","Spatial",0.25,0.05,0.05,157,3499,TRUE,FALSE,2,10366,0.0563299057915288,2.44181255920431e-09,8.61228767684797,"Weakly structured"
"NPY1R",0.9735,0.00543756796751687,0.0443825429537637,0.172,0.107,"P2N_Spatial","TLS","Rest","wilcox","Spatial",0.25,0.05,0.05,157,3499,TRUE,FALSE,2,10366,0.0128214281099265,0.102266647554273,0.990265980607073,"Not structured"
"VCAM1",0.9717,0.00487597056703992,0.0407242516855155,0.261,0.182,"P2N_Spatial","TLS","Rest","wilcox","Spatial",0.25,0.05,0.05,157,3499,TRUE,FALSE,2,10366,0.0124140550238797,0.109707855411955,0.959762274522616,"Not structured"
"SEC14L1",0.9715,5.09210731897411e-05,0.00100734321504744,0.299,0.185,"P2N_Spatial","TLS","Rest","wilcox","Spatial",0.25,0.05,0.05,157,3499,TRUE,FALSE,2,10366,0.0254109849108808,0.00501821439874765,2.29945078777949,"Weakly structured"
"PDGFA",0.9682,0.000355881683462206,0.00518127743085566,0.14,0.066,"P2N_Spatial","TLS","Rest","wilcox","Spatial",0.25,0.05,0.05,157,3499,TRUE,FALSE,2,10366,0.0128327127358499,0.10186760088399,0.991963921927579,"Not structured"
"CCDC12",-0.9656,0.0036315598292405,0.0324388387230764,0.083,0.176,"P2N_Spatial","TLS","Rest","wilcox","Spatial",0.25,0.05,0.05,157,3499,TRUE,FALSE,2,10366,-0.00581286070856539,0.735105269577446,0.133650464013826,"Not structured"
"C2CD2",0.9654,0.000993625425878625,0.0120181206678937,0.197,0.115,"P2N_Spatial","TLS","Rest","wilcox","Spatial",0.25,0.05,0.05,157,3499,TRUE,FALSE,2,10366,0.0235687538751332,0.00858885377210999,2.06606479119358,"Weakly structured"
"ORAI1",0.9653,0.000436136001927932,0.00610119540618751,0.274,0.174,"P2N_Spatial","TLS","Rest","wilcox","Spatial",0.25,0.05,0.05,157,3499,TRUE,FALSE,2,10366,-0.000665325377506386,0.543736028486351,0.26461188926349,"Not structured"
"ACOT12",-0.9599,0.00139062277557532,0.0157588594320263,0.083,0.19,"P2N_Spatial","TLS","Rest","wilcox","Spatial",0.25,0.05,0.05,157,3499,TRUE,FALSE,2,10366,0.0121950554442989,0.114051006271325,0.942900878592892,"Not structured"
"HK1",0.9587,0.00322173835038147,0.0298716813417301,0.159,0.092,"P2N_Spatial","TLS","Rest","wilcox","Spatial",0.25,0.05,0.05,157,3499,TRUE,FALSE,2,10366,0.0145117130383182,0.0742840534247771,1.12910440633258,"Not structured"
"DNAJC25",-0.9582,0.00636543262235122,0.0499500942946955,0.07,0.152,"P2N_Spatial","TLS","Rest","wilcox","Spatial",0.25,0.05,0.05,157,3499,TRUE,FALSE,2,10366,0.00936903310595436,0.179544769210045,0.745827242926127,"Not structured"
"NOSIP",0.9577,0.000479242522763216,0.0065973811300976,0.389,0.299,"P2N_Spatial","TLS","Rest","wilcox","Spatial",0.25,0.05,0.05,157,3499,TRUE,FALSE,2,10366,0.0261308878114457,0.00403176614608769,2.39450466614811,"Weakly structured"
"ADGRG6",-0.9577,0.00018775120941074,0.00305051573158578,0.14,0.285,"P2N_Spatial","TLS","Rest","wilcox","Spatial",0.25,0.05,0.05,157,3499,TRUE,FALSE,2,10366,0.0291309526015242,0.00149969754206666,2.82399632031528,"Weakly structured"
"FADS2",0.957,0.000285300279102571,0.00436842347588959,0.255,0.156,"P2N_Spatial","TLS","Rest","wilcox","Spatial",0.25,0.05,0.05,157,3499,TRUE,FALSE,2,10366,0.00973124759521523,0.169776795669503,0.770121667456814,"Not structured"
"MYO1F",0.9569,0.000465223490058865,0.00643791864536042,0.287,0.185,"P2N_Spatial","TLS","Rest","wilcox","Spatial",0.25,0.05,0.05,157,3499,TRUE,FALSE,2,10366,0.0317900389704283,0.000590821742587133,3.228543530774,"Weakly structured"
"CYP4F11",-0.9554,7.8424442617243e-05,0.00144621007314652,0.134,0.29,"P2N_Spatial","TLS","Rest","wilcox","Spatial",0.25,0.05,0.05,157,3499,TRUE,FALSE,2,10366,0.00913697569677262,0.185957102586083,0.730587229216628,"Not structured"
"IL10RA",0.9549,0.00160431655499499,0.0174505198416349,0.197,0.12,"P2N_Spatial","TLS","Rest","wilcox","Spatial",0.25,0.05,0.05,157,3499,TRUE,FALSE,2,10366,0.00493414694870759,0.322487472808078,0.491487151093809,"Not structured"
"LARP1B",-0.9547,0.00315195446254929,0.0294352792421495,0.064,0.153,"P2N_Spatial","TLS","Rest","wilcox","Spatial",0.25,0.05,0.05,157,3499,TRUE,FALSE,2,10366,0.015057106716279,0.0666667542855392,1.17609068827016,"Not structured"
"HEIH",0.9531,0.000970039457896173,0.0118021467377368,0.306,0.217,"P2N_Spatial","TLS","Rest","wilcox","Spatial",0.25,0.05,0.05,157,3499,TRUE,FALSE,2,10366,-0.00405019202386505,0.672216725332694,0.172490686110319,"Not structured"
"AGXT2",-0.9521,1.45388607257185e-06,4.16325498018778e-05,0.21,0.422,"P2N_Spatial","TLS","Rest","wilcox","Spatial",0.25,0.05,0.05,157,3499,TRUE,FALSE,2,10366,0.0406254253978897,1.47866284386102e-05,4.83013084002808,"Weakly structured"
"BAP1",0.9521,0.00247072344070194,0.0241618105531286,0.293,0.209,"P2N_Spatial","TLS","Rest","wilcox","Spatial",0.25,0.05,0.05,157,3499,TRUE,FALSE,2,10366,-0.0141824669686405,0.931095802887139,0.0310056310222537,"Not structured"
"CMTM3",0.9519,0.0015525326853519,0.017048256161396,0.255,0.171,"P2N_Spatial","TLS","Rest","wilcox","Spatial",0.25,0.05,0.05,157,3499,TRUE,FALSE,2,10366,0.0196463511522972,0.0240009845871135,1.61977094195591,"Weakly structured"
"MYORG",-0.9503,0.00106332626333245,0.0126890154532408,0.102,0.217,"P2N_Spatial","TLS","Rest","wilcox","Spatial",0.25,0.05,0.05,157,3499,TRUE,FALSE,2,10366,0.0166332302245131,0.0483021302250486,1.31603371553041,"Weakly structured"
"ANKRD12",0.9488,1.26413507173706e-05,0.000297143404844136,0.382,0.251,"P2N_Spatial","TLS","Rest","wilcox","Spatial",0.25,0.05,0.05,157,3499,TRUE,FALSE,2,10366,0.0443788869545497,2.38581792914154e-06,5.62236270206812,"Weakly structured"
"MATN2",0.9458,0.00102858320042165,0.0123263508156889,0.325,0.239,"P2N_Spatial","TLS","Rest","wilcox","Spatial",0.25,0.05,0.05,157,3499,TRUE,FALSE,2,10366,0.0340223161005839,0.000253163844807703,3.59659831730271,"Weakly structured"
"GPC4",0.9443,0.00288056334035388,0.0273944216386315,0.108,0.053,"P2N_Spatial","TLS","Rest","wilcox","Spatial",0.25,0.05,0.05,157,3499,TRUE,FALSE,2,10366,0.00410814892846563,0.3527698500708,0.45250853949093,"Not structured"
"EMP1",0.9375,0.0014298240863792,0.0160406455404835,0.229,0.146,"P2N_Spatial","TLS","Rest","wilcox","Spatial",0.25,0.05,0.05,157,3499,TRUE,FALSE,2,10366,0.0645103728304014,9.16760195094758e-12,11.0377442516441,"Weakly structured"
"AKNA",0.9361,0.00199539212127803,0.0207750695079372,0.261,0.179,"P2N_Spatial","TLS","Rest","wilcox","Spatial",0.25,0.05,0.05,157,3499,TRUE,FALSE,2,10366,0.00341651819249145,0.378072404566906,0.422425020552521,"Not structured"
"CIITA",0.9336,0.000124681167176639,0.0021552418654414,0.229,0.129,"P2N_Spatial","TLS","Rest","wilcox","Spatial",0.25,0.05,0.05,157,3499,TRUE,FALSE,2,10366,0.0108855501126211,0.141571412378896,0.849024435202337,"Not structured"
"BOD1L1",0.9312,0.00435197335689076,0.0372215807075327,0.204,0.132,"P2N_Spatial","TLS","Rest","wilcox","Spatial",0.25,0.05,0.05,157,3499,TRUE,FALSE,2,10366,0.00406407087250423,0.354542782246052,0.450331351532198,"Not structured"
"HGFAC",-0.9271,1.03155009680709e-06,3.07351754166149e-05,0.274,0.485,"P2N_Spatial","TLS","Rest","wilcox","Spatial",0.25,0.05,0.05,157,3499,TRUE,FALSE,2,10366,0.040463553280747,1.58774319571506e-05,4.79921973975704,"Weakly structured"
"FBL",0.9262,4.65390198610074e-05,0.000929525009401161,0.401,0.285,"P2N_Spatial","TLS","Rest","wilcox","Spatial",0.25,0.05,0.05,157,3499,TRUE,FALSE,2,10366,0.0351936340123533,0.000158794418588075,3.7991647665122,"Weakly structured"
"GJB2",-0.9245,0.00349272767470655,0.0316482649265805,0.083,0.177,"P2N_Spatial","TLS","Rest","wilcox","Spatial",0.25,0.05,0.05,157,3499,TRUE,FALSE,2,10366,0.0137812577460426,0.0858089863833702,1.06646722809133,"Not structured"
"MRPL44",-0.9244,0.00553777098464101,0.0449878793313391,0.096,0.183,"P2N_Spatial","TLS","Rest","wilcox","Spatial",0.25,0.05,0.05,157,3499,TRUE,FALSE,2,10366,0.023071315798007,0.00994695177389212,2.00230998765627,"Weakly structured"
"CDC42SE2",0.924,0.00073820091544312,0.009400725662756,0.338,0.247,"P2N_Spatial","TLS","Rest","wilcox","Spatial",0.25,0.05,0.05,157,3499,TRUE,FALSE,2,10366,0.019354094117784,0.0258941522226796,1.58679830326124,"Weakly structured"
"SFRP5",0.9233,0.00459714688399145,0.0387865020677211,0.306,0.223,"P2N_Spatial","TLS","Rest","wilcox","Spatial",0.25,0.05,0.05,157,3499,TRUE,FALSE,2,10366,0.0613537946537769,8.93972783436097e-11,10.0486757028858,"Weakly structured"
"LAPTM5",0.9223,5.22525836048401e-08,1.99870952637555e-06,0.611,0.488,"P2N_Spatial","TLS","Rest","wilcox","Spatial",0.25,0.05,0.05,157,3499,TRUE,FALSE,2,10366,0.0557388241497709,3.75050671836114e-09,8.42591005223993,"Weakly structured"
"FETUB",-0.9202,5.75346345126148e-08,2.18463011486361e-06,0.248,0.49,"P2N_Spatial","TLS","Rest","wilcox","Spatial",0.25,0.05,0.05,157,3499,TRUE,FALSE,2,10366,0.0493487350439589,1.69656441576037e-07,6.77042964625866,"Weakly structured"
"CLEC4G",-0.9201,3.33535595854893e-05,0.000697062497304802,0.153,0.328,"P2N_Spatial","TLS","Rest","wilcox","Spatial",0.25,0.05,0.05,157,3499,TRUE,FALSE,2,10366,0.0388020583661905,3.37013832627723e-05,4.47235227328118,"Weakly structured"
"ATP2A3",0.9194,0.0016165446930349,0.0175650967379453,0.293,0.201,"P2N_Spatial","TLS","Rest","wilcox","Spatial",0.25,0.05,0.05,157,3499,TRUE,FALSE,2,10366,0.0257803421887865,0.00448328946980561,2.34840321940307,"Weakly structured"
"AKR7A3",-0.9166,1.03919186039082e-06,3.08660825925824e-05,0.248,0.464,"P2N_Spatial","TLS","Rest","wilcox","Spatial",0.25,0.05,0.05,157,3499,TRUE,FALSE,2,10366,0.0480848698780383,3.42650059857505e-07,6.46514918797972,"Weakly structured"
"BCL7C",0.916,0.000758635136946331,0.00959025832876301,0.376,0.278,"P2N_Spatial","TLS","Rest","wilcox","Spatial",0.25,0.05,0.05,157,3499,TRUE,FALSE,2,10366,0.0156855130448004,0.0588101534325623,1.23054768754528,"Not structured"
"PANK1",-0.911,3.18589546624887e-06,8.55569751376574e-05,0.21,0.415,"P2N_Spatial","TLS","Rest","wilcox","Spatial",0.25,0.05,0.05,157,3499,TRUE,FALSE,2,10366,0.0263879403057963,0.00372518727783653,2.42885188890589,"Weakly structured"
"AP1S2",0.9073,0.00369817253229865,0.0329340691321373,0.185,0.114,"P2N_Spatial","TLS","Rest","wilcox","Spatial",0.25,0.05,0.05,157,3499,TRUE,FALSE,2,10366,0.0225141157840092,0.0115387905188898,1.937839710981,"Weakly structured"
"DRAM2",0.9056,0.00156524188023246,0.0171316003371249,0.229,0.146,"P2N_Spatial","TLS","Rest","wilcox","Spatial",0.25,0.05,0.05,157,3499,TRUE,FALSE,2,10366,0.0137028987900184,0.0869058502852427,1.06095098694514,"Not structured"
"CCND2",0.9046,0.00132641776323665,0.0152097859886185,0.217,0.133,"P2N_Spatial","TLS","Rest","wilcox","Spatial",0.25,0.05,0.05,157,3499,TRUE,FALSE,2,10366,0.0440324162166202,2.78897923188577e-06,5.55455471969271,"Weakly structured"
"SDHD",-0.9021,2.40465893513525e-05,0.000519306135866918,0.204,0.383,"P2N_Spatial","TLS","Rest","wilcox","Spatial",0.25,0.05,0.05,157,3499,TRUE,FALSE,2,10366,0.0304464418962794,0.000957170263405732,3.01901080215994,"Weakly structured"
"EEA1",0.9017,0.00124991753002916,0.0143962723514247,0.166,0.092,"P2N_Spatial","TLS","Rest","wilcox","Spatial",0.25,0.05,0.05,157,3499,TRUE,FALSE,2,10366,-0.00115243229854271,0.561721608964134,0.250478868854193,"Not structured"
"TM4SF1",0.8986,9.52362878448488e-05,0.00171392249965226,0.382,0.267,"P2N_Spatial","TLS","Rest","wilcox","Spatial",0.25,0.05,0.05,157,3499,TRUE,FALSE,2,10366,0.0426350506383058,5.67782314707871e-06,5.24581813901058,"Weakly structured"
"COL1A1",0.897,0.000170524072461512,0.00279691856825321,0.592,0.532,"P2N_Spatial","TLS","Rest","wilcox","Spatial",0.25,0.05,0.05,157,3499,TRUE,FALSE,2,10366,0.162251395654365,1.08921429374273e-65,64.9628866680548,"Weakly structured"
"RAMP2",0.8962,0.000276644764207786,0.00425474721925506,0.236,0.137,"P2N_Spatial","TLS","Rest","wilcox","Spatial",0.25,0.05,0.05,157,3499,TRUE,FALSE,2,10366,0.0218243474666501,0.0137952908814754,1.86026913774458,"Weakly structured"
"MALAT1",0.8935,6.1664137043045e-37,7.10233827320227e-34,1,0.988,"P2N_Spatial","TLS","Rest","wilcox","Spatial",0.25,0.05,0.05,157,3499,TRUE,FALSE,2,10366,0.540606947128343,0,712.164202554706,"Spatially structured"
"ABI3BP",0.8932,1.14213435991683e-05,0.000272169305170066,0.223,0.11,"P2N_Spatial","TLS","Rest","wilcox","Spatial",0.25,0.05,0.05,157,3499,TRUE,FALSE,2,10366,0.057022477574827,1.56597030457115e-09,8.80521647770794,"Weakly structured"
"JAG1",0.8927,0.00084567781663771,0.0105237650027209,0.287,0.195,"P2N_Spatial","TLS","Rest","wilcox","Spatial",0.25,0.05,0.05,157,3499,TRUE,FALSE,2,10366,0.0632853439516876,2.26865876572502e-11,10.6442308224524,"Weakly structured"
"PECAM1",0.8917,0.00031865366898407,0.00478026618334135,0.369,0.267,"P2N_Spatial","TLS","Rest","wilcox","Spatial",0.25,0.05,0.05,157,3499,TRUE,FALSE,2,10366,0.0557011281597347,3.79296740969647e-09,8.42102088886847,"Weakly structured"
"C1orf162",0.8904,8.42321426069751e-05,0.00153453495652707,0.287,0.173,"P2N_Spatial","TLS","Rest","wilcox","Spatial",0.25,0.05,0.05,157,3499,TRUE,FALSE,2,10366,0.0290857600524982,0.00151683985982369,2.81906026737809,"Weakly structured"
"NELFE",0.8901,2.1842538569638e-05,0.00047667316802709,0.389,0.264,"P2N_Spatial","TLS","Rest","wilcox","Spatial",0.25,0.05,0.05,157,3499,TRUE,FALSE,2,10366,0.0159773999786221,0.0555820495062744,1.25506544329353,"Not structured"
"PACS1",0.8901,0.00589592540404559,0.0471583045820498,0.223,0.151,"P2N_Spatial","TLS","Rest","wilcox","Spatial",0.25,0.05,0.05,157,3499,TRUE,FALSE,2,10366,0.0108845265680823,0.141571412378896,0.849024435202337,"Not structured"
"ZFP36L2",0.8899,1.02886656229109e-09,4.96057245800441e-08,0.682,0.546,"P2N_Spatial","TLS","Rest","wilcox","Spatial",0.25,0.05,0.05,157,3499,TRUE,FALSE,2,10366,0.0639005576479448,1.50703702598305e-11,10.8218760774912,"Weakly structured"
"HLA-DMA",0.8892,5.31865954654576e-05,0.00104418986476313,0.433,0.323,"P2N_Spatial","TLS","Rest","wilcox","Spatial",0.25,0.05,0.05,157,3499,TRUE,FALSE,2,10366,0.0335663464811518,0.000304252298725701,3.51676613184854,"Weakly structured"
"CMTM8",-0.8884,0.00573493172755387,0.04633538759768,0.07,0.153,"P2N_Spatial","TLS","Rest","wilcox","Spatial",0.25,0.05,0.05,157,3499,TRUE,FALSE,2,10366,0.010220711577551,0.156995999502778,0.80411141393474,"Not structured"
"CD44",0.8878,1.18931253848673e-05,0.000282114731669415,0.331,0.199,"P2N_Spatial","TLS","Rest","wilcox","Spatial",0.25,0.05,0.05,157,3499,TRUE,FALSE,2,10366,0.0504896015219809,8.71877241531709e-08,7.05954465850598,"Weakly structured"
"RASSF1",0.8868,0.0033994604126399,0.031058836402863,0.21,0.134,"P2N_Spatial","TLS","Rest","wilcox","Spatial",0.25,0.05,0.05,157,3499,TRUE,FALSE,2,10366,0.0160580826722199,0.0545021243301168,1.26358656989093,"Not structured"
"HLA-DPB1",0.8868,2.05211501575682e-14,1.951580206728e-12,0.783,0.625,"P2N_Spatial","TLS","Rest","wilcox","Spatial",0.25,0.05,0.05,157,3499,TRUE,FALSE,2,10366,0.126615367464058,1.21933324423588e-40,39.9138775853134,"Weakly structured"
"SNHG32",0.8852,0.0038934489968604,0.0342901378941843,0.236,0.16,"P2N_Spatial","TLS","Rest","wilcox","Spatial",0.25,0.05,0.05,157,3499,TRUE,FALSE,2,10366,0.0476858957859129,4.14407975055384e-07,6.38257189542204,"Weakly structured"
"VSIR",0.8852,0.00296754366086311,0.0280159905177659,0.261,0.182,"P2N_Spatial","TLS","Rest","wilcox","Spatial",0.25,0.05,0.05,157,3499,TRUE,FALSE,2,10366,0.00891437829068437,0.191559705456969,0.717695839401989,"Not structured"
"ACSM5",-0.8838,0.000292619545482315,0.00444113354095122,0.159,0.307,"P2N_Spatial","TLS","Rest","wilcox","Spatial",0.25,0.05,0.05,157,3499,TRUE,FALSE,2,10366,0.0300756952262513,0.00108962658095363,2.96272231088221,"Weakly structured"
"FXYD5",0.8834,4.12924036592422e-06,0.000107311462347042,0.446,0.311,"P2N_Spatial","TLS","Rest","wilcox","Spatial",0.25,0.05,0.05,157,3499,TRUE,FALSE,2,10366,0.0290055255029703,0.00156373804962282,2.80583599624509,"Weakly structured"
"SLC1A5",0.8799,0.00360075298996998,0.0323307677011533,0.153,0.087,"P2N_Spatial","TLS","Rest","wilcox","Spatial",0.25,0.05,0.05,157,3499,TRUE,FALSE,2,10366,0.0112859377031307,0.132558234837726,0.877593287670638,"Not structured"
"PRELP",0.8791,5.17153528128726e-09,2.23367228024265e-07,0.599,0.45,"P2N_Spatial","TLS","Rest","wilcox","Spatial",0.25,0.05,0.05,157,3499,TRUE,FALSE,2,10366,0.17840664552873,4.41833597152766e-79,78.3547412633327,"Weakly structured"
"GALM",-0.8786,0.0011326417676003,0.0132966756092239,0.166,0.295,"P2N_Spatial","TLS","Rest","wilcox","Spatial",0.25,0.05,0.05,157,3499,TRUE,FALSE,2,10366,0.0251159909158568,0.00546594287432599,2.26233491151907,"Weakly structured"
"ITM2C",0.8751,3.57146546455089e-05,0.000741920060231152,0.408,0.282,"P2N_Spatial","TLS","Rest","wilcox","Spatial",0.25,0.05,0.05,157,3499,TRUE,FALSE,2,10366,0.00627310936694626,0.275536371645882,0.559821064824907,"Not structured"
"SAMHD1",0.8742,9.1848097513046e-07,2.77579410734762e-05,0.497,0.354,"P2N_Spatial","TLS","Rest","wilcox","Spatial",0.25,0.05,0.05,157,3499,TRUE,FALSE,2,10366,0.0352723362577959,0.000154073249647258,3.81227275738184,"Weakly structured"
"SLA",0.8713,0.000663622110906257,0.00862043458853917,0.229,0.139,"P2N_Spatial","TLS","Rest","wilcox","Spatial",0.25,0.05,0.05,157,3499,TRUE,FALSE,2,10366,0.0244332920664509,0.00665063025742184,2.17713719614796,"Weakly structured"
"TBXAS1",0.8704,0.00414866980227528,0.0358375926419879,0.185,0.113,"P2N_Spatial","TLS","Rest","wilcox","Spatial",0.25,0.05,0.05,157,3499,TRUE,FALSE,2,10366,-0.00237546555874681,0.607627052500268,0.216362898913847,"Not structured"
"IGHM",0.8703,4.97988686298875e-12,3.48793967714469e-10,0.834,0.743,"P2N_Spatial","TLS","Rest","wilcox","Spatial",0.25,0.05,0.05,157,3499,TRUE,FALSE,2,10366,0.177882739612206,1.14606424672632e-78,77.9407910357573,"Weakly structured"
"MAP4K4",0.8694,0.00575425723254859,0.0464553196827093,0.248,0.177,"P2N_Spatial","TLS","Rest","wilcox","Spatial",0.25,0.05,0.05,157,3499,TRUE,FALSE,2,10366,0.00770162989674308,0.227945253115148,0.642169447407458,"Not structured"
"NOTCH3",0.8675,0.000524261408759896,0.00712253442097651,0.248,0.152,"P2N_Spatial","TLS","Rest","wilcox","Spatial",0.25,0.05,0.05,157,3499,TRUE,FALSE,2,10366,0.0730737020065973,1.19612976208901e-14,13.9222217033725,"Weakly structured"
"CTBP2",0.8675,0.0034128671319051,0.0311150225939562,0.14,0.076,"P2N_Spatial","TLS","Rest","wilcox","Spatial",0.25,0.05,0.05,157,3499,TRUE,FALSE,2,10366,0.00260695752157124,0.40868868103894,0.388607390256113,"Not structured"
"CTH",-0.8656,0.000338489879361912,0.00497738497529173,0.108,0.243,"P2N_Spatial","TLS","Rest","wilcox","Spatial",0.25,0.05,0.05,157,3499,TRUE,FALSE,2,10366,0.0297593021902025,0.00121067161029221,2.91697364148,"Weakly structured"
"LGR4",-0.8644,0.000421304961664507,0.00594992810982871,0.096,0.222,"P2N_Spatial","TLS","Rest","wilcox","Spatial",0.25,0.05,0.05,157,3499,TRUE,FALSE,2,10366,0.0202180197233125,0.0208812065203652,1.68024441132118,"Weakly structured"
"RAD50",0.8631,0.000882578696614642,0.0109435535515639,0.261,0.171,"P2N_Spatial","TLS","Rest","wilcox","Spatial",0.25,0.05,0.05,157,3499,TRUE,FALSE,2,10366,-0.00277583812312224,0.624017355587997,0.204803331261041,"Not structured"
"SOD3",0.8631,5.64063186655039e-12,3.9242140891719e-10,0.618,0.382,"P2N_Spatial","TLS","Rest","wilcox","Spatial",0.25,0.05,0.05,157,3499,TRUE,FALSE,2,10366,0.266866438387868,4.85474982730265e-175,174.313833145039,"Weakly structured"
"HLA-DRB1",0.8611,6.70639885683895e-14,5.99297677155108e-12,0.885,0.769,"P2N_Spatial","TLS","Rest","wilcox","Spatial",0.25,0.05,0.05,157,3499,TRUE,FALSE,2,10366,0.116766578827991,8.48261951912333e-35,34.071470012481,"Weakly structured"
"SRPX",0.8579,6.06936096676779e-05,0.00116146466855255,0.446,0.339,"P2N_Spatial","TLS","Rest","wilcox","Spatial",0.25,0.05,0.05,157,3499,TRUE,FALSE,2,10366,0.0610032466712829,1.15114379231228e-10,9.93887042414839,"Weakly structured"
"EMILIN1",0.8579,2.0133614977801e-08,8.12081917742743e-07,0.656,0.514,"P2N_Spatial","TLS","Rest","wilcox","Spatial",0.25,0.05,0.05,157,3499,TRUE,FALSE,2,10366,0.0746673998577406,3.3936082199446e-15,14.469338296885,"Weakly structured"
"FZD4",-0.8566,0.000701946431031433,0.0090054167129602,0.051,0.154,"P2N_Spatial","TLS","Rest","wilcox","Spatial",0.25,0.05,0.05,157,3499,TRUE,FALSE,2,10366,0.000991719829998462,0.473300774953324,0.324862784444584,"Not structured"
"PRKD2",0.8537,0.000957442499648543,0.0116762928839492,0.197,0.115,"P2N_Spatial","TLS","Rest","wilcox","Spatial",0.25,0.05,0.05,157,3499,TRUE,FALSE,2,10366,0.0248145072508271,0.00593582768272107,2.22651871512957,"Weakly structured"
"FBN1",0.8527,0.00431598630363913,0.036944272521489,0.255,0.177,"P2N_Spatial","TLS","Rest","wilcox","Spatial",0.25,0.05,0.05,157,3499,TRUE,FALSE,2,10366,0.0412253123609338,1.10687941547687e-05,4.95589968900879,"Weakly structured"
"CYFIP2",0.8504,0.000416470608658923,0.00592199496482634,0.331,0.236,"P2N_Spatial","TLS","Rest","wilcox","Spatial",0.25,0.05,0.05,157,3499,TRUE,FALSE,2,10366,0.0157771267388507,0.0576582638321461,1.23913843894175,"Not structured"
"ARID1B",0.85,0.000144886877518447,0.00244608692566159,0.287,0.177,"P2N_Spatial","TLS","Rest","wilcox","Spatial",0.25,0.05,0.05,157,3499,TRUE,FALSE,2,10366,-0.000936376884668571,0.55440731363022,0.256171049232656,"Not structured"
"ELN",0.85,3.39229100588663e-05,0.000707534981227784,0.408,0.29,"P2N_Spatial","TLS","Rest","wilcox","Spatial",0.25,0.05,0.05,157,3499,TRUE,FALSE,2,10366,0.100577877695565,2.96513117591348e-26,25.527956088905,"Weakly structured"
"ADA2",0.8497,0.000143908487712978,0.00243353243659499,0.363,0.253,"P2N_Spatial","TLS","Rest","wilcox","Spatial",0.25,0.05,0.05,157,3499,TRUE,FALSE,2,10366,0.0612570477072784,9.60815204585813e-11,10.0173601329829,"Weakly structured"
"MS4A4A",0.8496,0.000566839238119288,0.00755251355057139,0.389,0.291,"P2N_Spatial","TLS","Rest","wilcox","Spatial",0.25,0.05,0.05,157,3499,TRUE,FALSE,2,10366,0.0324857503551735,0.000459889565385229,3.33734644419206,"Weakly structured"
"ISLR",0.8494,0.000265341132037211,0.00412991918122782,0.299,0.193,"P2N_Spatial","TLS","Rest","wilcox","Spatial",0.25,0.05,0.05,157,3499,TRUE,FALSE,2,10366,0.100906122037278,2.0077405233406e-26,25.6972924153133,"Weakly structured"
"GGT5",0.8489,7.21317558155938e-11,4.22439424172003e-09,0.809,0.687,"P2N_Spatial","TLS","Rest","wilcox","Spatial",0.25,0.05,0.05,157,3499,TRUE,FALSE,2,10366,0.0885675282654618,1.03487241815789e-20,19.9851131878934,"Weakly structured"
"SGCA",0.848,0.00499370426558441,0.0412687012343784,0.159,0.093,"P2N_Spatial","TLS","Rest","wilcox","Spatial",0.25,0.05,0.05,157,3499,TRUE,FALSE,2,10366,0.0692031706262016,2.58856039727804e-13,12.5869416974395,"Weakly structured"
"AKAP13",0.8476,0.000987302408326282,0.011956047622325,0.344,0.252,"P2N_Spatial","TLS","Rest","wilcox","Spatial",0.25,0.05,0.05,157,3499,TRUE,FALSE,2,10366,0.015950235412042,0.0558658063610003,1.25285392829319,"Not structured"
"LCP2",0.8475,0.000685490068454525,0.00882706838459579,0.299,0.203,"P2N_Spatial","TLS","Rest","wilcox","Spatial",0.25,0.05,0.05,157,3499,TRUE,FALSE,2,10366,0.0178683858481325,0.0366461162814011,1.43597204467715,"Weakly structured"
"NTS",0.8461,0.00172007286057954,0.0185153429623754,0.153,0.083,"P2N_Spatial","TLS","Rest","wilcox","Spatial",0.25,0.05,0.05,157,3499,TRUE,FALSE,2,10366,0.0719781512615015,2.6760384344268e-14,13.5725076533334,"Weakly structured"
"ATP6V0E2",-0.8442,0.00270256482888776,0.0259877430577463,0.089,0.19,"P2N_Spatial","TLS","Rest","wilcox","Spatial",0.25,0.05,0.05,157,3499,TRUE,FALSE,2,10366,0.017860476027936,0.0366524382360644,1.43589712941995,"Weakly structured"
"BUB3",0.8401,0.000463943502113712,0.00642946302528173,0.299,0.202,"P2N_Spatial","TLS","Rest","wilcox","Spatial",0.25,0.05,0.05,157,3499,TRUE,FALSE,2,10366,0.0316515414950548,0.00061979168213302,3.20775425647358,"Weakly structured"
"HLA-DMB",0.8388,0.000391812759400941,0.00560211181234504,0.389,0.294,"P2N_Spatial","TLS","Rest","wilcox","Spatial",0.25,0.05,0.05,157,3499,TRUE,FALSE,2,10366,0.0305197817567854,0.000932061901128438,3.03055524384153,"Weakly structured"
"MZT2A",0.8374,0.00153259579355318,0.0168471770901085,0.344,0.262,"P2N_Spatial","TLS","Rest","wilcox","Spatial",0.25,0.05,0.05,157,3499,TRUE,FALSE,2,10366,0.0103463135348371,0.154113723658445,0.8121586861112,"Not structured"
"TRIM22",0.8373,0.00236238042740724,0.0233445524408994,0.28,0.197,"P2N_Spatial","TLS","Rest","wilcox","Spatial",0.25,0.05,0.05,157,3499,TRUE,FALSE,2,10366,-0.00815003209515029,0.805467067436267,0.0939522115738594,"Not structured"
"PRPF38B",0.837,0.0058892461578404,0.0471506360267683,0.306,0.235,"P2N_Spatial","TLS","Rest","wilcox","Spatial",0.25,0.05,0.05,157,3499,TRUE,FALSE,2,10366,-0.0015503074751222,0.57534861831503,0.240068925515971,"Not structured"
"MSRB1",-0.8348,0.00033172659103404,0.00491942466760924,0.21,0.363,"P2N_Spatial","TLS","Rest","wilcox","Spatial",0.25,0.05,0.05,157,3499,TRUE,FALSE,2,10366,0.0124844130433787,0.108605057425405,0.96414995043037,"Not structured"
"DDIT4",0.8343,4.03135642829988e-05,0.000824241434630308,0.516,0.417,"P2N_Spatial","TLS","Rest","wilcox","Spatial",0.25,0.05,0.05,157,3499,TRUE,FALSE,2,10366,0.0136149588950396,0.0885283691743622,1.05291753606389,"Not structured"
"SLC1A2",-0.8316,0.00580236328094954,0.046766158682789,0.076,0.164,"P2N_Spatial","TLS","Rest","wilcox","Spatial",0.25,0.05,0.05,157,3499,TRUE,FALSE,2,10366,0.0121522989193818,0.114820143755151,0.939981913730115,"Not structured"
"FSTL1",0.8316,0.000166067218101656,0.00273983429881201,0.433,0.328,"P2N_Spatial","TLS","Rest","wilcox","Spatial",0.25,0.05,0.05,157,3499,TRUE,FALSE,2,10366,0.0383856699351866,4.05011408896234e-05,4.39253274283251,"Weakly structured"
"TMSB10",0.8313,3.43839693470807e-34,3.24022023865308e-31,0.994,0.973,"P2N_Spatial","TLS","Rest","wilcox","Spatial",0.25,0.05,0.05,157,3499,TRUE,FALSE,2,10366,0.259872027036296,4.20900242204943e-166,165.375820824339,"Weakly structured"
"CD3E",0.8306,0.000571219307692491,0.00760110313676555,0.197,0.11,"P2N_Spatial","TLS","Rest","wilcox","Spatial",0.25,0.05,0.05,157,3499,TRUE,FALSE,2,10366,0.0706295534312753,8.51901228218175e-14,13.0696107556165,"Weakly structured"
"ADCY1",-0.8298,0.00156738371101435,0.0171316003371249,0.108,0.223,"P2N_Spatial","TLS","Rest","wilcox","Spatial",0.25,0.05,0.05,157,3499,TRUE,FALSE,2,10366,-0.00117487443067269,0.562176358343539,0.250127422081181,"Not structured"
"CFL2",-0.8285,0.000814661056945617,0.0102113379882688,0.159,0.293,"P2N_Spatial","TLS","Rest","wilcox","Spatial",0.25,0.05,0.05,157,3499,TRUE,FALSE,2,10366,0.0235791635929814,0.00861345055810719,2.06482283482471,"Weakly structured"
"HLA-DRA",0.8274,6.0766871210061e-27,2.17210133435687e-24,0.968,0.955,"P2N_Spatial","TLS","Rest","wilcox","Spatial",0.25,0.05,0.05,157,3499,TRUE,FALSE,2,10366,0.181753289321969,4.76740499135441e-82,81.3217179531622,"Weakly structured"
"AS3MT",-0.8271,0.00218373783730124,0.0220706734501937,0.083,0.185,"P2N_Spatial","TLS","Rest","wilcox","Spatial",0.25,0.05,0.05,157,3499,TRUE,FALSE,2,10366,0.0279811973952817,0.00220128077166751,2.65732455998685,"Weakly structured"
"MLLT6",0.8264,0.000224970966517862,0.00356653297191637,0.357,0.25,"P2N_Spatial","TLS","Rest","wilcox","Spatial",0.25,0.05,0.05,157,3499,TRUE,FALSE,2,10366,0.0158085062886568,0.0574440634344097,1.24075484688685,"Not structured"
"GALT",-0.8257,0.000266787853127486,0.00414520508038505,0.153,0.294,"P2N_Spatial","TLS","Rest","wilcox","Spatial",0.25,0.05,0.05,157,3499,TRUE,FALSE,2,10366,0.022481315117078,0.0116899345717018,1.9321879195677,"Weakly structured"
"MTHFD2",0.8253,0.00561362285830524,0.0455327187395869,0.153,0.089,"P2N_Spatial","TLS","Rest","wilcox","Spatial",0.25,0.05,0.05,157,3499,TRUE,FALSE,2,10366,0.0197879900276586,0.0231372694471095,1.6356878957743,"Weakly structured"
"MSN",0.8244,0.000197293072556412,0.00318442026519349,0.446,0.355,"P2N_Spatial","TLS","Rest","wilcox","Spatial",0.25,0.05,0.05,157,3499,TRUE,FALSE,2,10366,0.0358705024234915,0.000120521582510105,3.91893517445227,"Weakly structured"
"SMPDL3A",-0.8232,0.00207922189212819,0.0213187083420384,0.197,0.319,"P2N_Spatial","TLS","Rest","wilcox","Spatial",0.25,0.05,0.05,157,3499,TRUE,FALSE,2,10366,0.0171116344404557,0.0433709112766476,1.36280145268956,"Weakly structured"
"VOPP1",0.8232,0.000520850867819238,0.00709455702797248,0.344,0.247,"P2N_Spatial","TLS","Rest","wilcox","Spatial",0.25,0.05,0.05,157,3499,TRUE,FALSE,2,10366,0.0227637926427182,0.010871874846038,1.96369555572257,"Weakly structured"
"PEA15",0.8229,8.75228326934192e-05,0.00158889962119086,0.395,0.281,"P2N_Spatial","TLS","Rest","wilcox","Spatial",0.25,0.05,0.05,157,3499,TRUE,FALSE,2,10366,0.0419196000982331,8.01314678038566e-06,5.09619690202026,"Weakly structured"
"NEXN",0.8223,0.00599365067490786,0.0477569795163058,0.134,0.074,"P2N_Spatial","TLS","Rest","wilcox","Spatial",0.25,0.05,0.05,157,3499,TRUE,FALSE,2,10366,0.0475100104626895,4.40712084212183e-07,6.35584504108364,"Weakly structured"
"LTBP1",0.8202,0.00586801770197551,0.0471168640578452,0.344,0.274,"P2N_Spatial","TLS","Rest","wilcox","Spatial",0.25,0.05,0.05,157,3499,TRUE,FALSE,2,10366,0.0583054715669407,7.00479512898543e-10,9.154604562113,"Weakly structured"
"COTL1",0.8193,0.00021736473163509,0.0034811500704282,0.439,0.348,"P2N_Spatial","TLS","Rest","wilcox","Spatial",0.25,0.05,0.05,157,3499,TRUE,FALSE,2,10366,0.0379478086290597,4.92784693762313e-05,4.30734279012488,"Weakly structured"
"PPP6C",-0.8183,0.00439194260835254,0.0374706807227839,0.096,0.191,"P2N_Spatial","TLS","Rest","wilcox","Spatial",0.25,0.05,0.05,157,3499,TRUE,FALSE,2,10366,0.00315434717811163,0.387305894160153,0.411945893714274,"Not structured"
"COL3A1",0.8182,5.38271445073738e-06,0.000135430140767824,0.611,0.511,"P2N_Spatial","TLS","Rest","wilcox","Spatial",0.25,0.05,0.05,157,3499,TRUE,FALSE,2,10366,0.105275358395391,1.38046155809426e-28,27.8599756827154,"Weakly structured"
"HLA-DPA1",0.8174,2.22572112505727e-09,1.02999219564034e-07,0.707,0.577,"P2N_Spatial","TLS","Rest","wilcox","Spatial",0.25,0.05,0.05,157,3499,TRUE,FALSE,2,10366,0.0684742250959576,4.96660988806224e-13,12.3039399511615,"Weakly structured"
"NELFB",0.8163,0.00327410701974799,0.0301683496592957,0.242,0.165,"P2N_Spatial","TLS","Rest","wilcox","Spatial",0.25,0.05,0.05,157,3499,TRUE,FALSE,2,10366,0.00611205856751316,0.280963216563008,0.55135053379375,"Not structured"
"ORM1",-0.8135,2.31726104015184e-21,5.33793954271422e-19,0.975,0.99,"P2N_Spatial","TLS","Rest","wilcox","Spatial",0.25,0.05,0.05,157,3499,TRUE,FALSE,2,10366,0.520657829996634,0,661.085889014224,"Spatially structured"
"LYZ",0.8129,4.12587112233922e-05,0.000841905119176541,0.516,0.419,"P2N_Spatial","TLS","Rest","wilcox","Spatial",0.25,0.05,0.05,157,3499,TRUE,FALSE,2,10366,0.0851018346408904,2.97658437339055e-19,18.5262818025533,"Weakly structured"
"CCN2",0.8113,3.6967465024531e-16,4.21104112576141e-14,0.924,0.853,"P2N_Spatial","TLS","Rest","wilcox","Spatial",0.25,0.05,0.05,157,3499,TRUE,FALSE,2,10366,0.193090948996917,2.24641551042203e-92,91.6485099109448,"Weakly structured"
"TXNDC5",0.8098,2.48713947192634e-09,1.14078264451276e-07,0.771,0.656,"P2N_Spatial","TLS","Rest","wilcox","Spatial",0.25,0.05,0.05,157,3499,TRUE,FALSE,2,10366,0.0756500818881085,1.48875943412425e-15,14.8271754734184,"Weakly structured"
"DEPP1",0.8096,6.9082609580938e-14,6.1206011189402e-12,0.86,0.792,"P2N_Spatial","TLS","Rest","wilcox","Spatial",0.25,0.05,0.05,157,3499,TRUE,FALSE,2,10366,0.16178363829813,2.6015819680621e-65,64.584762486233,"Weakly structured"
"ABTB1",0.8091,0.000917891501498805,0.0112976143457041,0.306,0.21,"P2N_Spatial","TLS","Rest","wilcox","Spatial",0.25,0.05,0.05,157,3499,TRUE,FALSE,2,10366,-0.00639546508522523,0.753389161040165,0.12298063225368,"Not structured"
"CHD3",0.8083,0.0016604863676705,0.0179484897677501,0.21,0.127,"P2N_Spatial","TLS","Rest","wilcox","Spatial",0.25,0.05,0.05,157,3499,TRUE,FALSE,2,10366,0.0443311242418491,2.39463396330085e-06,5.62076086215241,"Weakly structured"
"CAVIN1",0.8077,4.62504847388621e-09,2.01442237312204e-07,0.548,0.358,"P2N_Spatial","TLS","Rest","wilcox","Spatial",0.25,0.05,0.05,157,3499,TRUE,FALSE,2,10366,0.165505809701459,2.71565959618781e-68,67.5661246691347,"Weakly structured"
"RETSAT",-0.8074,6.5851521779704e-07,2.09172912012335e-05,0.236,0.464,"P2N_Spatial","TLS","Rest","wilcox","Spatial",0.25,0.05,0.05,157,3499,TRUE,FALSE,2,10366,0.0327804128715026,0.000415345388979587,3.38159060655865,"Weakly structured"
"ARHGDIB",0.8045,3.66434134386092e-05,0.000759691247409246,0.433,0.316,"P2N_Spatial","TLS","Rest","wilcox","Spatial",0.25,0.05,0.05,157,3499,TRUE,FALSE,2,10366,0.0483563625151185,2.92930233979663e-07,6.53323580150755,"Weakly structured"
"TTC39C",-0.8033,0.00068258793389011,0.00880063000336429,0.146,0.281,"P2N_Spatial","TLS","Rest","wilcox","Spatial",0.25,0.05,0.05,157,3499,TRUE,FALSE,2,10366,0.01404591653569,0.08163415018188,1.0881281239309,"Not structured"
"GGH",-0.8029,5.50791813590739e-07,1.7842212311505e-05,0.312,0.538,"P2N_Spatial","TLS","Rest","wilcox","Spatial",0.25,0.05,0.05,157,3499,TRUE,FALSE,2,10366,0.0665034638618584,2.21399389322274e-12,11.654823581354,"Weakly structured"
"SH3GL1",0.8028,0.000586997861209067,0.00780105106319639,0.293,0.195,"P2N_Spatial","TLS","Rest","wilcox","Spatial",0.25,0.05,0.05,157,3499,TRUE,FALSE,2,10366,0.00382755482757398,0.363534925662946,0.439453859099147,"Not structured"
"NR2F1",0.8019,0.000740609853723225,0.00940290006289637,0.274,0.177,"P2N_Spatial","TLS","Rest","wilcox","Spatial",0.25,0.05,0.05,157,3499,TRUE,FALSE,2,10366,0.0328559753744878,0.000399791269032689,3.39816669459091,"Weakly structured"
"QSOX1",0.8014,4.00680963043038e-10,2.08716525774077e-08,0.713,0.578,"P2N_Spatial","TLS","Rest","wilcox","Spatial",0.25,0.05,0.05,157,3499,TRUE,FALSE,2,10366,0.0886977062423986,9.09943845951369e-21,20.0409854078393,"Weakly structured"
"LINC00261",-0.8008,0.000164508887188359,0.0027241200073395,0.248,0.413,"P2N_Spatial","TLS","Rest","wilcox","Spatial",0.25,0.05,0.05,157,3499,TRUE,FALSE,2,10366,0.0268277127088407,0.00324534872838197,2.48873862931827,"Weakly structured"
"C1QTNF1",0.8006,6.04345351319827e-06,0.000150955274982683,0.522,0.392,"P2N_Spatial","TLS","Rest","wilcox","Spatial",0.25,0.05,0.05,157,3499,TRUE,FALSE,2,10366,0.0685456814332491,4.68693945278683e-13,12.3291106567828,"Weakly structured"
"HP",-0.7965,4.20278500078214e-33,3.24409406424707e-30,1,1,"P2N_Spatial","TLS","Rest","wilcox","Spatial",0.25,0.05,0.05,157,3499,TRUE,FALSE,2,10366,0.719592746683156,0,1260.7394851639,"Spatially structured"
"TIMP3",0.7948,8.03349214169785e-07,2.478427962525e-05,0.669,0.542,"P2N_Spatial","TLS","Rest","wilcox","Spatial",0.25,0.05,0.05,157,3499,TRUE,FALSE,2,10366,0.142739872154475,3.28663092927278e-51,50.4832490620819,"Weakly structured"
"NR0B2",-0.7948,1.58507738440529e-06,4.50740952023111e-05,0.318,0.527,"P2N_Spatial","TLS","Rest","wilcox","Spatial",0.25,0.05,0.05,157,3499,TRUE,FALSE,2,10366,0.053212617666193,1.78647640461564e-08,7.74800271548891,"Weakly structured"
"MARVELD1",0.7921,0.00470712212111895,0.0395922326372029,0.223,0.148,"P2N_Spatial","TLS","Rest","wilcox","Spatial",0.25,0.05,0.05,157,3499,TRUE,FALSE,2,10366,0.0226345916917304,0.0112349361117901,1.94942939288223,"Weakly structured"
"GJA4",0.791,0.00394522105175195,0.0346147918866436,0.261,0.181,"P2N_Spatial","TLS","Rest","wilcox","Spatial",0.25,0.05,0.05,157,3499,TRUE,FALSE,2,10366,0.030413645103717,0.00096134339910264,3.01712145135759,"Weakly structured"
"AR",-0.7901,0.000118221638982716,0.00206658601972148,0.172,0.339,"P2N_Spatial","TLS","Rest","wilcox","Spatial",0.25,0.05,0.05,157,3499,TRUE,FALSE,2,10366,0.0188231371268534,0.0292560632296762,1.53378411404991,"Weakly structured"
"CRHBP",-0.79,1.14801955394415e-06,3.3522170975169e-05,0.369,0.577,"P2N_Spatial","TLS","Rest","wilcox","Spatial",0.25,0.05,0.05,157,3499,TRUE,FALSE,2,10366,0.031317829674163,0.000704164710397991,3.15232574362745,"Weakly structured"
"PCCB",-0.79,0.000757663446251216,0.00958966945523822,0.166,0.3,"P2N_Spatial","TLS","Rest","wilcox","Spatial",0.25,0.05,0.05,157,3499,TRUE,FALSE,2,10366,0.0122435926805489,0.113349487842635,0.945580437845538,"Not structured"
"TNXB",0.7868,8.07463244947129e-07,2.48372818905696e-05,0.58,0.449,"P2N_Spatial","TLS","Rest","wilcox","Spatial",0.25,0.05,0.05,157,3499,TRUE,FALSE,2,10366,0.0964871867560894,2.74445169147117e-24,23.5615444093758,"Weakly structured"
"PRPSAP1",-0.784,0.00242652363510265,0.0238313860656784,0.115,0.223,"P2N_Spatial","TLS","Rest","wilcox","Spatial",0.25,0.05,0.05,157,3499,TRUE,FALSE,2,10366,0.0296246086890986,0.0012628031258513,2.89866435175742,"Weakly structured"
"FEM1C",-0.7838,0.0039917361046051,0.034760879092722,0.057,0.139,"P2N_Spatial","TLS","Rest","wilcox","Spatial",0.25,0.05,0.05,157,3499,TRUE,FALSE,2,10366,-0.0012364119737372,0.564444947352997,0.248378410208002,"Not structured"
"CAMSAP3",-0.7835,0.00245909340205051,0.0240726255320832,0.064,0.157,"P2N_Spatial","TLS","Rest","wilcox","Spatial",0.25,0.05,0.05,157,3499,TRUE,FALSE,2,10366,0.00384150536214242,0.363190616927168,0.439865380055669,"Not structured"
"EFEMP1",0.7816,1.94560280913904e-05,0.000432792247200329,0.408,0.273,"P2N_Spatial","TLS","Rest","wilcox","Spatial",0.25,0.05,0.05,157,3499,TRUE,FALSE,2,10366,0.179566846781406,3.90870703295463e-80,79.4079668797697,"Weakly structured"
"MAPK3",0.7807,0.00190736040929395,0.0199916056650567,0.223,0.138,"P2N_Spatial","TLS","Rest","wilcox","Spatial",0.25,0.05,0.05,157,3499,TRUE,FALSE,2,10366,0.0111432199440529,0.135714621909167,0.867373358881402,"Not structured"
"MFGE8",0.7791,0.000388303518121608,0.00556729497766056,0.325,0.218,"P2N_Spatial","TLS","Rest","wilcox","Spatial",0.25,0.05,0.05,157,3499,TRUE,FALSE,2,10366,0.0793548308757539,5.78986312770936e-17,16.2373317028672,"Weakly structured"
"SEPTIN7",0.7784,0.000292483852574998,0.00444113354095122,0.465,0.369,"P2N_Spatial","TLS","Rest","wilcox","Spatial",0.25,0.05,0.05,157,3499,TRUE,FALSE,2,10366,0.0178551319156216,0.0367520829102568,1.43471804240845,"Weakly structured"
"CFL1",0.778,2.95600807006716e-15,3.12673261778737e-13,0.892,0.799,"P2N_Spatial","TLS","Rest","wilcox","Spatial",0.25,0.05,0.05,157,3499,TRUE,FALSE,2,10366,0.0494116981182862,1.63793327825862e-07,6.78570379334134,"Weakly structured"
"EVA1A",-0.7764,0.00117414254699726,0.0136908454917588,0.153,0.282,"P2N_Spatial","TLS","Rest","wilcox","Spatial",0.25,0.05,0.05,157,3499,TRUE,FALSE,2,10366,0.0407628845807533,1.38241492356662e-05,4.85936158650606,"Weakly structured"
"PCMT1",-0.7743,0.0040914968227913,0.0355213199874829,0.134,0.239,"P2N_Spatial","TLS","Rest","wilcox","Spatial",0.25,0.05,0.05,157,3499,TRUE,FALSE,2,10366,0.00556153270209027,0.300278097034501,0.522476345070318,"Not structured"
"CGNL1",-0.774,7.34599764699296e-07,2.28674509335523e-05,0.166,0.387,"P2N_Spatial","TLS","Rest","wilcox","Spatial",0.25,0.05,0.05,157,3499,TRUE,FALSE,2,10366,0.0386949512770356,3.54214547017839e-05,4.45073360700861,"Weakly structured"
"OTC",-0.7731,0.000105934643193061,0.00187073000228156,0.217,0.379,"P2N_Spatial","TLS","Rest","wilcox","Spatial",0.25,0.05,0.05,157,3499,TRUE,FALSE,2,10366,0.044379000124764,2.39463396330085e-06,5.62076086215241,"Weakly structured"
"MPC1",-0.7728,2.76906820270602e-06,7.5039413088514e-05,0.389,0.578,"P2N_Spatial","TLS","Rest","wilcox","Spatial",0.25,0.05,0.05,157,3499,TRUE,FALSE,2,10366,0.0374259953186212,6.22813801548653e-05,4.20564177203518,"Weakly structured"
"HNRNPUL2",0.7704,0.00526031948942799,0.0431396137875084,0.331,0.251,"P2N_Spatial","TLS","Rest","wilcox","Spatial",0.25,0.05,0.05,157,3499,TRUE,FALSE,2,10366,0.00551019223310607,0.301967974316913,0.520039114377173,"Not structured"
"PRKCH",0.7653,0.00330079154322465,0.0303064704491291,0.134,0.071,"P2N_Spatial","TLS","Rest","wilcox","Spatial",0.25,0.05,0.05,157,3499,TRUE,FALSE,2,10366,-0.00291110173533054,0.629391869268617,0.201078871773262,"Not structured"
"LDHB",0.7634,0.00178213182113722,0.0189862060204609,0.35,0.266,"P2N_Spatial","TLS","Rest","wilcox","Spatial",0.25,0.05,0.05,157,3499,TRUE,FALSE,2,10366,0.0344987838378936,0.000209301651209739,3.67922734543843,"Weakly structured"
"FOXA3",-0.7634,0.00621067818148819,0.0490927761801718,0.089,0.176,"P2N_Spatial","TLS","Rest","wilcox","Spatial",0.25,0.05,0.05,157,3499,TRUE,FALSE,2,10366,0.0197571670176979,0.0233820423821304,1.63111755662374,"Weakly structured"
"AIF1",0.7616,0.00106562505879367,0.0126968613327071,0.306,0.21,"P2N_Spatial","TLS","Rest","wilcox","Spatial",0.25,0.05,0.05,157,3499,TRUE,FALSE,2,10366,0.0422498130576636,6.78249040942266e-06,5.16861081166703,"Weakly structured"
"PDCD4",0.7587,0.000858332593347963,0.0106684360463369,0.369,0.272,"P2N_Spatial","TLS","Rest","wilcox","Spatial",0.25,0.05,0.05,157,3499,TRUE,FALSE,2,10366,0.0164509893007453,0.0502156572737268,1.29916084844523,"Not structured"
"ACOX2",-0.7546,0.000403351753419456,0.00575915189524253,0.172,0.319,"P2N_Spatial","TLS","Rest","wilcox","Spatial",0.25,0.05,0.05,157,3499,TRUE,FALSE,2,10366,0.00224110001189958,0.421715023868156,0.374980926690115,"Not structured"
"VAT1",0.7533,1.20224283826006e-05,0.00028453080505488,0.465,0.332,"P2N_Spatial","TLS","Rest","wilcox","Spatial",0.25,0.05,0.05,157,3499,TRUE,FALSE,2,10366,0.0266283615818022,0.00345541848334221,2.46149934800025,"Weakly structured"
"ADHFE1",-0.7512,0.000628760174958703,0.00822945451214889,0.146,0.285,"P2N_Spatial","TLS","Rest","wilcox","Spatial",0.25,0.05,0.05,157,3499,TRUE,FALSE,2,10366,0.00541534421264074,0.304643483274217,0.516208107571739,"Not structured"
"CPVL",0.751,1.81435723841042e-05,0.000405810396056766,0.51,0.388,"P2N_Spatial","TLS","Rest","wilcox","Spatial",0.25,0.05,0.05,157,3499,TRUE,FALSE,2,10366,0.0236068610320477,0.0085752870788769,2.06675133196331,"Weakly structured"
"CYP4F3",-0.7485,1.29066327414982e-10,7.07884417980793e-09,0.516,0.743,"P2N_Spatial","TLS","Rest","wilcox","Spatial",0.25,0.05,0.05,157,3499,TRUE,FALSE,2,10366,0.0852372043253646,2.64800922936282e-19,18.5770805055411,"Weakly structured"
"EVL",0.746,4.28543837192662e-07,1.41474057845195e-05,0.701,0.622,"P2N_Spatial","TLS","Rest","wilcox","Spatial",0.25,0.05,0.05,157,3499,TRUE,FALSE,2,10366,0.00143963231705213,0.454692558255638,0.342282153635137,"Not structured"
"EEF1G",0.7439,1.92653769034103e-15,2.08025934354949e-13,0.904,0.823,"P2N_Spatial","TLS","Rest","wilcox","Spatial",0.25,0.05,0.05,157,3499,TRUE,FALSE,2,10366,0.0760713030633287,1.03417821830743e-15,14.985404613507,"Weakly structured"
"LTBP4",0.7428,2.92632300592731e-05,0.000615299478284838,0.541,0.438,"P2N_Spatial","TLS","Rest","wilcox","Spatial",0.25,0.05,0.05,157,3499,TRUE,FALSE,2,10366,0.0823881267416163,3.78671115382663e-18,17.4217378211225,"Weakly structured"
"RPL13",0.7413,3.83614800501128e-39,5.68078717427814e-36,0.994,0.993,"P2N_Spatial","TLS","Rest","wilcox","Spatial",0.25,0.05,0.05,157,3499,TRUE,FALSE,2,10366,0.293532822015647,1.37608405632796e-211,210.861355036969,"Weakly structured"
"NTRK2",0.7376,0.00145095108165394,0.0162425042250807,0.134,0.067,"P2N_Spatial","TLS","Rest","wilcox","Spatial",0.25,0.05,0.05,157,3499,TRUE,FALSE,2,10366,0.0768856223042538,4.35612578961482e-16,15.3608995878357,"Weakly structured"
"IGFBP7",0.7368,2.83398497355284e-26,9.47648007608025e-24,0.994,0.969,"P2N_Spatial","TLS","Rest","wilcox","Spatial",0.25,0.05,0.05,157,3499,TRUE,FALSE,2,10366,0.327668827137355,4.69322004007459e-263,262.328529083557,"Spatially structured"
"DCAF6",-0.7341,0.000796909678623167,0.0100130493680094,0.236,0.383,"P2N_Spatial","TLS","Rest","wilcox","Spatial",0.25,0.05,0.05,157,3499,TRUE,FALSE,2,10366,0.0251882334432203,0.00536961100625093,2.27005717500022,"Weakly structured"
"AADAT",-0.7334,0.00469179664608823,0.0395086629028031,0.07,0.158,"P2N_Spatial","TLS","Rest","wilcox","Spatial",0.25,0.05,0.05,157,3499,TRUE,FALSE,2,10366,0.00390900727045903,0.360656310679657,0.442906464224299,"Not structured"
"SPARC",0.7325,1.40411811750126e-11,9.45135610780392e-10,0.885,0.813,"P2N_Spatial","TLS","Rest","wilcox","Spatial",0.25,0.05,0.05,157,3499,TRUE,FALSE,2,10366,0.0946860062222441,1.8967436149718e-23,22.7219913692316,"Weakly structured"
"FYB1",0.7322,0.00148353888361296,0.0165181139286057,0.268,0.173,"P2N_Spatial","TLS","Rest","wilcox","Spatial",0.25,0.05,0.05,157,3499,TRUE,FALSE,2,10366,0.054692427286122,7.04554867624458e-09,8.15208518029958,"Weakly structured"
"FBLN1",0.7309,4.73419942126788e-09,2.05333519668882e-07,0.707,0.579,"P2N_Spatial","TLS","Rest","wilcox","Spatial",0.25,0.05,0.05,157,3499,TRUE,FALSE,2,10366,0.368142377724208,0,330.821389277103,"Spatially structured"
"ABCG5",-0.7301,0.000966669320814369,0.0117749637832688,0.159,0.297,"P2N_Spatial","TLS","Rest","wilcox","Spatial",0.25,0.05,0.05,157,3499,TRUE,FALSE,2,10366,0.0177936053906782,0.0372053989836867,1.42939403380928,"Weakly structured"
"ARPC2",0.7271,0.000160380200233707,0.00266000184899618,0.427,0.316,"P2N_Spatial","TLS","Rest","wilcox","Spatial",0.25,0.05,0.05,157,3499,TRUE,FALSE,2,10366,0.0241391180137616,0.0073137304911659,2.13586104732803,"Weakly structured"
"CPT2",-0.7261,6.72243304146968e-08,2.53399057846817e-06,0.312,0.553,"P2N_Spatial","TLS","Rest","wilcox","Spatial",0.25,0.05,0.05,157,3499,TRUE,FALSE,2,10366,0.0391334833063915,2.91771136567923e-05,4.5349576728582,"Weakly structured"
"RPL28",0.7254,2.95661008035207e-28,1.33253130838824e-25,0.987,0.974,"P2N_Spatial","TLS","Rest","wilcox","Spatial",0.25,0.05,0.05,157,3499,TRUE,FALSE,2,10366,0.183457074412168,1.33953268083988e-83,82.8730466863594,"Weakly structured"
"CNN2",0.7253,5.74208394002897e-06,0.000143774014788262,0.535,0.402,"P2N_Spatial","TLS","Rest","wilcox","Spatial",0.25,0.05,0.05,157,3499,TRUE,FALSE,2,10366,0.0559314002603478,3.32281507540064e-09,8.47849382783589,"Weakly structured"
"TUBA1B",0.723,4.55471413575431e-05,0.000911470400216779,0.567,0.483,"P2N_Spatial","TLS","Rest","wilcox","Spatial",0.25,0.05,0.05,157,3499,TRUE,FALSE,2,10366,0.0202571021610204,0.0207497588255187,1.68298694672804,"Weakly structured"
"BPHL",-0.7224,0.00139462080799904,0.0157588594320263,0.191,0.326,"P2N_Spatial","TLS","Rest","wilcox","Spatial",0.25,0.05,0.05,157,3499,TRUE,FALSE,2,10366,0.0188380519306338,0.0291713546028515,1.53504340348422,"Weakly structured"
"BHLHE40",-0.7203,0.00148734088113513,0.016542677654342,0.191,0.321,"P2N_Spatial","TLS","Rest","wilcox","Spatial",0.25,0.05,0.05,157,3499,TRUE,FALSE,2,10366,0.0324702625890013,0.000462434973017941,3.33494932853573,"Weakly structured"
"AEBP1",0.7203,1.03450484028802e-18,1.60054883200382e-16,0.917,0.807,"P2N_Spatial","TLS","Rest","wilcox","Spatial",0.25,0.05,0.05,157,3499,TRUE,FALSE,2,10366,0.315192680582749,1.94215983907683e-243,242.711715030673,"Spatially structured"
"RCN3",0.7193,0.00245928134656339,0.0240726255320832,0.35,0.265,"P2N_Spatial","TLS","Rest","wilcox","Spatial",0.25,0.05,0.05,157,3499,TRUE,FALSE,2,10366,-0.000515017122762695,0.53749135157434,0.269628519307722,"Not structured"
"BCAS2",-0.7187,0.00461089292435029,0.0388589561413131,0.108,0.207,"P2N_Spatial","TLS","Rest","wilcox","Spatial",0.25,0.05,0.05,157,3499,TRUE,FALSE,2,10366,-0.000408473917732295,0.53319220836937,0.273116205632732,"Not structured"
"MFAP4",0.7174,1.31168260248967e-08,5.42059925748018e-07,0.682,0.536,"P2N_Spatial","TLS","Rest","wilcox","Spatial",0.25,0.05,0.05,157,3499,TRUE,FALSE,2,10366,0.20031148283353,2.83815232800454e-99,98.5469642989996,"Weakly structured"
"HPN",-0.7171,2.75474493139906e-08,1.08991167781995e-06,0.497,0.688,"P2N_Spatial","TLS","Rest","wilcox","Spatial",0.25,0.05,0.05,157,3499,TRUE,FALSE,2,10366,0.0638977424804325,1.51065560838892e-11,10.8208345326324,"Weakly structured"
"RBFOX2",-0.7156,0.00322815170834627,0.0298776969720691,0.14,0.255,"P2N_Spatial","TLS","Rest","wilcox","Spatial",0.25,0.05,0.05,157,3499,TRUE,FALSE,2,10366,-0.000855401892439672,0.55126497844883,0.258639597126284,"Not structured"
"ADAMTS1",0.7117,1.86939723332553e-06,5.23734370828444e-05,0.586,0.461,"P2N_Spatial","TLS","Rest","wilcox","Spatial",0.25,0.05,0.05,157,3499,TRUE,FALSE,2,10366,0.15150241123633,1.75953855719855e-57,56.7546012119234,"Weakly structured"
"MCRIP1",0.7114,0.00028300749687776,0.0043461566113109,0.471,0.381,"P2N_Spatial","TLS","Rest","wilcox","Spatial",0.25,0.05,0.05,157,3499,TRUE,FALSE,2,10366,0.0191963278192031,0.0268932307579921,1.57035702164855,"Weakly structured"
"IGHG2",0.711,0.000113407163116933,0.0019925061913053,0.369,0.252,"P2N_Spatial","TLS","Rest","wilcox","Spatial",0.25,0.05,0.05,157,3499,TRUE,FALSE,2,10366,0.115322069844968,4.91729808471855e-34,33.3082734641474,"Weakly structured"
"CRTAP",0.7103,2.24643303706605e-05,0.000487165792096792,0.529,0.419,"P2N_Spatial","TLS","Rest","wilcox","Spatial",0.25,0.05,0.05,157,3499,TRUE,FALSE,2,10366,0.0920694034344417,2.96681353903423e-22,21.5277097477557,"Weakly structured"
"EIF3H",0.7092,0.000165788731203677,0.00273983429881201,0.541,0.442,"P2N_Spatial","TLS","Rest","wilcox","Spatial",0.25,0.05,0.05,157,3499,TRUE,FALSE,2,10366,0.0287873053550488,0.00168724652348491,2.77282145803492,"Weakly structured"
"AIFM1",-0.7065,1.73174463510247e-05,0.00039194901501031,0.191,0.376,"P2N_Spatial","TLS","Rest","wilcox","Spatial",0.25,0.05,0.05,157,3499,TRUE,FALSE,2,10366,0.0415269951825452,9.73053058924185e-06,5.01186347774838,"Weakly structured"
"PZP",-0.7063,0.000533735061394201,0.00723228450511411,0.248,0.391,"P2N_Spatial","TLS","Rest","wilcox","Spatial",0.25,0.05,0.05,157,3499,TRUE,FALSE,2,10366,0.0814802802097837,8.7520482746195e-18,17.057890295519,"Weakly structured"
"GNG11",0.7051,7.65644079788822e-05,0.00141473556703938,0.478,0.382,"P2N_Spatial","TLS","Rest","wilcox","Spatial",0.25,0.05,0.05,157,3499,TRUE,FALSE,2,10366,0.0069875836609532,0.250604750612711,0.601010700519321,"Not structured"
"CENPB",0.704,0.00113862021313777,0.0133366521236001,0.338,0.247,"P2N_Spatial","TLS","Rest","wilcox","Spatial",0.25,0.05,0.05,157,3499,TRUE,FALSE,2,10366,0.0153029167575447,0.0635837939443551,1.19665356198369,"Not structured"
"STUB1",0.7037,0.00109035408181159,0.0128878111882087,0.401,0.313,"P2N_Spatial","TLS","Rest","wilcox","Spatial",0.25,0.05,0.05,157,3499,TRUE,FALSE,2,10366,0.0179457652854144,0.0360545288609641,1.44304017516672,"Weakly structured"
"TSC22D3",0.703,6.98730385413052e-11,4.13887952868097e-09,0.822,0.736,"P2N_Spatial","TLS","Rest","wilcox","Spatial",0.25,0.05,0.05,157,3499,TRUE,FALSE,2,10366,0.0983527261757795,3.62791751247149e-25,24.4403425960016,"Weakly structured"
"SELENOM",0.7025,1.60797755061579e-06,4.54176983370116e-05,0.529,0.384,"P2N_Spatial","TLS","Rest","wilcox","Spatial",0.25,0.05,0.05,157,3499,TRUE,FALSE,2,10366,0.104125641040753,5.26284182264668e-28,27.2787796827253,"Weakly structured"
"SLC40A1",0.7018,4.3058384200825e-07,1.41696257341508e-05,0.656,0.54,"P2N_Spatial","TLS","Rest","wilcox","Spatial",0.25,0.05,0.05,157,3499,TRUE,FALSE,2,10366,0.0175263583366275,0.0395774634426172,1.40255204358529,"Weakly structured"
"HP1BP3",0.7011,0.00180887512890799,0.0191725967139675,0.414,0.329,"P2N_Spatial","TLS","Rest","wilcox","Spatial",0.25,0.05,0.05,157,3499,TRUE,FALSE,2,10366,0.0182177453227965,0.0338599909668807,1.47031316208752,"Weakly structured"
"EPB41L5",-0.7011,0.00380970541018354,0.0337245143313088,0.115,0.222,"P2N_Spatial","TLS","Rest","wilcox","Spatial",0.25,0.05,0.05,157,3499,TRUE,FALSE,2,10366,-0.00109987317023735,0.559796468588487,0.251969845557907,"Not structured"
"GRK2",0.7011,0.00151273492985256,0.0167523158465321,0.401,0.308,"P2N_Spatial","TLS","Rest","wilcox","Spatial",0.25,0.05,0.05,157,3499,TRUE,FALSE,2,10366,0.00548873926459458,0.302575173610636,0.519166708851583,"Not structured"
"PAIP1",-0.7008,0.00141061843546411,0.0158767325754842,0.14,0.259,"P2N_Spatial","TLS","Rest","wilcox","Spatial",0.25,0.05,0.05,157,3499,TRUE,FALSE,2,10366,0.00980656242541782,0.168110087479451,0.774406225851311,"Not structured"
"COL6A1",0.6996,4.17026630418168e-09,1.84739232945074e-07,0.796,0.686,"P2N_Spatial","TLS","Rest","wilcox","Spatial",0.25,0.05,0.05,157,3499,TRUE,FALSE,2,10366,0.0919556314687255,3.36489558348568e-22,21.4730284078797,"Weakly structured"
"PRSS23",0.6993,0.00152331992247729,0.016815935525432,0.325,0.234,"P2N_Spatial","TLS","Rest","wilcox","Spatial",0.25,0.05,0.05,157,3499,TRUE,FALSE,2,10366,0.0769152517410388,4.88055681520645e-16,15.3115306271824,"Weakly structured"
"COX20",-0.6981,0.00489830025989116,0.0408493809284246,0.121,0.222,"P2N_Spatial","TLS","Rest","wilcox","Spatial",0.25,0.05,0.05,157,3499,TRUE,FALSE,2,10366,0.00803472241689307,0.217877064945768,0.66178848380483,"Not structured"
"TPCN1",0.697,0.00272436863677905,0.0261488937859738,0.318,0.226,"P2N_Spatial","TLS","Rest","wilcox","Spatial",0.25,0.05,0.05,157,3499,TRUE,FALSE,2,10366,0.0150313720322496,0.0671650304014426,1.17285678433604,"Not structured"
"COQ9",-0.6963,0.000833770057666784,0.0104130848406914,0.089,0.208,"P2N_Spatial","TLS","Rest","wilcox","Spatial",0.25,0.05,0.05,157,3499,TRUE,FALSE,2,10366,-0.00932395167435239,0.83700220139038,0.0772733997720477,"Not structured"
"ACAT2",-0.6921,0.000387868549013398,0.00556729497766056,0.121,0.26,"P2N_Spatial","TLS","Rest","wilcox","Spatial",0.25,0.05,0.05,157,3499,TRUE,FALSE,2,10366,0.02662148614832,0.00345541848334221,2.46149934800025,"Weakly structured"
"TUBA1A",0.6903,4.77816389202516e-06,0.000121996174642199,0.516,0.37,"P2N_Spatial","TLS","Rest","wilcox","Spatial",0.25,0.05,0.05,157,3499,TRUE,FALSE,2,10366,0.0717233345615314,3.78828844273758e-14,13.4215569609465,"Weakly structured"
"NMD3",-0.6885,0.00124187077280336,0.0143195021478083,0.21,0.347,"P2N_Spatial","TLS","Rest","wilcox","Spatial",0.25,0.05,0.05,157,3499,TRUE,FALSE,2,10366,0.0213551622470219,0.0157029190405903,1.80401960839433,"Weakly structured"
"KLF2",0.6875,5.65034115740338e-05,0.00109684337898209,0.554,0.454,"P2N_Spatial","TLS","Rest","wilcox","Spatial",0.25,0.05,0.05,157,3499,TRUE,FALSE,2,10366,0.124943999540025,1.26463541696809e-39,38.8980346596425,"Weakly structured"
"LHFPL6",0.6859,1.55288938981995e-05,0.000356133880860036,0.382,0.242,"P2N_Spatial","TLS","Rest","wilcox","Spatial",0.25,0.05,0.05,157,3499,TRUE,FALSE,2,10366,0.167799802762193,3.41155299328379e-70,69.4670478782278,"Weakly structured"
"SF3A2",0.6856,0.000596899450888651,0.0078921679947854,0.338,0.233,"P2N_Spatial","TLS","Rest","wilcox","Spatial",0.25,0.05,0.05,157,3499,TRUE,FALSE,2,10366,0.010304956862723,0.15505226465498,0.809521886182679,"Not structured"
"COL14A1",0.685,0.000284871026955555,0.00436830335121492,0.433,0.319,"P2N_Spatial","TLS","Rest","wilcox","Spatial",0.25,0.05,0.05,157,3499,TRUE,FALSE,2,10366,0.161830036616644,2.24839086670252e-65,64.6481281875442,"Weakly structured"
"VEGFB",0.6841,0.00204806088079575,0.0211035776245812,0.42,0.334,"P2N_Spatial","TLS","Rest","wilcox","Spatial",0.25,0.05,0.05,157,3499,TRUE,FALSE,2,10366,0.050373906617565,9.39638529167299e-08,7.02703918361252,"Weakly structured"
"DDX6",0.6838,0.000362975116534871,0.00527713893127695,0.484,0.395,"P2N_Spatial","TLS","Rest","wilcox","Spatial",0.25,0.05,0.05,157,3499,TRUE,FALSE,2,10366,0.0143916737092531,0.0762332419809916,1.11785561053935,"Not structured"
"SH3BGRL3",0.6826,2.35680095941147e-07,8.11647798845825e-06,0.669,0.544,"P2N_Spatial","TLS","Rest","wilcox","Spatial",0.25,0.05,0.05,157,3499,TRUE,FALSE,2,10366,0.0690202530298239,3.28378134255638e-13,12.4836257689956,"Weakly structured"
"CYBRD1",0.681,0.000432557622959643,0.00605931394540494,0.376,0.266,"P2N_Spatial","TLS","Rest","wilcox","Spatial",0.25,0.05,0.05,157,3499,TRUE,FALSE,2,10366,0.102735509318451,2.56221091134391e-27,26.5913851236691,"Weakly structured"
"CLEC11A",0.6802,0.00471167467258507,0.0395922326372029,0.299,0.219,"P2N_Spatial","TLS","Rest","wilcox","Spatial",0.25,0.05,0.05,157,3499,TRUE,FALSE,2,10366,0.0356334305918838,0.000132192714112886,3.87879248061261,"Weakly structured"
"CALU",0.6801,0.00225992013135801,0.0226209924320958,0.446,0.379,"P2N_Spatial","TLS","Rest","wilcox","Spatial",0.25,0.05,0.05,157,3499,TRUE,FALSE,2,10366,0.0118470833938833,0.121220240572907,0.916424858427127,"Not structured"
"ACSS3",-0.6791,0.00379272613293779,0.0336029052085753,0.159,0.27,"P2N_Spatial","TLS","Rest","wilcox","Spatial",0.25,0.05,0.05,157,3499,TRUE,FALSE,2,10366,0.0147448797642079,0.0713910145411692,1.14635644621761,"Not structured"
"ACY1",-0.6779,6.57839825434309e-05,0.00124123316768552,0.287,0.469,"P2N_Spatial","TLS","Rest","wilcox","Spatial",0.25,0.05,0.05,157,3499,TRUE,FALSE,2,10366,0.0405551659078656,1.52380424956014e-05,4.81707081960803,"Weakly structured"
"ALDH7A1",-0.6756,0.000264701962235074,0.00412616622635906,0.21,0.369,"P2N_Spatial","TLS","Rest","wilcox","Spatial",0.25,0.05,0.05,157,3499,TRUE,FALSE,2,10366,0.0248224605278048,0.00597643062438163,2.22355811750877,"Weakly structured"
"MGST2",-0.675,6.00571718878305e-05,0.00115501418142718,0.21,0.389,"P2N_Spatial","TLS","Rest","wilcox","Spatial",0.25,0.05,0.05,157,3499,TRUE,FALSE,2,10366,0.0253532549822444,0.0051239847333731,2.29039217288162,"Weakly structured"
"COL4A1",0.6731,0.000122458907087854,0.00212631328454387,0.497,0.395,"P2N_Spatial","TLS","Rest","wilcox","Spatial",0.25,0.05,0.05,157,3499,TRUE,FALSE,2,10366,0.0683127623177535,5.55455863310754e-13,12.2553504445217,"Weakly structured"
"FAM107B",-0.673,0.00214557665397741,0.0217835921597746,0.159,0.286,"P2N_Spatial","TLS","Rest","wilcox","Spatial",0.25,0.05,0.05,157,3499,TRUE,FALSE,2,10366,0.0212575966065694,0.0161044063582927,1.79305527954156,"Weakly structured"
"PTS",-0.6728,0.0058199549334438,0.0468397925777007,0.172,0.281,"P2N_Spatial","TLS","Rest","wilcox","Spatial",0.25,0.05,0.05,157,3499,TRUE,FALSE,2,10366,0.0206767111470151,0.0186823861761605,1.72856765503545,"Weakly structured"
"INSR",-0.6706,0.000115086929836962,0.00201859748678502,0.299,0.469,"P2N_Spatial","TLS","Rest","wilcox","Spatial",0.25,0.05,0.05,157,3499,TRUE,FALSE,2,10366,0.0164102073296687,0.0506915064754616,1.29506480200488,"Not structured"
"PON1",-0.6696,5.4605383288014e-11,3.34934558084943e-09,0.707,0.841,"P2N_Spatial","TLS","Rest","wilcox","Spatial",0.25,0.05,0.05,157,3499,TRUE,FALSE,2,10366,0.131900835403924,5.73294332037994e-44,43.2416223519228,"Weakly structured"
"ANXA1",0.6696,2.77253474945986e-06,7.5039413088514e-05,0.58,0.438,"P2N_Spatial","TLS","Rest","wilcox","Spatial",0.25,0.05,0.05,157,3499,TRUE,FALSE,2,10366,0.123723896786612,6.96405453519517e-39,38.157137836601,"Weakly structured"
"RBM3",0.6651,0.00174741333339157,0.0187512283788168,0.516,0.465,"P2N_Spatial","TLS","Rest","wilcox","Spatial",0.25,0.05,0.05,157,3499,TRUE,FALSE,2,10366,-0.00590618439099856,0.737744364695487,0.132094099199743,"Not structured"
"AK4",-0.6647,0.000373098796161341,0.00537158627917842,0.21,0.366,"P2N_Spatial","TLS","Rest","wilcox","Spatial",0.25,0.05,0.05,157,3499,TRUE,FALSE,2,10366,0.0297109806746604,0.00123338830730158,2.9089001730643,"Weakly structured"
"RPSA",0.6634,3.13250430317908e-12,2.25496802824683e-10,0.854,0.826,"P2N_Spatial","TLS","Rest","wilcox","Spatial",0.25,0.05,0.05,157,3499,TRUE,FALSE,2,10366,0.0801223768394266,3.02626112220399e-17,16.5190936014154,"Weakly structured"
"NFIL3",-0.6625,0.000452717409192599,0.00629915256871206,0.146,0.294,"P2N_Spatial","TLS","Rest","wilcox","Spatial",0.25,0.05,0.05,157,3499,TRUE,FALSE,2,10366,0.0169615514015602,0.0448739166646244,1.3480060229207,"Weakly structured"
"COPS9",0.6621,0.00117677246432824,0.0137060936687939,0.401,0.314,"P2N_Spatial","TLS","Rest","wilcox","Spatial",0.25,0.05,0.05,157,3499,TRUE,FALSE,2,10366,0.0158473976373256,0.0571418318896879,1.24304584083759,"Not structured"
"ARPC4",0.6617,1.00337612679296e-05,0.000241555375205534,0.599,0.506,"P2N_Spatial","TLS","Rest","wilcox","Spatial",0.25,0.05,0.05,157,3499,TRUE,FALSE,2,10366,0.0262139190448481,0.00393856111975291,2.40466241063253,"Weakly structured"
"PHKA2",-0.6613,0.000338515956741334,0.00497738497529173,0.159,0.314,"P2N_Spatial","TLS","Rest","wilcox","Spatial",0.25,0.05,0.05,157,3499,TRUE,FALSE,2,10366,0.00369828345588094,0.368423735367924,0.433652398542338,"Not structured"
"ACO1",-0.661,0.000101586639739151,0.00180625575906697,0.268,0.45,"P2N_Spatial","TLS","Rest","wilcox","Spatial",0.25,0.05,0.05,157,3499,TRUE,FALSE,2,10366,0.0353769430553917,0.000148050030693756,3.82959149823667,"Weakly structured"
"CCDC85B",0.6607,0.00531996597838294,0.0435591696291546,0.471,0.408,"P2N_Spatial","TLS","Rest","wilcox","Spatial",0.25,0.05,0.05,157,3499,TRUE,FALSE,2,10366,0.0355272165238305,0.000139005288776127,3.85696867569848,"Weakly structured"
"NEK6",-0.6596,0.00204128420764305,0.0210741041487308,0.159,0.284,"P2N_Spatial","TLS","Rest","wilcox","Spatial",0.25,0.05,0.05,157,3499,TRUE,FALSE,2,10366,0.0275657857597286,0.00254227063105355,2.59477821958961,"Weakly structured"
"H2AFY",0.659,0.00599328670610504,0.0477569795163058,0.389,0.307,"P2N_Spatial","TLS","Rest","wilcox","Spatial",0.25,0.05,0.05,157,3499,TRUE,FALSE,2,10366,0.000434260345160789,0.497326948530558,0.303358007124057,"Not structured"
"RPL18A",0.6577,3.70606366173559e-23,9.60426397938778e-21,0.987,0.962,"P2N_Spatial","TLS","Rest","wilcox","Spatial",0.25,0.05,0.05,157,3499,TRUE,FALSE,2,10366,0.195128998341959,2.40689484537503e-94,93.6185428831653,"Weakly structured"
"PPARGC1A",-0.6563,0.00282205987783323,0.0269015337233541,0.134,0.246,"P2N_Spatial","TLS","Rest","wilcox","Spatial",0.25,0.05,0.05,157,3499,TRUE,FALSE,2,10366,0.0284144419522205,0.00190986451343459,2.71899744068671,"Weakly structured"
"SLC25A6",0.6562,0.000566210963346274,0.00755251355057139,0.567,0.521,"P2N_Spatial","TLS","Rest","wilcox","Spatial",0.25,0.05,0.05,157,3499,TRUE,FALSE,2,10366,0.0688042587598419,3.86186857540059e-13,12.4132025099325,"Weakly structured"
"RPS6",0.6548,6.22018693783745e-18,8.95534136078097e-16,0.968,0.932,"P2N_Spatial","TLS","Rest","wilcox","Spatial",0.25,0.05,0.05,157,3499,TRUE,FALSE,2,10366,0.11586110012999,2.64778798445846e-34,33.5771167929733,"Weakly structured"
"MRPS35",-0.6544,0.00399307890041909,0.034760879092722,0.146,0.258,"P2N_Spatial","TLS","Rest","wilcox","Spatial",0.25,0.05,0.05,157,3499,TRUE,FALSE,2,10366,0.0130616503034943,0.0981114219561315,1.00828042989056,"Not structured"
"RPL36",0.6534,1.78300474365295e-23,4.86384925597539e-21,0.955,0.95,"P2N_Spatial","TLS","Rest","wilcox","Spatial",0.25,0.05,0.05,157,3499,TRUE,FALSE,2,10366,0.128169267492355,1.26666059106846e-41,40.8973397412121,"Weakly structured"
"RPLP2",0.653,2.00774631097856e-15,2.14559775872203e-13,0.904,0.907,"P2N_Spatial","TLS","Rest","wilcox","Spatial",0.25,0.05,0.05,157,3499,TRUE,FALSE,2,10366,0.127373463449677,4.05340712854968e-41,40.392179773065,"Weakly structured"
"IQGAP2",-0.6526,0.0018628323133707,0.019609548712512,0.223,0.357,"P2N_Spatial","TLS","Rest","wilcox","Spatial",0.25,0.05,0.05,157,3499,TRUE,FALSE,2,10366,0.0403226894116491,1.68333559758536e-05,4.77382929243179,"Weakly structured"
"MT-ATP8",-0.6522,0.00192559619668366,0.0201420082490644,0.178,0.308,"P2N_Spatial","TLS","Rest","wilcox","Spatial",0.25,0.05,0.05,157,3499,TRUE,FALSE,2,10366,0.0292144546979479,0.00146222285266562,2.8349864329135,"Weakly structured"
"CCNI",0.6518,3.82738924422379e-05,0.000790333006088123,0.631,0.558,"P2N_Spatial","TLS","Rest","wilcox","Spatial",0.25,0.05,0.05,157,3499,TRUE,FALSE,2,10366,0.0542845913516579,9.27739786476603e-09,8.03257381811771,"Weakly structured"
"WEE1",-0.6509,0.00412908440157534,0.0357313964051799,0.051,0.134,"P2N_Spatial","TLS","Rest","wilcox","Spatial",0.25,0.05,0.05,157,3499,TRUE,FALSE,2,10366,-0.0016895658998747,0.58097147748131,0.235845188567575,"Not structured"
"SLC25A47",-0.6502,8.49480949280956e-08,3.13370801432256e-06,0.599,0.763,"P2N_Spatial","TLS","Rest","wilcox","Spatial",0.25,0.05,0.05,157,3499,TRUE,FALSE,2,10366,0.0818525604445876,6.26345855438411e-18,17.2031857919793,"Weakly structured"
"NR2F2",0.6502,0.00366194961872024,0.0326395268681461,0.427,0.364,"P2N_Spatial","TLS","Rest","wilcox","Spatial",0.25,0.05,0.05,157,3499,TRUE,FALSE,2,10366,0.0681987301034953,6.02008313484881e-13,12.2203975112743,"Weakly structured"
"MRPL16",-0.6496,0.00601598057165962,0.0478600572569637,0.089,0.178,"P2N_Spatial","TLS","Rest","wilcox","Spatial",0.25,0.05,0.05,157,3499,TRUE,FALSE,2,10366,0.0109081522724626,0.1415543273637,0.84907684956663,"Not structured"
"AUTS2",-0.6482,0.00156685715611056,0.0171316003371249,0.064,0.162,"P2N_Spatial","TLS","Rest","wilcox","Spatial",0.25,0.05,0.05,157,3499,TRUE,FALSE,2,10366,0.00659286753904743,0.26375055730838,0.578806614023356,"Not structured"
"VWF",0.6468,1.8039830438943e-05,0.000404763814567279,0.503,0.362,"P2N_Spatial","TLS","Rest","wilcox","Spatial",0.25,0.05,0.05,157,3499,TRUE,FALSE,2,10366,0.134754785911466,7.71197801793236e-46,45.1128342170078,"Weakly structured"
"CYP1A2",-0.6465,0.00120097824432012,0.0139098776319803,0.35,0.489,"P2N_Spatial","TLS","Rest","wilcox","Spatial",0.25,0.05,0.05,157,3499,TRUE,FALSE,2,10366,0.207856108755153,9.04746109257465e-107,106.043473275842,"Weakly structured"
"PPP2R1B",-0.6461,0.000118990579190397,0.0020765258314607,0.376,0.544,"P2N_Spatial","TLS","Rest","wilcox","Spatial",0.25,0.05,0.05,157,3499,TRUE,FALSE,2,10366,0.0558050663331602,3.61329778619262e-09,8.44209624502735,"Weakly structured"
"NECTIN2",-0.6458,0.000920108473650964,0.0113007635519738,0.299,0.446,"P2N_Spatial","TLS","Rest","wilcox","Spatial",0.25,0.05,0.05,157,3499,TRUE,FALSE,2,10366,0.0351521542862693,0.000161908649564834,3.79072994952991,"Weakly structured"
"COX7A1",0.6456,0.00423411780508417,0.0363937522118595,0.223,0.143,"P2N_Spatial","TLS","Rest","wilcox","Spatial",0.25,0.05,0.05,157,3499,TRUE,FALSE,2,10366,0.0969102670898068,1.56458949689026e-24,23.8055995895047,"Weakly structured"
"RTL8C",0.6453,0.00212720158761659,0.0217224358958827,0.338,0.25,"P2N_Spatial","TLS","Rest","wilcox","Spatial",0.25,0.05,0.05,157,3499,TRUE,FALSE,2,10366,0.0220352815206636,0.0130948311621121,1.88290009676802,"Weakly structured"
"ADH1A",-0.6446,8.28301874954031e-11,4.79674705909133e-09,0.726,0.847,"P2N_Spatial","TLS","Rest","wilcox","Spatial",0.25,0.05,0.05,157,3499,TRUE,FALSE,2,10366,0.199367760638786,2.3047388747911e-98,97.6373782727305,"Weakly structured"
"EEF1B2",0.6421,2.83964686858946e-05,0.000600730192648947,0.752,0.676,"P2N_Spatial","TLS","Rest","wilcox","Spatial",0.25,0.05,0.05,157,3499,TRUE,FALSE,2,10366,0.0307838525845464,0.000854040872206497,3.06852134459321,"Weakly structured"
"TNFRSF14",0.6419,0.000264122965589694,0.00412334135738368,0.573,0.496,"P2N_Spatial","TLS","Rest","wilcox","Spatial",0.25,0.05,0.05,157,3499,TRUE,FALSE,2,10366,0.0291922227391177,0.00147556785364481,2.83104081477401,"Weakly structured"
"PPP1R3B",-0.6417,8.22801337044728e-05,0.00150691849113174,0.268,0.456,"P2N_Spatial","TLS","Rest","wilcox","Spatial",0.25,0.05,0.05,157,3499,TRUE,FALSE,2,10366,0.0386770323213865,3.57181052647997e-05,4.44711158715379,"Weakly structured"
"TMSB4X",0.6411,1.17193766825249e-12,9.06589990231737e-11,0.943,0.903,"P2N_Spatial","TLS","Rest","wilcox","Spatial",0.25,0.05,0.05,157,3499,TRUE,FALSE,2,10366,0.200734671051313,1.042046584708e-99,98.9821128654613,"Weakly structured"
"ISCA1",-0.639,0.00150652922579413,0.0167202162254624,0.14,0.268,"P2N_Spatial","TLS","Rest","wilcox","Spatial",0.25,0.05,0.05,157,3499,TRUE,FALSE,2,10366,0.0079701509966071,0.219682857922038,0.65820383019974,"Not structured"
"MT-ND4L",-0.6359,1.64477923183397e-06,4.6330928035845e-05,0.459,0.667,"P2N_Spatial","TLS","Rest","wilcox","Spatial",0.25,0.05,0.05,157,3499,TRUE,FALSE,2,10366,0.0472068822688806,5.50867301438264e-07,6.25895300585574,"Weakly structured"
"DKK3",0.6351,0.00626732022626344,0.0493295683108936,0.312,0.234,"P2N_Spatial","TLS","Rest","wilcox","Spatial",0.25,0.05,0.05,157,3499,TRUE,FALSE,2,10366,0.0386563195662112,3.57336392504587e-05,4.44692275133444,"Weakly structured"
"RPL17",0.6348,3.26724330593988e-15,3.4210347585225e-13,0.955,0.878,"P2N_Spatial","TLS","Rest","wilcox","Spatial",0.25,0.05,0.05,157,3499,TRUE,FALSE,2,10366,0.100520671986155,3.25759660641219e-26,25.4871026961036,"Weakly structured"
"MXRA7",0.6342,0.000900182667948962,0.0111086827809035,0.42,0.321,"P2N_Spatial","TLS","Rest","wilcox","Spatial",0.25,0.05,0.05,157,3499,TRUE,FALSE,2,10366,0.10936099590516,9.64335328863647e-31,30.0157719223711,"Weakly structured"
"SEC16B",-0.6334,0.00263112772828204,0.0254899719919361,0.134,0.245,"P2N_Spatial","TLS","Rest","wilcox","Spatial",0.25,0.05,0.05,157,3499,TRUE,FALSE,2,10366,0.0174535338275137,0.0401121413261329,1.39672415324397,"Weakly structured"
"DCN",0.6323,2.71579487844226e-14,2.5362098837777e-12,0.93,0.906,"P2N_Spatial","TLS","Rest","wilcox","Spatial",0.25,0.05,0.05,157,3499,TRUE,FALSE,2,10366,0.192784373294239,4.18802119582402e-92,91.3779911289975,"Weakly structured"
"TGFB1",0.6317,0.00547341152113106,0.0445698223315354,0.382,0.313,"P2N_Spatial","TLS","Rest","wilcox","Spatial",0.25,0.05,0.05,157,3499,TRUE,FALSE,2,10366,0.0474468691782883,4.81532910356555e-07,6.31737402567793,"Weakly structured"
"GNAS",0.6311,4.70571116339237e-11,2.92092227064223e-09,0.93,0.868,"P2N_Spatial","TLS","Rest","wilcox","Spatial",0.25,0.05,0.05,157,3499,TRUE,FALSE,2,10366,0.0988828115405553,1.99505570009742e-25,24.7000449747104,"Weakly structured"
"LINC01018",-0.6304,0.00166579362652999,0.0179871007631353,0.064,0.162,"P2N_Spatial","TLS","Rest","wilcox","Spatial",0.25,0.05,0.05,157,3499,TRUE,FALSE,2,10366,0.003114357457379,0.388649821252413,0.410441527698899,"Not structured"
"FKBP1A",0.6289,0.00139862537887943,0.0157588594320263,0.49,0.437,"P2N_Spatial","TLS","Rest","wilcox","Spatial",0.25,0.05,0.05,157,3499,TRUE,FALSE,2,10366,0.0437996103574375,3.20973023043774e-06,5.49353146739438,"Weakly structured"
"RPL13A",0.6281,1.17623347382853e-20,2.4385672379413e-18,0.975,0.981,"P2N_Spatial","TLS","Rest","wilcox","Spatial",0.25,0.05,0.05,157,3499,TRUE,FALSE,2,10366,0.212079363939627,3.51857157176636e-111,110.453633610501,"Weakly structured"
"BNIP3",-0.6275,4.85913680147382e-06,0.0001234554217747,0.293,0.519,"P2N_Spatial","TLS","Rest","wilcox","Spatial",0.25,0.05,0.05,157,3499,TRUE,FALSE,2,10366,0.0532150872892496,1.78647640461564e-08,7.74800271548891,"Weakly structured"
"ENPP1",-0.6272,3.89858154432606e-05,0.000803433325814789,0.255,0.45,"P2N_Spatial","TLS","Rest","wilcox","Spatial",0.25,0.05,0.05,157,3499,TRUE,FALSE,2,10366,0.0222478485336674,0.0124108042734726,1.90620007343979,"Weakly structured"
"MCCC1",-0.6258,0.000757288299765372,0.00958966945523822,0.096,0.218,"P2N_Spatial","TLS","Rest","wilcox","Spatial",0.25,0.05,0.05,157,3499,TRUE,FALSE,2,10366,0.0160650184518985,0.0545021243301168,1.26358656989093,"Not structured"
"BGN",0.6257,3.74903567694007e-17,4.7393297350196e-15,0.955,0.929,"P2N_Spatial","TLS","Rest","wilcox","Spatial",0.25,0.05,0.05,157,3499,TRUE,FALSE,2,10366,0.146109495781839,1.35033532242009e-53,52.8695583718061,"Weakly structured"
"UGT2B10",-0.6256,1.74129301241133e-05,0.000393251489469626,0.446,0.613,"P2N_Spatial","TLS","Rest","wilcox","Spatial",0.25,0.05,0.05,157,3499,TRUE,FALSE,2,10366,0.0725720935444702,1.93030486929433e-14,13.7143740937923,"Weakly structured"
"ROCK1",0.6251,0.00428863837880479,0.0367405168881739,0.274,0.19,"P2N_Spatial","TLS","Rest","wilcox","Spatial",0.25,0.05,0.05,157,3499,TRUE,FALSE,2,10366,0.0132160662596147,0.0953856417919623,1.02051699384748,"Not structured"
"ADGRE5",0.624,0.000643463996747295,0.0083901230066446,0.433,0.338,"P2N_Spatial","TLS","Rest","wilcox","Spatial",0.25,0.05,0.05,157,3499,TRUE,FALSE,2,10366,0.0839307903467869,8.98948122512157e-19,18.0462653702877,"Weakly structured"
"F9",-0.6237,3.59226975152654e-12,2.56810125822925e-10,0.777,0.866,"P2N_Spatial","TLS","Rest","wilcox","Spatial",0.25,0.05,0.05,157,3499,TRUE,FALSE,2,10366,0.142916463643476,2.43571502713093e-51,50.6133735244892,"Weakly structured"
"ACSM2B",-0.6212,6.59845091916202e-07,2.09172912012335e-05,0.586,0.723,"P2N_Spatial","TLS","Rest","wilcox","Spatial",0.25,0.05,0.05,157,3499,TRUE,FALSE,2,10366,0.0738850395924678,6.55648525837871e-15,14.1833289109226,"Weakly structured"
"MARCKS",0.6211,0.00110601934719576,0.0130432270227886,0.497,0.415,"P2N_Spatial","TLS","Rest","wilcox","Spatial",0.25,0.05,0.05,157,3499,TRUE,FALSE,2,10366,0.0424530991240521,6.23496884920625e-06,5.2051657119772,"Weakly structured"
"ADAMTSL2",0.6206,0.00177168760272176,0.0189138143046486,0.503,0.449,"P2N_Spatial","TLS","Rest","wilcox","Spatial",0.25,0.05,0.05,157,3499,TRUE,FALSE,2,10366,0.056868497463394,1.82493388738811e-09,8.73875286428291,"Weakly structured"
"MAPKAPK2",0.6199,0.00351112407416381,0.0317594346882915,0.408,0.344,"P2N_Spatial","TLS","Rest","wilcox","Spatial",0.25,0.05,0.05,157,3499,TRUE,FALSE,2,10366,0.0287971362264685,0.00168147702214382,2.77430906306497,"Weakly structured"
"SSR4",0.6197,1.23927225263541e-06,3.59840228874471e-05,0.79,0.742,"P2N_Spatial","TLS","Rest","wilcox","Spatial",0.25,0.05,0.05,157,3499,TRUE,FALSE,2,10366,0.085112817183519,2.97278221256105e-19,18.52683690625,"Weakly structured"
"RPRD1B",-0.6196,0.00532408527109192,0.0435591696291546,0.166,0.279,"P2N_Spatial","TLS","Rest","wilcox","Spatial",0.25,0.05,0.05,157,3499,TRUE,FALSE,2,10366,0.0318998120768242,0.000571260244441027,3.2431659986257,"Weakly structured"
"CFHR2",-0.6187,2.36756083424462e-20,4.54483992736662e-18,0.93,0.975,"P2N_Spatial","TLS","Rest","wilcox","Spatial",0.25,0.05,0.05,157,3499,TRUE,FALSE,2,10366,0.147137543828688,2.25744460920131e-54,53.6463828971444,"Weakly structured"
"LRRFIP1",0.6184,0.00619826983208923,0.0490927761801718,0.401,0.323,"P2N_Spatial","TLS","Rest","wilcox","Spatial",0.25,0.05,0.05,157,3499,TRUE,FALSE,2,10366,0.0245950247677697,0.0063820243066562,2.19504154608006,"Weakly structured"
"ARFGAP2",0.6179,0.00108769057423945,0.0128788913608014,0.459,0.371,"P2N_Spatial","TLS","Rest","wilcox","Spatial",0.25,0.05,0.05,157,3499,TRUE,FALSE,2,10366,0.0326252846631114,0.000437350581107021,3.35917029209184,"Weakly structured"
"SERPINA10",-0.6174,4.48967963705954e-06,0.00011548391840635,0.465,0.64,"P2N_Spatial","TLS","Rest","wilcox","Spatial",0.25,0.05,0.05,157,3499,TRUE,FALSE,2,10366,0.0868523938638203,5.56569260232592e-20,19.2544807837728,"Weakly structured"
"NDUFC1",-0.6159,0.00155973815208441,0.0171092546926,0.204,0.344,"P2N_Spatial","TLS","Rest","wilcox","Spatial",0.25,0.05,0.05,157,3499,TRUE,FALSE,2,10366,0.0321322290343885,0.00052380164792952,3.28083313957713,"Weakly structured"
"RPS12",0.6157,6.42507155451096e-20,1.14831537472518e-17,0.968,0.966,"P2N_Spatial","TLS","Rest","wilcox","Spatial",0.25,0.05,0.05,157,3499,TRUE,FALSE,2,10366,0.15450177602327,9.45622836345058e-60,59.0242820483295,"Weakly structured"
"RPS19",0.6154,1.29952126172345e-15,1.41798288410793e-13,0.949,0.905,"P2N_Spatial","TLS","Rest","wilcox","Spatial",0.25,0.05,0.05,157,3499,TRUE,FALSE,2,10366,0.107323574902892,1.1740831842568e-29,28.9303011320629,"Weakly structured"
"F13B",-0.6151,0.000172368170725613,0.00282269898537393,0.255,0.443,"P2N_Spatial","TLS","Rest","wilcox","Spatial",0.25,0.05,0.05,157,3499,TRUE,FALSE,2,10366,0.0252176731983612,0.00534043160131513,2.27242364287874,"Weakly structured"
"PLEC",0.615,0.00446917158047065,0.0379733054124252,0.459,0.385,"P2N_Spatial","TLS","Rest","wilcox","Spatial",0.25,0.05,0.05,157,3499,TRUE,FALSE,2,10366,0.00497815550036367,0.321243944149426,0.493165050578243,"Not structured"
"TMEM204",0.6144,0.00363317497178195,0.0324388387230764,0.395,0.31,"P2N_Spatial","TLS","Rest","wilcox","Spatial",0.25,0.05,0.05,157,3499,TRUE,FALSE,2,10366,0.020668601424889,0.0187120216869681,1.72787928785746,"Weakly structured"
"HSPG2",0.614,0.00234890667733887,0.0232335559325331,0.573,0.541,"P2N_Spatial","TLS","Rest","wilcox","Spatial",0.25,0.05,0.05,157,3499,TRUE,FALSE,2,10366,0.0607111115983817,1.41901745156403e-10,9.84801226340697,"Weakly structured"
"RPL32",0.614,3.939984743955e-18,5.83455455083394e-16,0.987,0.96,"P2N_Spatial","TLS","Rest","wilcox","Spatial",0.25,0.05,0.05,157,3499,TRUE,FALSE,2,10366,0.149655729466927,3.63414726833093e-56,55.4395974775432,"Weakly structured"
"MIA2",-0.6136,0.00082387019166932,0.0103018557380509,0.159,0.299,"P2N_Spatial","TLS","Rest","wilcox","Spatial",0.25,0.05,0.05,157,3499,TRUE,FALSE,2,10366,0.00379411689235701,0.364684807489337,0.438082328709744,"Not structured"
"INHBE",-0.6118,0.00139681420182189,0.0157588594320263,0.14,0.268,"P2N_Spatial","TLS","Rest","wilcox","Spatial",0.25,0.05,0.05,157,3499,TRUE,FALSE,2,10366,0.0353605839098616,0.000148158378631343,3.8292737833303,"Weakly structured"
"GYPC",0.6115,0.00519477729155483,0.0427712957936913,0.28,0.196,"P2N_Spatial","TLS","Rest","wilcox","Spatial",0.25,0.05,0.05,157,3499,TRUE,FALSE,2,10366,0.0477109834379515,4.13949009301018e-07,6.38305315246138,"Weakly structured"
"CYP3A4",-0.6109,2.33576082930397e-12,1.71719835152943e-10,0.943,0.983,"P2N_Spatial","TLS","Rest","wilcox","Spatial",0.25,0.05,0.05,157,3499,TRUE,FALSE,2,10366,0.308997690504448,3.27897657837064e-234,233.484261685472,"Spatially structured"
"TGFBR2",0.6105,0.00390320339772462,0.0343177323331751,0.516,0.468,"P2N_Spatial","TLS","Rest","wilcox","Spatial",0.25,0.05,0.05,157,3499,TRUE,FALSE,2,10366,0.0199133313550269,0.0226348219127843,1.64522291811591,"Weakly structured"
"CYP4A22",-0.6102,0.000221485314566462,0.00353762214298297,0.248,0.422,"P2N_Spatial","TLS","Rest","wilcox","Spatial",0.25,0.05,0.05,157,3499,TRUE,FALSE,2,10366,0.0313025658054089,0.000706331672534576,3.15099131916496,"Weakly structured"
"GFM1",-0.61,0.00521280941181872,0.0428813374117705,0.121,0.225,"P2N_Spatial","TLS","Rest","wilcox","Spatial",0.25,0.05,0.05,157,3499,TRUE,FALSE,2,10366,0.00207516399310968,0.4274910260601,0.369072997598933,"Not structured"
"CRIM1",0.6093,0.00306325062526269,0.0286844227474914,0.408,0.315,"P2N_Spatial","TLS","Rest","wilcox","Spatial",0.25,0.05,0.05,157,3499,TRUE,FALSE,2,10366,0.0463700272906616,8.53215830687378e-07,6.06894109518652,"Weakly structured"
"ADH6",-0.6087,1.15552900840451e-06,3.36466676997785e-05,0.497,0.682,"P2N_Spatial","TLS","Rest","wilcox","Spatial",0.25,0.05,0.05,157,3499,TRUE,FALSE,2,10366,0.0976855728783533,7.56007312342433e-25,24.1214740038445,"Weakly structured"
"PLA2G2A",-0.6082,7.34954001677394e-09,3.12234966450322e-07,0.911,0.954,"P2N_Spatial","TLS","Rest","wilcox","Spatial",0.25,0.05,0.05,157,3499,TRUE,FALSE,2,10366,0.337062610280029,3.0685877612591e-278,277.51306145143,"Spatially structured"
"METTL7B",-0.6067,0.00218449845262384,0.0220706734501937,0.248,0.39,"P2N_Spatial","TLS","Rest","wilcox","Spatial",0.25,0.05,0.05,157,3499,TRUE,FALSE,2,10366,0.0406171311939561,1.48133825817123e-05,4.82934576059865,"Weakly structured"
"RPS11",0.6064,6.71794545469701e-17,8.39014729920352e-15,0.955,0.951,"P2N_Spatial","TLS","Rest","wilcox","Spatial",0.25,0.05,0.05,157,3499,TRUE,FALSE,2,10366,0.138345200336279,3.06246128459258e-48,47.5139293929112,"Weakly structured"
"HSD17B6",-0.6026,1.02361627375972e-10,5.78683627623492e-09,0.726,0.857,"P2N_Spatial","TLS","Rest","wilcox","Spatial",0.25,0.05,0.05,157,3499,TRUE,FALSE,2,10366,0.126915357491723,7.853024471152e-41,40.1049630492216,"Weakly structured"
"ACSM3",-0.598,0.00242773911685862,0.0238313860656784,0.28,0.413,"P2N_Spatial","TLS","Rest","wilcox","Spatial",0.25,0.05,0.05,157,3499,TRUE,FALSE,2,10366,0.0359270260034542,0.000118204444338502,3.92736619422125,"Weakly structured"
"COL6A2",0.5976,1.09367978179202e-10,6.12815384759787e-09,0.892,0.8,"P2N_Spatial","TLS","Rest","wilcox","Spatial",0.25,0.05,0.05,157,3499,TRUE,FALSE,2,10366,0.192626844772855,6.15233365358685e-92,91.2109601198935,"Weakly structured"
"UGT2B7",-0.5974,2.26894910725687e-07,7.86619613572733e-06,0.541,0.724,"P2N_Spatial","TLS","Rest","wilcox","Spatial",0.25,0.05,0.05,157,3499,TRUE,FALSE,2,10366,0.125409512999398,6.75090155728029e-40,39.1706382249162,"Weakly structured"
"ZYX",0.5966,0.001166092047494,0.0136122862210843,0.522,0.442,"P2N_Spatial","TLS","Rest","wilcox","Spatial",0.25,0.05,0.05,157,3499,TRUE,FALSE,2,10366,0.0423407731508183,6.57702413313875e-06,5.18197056457685,"Weakly structured"
"FLNA",0.5962,3.4979624809244e-09,1.5765164816201e-07,0.783,0.672,"P2N_Spatial","TLS","Rest","wilcox","Spatial",0.25,0.05,0.05,157,3499,TRUE,FALSE,2,10366,0.257840772823162,1.85139080426867e-163,162.732501897712,"Weakly structured"
"AOX1",-0.5959,1.82752455582681e-10,9.76501007510344e-09,0.752,0.868,"P2N_Spatial","TLS","Rest","wilcox","Spatial",0.25,0.05,0.05,157,3499,TRUE,FALSE,2,10366,0.0991768658781912,1.44714379892348e-25,24.8394883120212,"Weakly structured"
"ACTN4",0.5925,0.0037571065863526,0.0333443209538794,0.522,0.463,"P2N_Spatial","TLS","Rest","wilcox","Spatial",0.25,0.05,0.05,157,3499,TRUE,FALSE,2,10366,0.0516683532343912,4.47066856558775e-08,7.34962752549581,"Weakly structured"
"RPL8",0.5905,2.38556395284979e-18,3.58387767177404e-16,0.968,0.935,"P2N_Spatial","TLS","Rest","wilcox","Spatial",0.25,0.05,0.05,157,3499,TRUE,FALSE,2,10366,0.0703267786885667,1.15251976444948e-13,12.9383516182006,"Weakly structured"
"TAGLN2",0.59,0.00045236044224592,0.00629915256871206,0.618,0.555,"P2N_Spatial","TLS","Rest","wilcox","Spatial",0.25,0.05,0.05,157,3499,TRUE,FALSE,2,10366,0.0562453501708142,2.72568860191654e-09,8.5645237619255,"Weakly structured"
"ALDH1B1",-0.5886,0.000146466183992978,0.00246872920857107,0.204,0.374,"P2N_Spatial","TLS","Rest","wilcox","Spatial",0.25,0.05,0.05,157,3499,TRUE,FALSE,2,10366,0.0339859583384889,0.000257881840342611,3.58857923915975,"Weakly structured"
"APOM",-0.5882,8.3847720389298e-07,2.56390993969163e-05,0.522,0.717,"P2N_Spatial","TLS","Rest","wilcox","Spatial",0.25,0.05,0.05,157,3499,TRUE,FALSE,2,10366,0.0798117834392218,4.02765990726879e-17,16.3949472080867,"Weakly structured"
"CDO1",-0.5856,3.26105456489594e-06,8.73490739527424e-05,0.497,0.698,"P2N_Spatial","TLS","Rest","wilcox","Spatial",0.25,0.05,0.05,157,3499,TRUE,FALSE,2,10366,0.06905547384088,3.20925568782693e-13,12.493595680415,"Weakly structured"
"HPGD",-0.5855,0.00302007907482017,0.0283851836956425,0.223,0.354,"P2N_Spatial","TLS","Rest","wilcox","Spatial",0.25,0.05,0.05,157,3499,TRUE,FALSE,2,10366,0.0442088881013967,2.6070978176162e-06,5.58384267391261,"Weakly structured"
"RIDA",-0.5849,7.26684370640597e-10,3.57005222088172e-08,0.701,0.836,"P2N_Spatial","TLS","Rest","wilcox","Spatial",0.25,0.05,0.05,157,3499,TRUE,FALSE,2,10366,0.142133063422161,8.5947891219666e-51,50.065764774508,"Weakly structured"
"RPL7A",0.5849,2.39438724355373e-09,1.10312080740791e-07,0.866,0.816,"P2N_Spatial","TLS","Rest","wilcox","Spatial",0.25,0.05,0.05,157,3499,TRUE,FALSE,2,10366,0.0704689909089361,1.04524422255752e-13,12.9807822242734,"Weakly structured"
"IGFBP6",0.5833,0.00587957338565754,0.0471506360267683,0.306,0.214,"P2N_Spatial","TLS","Rest","wilcox","Spatial",0.25,0.05,0.05,157,3499,TRUE,FALSE,2,10366,0.0810327216411803,1.27337802356399e-17,16.8950426496247,"Weakly structured"
"COLEC11",0.583,6.96603717614112e-07,2.19782869507311e-05,0.758,0.687,"P2N_Spatial","TLS","Rest","wilcox","Spatial",0.25,0.05,0.05,157,3499,TRUE,FALSE,2,10366,0.0761380086935728,9.8382000915494e-16,15.007084348907,"Weakly structured"
"SRRM2",0.5823,4.05772095275163e-07,1.35248666868886e-05,0.783,0.716,"P2N_Spatial","TLS","Rest","wilcox","Spatial",0.25,0.05,0.05,157,3499,TRUE,FALSE,2,10366,0.0271009780763595,0.00297546195728585,2.5264455980278,"Weakly structured"
"PTMA",0.5812,5.83130480311554e-11,3.53493015140911e-09,0.943,0.905,"P2N_Spatial","TLS","Rest","wilcox","Spatial",0.25,0.05,0.05,157,3499,TRUE,FALSE,2,10366,0.0964376204958842,2.8491793038743e-24,23.5452802189835,"Weakly structured"
"CXCL12",0.5804,1.29845801598295e-11,8.79726522462699e-10,0.873,0.83,"P2N_Spatial","TLS","Rest","wilcox","Spatial",0.25,0.05,0.05,157,3499,TRUE,FALSE,2,10366,0.123548656535748,8.92103035976259e-39,38.0495849826511,"Weakly structured"
"RPS17",0.5795,3.98506256932909e-11,2.54994806133737e-09,0.911,0.899,"P2N_Spatial","TLS","Rest","wilcox","Spatial",0.25,0.05,0.05,157,3499,TRUE,FALSE,2,10366,0.0951851310351889,1.09760100656666e-23,22.9595555033628,"Weakly structured"
"C4BPA",-0.5787,3.38383277011728e-20,6.37760190818831e-18,0.943,0.981,"P2N_Spatial","TLS","Rest","wilcox","Spatial",0.25,0.05,0.05,157,3499,TRUE,FALSE,2,10366,0.257057376705184,9.89747237055784e-163,162.004475701936,"Weakly structured"
"TOMM6",0.5775,0.00209109616136928,0.0214192715501522,0.427,0.343,"P2N_Spatial","TLS","Rest","wilcox","Spatial",0.25,0.05,0.05,157,3499,TRUE,FALSE,2,10366,0.00990090015780425,0.165847614909503,0.780290769782666,"Not structured"
"HSPE1",-0.5773,0.000430619226598028,0.00604032327864027,0.287,0.45,"P2N_Spatial","TLS","Rest","wilcox","Spatial",0.25,0.05,0.05,157,3499,TRUE,FALSE,2,10366,0.0280324434250822,0.00218036359125376,2.66147107863921,"Weakly structured"
"CNDP2",-0.574,0.000363909639350731,0.00528331557634408,0.331,0.49,"P2N_Spatial","TLS","Rest","wilcox","Spatial",0.25,0.05,0.05,157,3499,TRUE,FALSE,2,10366,0.0394100466342425,2.57035883384858e-05,4.59000624294034,"Weakly structured"
"HNRNPA0",0.5729,0.00494340540882683,0.0410932962854042,0.497,0.445,"P2N_Spatial","TLS","Rest","wilcox","Spatial",0.25,0.05,0.05,157,3499,TRUE,FALSE,2,10366,0.0219399447429224,0.0134472874852634,1.87136531038181,"Weakly structured"
"FCER1G",0.5729,0.00152488707253579,0.016815935525432,0.459,0.373,"P2N_Spatial","TLS","Rest","wilcox","Spatial",0.25,0.05,0.05,157,3499,TRUE,FALSE,2,10366,0.0284664462152498,0.00188341038383966,2.72505503950629,"Weakly structured"
"TIMP2",0.5711,0.000666061218078642,0.008630488233254,0.669,0.644,"P2N_Spatial","TLS","Rest","wilcox","Spatial",0.25,0.05,0.05,157,3499,TRUE,FALSE,2,10366,0.140206947519337,1.84202986461118e-49,48.7347033329173,"Weakly structured"
"GLYATL1",-0.5707,0.00142668684915186,0.0160227907673978,0.306,0.455,"P2N_Spatial","TLS","Rest","wilcox","Spatial",0.25,0.05,0.05,157,3499,TRUE,FALSE,2,10366,0.0544265084275381,8.50592780132e-09,8.07027830791654,"Weakly structured"
"SLC35C1",-0.5683,0.000424813389212399,0.0059831733594779,0.229,0.384,"P2N_Spatial","TLS","Rest","wilcox","Spatial",0.25,0.05,0.05,157,3499,TRUE,FALSE,2,10366,0.0405339028393445,1.53403807739329e-05,4.81416386033713,"Weakly structured"
"SRSF2",0.5673,0.000341096616940377,0.0049995257799151,0.548,0.446,"P2N_Spatial","TLS","Rest","wilcox","Spatial",0.25,0.05,0.05,157,3499,TRUE,FALSE,2,10366,0.0117721430606134,0.122825663958818,0.910710879520667,"Not structured"
"ACTB",0.5653,5.319394084539e-22,1.25320088818935e-19,0.994,0.993,"P2N_Spatial","TLS","Rest","wilcox","Spatial",0.25,0.05,0.05,157,3499,TRUE,FALSE,2,10366,0.227245775483679,1.68830024884225e-127,126.772550315519,"Weakly structured"
"PCK2",-0.5649,1.06919890933924e-06,3.13088019610468e-05,0.541,0.707,"P2N_Spatial","TLS","Rest","wilcox","Spatial",0.25,0.05,0.05,157,3499,TRUE,FALSE,2,10366,0.0780323981244564,1.93990579530157e-16,15.7122193595409,"Weakly structured"
"SF1",0.5647,0.00016823296894472,0.00276371308412198,0.643,0.595,"P2N_Spatial","TLS","Rest","wilcox","Spatial",0.25,0.05,0.05,157,3499,TRUE,FALSE,2,10366,0.0188860813607546,0.0288853571070068,1.53932225894674,"Weakly structured"
"CD74",0.563,6.86174115937439e-17,8.46771534024702e-15,0.987,0.973,"P2N_Spatial","TLS","Rest","wilcox","Spatial",0.25,0.05,0.05,157,3499,TRUE,FALSE,2,10366,0.196710126123657,7.44404140642467e-96,95.1281912198331,"Weakly structured"
"SNHG29",0.5629,7.85468137354322e-05,0.00144621007314652,0.643,0.572,"P2N_Spatial","TLS","Rest","wilcox","Spatial",0.25,0.05,0.05,157,3499,TRUE,FALSE,2,10366,0.0436775489051782,3.41866653759909e-06,5.46614325894118,"Weakly structured"
"ARFGAP3",-0.5612,0.00631555550286489,0.0496338501460936,0.102,0.197,"P2N_Spatial","TLS","Rest","wilcox","Spatial",0.25,0.05,0.05,157,3499,TRUE,FALSE,2,10366,0.0071249813151755,0.246003744584719,0.609058282164493,"Not structured"
"SDS",-0.5612,3.52931947702664e-07,1.18782226294994e-05,0.586,0.761,"P2N_Spatial","TLS","Rest","wilcox","Spatial",0.25,0.05,0.05,157,3499,TRUE,FALSE,2,10366,0.115870404935736,2.72802405968734e-34,33.5641518037577,"Weakly structured"
"ALDH6A1",-0.5611,4.04209381329001e-06,0.000105542429391849,0.592,0.745,"P2N_Spatial","TLS","Rest","wilcox","Spatial",0.25,0.05,0.05,157,3499,TRUE,FALSE,2,10366,0.0990054740301453,1.77535725952653e-25,24.7507142396631,"Weakly structured"
"ABCG8",-0.5587,0.00315588497679271,0.0294454578482747,0.229,0.36,"P2N_Spatial","TLS","Rest","wilcox","Spatial",0.25,0.05,0.05,157,3499,TRUE,FALSE,2,10366,0.0126446858595142,0.105601769524147,0.976328804452455,"Not structured"
"RPS18",0.5584,1.18667534914802e-10,6.54312588790871e-09,0.93,0.867,"P2N_Spatial","TLS","Rest","wilcox","Spatial",0.25,0.05,0.05,157,3499,TRUE,FALSE,2,10366,0.127923335287431,1.87588976346393e-41,40.7267926864932,"Weakly structured"
"DMGDH",-0.5579,0.000365377718620389,0.00529721039331322,0.102,0.237,"P2N_Spatial","TLS","Rest","wilcox","Spatial",0.25,0.05,0.05,157,3499,TRUE,FALSE,2,10366,0.0406293084952988,1.46564974815389e-05,4.83396980228564,"Weakly structured"
"HABP2",-0.5576,1.04605056120326e-08,4.3547630993707e-07,0.611,0.803,"P2N_Spatial","TLS","Rest","wilcox","Spatial",0.25,0.05,0.05,157,3499,TRUE,FALSE,2,10366,0.101879553059169,7.1300594940475e-27,26.1469068463292,"Weakly structured"
"SDHA",-0.5567,8.25115758489398e-05,0.00150849205511483,0.363,0.558,"P2N_Spatial","TLS","Rest","wilcox","Spatial",0.25,0.05,0.05,157,3499,TRUE,FALSE,2,10366,0.0568247494359734,1.88041351380903e-09,8.72574663636509,"Weakly structured"
"GCAT",-0.5564,0.000250780753927552,0.00392687808944563,0.185,0.346,"P2N_Spatial","TLS","Rest","wilcox","Spatial",0.25,0.05,0.05,157,3499,TRUE,FALSE,2,10366,0.0107951507433268,0.143764721147679,0.842347673693195,"Not structured"
"AKR1D1",-0.5559,0.000120936737900633,0.00210694155475287,0.35,0.54,"P2N_Spatial","TLS","Rest","wilcox","Spatial",0.25,0.05,0.05,157,3499,TRUE,FALSE,2,10366,0.0555610379007711,4.18782809916195e-09,8.37801115343006,"Weakly structured"
"ALB",-0.5559,1.33499996114691e-42,3.45965239931222e-39,1,1,"P2N_Spatial","TLS","Rest","wilcox","Spatial",0.25,0.05,0.05,157,3499,TRUE,FALSE,2,10366,0.724723433231066,0,1278.90156286302,"Spatially structured"
"GPNMB",0.5556,0.00138941852611128,0.0157588594320263,0.631,0.574,"P2N_Spatial","TLS","Rest","wilcox","Spatial",0.25,0.05,0.05,157,3499,TRUE,FALSE,2,10366,0.0853348377323792,2.41400915827686e-19,18.6172610866075,"Weakly structured"
"ANXA5",0.5546,0.00139712948467036,0.0157588594320263,0.631,0.558,"P2N_Spatial","TLS","Rest","wilcox","Spatial",0.25,0.05,0.05,157,3499,TRUE,FALSE,2,10366,0.0327483478823274,0.000419665252862379,3.37709698769782,"Weakly structured"
"VWA1",-0.554,0.00496250467568387,0.0411677800496202,0.248,0.373,"P2N_Spatial","TLS","Rest","wilcox","Spatial",0.25,0.05,0.05,157,3499,TRUE,FALSE,2,10366,0.0180315869306342,0.0353554298446915,1.45154387831696,"Weakly structured"
"SULT2A1",-0.5531,6.10543438171072e-10,3.08726501467382e-08,0.796,0.889,"P2N_Spatial","TLS","Rest","wilcox","Spatial",0.25,0.05,0.05,157,3499,TRUE,FALSE,2,10366,0.133745515335023,3.54949609620837e-45,44.4498332971335,"Weakly structured"
"COL4A2",0.5528,0.00157032266504279,0.0171346997324564,0.465,0.366,"P2N_Spatial","TLS","Rest","wilcox","Spatial",0.25,0.05,0.05,157,3499,TRUE,FALSE,2,10366,0.0914751050402935,5.38316472661427e-22,21.2689623304267,"Weakly structured"
"S100A6",0.5526,0.000254714509333278,0.0039824594325019,0.541,0.434,"P2N_Spatial","TLS","Rest","wilcox","Spatial",0.25,0.05,0.05,157,3499,TRUE,FALSE,2,10366,0.173849935697342,3.59090612896606e-75,74.4447959477575,"Weakly structured"
"SYNPO2",0.5524,0.000562965878901629,0.00752994103315392,0.28,0.174,"P2N_Spatial","TLS","Rest","wilcox","Spatial",0.25,0.05,0.05,157,3499,TRUE,FALSE,2,10366,0.134095632061928,1.8227238701033e-45,44.7392791189334,"Weakly structured"
"APOF",-0.5516,6.99675351508902e-07,2.19782869507311e-05,0.618,0.776,"P2N_Spatial","TLS","Rest","wilcox","Spatial",0.25,0.05,0.05,157,3499,TRUE,FALSE,2,10366,0.155089329323443,3.8643530456694e-60,59.4129232034827,"Weakly structured"
"NAP1L1",0.5514,0.00267772142043837,0.025796710264186,0.573,0.52,"P2N_Spatial","TLS","Rest","wilcox","Spatial",0.25,0.05,0.05,157,3499,TRUE,FALSE,2,10366,0.0636121796657072,1.84861188581923e-11,10.7331542589543,"Weakly structured"
"CYBA",0.5503,3.87750762323255e-06,0.000101500616218254,0.707,0.64,"P2N_Spatial","TLS","Rest","wilcox","Spatial",0.25,0.05,0.05,157,3499,TRUE,FALSE,2,10366,0.0732383940958886,1.11514790960577e-14,13.9526675253823,"Weakly structured"
"SDC2",-0.5494,2.79338953976968e-05,0.000592152882806801,0.497,0.672,"P2N_Spatial","TLS","Rest","wilcox","Spatial",0.25,0.05,0.05,157,3499,TRUE,FALSE,2,10366,0.0595051314675937,3.23212328167496e-10,9.4905120824488,"Weakly structured"
"FCN3",-0.548,0.000128105418718129,0.00219494342220186,0.408,0.575,"P2N_Spatial","TLS","Rest","wilcox","Spatial",0.25,0.05,0.05,157,3499,TRUE,FALSE,2,10366,0.0472778349501937,5.31606377024915e-07,6.27440981800372,"Weakly structured"
"RPS15A",0.5479,2.04352774323573e-09,9.49919667550743e-08,0.904,0.838,"P2N_Spatial","TLS","Rest","wilcox","Spatial",0.25,0.05,0.05,157,3499,TRUE,FALSE,2,10366,0.0879425522246089,1.89360819863594e-20,19.7227098747375,"Weakly structured"
"SLC2A10",-0.5476,0.00546509152410433,0.0445370587569697,0.102,0.196,"P2N_Spatial","TLS","Rest","wilcox","Spatial",0.25,0.05,0.05,157,3499,TRUE,FALSE,2,10366,0.0117491388078512,0.122954813004636,0.910254466352321,"Not structured"
"C9",-0.5474,7.46917829467955e-15,7.30429266062719e-13,0.93,0.962,"P2N_Spatial","TLS","Rest","wilcox","Spatial",0.25,0.05,0.05,157,3499,TRUE,FALSE,2,10366,0.201909829831186,6.07873945903017e-101,100.216186470521,"Weakly structured"
"CIRBP",0.547,8.04586282319273e-08,2.97869335804342e-06,0.841,0.775,"P2N_Spatial","TLS","Rest","wilcox","Spatial",0.25,0.05,0.05,157,3499,TRUE,FALSE,2,10366,0.0526999695419317,2.43612185626785e-08,7.61330099182689,"Weakly structured"
"TPM3",0.547,4.61738466466317e-06,0.000118474775826481,0.713,0.61,"P2N_Spatial","TLS","Rest","wilcox","Spatial",0.25,0.05,0.05,157,3499,TRUE,FALSE,2,10366,0.047822248800971,3.9621622083114e-07,6.40206774870345,"Weakly structured"
"CHDH",-0.5465,0.000971255089194512,0.0118030835341035,0.229,0.38,"P2N_Spatial","TLS","Rest","wilcox","Spatial",0.25,0.05,0.05,157,3499,TRUE,FALSE,2,10366,0.0448614208385854,1.8789672707371e-06,5.726080784701,"Weakly structured"
"GPT",-0.5443,0.00265953389333634,0.0256692070189241,0.306,0.453,"P2N_Spatial","TLS","Rest","wilcox","Spatial",0.25,0.05,0.05,157,3499,TRUE,FALSE,2,10366,0.0207056448514894,0.0186020686213916,1.73043875788416,"Weakly structured"
"SDHB",-0.5437,0.00202744062550585,0.0209535887577204,0.261,0.406,"P2N_Spatial","TLS","Rest","wilcox","Spatial",0.25,0.05,0.05,157,3499,TRUE,FALSE,2,10366,0.0422793907592231,6.76691435681967e-06,5.16960931998409,"Weakly structured"
"RPL6",0.541,1.78859753866298e-09,8.35162256116238e-08,0.86,0.834,"P2N_Spatial","TLS","Rest","wilcox","Spatial",0.25,0.05,0.05,157,3499,TRUE,FALSE,2,10366,0.058733753571894,5.3483678375594e-10,9.2717787314907,"Weakly structured"
"SERPINC1",-0.5408,3.34729342636047e-21,7.38256248035161e-19,0.994,0.99,"P2N_Spatial","TLS","Rest","wilcox","Spatial",0.25,0.05,0.05,157,3499,TRUE,FALSE,2,10366,0.27463339813749,1.65001069423062e-185,184.78251324098,"Weakly structured"
"RPL35",0.5408,8.34977072890546e-14,7.27342213242302e-12,0.962,0.902,"P2N_Spatial","TLS","Rest","wilcox","Spatial",0.25,0.05,0.05,157,3499,TRUE,FALSE,2,10366,0.0838804750099092,9.40543806791116e-19,18.0266209719322,"Weakly structured"
"CFLAR",0.5404,0.00588537631936948,0.0471506360267683,0.459,0.397,"P2N_Spatial","TLS","Rest","wilcox","Spatial",0.25,0.05,0.05,157,3499,TRUE,FALSE,2,10366,0.019250345041651,0.0265705385309693,1.57559964323149,"Weakly structured"
"GNAI2",0.5402,4.16841031145074e-05,0.000848914367161069,0.675,0.582,"P2N_Spatial","TLS","Rest","wilcox","Spatial",0.25,0.05,0.05,157,3499,TRUE,FALSE,2,10366,0.0431392279061775,4.44859799926607e-06,5.35177683780973,"Weakly structured"
"MTG2",-0.54,0.00396522543954865,0.0346572739514008,0.153,0.271,"P2N_Spatial","TLS","Rest","wilcox","Spatial",0.25,0.05,0.05,157,3499,TRUE,FALSE,2,10366,0.00788678635880465,0.222051184485182,0.653546905831866,"Not structured"
"TCF4",0.5397,0.00169841029577756,0.0183011654116738,0.293,0.198,"P2N_Spatial","TLS","Rest","wilcox","Spatial",0.25,0.05,0.05,157,3499,TRUE,FALSE,2,10366,0.0112946945481542,0.132558234837726,0.877593287670638,"Not structured"
"SMIM14",-0.5395,0.000487486033454716,0.00669553186591513,0.382,0.551,"P2N_Spatial","TLS","Rest","wilcox","Spatial",0.25,0.05,0.05,157,3499,TRUE,FALSE,2,10366,0.0337242720446949,0.000286817985699746,3.54239361853687,"Weakly structured"
"THBS1",0.5394,0.00194223121147269,0.0202955330021431,0.605,0.552,"P2N_Spatial","TLS","Rest","wilcox","Spatial",0.25,0.05,0.05,157,3499,TRUE,FALSE,2,10366,0.0689224362641812,3.53509433981423e-13,12.451598991849,"Weakly structured"
"AQP9",-0.5389,2.03567959074195e-05,0.000450894329863912,0.58,0.703,"P2N_Spatial","TLS","Rest","wilcox","Spatial",0.25,0.05,0.05,157,3499,TRUE,FALSE,2,10366,0.135974490736309,1.29615132688949e-46,45.8873442912151,"Weakly structured"
"MAN2B2",-0.5381,0.00348657664238964,0.0316201692694759,0.255,0.388,"P2N_Spatial","TLS","Rest","wilcox","Spatial",0.25,0.05,0.05,157,3499,TRUE,FALSE,2,10366,0.0114198079417386,0.130142400340733,0.885581187419886,"Not structured"
"DPYSL2",0.5379,0.0041017016674082,0.0355801167233083,0.471,0.394,"P2N_Spatial","TLS","Rest","wilcox","Spatial",0.25,0.05,0.05,157,3499,TRUE,FALSE,2,10366,0.0592788278135603,3.74335951484602e-10,9.42673846093904,"Weakly structured"
"SYT7",-0.5362,0.000928644179204987,0.0113921012563774,0.197,0.35,"P2N_Spatial","TLS","Rest","wilcox","Spatial",0.25,0.05,0.05,157,3499,TRUE,FALSE,2,10366,0.0318395534793229,0.000584086943700616,3.23352250158799,"Weakly structured"
"KLHDC2",-0.5361,0.00227723984293712,0.0227483690432125,0.21,0.351,"P2N_Spatial","TLS","Rest","wilcox","Spatial",0.25,0.05,0.05,157,3499,TRUE,FALSE,2,10366,0.0311222517800568,0.000754480992689419,3.12235169674204,"Weakly structured"
"NID1",0.5342,0.00027082895168564,0.0041901685271244,0.662,0.624,"P2N_Spatial","TLS","Rest","wilcox","Spatial",0.25,0.05,0.05,157,3499,TRUE,FALSE,2,10366,0.0129589378801484,0.100150225826525,0.999348067088298,"Not structured"
"ABHD6",-0.5341,0.00139760106689414,0.0157588594320263,0.127,0.25,"P2N_Spatial","TLS","Rest","wilcox","Spatial",0.25,0.05,0.05,157,3499,TRUE,FALSE,2,10366,0.0126768304332451,0.105185471601434,0.978044241542114,"Not structured"
"ALDH1L1",-0.5341,2.26682099106264e-06,6.26803378835487e-05,0.586,0.753,"P2N_Spatial","TLS","Rest","wilcox","Spatial",0.25,0.05,0.05,157,3499,TRUE,FALSE,2,10366,0.0802864595370816,2.62476427708851e-17,16.5809096933081,"Weakly structured"
"PEBP1",-0.5337,3.05144465091642e-14,2.82422100458925e-12,0.904,0.944,"P2N_Spatial","TLS","Rest","wilcox","Spatial",0.25,0.05,0.05,157,3499,TRUE,FALSE,2,10366,0.130370115823453,5.05354665111789e-43,42.2964037208152,"Weakly structured"
"COG3",-0.533,0.00571502728841825,0.0462105872634505,0.185,0.299,"P2N_Spatial","TLS","Rest","wilcox","Spatial",0.25,0.05,0.05,157,3499,TRUE,FALSE,2,10366,0.0206864654964896,0.0186568412449575,1.72916188395549,"Weakly structured"
"AIG1",-0.5322,8.32673124970786e-05,0.00151962845307168,0.433,0.604,"P2N_Spatial","TLS","Rest","wilcox","Spatial",0.25,0.05,0.05,157,3499,TRUE,FALSE,2,10366,0.0527499475211742,2.37111922354174e-08,7.62504660847456,"Weakly structured"
"PCOLCE",0.5319,0.00145571047620896,0.0162782036638426,0.408,0.314,"P2N_Spatial","TLS","Rest","wilcox","Spatial",0.25,0.05,0.05,157,3499,TRUE,FALSE,2,10366,0.022601585507009,0.0113694765809939,1.94425952855928,"Weakly structured"
"TTC36",-0.5316,9.54794866930899e-07,2.87715220657142e-05,0.49,0.68,"P2N_Spatial","TLS","Rest","wilcox","Spatial",0.25,0.05,0.05,157,3499,TRUE,FALSE,2,10366,0.0580469039116798,8.44305933079025e-10,9.07350015885608,"Weakly structured"
"SEM1",-0.5307,0.00070642275881386,0.00904046705909195,0.242,0.398,"P2N_Spatial","TLS","Rest","wilcox","Spatial",0.25,0.05,0.05,157,3499,TRUE,FALSE,2,10366,0.0569878921794475,1.68871803923134e-09,8.77244285737291,"Weakly structured"
"MT1G",-0.5303,1.58695928639935e-19,2.69679015783863e-17,1,0.998,"P2N_Spatial","TLS","Rest","wilcox","Spatial",0.25,0.05,0.05,157,3499,TRUE,FALSE,2,10366,0.42895028272761,0,449.192104485357,"Spatially structured"
"RPS2",0.5301,1.34673229416013e-12,1.02648727656353e-10,0.955,0.947,"P2N_Spatial","TLS","Rest","wilcox","Spatial",0.25,0.05,0.05,157,3499,TRUE,FALSE,2,10366,0.0911761668544315,7.18486573265844e-22,21.1435813433419,"Weakly structured"
"NR1H4",-0.5299,0.00621231535800727,0.0490927761801718,0.236,0.36,"P2N_Spatial","TLS","Rest","wilcox","Spatial",0.25,0.05,0.05,157,3499,TRUE,FALSE,2,10366,0.0141660811706906,0.0797440336788397,1.09830180027438,"Not structured"
"RPL34",0.5298,5.71865147646298e-11,3.48703183558913e-09,0.949,0.93,"P2N_Spatial","TLS","Rest","wilcox","Spatial",0.25,0.05,0.05,157,3499,TRUE,FALSE,2,10366,0.13901014965981,1.12112133908183e-48,47.9503473811232,"Weakly structured"
"YWHAH",0.529,0.00357925084531959,0.0322350254236168,0.459,0.377,"P2N_Spatial","TLS","Rest","wilcox","Spatial",0.25,0.05,0.05,157,3499,TRUE,FALSE,2,10366,0.0304866626493041,0.00094408414355503,3.02498929653551,"Weakly structured"
"PCK1",-0.5288,3.52524459534816e-17,4.56783568442238e-15,0.955,0.985,"P2N_Spatial","TLS","Rest","wilcox","Spatial",0.25,0.05,0.05,157,3499,TRUE,FALSE,2,10366,0.224551905710409,1.50548262680289e-124,123.82232425186,"Weakly structured"
"RPS5",0.5279,2.06662602484026e-12,1.54119750888447e-10,0.936,0.879,"P2N_Spatial","TLS","Rest","wilcox","Spatial",0.25,0.05,0.05,157,3499,TRUE,FALSE,2,10366,0.100956210071789,2.0077405233406e-26,25.6972924153133,"Weakly structured"
"PDIA5",-0.5273,0.00398521257079758,0.034760879092722,0.312,0.452,"P2N_Spatial","TLS","Rest","wilcox","Spatial",0.25,0.05,0.05,157,3499,TRUE,FALSE,2,10366,0.00546075213603984,0.303455087883112,0.5179055765092,"Not structured"
"ASGR2",-0.5271,1.92530111538458e-13,1.60948962597391e-11,0.917,0.938,"P2N_Spatial","TLS","Rest","wilcox","Spatial",0.25,0.05,0.05,157,3499,TRUE,FALSE,2,10366,0.111618434027183,5.83666039247492e-32,31.2338355754863,"Weakly structured"
"RPL19",0.5264,4.50498719951115e-12,3.176782129941e-10,0.962,0.937,"P2N_Spatial","TLS","Rest","wilcox","Spatial",0.25,0.05,0.05,157,3499,TRUE,FALSE,2,10366,0.076451440803361,7.35551469840046e-16,15.1333869323376,"Weakly structured"
"CYP4V2",-0.5252,0.000194522970165667,0.00314574899959019,0.363,0.538,"P2N_Spatial","TLS","Rest","wilcox","Spatial",0.25,0.05,0.05,157,3499,TRUE,FALSE,2,10366,0.0277326818207739,0.0024111331241227,2.61777881057824,"Weakly structured"
"ANG",-0.5249,7.07925212051388e-11,4.16951860688903e-09,0.834,0.929,"P2N_Spatial","TLS","Rest","wilcox","Spatial",0.25,0.05,0.05,157,3499,TRUE,FALSE,2,10366,0.171816047455476,1.69321721799713e-73,72.7712873239193,"Weakly structured"
"EPAS1",0.5247,5.17328315965934e-06,0.000130618672243085,0.828,0.809,"P2N_Spatial","TLS","Rest","wilcox","Spatial",0.25,0.05,0.05,157,3499,TRUE,FALSE,2,10366,0.0433827062639188,3.93946484444426e-06,5.40456277078617,"Weakly structured"
"RPS3A",0.5243,1.10536882691742e-10,6.15038026854722e-09,0.949,0.94,"P2N_Spatial","TLS","Rest","wilcox","Spatial",0.25,0.05,0.05,157,3499,TRUE,FALSE,2,10366,0.0954104914015018,8.55002812254094e-24,23.0680324567988,"Weakly structured"
"MYL9",0.524,3.73860802104282e-17,4.7393297350196e-15,0.955,0.848,"P2N_Spatial","TLS","Rest","wilcox","Spatial",0.25,0.05,0.05,157,3499,TRUE,FALSE,2,10366,0.384911649949997,0,361.47804305032,"Spatially structured"
"A1CF",-0.5239,0.000175023091673454,0.00286165515502685,0.312,0.491,"P2N_Spatial","TLS","Rest","wilcox","Spatial",0.25,0.05,0.05,157,3499,TRUE,FALSE,2,10366,0.0358680036050341,0.000120825735410031,3.9178405528326,"Weakly structured"
"SRGN",0.5214,0.00113438792153357,0.0133021099486617,0.51,0.437,"P2N_Spatial","TLS","Rest","wilcox","Spatial",0.25,0.05,0.05,157,3499,TRUE,FALSE,2,10366,0.0542273509311873,9.56500439262515e-09,8.01931482619158,"Weakly structured"
"AGT",-0.5209,1.07628776456765e-17,1.52832862568606e-15,0.949,0.976,"P2N_Spatial","TLS","Rest","wilcox","Spatial",0.25,0.05,0.05,157,3499,TRUE,FALSE,2,10366,0.209036771251829,3.96325677320594e-108,107.401947789494,"Weakly structured"
"PIGR",-0.5203,0.000634131644729697,0.00828046362953325,0.389,0.553,"P2N_Spatial","TLS","Rest","wilcox","Spatial",0.25,0.05,0.05,157,3499,TRUE,FALSE,2,10366,0.0904317541706803,1.58450031541414e-21,20.800107670022,"Weakly structured"
"LGALS1",0.5192,6.59305094480354e-05,0.00124123316768552,0.65,0.592,"P2N_Spatial","TLS","Rest","wilcox","Spatial",0.25,0.05,0.05,157,3499,TRUE,FALSE,2,10366,0.126887560425662,8.26205786919841e-41,40.0829117674585,"Weakly structured"
"F2",-0.5189,3.84317457669672e-19,6.22474182219347e-17,0.981,0.985,"P2N_Spatial","TLS","Rest","wilcox","Spatial",0.25,0.05,0.05,157,3499,TRUE,FALSE,2,10366,0.25847417548434,1.56400105891029e-164,163.805762957236,"Weakly structured"
"EEF1D",0.5152,5.26073726909639e-09,2.26277188927192e-07,0.866,0.838,"P2N_Spatial","TLS","Rest","wilcox","Spatial",0.25,0.05,0.05,157,3499,TRUE,FALSE,2,10366,0.0410331709715314,1.22802322976536e-05,4.9107934178337,"Weakly structured"
"CYP8B1",-0.5145,1.80559448208883e-06,5.07230146377583e-05,0.618,0.747,"P2N_Spatial","TLS","Rest","wilcox","Spatial",0.25,0.05,0.05,157,3499,TRUE,FALSE,2,10366,0.0952680806810485,1.02793806773672e-23,22.9880330503703,"Weakly structured"
"TM4SF5",-0.5142,1.35769299880043e-05,0.000315557076806396,0.471,0.662,"P2N_Spatial","TLS","Rest","wilcox","Spatial",0.25,0.05,0.05,157,3499,TRUE,FALSE,2,10366,0.0828507375570681,2.49859911548391e-18,17.6023034181029,"Weakly structured"
"CTSC",0.5135,0.00302034127110686,0.0283851836956425,0.465,0.377,"P2N_Spatial","TLS","Rest","wilcox","Spatial",0.25,0.05,0.05,157,3499,TRUE,FALSE,2,10366,0.0107447803073279,0.144526318446514,0.840053060067818,"Not structured"
"RPS13",0.5135,3.31443855283534e-11,2.16084717224473e-09,0.943,0.869,"P2N_Spatial","TLS","Rest","wilcox","Spatial",0.25,0.05,0.05,157,3499,TRUE,FALSE,2,10366,0.0778345215917293,2.27984056511957e-16,15.6420955232232,"Weakly structured"
"EPHX2",-0.5122,5.17888040631951e-06,0.000130618672243085,0.497,0.69,"P2N_Spatial","TLS","Rest","wilcox","Spatial",0.25,0.05,0.05,157,3499,TRUE,FALSE,2,10366,0.0629486953094759,2.98430638518382e-11,10.5251565918683,"Weakly structured"
"LBP",-0.5117,6.91368562232979e-08,2.59664004206778e-06,0.726,0.842,"P2N_Spatial","TLS","Rest","wilcox","Spatial",0.25,0.05,0.05,157,3499,TRUE,FALSE,2,10366,0.173438574590923,8.10822929574422e-75,74.0910739782242,"Weakly structured"
"SLC41A2",-0.5115,0.00294607540077639,0.0278640671573432,0.166,0.292,"P2N_Spatial","TLS","Rest","wilcox","Spatial",0.25,0.05,0.05,157,3499,TRUE,FALSE,2,10366,0.0290321139793053,0.00155018840328583,2.80961551632324,"Weakly structured"
"RACK1",0.5107,2.59990262948714e-12,1.89792891952561e-10,0.955,0.935,"P2N_Spatial","TLS","Rest","wilcox","Spatial",0.25,0.05,0.05,157,3499,TRUE,FALSE,2,10366,0.0775414638302872,2.91012072229621e-16,15.53608899454,"Weakly structured"
"H1FX",0.5101,0.000140052278278186,0.00237997035513389,0.745,0.667,"P2N_Spatial","TLS","Rest","wilcox","Spatial",0.25,0.05,0.05,157,3499,TRUE,FALSE,2,10366,0.0222066404028003,0.0125384249315152,1.90175701585892,"Weakly structured"
"CREB3L3",-0.5095,0.000149985362497622,0.00251985132520315,0.49,0.634,"P2N_Spatial","TLS","Rest","wilcox","Spatial",0.25,0.05,0.05,157,3499,TRUE,FALSE,2,10366,0.0834677658763482,1.40353273764355e-18,17.8527774529176,"Weakly structured"
"RPS15",0.5087,5.11903710071642e-10,2.62692765277358e-08,0.924,0.901,"P2N_Spatial","TLS","Rest","wilcox","Spatial",0.25,0.05,0.05,157,3499,TRUE,FALSE,2,10366,0.113218720123257,8.02019508131085e-33,32.095815067912,"Weakly structured"
"GC",-0.5072,2.7274594097643e-22,6.89581566868702e-20,0.987,0.997,"P2N_Spatial","TLS","Rest","wilcox","Spatial",0.25,0.05,0.05,157,3499,TRUE,FALSE,2,10366,0.359502479411653,8.0089236829729e-317,316.096425834108,"Spatially structured"
"FMO3",-0.5068,1.6006721628659e-06,4.53348842630271e-05,0.707,0.814,"P2N_Spatial","TLS","Rest","wilcox","Spatial",0.25,0.05,0.05,157,3499,TRUE,FALSE,2,10366,0.066669530733936,1.95308261573465e-12,11.7092793855914,"Weakly structured"
"CYP2E1",-0.5057,2.53088569829549e-17,3.40716378552351e-15,1,0.999,"P2N_Spatial","TLS","Rest","wilcox","Spatial",0.25,0.05,0.05,157,3499,TRUE,FALSE,2,10366,0.45699168997143,0,509.456250669894,"Spatially structured"
"HMOX1",-0.5036,0.00564075774952431,0.0456813240871633,0.159,0.276,"P2N_Spatial","TLS","Rest","wilcox","Spatial",0.25,0.05,0.05,157,3499,TRUE,FALSE,2,10366,0.00210351810201249,0.426627911645893,0.369950734734566,"Not structured"
"SORD",-0.5033,1.24644523670797e-06,3.60912048148459e-05,0.643,0.768,"P2N_Spatial","TLS","Rest","wilcox","Spatial",0.25,0.05,0.05,157,3499,TRUE,FALSE,2,10366,0.0811200415712926,1.22932594474594e-17,16.9103329525596,"Weakly structured"
"UGT2B15",-0.5031,0.000372872253373892,0.00537158627917842,0.395,0.557,"P2N_Spatial","TLS","Rest","wilcox","Spatial",0.25,0.05,0.05,157,3499,TRUE,FALSE,2,10366,0.12832405464056,1.08969582762004e-41,40.9626947119872,"Weakly structured"
"HPR",-0.5027,0.00151426972295973,0.0167523158465321,0.134,0.261,"P2N_Spatial","TLS","Rest","wilcox","Spatial",0.25,0.05,0.05,157,3499,TRUE,FALSE,2,10366,0.0915911798451426,4.7179894915914e-22,21.3262430307563,"Weakly structured"
"CES1",-0.5027,1.4046078430858e-19,2.4266941502379e-17,0.975,0.992,"P2N_Spatial","TLS","Rest","wilcox","Spatial",0.25,0.05,0.05,157,3499,TRUE,FALSE,2,10366,0.225501212404787,1.15027496626947e-125,124.939198331769,"Weakly structured"
"UBA52",0.5018,7.74062901613201e-13,6.12514201383392e-11,0.955,0.933,"P2N_Spatial","TLS","Rest","wilcox","Spatial",0.25,0.05,0.05,157,3499,TRUE,FALSE,2,10366,0.105846895030932,6.78285049418526e-29,28.1685877554347,"Weakly structured"
"RPL27",0.4995,9.6595410506615e-07,2.90234210235238e-05,0.86,0.807,"P2N_Spatial","TLS","Rest","wilcox","Spatial",0.25,0.05,0.05,157,3499,TRUE,FALSE,2,10366,0.078345086224469,1.47276386036946e-16,15.8318668813717,"Weakly structured"
"C8B",-0.4993,1.02189038075337e-08,4.27133697051993e-07,0.764,0.857,"P2N_Spatial","TLS","Rest","wilcox","Spatial",0.25,0.05,0.05,157,3499,TRUE,FALSE,2,10366,0.134308928513621,1.56838392846071e-45,44.8045476166502,"Weakly structured"
"FRK",-0.4984,0.00503288191237611,0.0415373040634481,0.102,0.2,"P2N_Spatial","TLS","Rest","wilcox","Spatial",0.25,0.05,0.05,157,3499,TRUE,FALSE,2,10366,0.0181940450450746,0.0339534047893342,1.46911666889224,"Weakly structured"
"RPS24",0.4965,7.89690187063272e-12,5.42114468814429e-10,0.898,0.888,"P2N_Spatial","TLS","Rest","wilcox","Spatial",0.25,0.05,0.05,157,3499,TRUE,FALSE,2,10366,0.0735711423430471,8.38629124408809e-15,14.0764300592346,"Weakly structured"
"RPL21",0.4951,7.10003257546124e-15,7.00942263592679e-13,0.975,0.954,"P2N_Spatial","TLS","Rest","wilcox","Spatial",0.25,0.05,0.05,157,3499,TRUE,FALSE,2,10366,0.126379009928393,1.5816371615902e-40,39.8008931395442,"Weakly structured"
"CFHR5",-0.4941,0.000890501998622297,0.0110154459638648,0.185,0.325,"P2N_Spatial","TLS","Rest","wilcox","Spatial",0.25,0.05,0.05,157,3499,TRUE,FALSE,2,10366,0.0313364028270694,0.00069795933433099,3.15616988022804,"Weakly structured"
"CALM3",0.4941,0.00162042363447735,0.0175888077434474,0.605,0.546,"P2N_Spatial","TLS","Rest","wilcox","Spatial",0.25,0.05,0.05,157,3499,TRUE,FALSE,2,10366,0.0300198977502048,0.00111124792072083,2.95418903863844,"Weakly structured"
"EPHX1",-0.4936,4.25501181653904e-10,2.20537262451218e-08,0.841,0.926,"P2N_Spatial","TLS","Rest","wilcox","Spatial",0.25,0.05,0.05,157,3499,TRUE,FALSE,2,10366,0.134103953512253,2.022015576385e-45,44.6942155031901,"Weakly structured"
"GSTZ1",-0.4922,0.00146280218445133,0.0163222900366227,0.261,0.414,"P2N_Spatial","TLS","Rest","wilcox","Spatial",0.25,0.05,0.05,157,3499,TRUE,FALSE,2,10366,0.0305348131552391,0.000930237098504486,3.0314063445122,"Weakly structured"
"HEXB",-0.4921,0.00222635802150121,0.0223628171035674,0.401,0.541,"P2N_Spatial","TLS","Rest","wilcox","Spatial",0.25,0.05,0.05,157,3499,TRUE,FALSE,2,10366,0.0299941914270894,0.0011198985204832,2.95082132910741,"Weakly structured"
"RPS23",0.4919,6.9773490982124e-07,2.19782869507311e-05,0.834,0.828,"P2N_Spatial","TLS","Rest","wilcox","Spatial",0.25,0.05,0.05,157,3499,TRUE,FALSE,2,10366,0.104457752371317,3.61149350600056e-28,27.4423131617287,"Weakly structured"
"RPL22",0.4919,4.1305492452701e-06,0.000107311462347042,0.841,0.788,"P2N_Spatial","TLS","Rest","wilcox","Spatial",0.25,0.05,0.05,157,3499,TRUE,FALSE,2,10366,0.0675985688863744,9.64954702473806e-13,12.0154930731095,"Weakly structured"
"TF",-0.4913,3.0616188223238e-27,1.13345502543602e-24,1,1,"P2N_Spatial","TLS","Rest","wilcox","Spatial",0.25,0.05,0.05,157,3499,TRUE,FALSE,2,10366,0.551667278115653,0,742.389313246333,"Spatially structured"
"PIPOX",-0.4911,0.000326794107778395,0.00486716626613626,0.376,0.554,"P2N_Spatial","TLS","Rest","wilcox","Spatial",0.25,0.05,0.05,157,3499,TRUE,FALSE,2,10366,0.0610336397716876,1.14092613048641e-10,9.94274247316343,"Weakly structured"
"ACAT1",-0.4909,9.39647753021811e-09,3.94347716915955e-07,0.815,0.867,"P2N_Spatial","TLS","Rest","wilcox","Spatial",0.25,0.05,0.05,157,3499,TRUE,FALSE,2,10366,0.116129606001469,1.91593845427851e-34,33.717618445882,"Weakly structured"
"PLG",-0.4887,2.04941139334459e-25,6.43763591012423e-23,0.994,0.997,"P2N_Spatial","TLS","Rest","wilcox","Spatial",0.25,0.05,0.05,157,3499,TRUE,FALSE,2,10366,0.295112989269843,3.40410152091935e-214,213.467997496379,"Weakly structured"
"HNRNPH1",0.4886,6.59047100271134e-05,0.00124123316768552,0.732,0.694,"P2N_Spatial","TLS","Rest","wilcox","Spatial",0.25,0.05,0.05,157,3499,TRUE,FALSE,2,10366,0.0105452117290471,0.149425036197955,0.825576630287185,"Not structured"
"NDUFS2",-0.4881,8.80690860261032e-05,0.00159415281568823,0.51,0.678,"P2N_Spatial","TLS","Rest","wilcox","Spatial",0.25,0.05,0.05,157,3499,TRUE,FALSE,2,10366,0.0500942537955129,1.10918112714832e-07,6.9549975286047,"Weakly structured"
"RPS8",0.4879,6.31870512944879e-12,4.36664649145774e-10,0.93,0.899,"P2N_Spatial","TLS","Rest","wilcox","Spatial",0.25,0.05,0.05,157,3499,TRUE,FALSE,2,10366,0.137144485827975,2.06032886622359e-47,46.686063452744,"Weakly structured"
"FAM162A",-0.4878,0.00620257469295999,0.0490927761801718,0.204,0.319,"P2N_Spatial","TLS","Rest","wilcox","Spatial",0.25,0.05,0.05,157,3499,TRUE,FALSE,2,10366,0.0246090600718342,0.00636088285956543,2.19648260220884,"Weakly structured"
"RPL5",0.4878,3.82310161346615e-06,0.000100584444987792,0.834,0.763,"P2N_Spatial","TLS","Rest","wilcox","Spatial",0.25,0.05,0.05,157,3499,TRUE,FALSE,2,10366,0.110962124336851,1.38858453861679e-31,30.8574276747635,"Weakly structured"
"LAMB2",0.4871,0.000136564759369686,0.00232833930201672,0.631,0.564,"P2N_Spatial","TLS","Rest","wilcox","Spatial",0.25,0.05,0.05,157,3499,TRUE,FALSE,2,10366,0.0608427016925645,1.29927651347035e-10,9.88629841205647,"Weakly structured"
"ALDH8A1",-0.4868,0.00107702060920215,0.0127885402462652,0.312,0.466,"P2N_Spatial","TLS","Rest","wilcox","Spatial",0.25,0.05,0.05,157,3499,TRUE,FALSE,2,10366,0.0348082642773609,0.000185880499662508,3.73076616877129,"Weakly structured"
"MT1X",-0.4854,8.8577356405852e-17,1.06766613546868e-14,0.987,0.99,"P2N_Spatial","TLS","Rest","wilcox","Spatial",0.25,0.05,0.05,157,3499,TRUE,FALSE,2,10366,0.269078355744503,3.29470214602052e-178,177.482183841218,"Weakly structured"
"PSMD7",-0.4847,0.00612281466547474,0.0486726202625085,0.166,0.276,"P2N_Spatial","TLS","Rest","wilcox","Spatial",0.25,0.05,0.05,157,3499,TRUE,FALSE,2,10366,-0.00365882595701452,0.657458309033571,0.182131781592166,"Not structured"
"IDH2",-0.4845,0.000341468671829046,0.0049995257799151,0.51,0.661,"P2N_Spatial","TLS","Rest","wilcox","Spatial",0.25,0.05,0.05,157,3499,TRUE,FALSE,2,10366,0.0349883033784741,0.000172997512012113,3.76196014269305,"Weakly structured"
"RPS3",0.484,1.55337020920826e-06,4.43587757263164e-05,0.841,0.823,"P2N_Spatial","TLS","Rest","wilcox","Spatial",0.25,0.05,0.05,157,3499,TRUE,FALSE,2,10366,0.0968815020845092,1.79388954816526e-24,23.7462043004776,"Weakly structured"
"PFN1",0.4836,1.90116856259489e-10,1.0106417087107e-08,0.955,0.915,"P2N_Spatial","TLS","Rest","wilcox","Spatial",0.25,0.05,0.05,157,3499,TRUE,FALSE,2,10366,0.0732980252761641,1.04497467117271e-14,13.9808942361589,"Weakly structured"
"TPM1",0.4827,5.22728052176984e-05,0.00102819715158759,0.752,0.666,"P2N_Spatial","TLS","Rest","wilcox","Spatial",0.25,0.05,0.05,157,3499,TRUE,FALSE,2,10366,0.0626834622033666,3.59511730169475e-11,10.4442869348645,"Weakly structured"
"APOH",-0.4826,1.19119241869187e-27,4.74919254313845e-25,0.994,0.999,"P2N_Spatial","TLS","Rest","wilcox","Spatial",0.25,0.05,0.05,157,3499,TRUE,FALSE,2,10366,0.382288806626537,0,357.448462562183,"Spatially structured"
"MT1H",-0.4815,9.17014841736496e-06,0.000223140278155881,0.682,0.799,"P2N_Spatial","TLS","Rest","wilcox","Spatial",0.25,0.05,0.05,157,3499,TRUE,FALSE,2,10366,0.232732766236788,1.90778212600712e-133,132.71947122443,"Weakly structured"
"RPS4X",0.4814,4.54476624752924e-09,1.99623080177492e-07,0.904,0.881,"P2N_Spatial","TLS","Rest","wilcox","Spatial",0.25,0.05,0.05,157,3499,TRUE,FALSE,2,10366,0.0976890080610976,7.42159026355882e-25,24.1295030261645,"Weakly structured"
"C8A",-0.4806,4.59716259282742e-09,2.01072520832274e-07,0.758,0.873,"P2N_Spatial","TLS","Rest","wilcox","Spatial",0.25,0.05,0.05,157,3499,TRUE,FALSE,2,10366,0.110890259421779,1.48704734428196e-31,30.827675204287,"Weakly structured"
"RPL10A",0.4795,6.26677534671826e-07,2.0111886453276e-05,0.822,0.8,"P2N_Spatial","TLS","Rest","wilcox","Spatial",0.25,0.05,0.05,157,3499,TRUE,FALSE,2,10366,0.0867091497085214,6.3324530275314e-20,19.1984280230075,"Weakly structured"
"CYP2C8",-0.4793,7.6026687568869e-20,1.33575024294728e-17,0.975,0.994,"P2N_Spatial","TLS","Rest","wilcox","Spatial",0.25,0.05,0.05,157,3499,TRUE,FALSE,2,10366,0.245466735247684,1.25952490365253e-148,147.899793241098,"Weakly structured"
"GRN",0.4786,7.29164985218308e-07,2.27666392673885e-05,0.866,0.819,"P2N_Spatial","TLS","Rest","wilcox","Spatial",0.25,0.05,0.05,157,3499,TRUE,FALSE,2,10366,0.0386299055225765,3.63811496200158e-05,4.4391235816403,"Weakly structured"
"AGXT",-0.4783,1.12421417295667e-16,1.32427319509873e-14,0.943,0.983,"P2N_Spatial","TLS","Rest","wilcox","Spatial",0.25,0.05,0.05,157,3499,TRUE,FALSE,2,10366,0.145240465063484,4.63750218072416e-53,52.3337158731556,"Weakly structured"
"CFHR1",-0.4782,2.93443557300075e-12,2.1271579824983e-10,0.917,0.941,"P2N_Spatial","TLS","Rest","wilcox","Spatial",0.25,0.05,0.05,157,3499,TRUE,FALSE,2,10366,0.147128785550188,2.40408423424707e-54,53.6190503196028,"Weakly structured"
"APOL1",-0.4782,0.00074109293376291,0.00940290006289637,0.503,0.639,"P2N_Spatial","TLS","Rest","wilcox","Spatial",0.25,0.05,0.05,157,3499,TRUE,FALSE,2,10366,0.0346003747015249,0.000202287234426009,3.69403152302885,"Weakly structured"
"KLKB1",-0.4778,8.54180767284511e-07,2.59660933538746e-05,0.459,0.694,"P2N_Spatial","TLS","Rest","wilcox","Spatial",0.25,0.05,0.05,157,3499,TRUE,FALSE,2,10366,0.0836363361574157,1.20031739314011e-18,17.9207039007329,"Weakly structured"
"AMDHD1",-0.4771,0.00289071464250084,0.0274406117071097,0.42,0.548,"P2N_Spatial","TLS","Rest","wilcox","Spatial",0.25,0.05,0.05,157,3499,TRUE,FALSE,2,10366,0.0425985736596686,5.82777231339188e-06,5.23449742412393,"Weakly structured"
"HMGCS2",-0.477,1.27147994849385e-15,1.40214480277524e-13,0.975,0.976,"P2N_Spatial","TLS","Rest","wilcox","Spatial",0.25,0.05,0.05,157,3499,TRUE,FALSE,2,10366,0.172345968844072,5.39998303402452e-74,73.2676076046661,"Weakly structured"
"RPS21",0.4763,2.39182929972085e-06,6.57657891801228e-05,0.841,0.796,"P2N_Spatial","TLS","Rest","wilcox","Spatial",0.25,0.05,0.05,157,3499,TRUE,FALSE,2,10366,0.100363948896876,3.88696629428316e-26,25.4103892253246,"Weakly structured"
"SSR3",0.4763,0.00220988402634588,0.0222404444826227,0.561,0.484,"P2N_Spatial","TLS","Rest","wilcox","Spatial",0.25,0.05,0.05,157,3499,TRUE,FALSE,2,10366,0.0124377153324165,0.109505093647311,0.96056567907528,"Not structured"
"MIR122HG",-0.4757,2.59970525726022e-07,8.92335917111239e-06,0.758,0.875,"P2N_Spatial","TLS","Rest","wilcox","Spatial",0.25,0.05,0.05,157,3499,TRUE,FALSE,2,10366,0.0891364182118352,5.79386298382428e-21,20.2370317794244,"Weakly structured"
"RPL3",0.4748,7.61521340877711e-11,4.43479225816762e-09,0.943,0.946,"P2N_Spatial","TLS","Rest","wilcox","Spatial",0.25,0.05,0.05,157,3499,TRUE,FALSE,2,10366,0.112863139676257,1.20384681823358e-32,31.9194287707428,"Weakly structured"
"TCEA3",-0.4743,0.0028377858681682,0.027012385959074,0.242,0.379,"P2N_Spatial","TLS","Rest","wilcox","Spatial",0.25,0.05,0.05,157,3499,TRUE,FALSE,2,10366,0.0340695617803839,0.000249944763423304,3.60215595769189,"Weakly structured"
"SORBS2",-0.4738,0.00133787860052283,0.0153073394845691,0.299,0.453,"P2N_Spatial","TLS","Rest","wilcox","Spatial",0.25,0.05,0.05,157,3499,TRUE,FALSE,2,10366,0.0277896537905412,0.00236600418177103,2.62598449211786,"Weakly structured"
"RPL7",0.4736,2.72857260778068e-13,2.24479235335353e-11,0.955,0.957,"P2N_Spatial","TLS","Rest","wilcox","Spatial",0.25,0.05,0.05,157,3499,TRUE,FALSE,2,10366,0.0915717975958218,4.74851879631195e-22,21.323441838566,"Weakly structured"
"EGR1",0.4736,4.01152300638821e-07,1.34140153174904e-05,0.822,0.756,"P2N_Spatial","TLS","Rest","wilcox","Spatial",0.25,0.05,0.05,157,3499,TRUE,FALSE,2,10366,0.29630766334051,2.5138989170037e-215,214.599652189128,"Weakly structured"
"PXDC1",-0.4734,0.00437119511143135,0.037355159542537,0.242,0.374,"P2N_Spatial","TLS","Rest","wilcox","Spatial",0.25,0.05,0.05,157,3499,TRUE,FALSE,2,10366,0.0350672646668554,0.000167428788239895,3.7761698659437,"Weakly structured"
"RPL35A",0.4729,3.61677957282967e-07,1.21331835119587e-05,0.86,0.855,"P2N_Spatial","TLS","Rest","wilcox","Spatial",0.25,0.05,0.05,157,3499,TRUE,FALSE,2,10366,0.0554413212439438,4.49761869837828e-09,8.3470173661991,"Weakly structured"
"BCKDHB",-0.4728,0.000451448529264762,0.00629915256871206,0.223,0.386,"P2N_Spatial","TLS","Rest","wilcox","Spatial",0.25,0.05,0.05,157,3499,TRUE,FALSE,2,10366,0.0135518626247437,0.089542564679126,1.04797047070709,"Not structured"
"RPS27A",0.4718,1.34046546915397e-05,0.000312956420118244,0.879,0.896,"P2N_Spatial","TLS","Rest","wilcox","Spatial",0.25,0.05,0.05,157,3499,TRUE,FALSE,2,10366,0.123099622423119,1.6255129570854e-38,37.7890095643602,"Weakly structured"
"ORM2",-0.4714,2.06264407535529e-29,1.06906842425665e-26,1,1,"P2N_Spatial","TLS","Rest","wilcox","Spatial",0.25,0.05,0.05,157,3499,TRUE,FALSE,2,10366,0.509256110415973,0,632.988890302401,"Spatially structured"
"ANXA10",-0.4713,0.00363663325546347,0.0324417730861741,0.102,0.203,"P2N_Spatial","TLS","Rest","wilcox","Spatial",0.25,0.05,0.05,157,3499,TRUE,FALSE,2,10366,0.0258646039606191,0.00436874868462341,2.35964293767096,"Weakly structured"
"IRF6",-0.4705,0.00504343305029883,0.0415912704848032,0.14,0.25,"P2N_Spatial","TLS","Rest","wilcox","Spatial",0.25,0.05,0.05,157,3499,TRUE,FALSE,2,10366,0.0112942133189415,0.132558234837726,0.877593287670638,"Not structured"
"SLC9A3R2",-0.47,0.00209583600834114,0.0214466298741009,0.306,0.453,"P2N_Spatial","TLS","Rest","wilcox","Spatial",0.25,0.05,0.05,157,3499,TRUE,FALSE,2,10366,0.0224882285285774,0.0116899345717018,1.9321879195677,"Weakly structured"
"HAL",-0.4698,9.53855446119581e-06,0.000231020223235411,0.656,0.807,"P2N_Spatial","TLS","Rest","wilcox","Spatial",0.25,0.05,0.05,157,3499,TRUE,FALSE,2,10366,0.110734545152652,1.82984535536008e-31,30.7375856119918,"Weakly structured"
"GLUD1",-0.4689,6.83146240827916e-06,0.000168606998391004,0.682,0.798,"P2N_Spatial","TLS","Rest","wilcox","Spatial",0.25,0.05,0.05,157,3499,TRUE,FALSE,2,10366,0.0883160785871498,1.32474043499142e-20,19.8778692075339,"Weakly structured"
"TLN1",0.4682,0.000694828250736575,0.00893621544309595,0.586,0.51,"P2N_Spatial","TLS","Rest","wilcox","Spatial",0.25,0.05,0.05,157,3499,TRUE,FALSE,2,10366,0.0557117437743717,3.80200733945268e-09,8.41998704910111,"Weakly structured"
"RGN",-0.4679,0.00052001630773407,0.00709274874469916,0.459,0.597,"P2N_Spatial","TLS","Rest","wilcox","Spatial",0.25,0.05,0.05,157,3499,TRUE,FALSE,2,10366,0.0668922967083498,1.66155759472011e-12,11.7794846001357,"Weakly structured"
"NPC2",0.4676,0.00494996871459095,0.041114884371354,0.592,0.549,"P2N_Spatial","TLS","Rest","wilcox","Spatial",0.25,0.05,0.05,157,3499,TRUE,FALSE,2,10366,0.0376231699283385,5.71545464558043e-05,4.24294921719987,"Weakly structured"
"ADH1C",-0.4668,0.000152364520162921,0.00255155188369764,0.529,0.679,"P2N_Spatial","TLS","Rest","wilcox","Spatial",0.25,0.05,0.05,157,3499,TRUE,FALSE,2,10366,0.146365740900079,9.49437966733201e-54,53.0225334054247,"Weakly structured"
"SLC7A2",-0.4666,0.000562351119519028,0.00752994103315392,0.49,0.633,"P2N_Spatial","TLS","Rest","wilcox","Spatial",0.25,0.05,0.05,157,3499,TRUE,FALSE,2,10366,0.0590634996501548,4.34581255665024e-10,9.3619290095774,"Weakly structured"
"HAMP",-0.4659,2.54178524296964e-13,2.10785166628986e-11,0.987,0.999,"P2N_Spatial","TLS","Rest","wilcox","Spatial",0.25,0.05,0.05,157,3499,TRUE,FALSE,2,10366,0.55990257985877,0,764.344027048208,"Spatially structured"
"GLYCTK",-0.4657,0.000405272610562421,0.00577861881855578,0.58,0.704,"P2N_Spatial","TLS","Rest","wilcox","Spatial",0.25,0.05,0.05,157,3499,TRUE,FALSE,2,10366,0.0487700290284789,2.34800666743335e-07,6.62930067419384,"Weakly structured"
"MAT1A",-0.4655,1.23049233747018e-12,9.44835820015995e-11,0.936,0.961,"P2N_Spatial","TLS","Rest","wilcox","Spatial",0.25,0.05,0.05,157,3499,TRUE,FALSE,2,10366,0.157789165311385,2.87927074554914e-62,61.540717495327,"Weakly structured"
"PODN",0.4651,0.00395034717363491,0.0346147918866436,0.338,0.249,"P2N_Spatial","TLS","Rest","wilcox","Spatial",0.25,0.05,0.05,157,3499,TRUE,FALSE,2,10366,0.0875545958397265,2.70246764427036e-20,19.5682394970042,"Weakly structured"
"ACTG1",0.4636,3.99226241799267e-13,3.23310876757125e-11,0.981,0.977,"P2N_Spatial","TLS","Rest","wilcox","Spatial",0.25,0.05,0.05,157,3499,TRUE,FALSE,2,10366,0.153289851304139,7.48076472915989e-59,58.1260540036492,"Weakly structured"
"RPL12",0.4632,1.67434401776117e-08,6.83316932602845e-07,0.873,0.837,"P2N_Spatial","TLS","Rest","wilcox","Spatial",0.25,0.05,0.05,157,3499,TRUE,FALSE,2,10366,0.155208181099999,3.10393187594053e-60,59.5080878190594,"Weakly structured"
"APOA5",-0.4628,1.06238210833478e-09,5.09845043286961e-08,0.86,0.909,"P2N_Spatial","TLS","Rest","wilcox","Spatial",0.25,0.05,0.05,157,3499,TRUE,FALSE,2,10366,0.127088469643276,5.9942668790781e-41,40.2222639251323,"Weakly structured"
"RPS25",0.4625,7.46355565759377e-06,0.000183334639683927,0.803,0.754,"P2N_Spatial","TLS","Rest","wilcox","Spatial",0.25,0.05,0.05,157,3499,TRUE,FALSE,2,10366,0.101992678224255,6.29440391281408e-27,26.2010453917886,"Weakly structured"
"PYGL",-0.4624,0.000979876085471265,0.0118939057400411,0.274,0.429,"P2N_Spatial","TLS","Rest","wilcox","Spatial",0.25,0.05,0.05,157,3499,TRUE,FALSE,2,10366,0.0225882370046383,0.0114152107314873,1.94251606676881,"Weakly structured"
"SLC27A5",-0.4608,2.2675213878382e-06,6.26803378835487e-05,0.707,0.837,"P2N_Spatial","TLS","Rest","wilcox","Spatial",0.25,0.05,0.05,157,3499,TRUE,FALSE,2,10366,0.079139608913565,7.25594614157897e-17,16.1393059495563,"Weakly structured"
"ADH4",-0.4596,9.77500047333543e-11,5.6293141614775e-09,0.917,0.939,"P2N_Spatial","TLS","Rest","wilcox","Spatial",0.25,0.05,0.05,157,3499,TRUE,FALSE,2,10366,0.159103655524171,2.97298806552083e-63,62.5268068341818,"Weakly structured"
"ABHD2",-0.4596,1.56124342384103e-05,0.000357259367142078,0.592,0.73,"P2N_Spatial","TLS","Rest","wilcox","Spatial",0.25,0.05,0.05,157,3499,TRUE,FALSE,2,10366,0.0926542627587302,1.63576254121124e-22,21.7862797413289,"Weakly structured"
"APCS",-0.4596,7.70152538712269e-14,6.76559425109439e-12,0.955,0.972,"P2N_Spatial","TLS","Rest","wilcox","Spatial",0.25,0.05,0.05,157,3499,TRUE,FALSE,2,10366,0.17936501588966,5.10605280296045e-80,79.2919146983614,"Weakly structured"
"RPS16",0.4591,3.07433158098943e-08,1.21173084291013e-06,0.885,0.895,"P2N_Spatial","TLS","Rest","wilcox","Spatial",0.25,0.05,0.05,157,3499,TRUE,FALSE,2,10366,0.0768294858515075,5.37695867826212e-16,15.2694633010478,"Weakly structured"
"RPLP1",0.4588,3.14661276767957e-11,2.06441695884598e-09,0.962,0.947,"P2N_Spatial","TLS","Rest","wilcox","Spatial",0.25,0.05,0.05,157,3499,TRUE,FALSE,2,10366,0.115322671354786,5.20159241231953e-34,33.2838636813627,"Weakly structured"
"TOB1",-0.4588,0.000560252450854362,0.00751303610033158,0.414,0.572,"P2N_Spatial","TLS","Rest","wilcox","Spatial",0.25,0.05,0.05,157,3499,TRUE,FALSE,2,10366,0.0456603528918898,1.24606168153626e-06,5.904460459051,"Weakly structured"
"ASB13",-0.458,0.0011247180733199,0.0132336294529332,0.185,0.332,"P2N_Spatial","TLS","Rest","wilcox","Spatial",0.25,0.05,0.05,157,3499,TRUE,FALSE,2,10366,0.0107615622680369,0.144211956416002,0.840998731362559,"Not structured"
"CRP",-0.4579,1.72808110758034e-12,1.2980644029839e-10,0.994,0.999,"P2N_Spatial","TLS","Rest","wilcox","Spatial",0.25,0.05,0.05,157,3499,TRUE,FALSE,2,10366,0.508871217687173,0,631.613233378494,"Spatially structured"
"TUBB",0.457,0.00417447557591701,0.0359407091527871,0.669,0.646,"P2N_Spatial","TLS","Rest","wilcox","Spatial",0.25,0.05,0.05,157,3499,TRUE,FALSE,2,10366,0.0324001628317647,0.000476406481729067,3.3220223383731,"Weakly structured"
"HYAL1",-0.4565,0.00362739793207151,0.0324388387230764,0.242,0.377,"P2N_Spatial","TLS","Rest","wilcox","Spatial",0.25,0.05,0.05,157,3499,TRUE,FALSE,2,10366,0.0451780612564306,1.59902531557756e-06,5.79614466050104,"Weakly structured"
"RPL39",0.4563,1.60621725999456e-13,1.35366244854501e-11,0.962,0.958,"P2N_Spatial","TLS","Rest","wilcox","Spatial",0.25,0.05,0.05,157,3499,TRUE,FALSE,2,10366,0.0881905465820112,1.43775291277426e-20,19.8423157438829,"Weakly structured"
"SERPINA11",-0.4562,8.89287650235248e-10,4.30764288894326e-08,0.847,0.91,"P2N_Spatial","TLS","Rest","wilcox","Spatial",0.25,0.05,0.05,157,3499,TRUE,FALSE,2,10366,0.149671782688727,3.63414726833093e-56,55.4395974775432,"Weakly structured"
"STEAP3",-0.4562,0.00035019192450911,0.0051170012362572,0.459,0.618,"P2N_Spatial","TLS","Rest","wilcox","Spatial",0.25,0.05,0.05,157,3499,TRUE,FALSE,2,10366,0.0506171190882938,8.25435242238707e-08,7.08331699271198,"Weakly structured"
"RPS9",0.4554,4.18323881603185e-07,1.38985428099315e-05,0.873,0.879,"P2N_Spatial","TLS","Rest","wilcox","Spatial",0.25,0.05,0.05,157,3499,TRUE,FALSE,2,10366,0.0769604129770876,4.83049231336376e-16,15.3160086046354,"Weakly structured"
"RPL9",0.4553,6.96401434422065e-16,7.84662746654253e-14,0.949,0.975,"P2N_Spatial","TLS","Rest","wilcox","Spatial",0.25,0.05,0.05,157,3499,TRUE,FALSE,2,10366,0.102861245325874,2.16806015663876e-27,26.6639286717029,"Weakly structured"
"ANGPTL3",-0.4546,2.76697481221027e-05,0.000587755346380567,0.732,0.808,"P2N_Spatial","TLS","Rest","wilcox","Spatial",0.25,0.05,0.05,157,3499,TRUE,FALSE,2,10366,0.0872437889697912,3.77472324388228e-20,19.4231148845807,"Weakly structured"
"APOB",-0.4534,7.26632066460906e-21,1.53719755121097e-18,1,0.999,"P2N_Spatial","TLS","Rest","wilcox","Spatial",0.25,0.05,0.05,157,3499,TRUE,FALSE,2,10366,0.328479885749858,1.44601137444409e-264,263.839828290832,"Spatially structured"
"HADH",-0.4528,0.000123236079591611,0.00213622943318836,0.344,0.535,"P2N_Spatial","TLS","Rest","wilcox","Spatial",0.25,0.05,0.05,157,3499,TRUE,FALSE,2,10366,0.0410071125100598,1.24360140018975e-05,4.9053187976498,"Weakly structured"
"HSPD1",-0.4515,0.00149224004995055,0.0165793787328911,0.522,0.641,"P2N_Spatial","TLS","Rest","wilcox","Spatial",0.25,0.05,0.05,157,3499,TRUE,FALSE,2,10366,0.0456726045369732,1.24037572684479e-06,5.90644674114522,"Weakly structured"
"HNRNPA3",0.4512,0.00416810367799287,0.0359156797390475,0.561,0.509,"P2N_Spatial","TLS","Rest","wilcox","Spatial",0.25,0.05,0.05,157,3499,TRUE,FALSE,2,10366,0.0157874543453114,0.0576582638321461,1.23913843894175,"Not structured"
"RPS10",0.4503,0.000533255803277107,0.00723228450511411,0.745,0.686,"P2N_Spatial","TLS","Rest","wilcox","Spatial",0.25,0.05,0.05,157,3499,TRUE,FALSE,2,10366,0.0753291753311853,1.94863150840266e-15,14.7102702794036,"Weakly structured"
"TDO2",-0.4499,3.72747560191276e-08,1.45259443945217e-06,0.783,0.882,"P2N_Spatial","TLS","Rest","wilcox","Spatial",0.25,0.05,0.05,157,3499,TRUE,FALSE,2,10366,0.0905756524682175,1.35380487822382e-21,20.8684439253238,"Weakly structured"
"BAAT",-0.4498,1.41102652709596e-05,0.000326013955983013,0.675,0.81,"P2N_Spatial","TLS","Rest","wilcox","Spatial",0.25,0.05,0.05,157,3499,TRUE,FALSE,2,10366,0.0873964841702226,3.25413734486246e-20,19.4875641210804,"Weakly structured"
"CPB2",-0.4496,6.20796668536723e-06,0.000153951633159131,0.611,0.77,"P2N_Spatial","TLS","Rest","wilcox","Spatial",0.25,0.05,0.05,157,3499,TRUE,FALSE,2,10366,0.118255654458301,1.19727529872574e-35,34.9218059774377,"Weakly structured"
"TLE5",0.4484,0.00123105604408785,0.0142264514526362,0.701,0.677,"P2N_Spatial","TLS","Rest","wilcox","Spatial",0.25,0.05,0.05,157,3499,TRUE,FALSE,2,10366,0.0203891602937131,0.020078576105621,1.6972670889074,"Weakly structured"
"MT-CO1",-0.4477,7.81749445894297e-17,9.53366441898857e-15,0.987,0.999,"P2N_Spatial","TLS","Rest","wilcox","Spatial",0.25,0.05,0.05,157,3499,TRUE,FALSE,2,10366,0.267301913605288,8.5082777114156e-176,175.070158343103,"Weakly structured"
"LINC01093",-0.4473,0.00546129358686247,0.0445370587569697,0.293,0.425,"P2N_Spatial","TLS","Rest","wilcox","Spatial",0.25,0.05,0.05,157,3499,TRUE,FALSE,2,10366,0.0533136062435424,1.6788260913542e-08,7.77499428985184,"Weakly structured"
"SCARB1",-0.4469,9.28870017318934e-05,0.0016745507129614,0.439,0.608,"P2N_Spatial","TLS","Rest","wilcox","Spatial",0.25,0.05,0.05,157,3499,TRUE,FALSE,2,10366,0.0551079106600347,5.56916233437644e-09,8.25421012276451,"Weakly structured"
"GADD45G",-0.4466,0.00100503929914461,0.012128332217617,0.567,0.662,"P2N_Spatial","TLS","Rest","wilcox","Spatial",0.25,0.05,0.05,157,3499,TRUE,FALSE,2,10366,0.0605085565009512,1.63610322364066e-10,9.78618929966021,"Weakly structured"
"RPL37A",0.4462,3.99609074953938e-15,4.10133432769556e-13,0.975,0.961,"P2N_Spatial","TLS","Rest","wilcox","Spatial",0.25,0.05,0.05,157,3499,TRUE,FALSE,2,10366,0.143998284407525,3.9578965040016e-52,51.4025355664532,"Weakly structured"
"HRG",-0.4449,1.02193375927071e-16,1.21762820098853e-14,0.987,0.992,"P2N_Spatial","TLS","Rest","wilcox","Spatial",0.25,0.05,0.05,157,3499,TRUE,FALSE,2,10366,0.206848715527993,5.72027961758565e-106,105.24258274159,"Weakly structured"
"RPS27",0.4446,1.05876631875371e-15,1.18012598496785e-13,0.981,0.987,"P2N_Spatial","TLS","Rest","wilcox","Spatial",0.25,0.05,0.05,157,3499,TRUE,FALSE,2,10366,0.207100814965373,4.04029166659595e-106,105.39358728226,"Weakly structured"
"RPL27A",0.4446,2.87222804392133e-10,1.5113459849385e-08,0.904,0.898,"P2N_Spatial","TLS","Rest","wilcox","Spatial",0.25,0.05,0.05,157,3499,TRUE,FALSE,2,10366,0.0764707805524311,7.31834943433718e-16,15.1355868577927,"Weakly structured"
"APOC2",-0.4442,2.66766883951863e-26,9.21768506348337e-24,0.994,0.999,"P2N_Spatial","TLS","Rest","wilcox","Spatial",0.25,0.05,0.05,157,3499,TRUE,FALSE,2,10366,0.289002362702884,1.43417153006646e-205,204.843398902987,"Weakly structured"
"SURF4",-0.4436,0.00133408530287486,0.0152808046956914,0.484,0.635,"P2N_Spatial","TLS","Rest","wilcox","Spatial",0.25,0.05,0.05,157,3499,TRUE,FALSE,2,10366,0.0296639706709888,0.00125455185888642,2.90151138172864,"Weakly structured"
"CFI",-0.4431,3.47113187058277e-06,9.20249436584679e-05,0.669,0.775,"P2N_Spatial","TLS","Rest","wilcox","Spatial",0.25,0.05,0.05,157,3499,TRUE,FALSE,2,10366,0.077688890275687,2.61173209165401e-16,15.5830713745194,"Weakly structured"
"MT-ND2",-0.4422,5.78456554806079e-13,4.64827957141071e-11,0.975,0.995,"P2N_Spatial","TLS","Rest","wilcox","Spatial",0.25,0.05,0.05,157,3499,TRUE,FALSE,2,10366,0.242611112467176,4.43710496565837e-145,144.352900297345,"Weakly structured"
"LRG1",-0.4422,1.15233154536917e-09,5.50463999967595e-08,0.879,0.92,"P2N_Spatial","TLS","Rest","wilcox","Spatial",0.25,0.05,0.05,157,3499,TRUE,FALSE,2,10366,0.168480860709247,1.0020632268029e-70,69.9991048750902,"Weakly structured"
"RHOC",0.4417,0.00127792881416864,0.0146862639552906,0.631,0.589,"P2N_Spatial","TLS","Rest","wilcox","Spatial",0.25,0.05,0.05,157,3499,TRUE,FALSE,2,10366,0.0314068015120727,0.000682380372700872,3.16597347326828,"Weakly structured"
"NOP53",0.4408,8.069546656623e-05,0.00148051186977972,0.72,0.702,"P2N_Spatial","TLS","Rest","wilcox","Spatial",0.25,0.05,0.05,157,3499,TRUE,FALSE,2,10366,0.0683436269200189,5.48366202470458e-13,12.2609293199892,"Weakly structured"
"C2",-0.4386,3.7979317902503e-08,1.47450790028969e-06,0.86,0.917,"P2N_Spatial","TLS","Rest","wilcox","Spatial",0.25,0.05,0.05,157,3499,TRUE,FALSE,2,10366,0.120960466624468,2.98590297193096e-37,36.5249243089484,"Weakly structured"
"FGA",-0.4378,6.68276723505858e-29,3.14879841630078e-26,0.994,1,"P2N_Spatial","TLS","Rest","wilcox","Spatial",0.25,0.05,0.05,157,3499,TRUE,FALSE,2,10366,0.554286254036464,0,750.239089449107,"Spatially structured"
"APOL6",-0.4368,0.000290941038096492,0.00443513941310034,0.35,0.521,"P2N_Spatial","TLS","Rest","wilcox","Spatial",0.25,0.05,0.05,157,3499,TRUE,FALSE,2,10366,0.0290073228757868,0.00156528325716108,2.80540706010435,"Weakly structured"
"C4BPB",-0.4366,1.35350349423961e-06,3.89989294263551e-05,0.796,0.858,"P2N_Spatial","TLS","Rest","wilcox","Spatial",0.25,0.05,0.05,157,3499,TRUE,FALSE,2,10366,0.0736989442848724,7.57272523249442e-15,14.1207478007584,"Weakly structured"
"EIF2S3",0.4365,0.00060261934102277,0.00795764597330195,0.618,0.526,"P2N_Spatial","TLS","Rest","wilcox","Spatial",0.25,0.05,0.05,157,3499,TRUE,FALSE,2,10366,0.00301464962591287,0.392741097565062,0.405893650520167,"Not structured"
"COX7B",-0.4364,0.00121323903962438,0.0140362007642258,0.465,0.615,"P2N_Spatial","TLS","Rest","wilcox","Spatial",0.25,0.05,0.05,157,3499,TRUE,FALSE,2,10366,0.0365943739354031,8.9145732462762e-05,4.04989944230618,"Weakly structured"
"HNRNPA1",0.4358,0.00109613062786726,0.0129413326747973,0.726,0.721,"P2N_Spatial","TLS","Rest","wilcox","Spatial",0.25,0.05,0.05,157,3499,TRUE,FALSE,2,10366,0.0484240273090677,2.84581265484214e-07,6.54579369372691,"Weakly structured"
"PTMS",-0.4356,3.07427183359762e-07,1.0448492402319e-05,0.834,0.891,"P2N_Spatial","TLS","Rest","wilcox","Spatial",0.25,0.05,0.05,157,3499,TRUE,FALSE,2,10366,0.0435364144317318,3.64738721262056e-06,5.43801812882282,"Weakly structured"
"AADAC",-0.4355,2.14504442952428e-05,0.000469104020178242,0.72,0.793,"P2N_Spatial","TLS","Rest","wilcox","Spatial",0.25,0.05,0.05,157,3499,TRUE,FALSE,2,10366,0.100500656671603,3.36607586377937e-26,25.472876100229,"Weakly structured"
"ANXA2",0.4354,0.00582914826952922,0.046873951206645,0.554,0.542,"P2N_Spatial","TLS","Rest","wilcox","Spatial",0.25,0.05,0.05,157,3499,TRUE,FALSE,2,10366,0.0547111591238698,7.13264210549294e-09,8.14674956702222,"Weakly structured"
"CAT",-0.4353,1.3543907576199e-06,3.89989294263551e-05,0.764,0.857,"P2N_Spatial","TLS","Rest","wilcox","Spatial",0.25,0.05,0.05,157,3499,TRUE,FALSE,2,10366,0.0688277219942382,3.78416153760939e-13,12.4220303327895,"Weakly structured"
"TIMP1",0.4351,1.81647717316554e-05,0.000405810396056766,0.911,0.935,"P2N_Spatial","TLS","Rest","wilcox","Spatial",0.25,0.05,0.05,157,3499,TRUE,FALSE,2,10366,0.196128334973573,2.77213838921718e-95,94.5571850929011,"Weakly structured"
"F5",-0.4344,0.000250187934210767,0.00392352212712377,0.465,0.622,"P2N_Spatial","TLS","Rest","wilcox","Spatial",0.25,0.05,0.05,157,3499,TRUE,FALSE,2,10366,0.058894987340525,4.83613215247917e-10,9.31550184008829,"Weakly structured"
"PERP",-0.4333,0.00191129630143306,0.0200126236976314,0.408,0.561,"P2N_Spatial","TLS","Rest","wilcox","Spatial",0.25,0.05,0.05,157,3499,TRUE,FALSE,2,10366,0.0524191652969835,2.88485741105975e-08,7.53987564771459,"Weakly structured"
"HSD11B1",-0.4331,0.000230516901089851,0.00364258871447774,0.535,0.676,"P2N_Spatial","TLS","Rest","wilcox","Spatial",0.25,0.05,0.05,157,3499,TRUE,FALSE,2,10366,0.0748009623439134,3.04530575251107e-15,14.5163690971322,"Weakly structured"
"FGB",-0.433,6.23435638163968e-35,6.46253382520769e-32,1,1,"P2N_Spatial","TLS","Rest","wilcox","Spatial",0.25,0.05,0.05,157,3499,TRUE,FALSE,2,10366,0.594108742611905,0,859.987266168723,"Spatially structured"
"SCARB2",-0.4328,0.000465795773106339,0.00643791864536042,0.35,0.523,"P2N_Spatial","TLS","Rest","wilcox","Spatial",0.25,0.05,0.05,157,3499,TRUE,FALSE,2,10366,0.0201441090942795,0.0213440535848433,1.67072309745374,"Weakly structured"
"SLPI",-0.4323,0.0026397677291395,0.0255497967135949,0.344,0.489,"P2N_Spatial","TLS","Rest","wilcox","Spatial",0.25,0.05,0.05,157,3499,TRUE,FALSE,2,10366,0.0782789127564388,1.56139491581314e-16,15.8064872391111,"Weakly structured"
"FMO5",-0.4316,5.79966085534382e-05,0.0011216284407928,0.643,0.759,"P2N_Spatial","TLS","Rest","wilcox","Spatial",0.25,0.05,0.05,157,3499,TRUE,FALSE,2,10366,0.0479914891357418,3.60919091177425e-07,6.44259014489056,"Weakly structured"
"GSN",0.4314,0.000207400504705594,0.00333319942911347,0.758,0.723,"P2N_Spatial","TLS","Rest","wilcox","Spatial",0.25,0.05,0.05,157,3499,TRUE,FALSE,2,10366,0.150069239866193,2.01607552806384e-56,55.695493201985,"Weakly structured"
"RPL31",0.4313,1.7542808117319e-07,6.16436437098742e-06,0.936,0.907,"P2N_Spatial","TLS","Rest","wilcox","Spatial",0.25,0.05,0.05,157,3499,TRUE,FALSE,2,10366,0.101235529158217,1.45835269922542e-26,25.8361374301996,"Weakly structured"
"FABP1",-0.4311,2.09093977477227e-23,5.55761069366395e-21,1,0.999,"P2N_Spatial","TLS","Rest","wilcox","Spatial",0.25,0.05,0.05,157,3499,TRUE,FALSE,2,10366,0.395714816665236,0,382.708327635851,"Spatially structured"
"MFSD2A",-0.4287,2.43039896075713e-05,0.000523773713663377,0.713,0.815,"P2N_Spatial","TLS","Rest","wilcox","Spatial",0.25,0.05,0.05,157,3499,TRUE,FALSE,2,10366,0.120661244108818,4.66887698519856e-37,36.3307875686379,"Weakly structured"
"C1QA",0.4283,1.25467809207149e-07,4.43890549570411e-06,0.911,0.889,"P2N_Spatial","TLS","Rest","wilcox","Spatial",0.25,0.05,0.05,157,3499,TRUE,FALSE,2,10366,0.10693248245068,1.88905638303284e-29,28.7237550794129,"Weakly structured"
"RPL38",0.4279,2.1116337566414e-05,0.000465005435932215,0.86,0.855,"P2N_Spatial","TLS","Rest","wilcox","Spatial",0.25,0.05,0.05,157,3499,TRUE,FALSE,2,10366,0.111477157728128,7.27754282590128e-32,31.1380152302041,"Weakly structured"
"RPL29",0.4278,2.8912401433799e-07,9.8587484625908e-06,0.93,0.897,"P2N_Spatial","TLS","Rest","wilcox","Spatial",0.25,0.05,0.05,157,3499,TRUE,FALSE,2,10366,0.0630505591110031,2.75137611895834e-11,10.5604500365741,"Weakly structured"
"SLC35D1",-0.4271,0.00445412445374632,0.0379075977730167,0.223,0.357,"P2N_Spatial","TLS","Rest","wilcox","Spatial",0.25,0.05,0.05,157,3499,TRUE,FALSE,2,10366,0.0272475363046151,0.00283150818290959,2.54798217894745,"Weakly structured"
"RPL36A",0.4265,6.38986693482583e-05,0.00121313847337737,0.771,0.749,"P2N_Spatial","TLS","Rest","wilcox","Spatial",0.25,0.05,0.05,157,3499,TRUE,FALSE,2,10366,0.076000469417072,1.10091197004619e-15,14.9582474062341,"Weakly structured"
"ITGB1",0.4264,0.00265818447659607,0.0256692070189241,0.688,0.666,"P2N_Spatial","TLS","Rest","wilcox","Spatial",0.25,0.05,0.05,157,3499,TRUE,FALSE,2,10366,0.0308472767273169,0.000835073807207088,3.07827513811378,"Weakly structured"
"AZGP1",-0.4262,3.08074974826759e-11,2.03407973825107e-09,0.949,0.973,"P2N_Spatial","TLS","Rest","wilcox","Spatial",0.25,0.05,0.05,157,3499,TRUE,FALSE,2,10366,0.153236554324617,7.9317056342569e-59,58.100633411939,"Weakly structured"
"RNASE4",-0.4256,2.12795558955078e-06,5.91377684752907e-05,0.777,0.849,"P2N_Spatial","TLS","Rest","wilcox","Spatial",0.25,0.05,0.05,157,3499,TRUE,FALSE,2,10366,0.0794590564939127,5.4835458407797e-17,16.2609385216088,"Weakly structured"
"UGT2B4",-0.4245,0.00233813679621639,0.0232274372700952,0.554,0.658,"P2N_Spatial","TLS","Rest","wilcox","Spatial",0.25,0.05,0.05,157,3499,TRUE,FALSE,2,10366,0.111923241918398,4.25484019551086e-32,31.3711167466278,"Weakly structured"
"RBP4",-0.4243,6.57283915190621e-28,2.83891877702749e-25,1,1,"P2N_Spatial","TLS","Rest","wilcox","Spatial",0.25,0.05,0.05,157,3499,TRUE,FALSE,2,10366,0.32480394807648,1.04357912750686e-258,257.981474615754,"Spatially structured"
"IVD",-0.4229,0.00321384940586777,0.0298519381193775,0.439,0.566,"P2N_Spatial","TLS","Rest","wilcox","Spatial",0.25,0.05,0.05,157,3499,TRUE,FALSE,2,10366,0.0463788028362398,8.53386516402886e-07,6.06885422332119,"Weakly structured"
"UPB1",-0.4218,0.00487936721912119,0.0407242516855155,0.369,0.515,"P2N_Spatial","TLS","Rest","wilcox","Spatial",0.25,0.05,0.05,157,3499,TRUE,FALSE,2,10366,0.0682424801393104,5.89079654639974e-13,12.2298259764665,"Weakly structured"
"ACAA2",-0.4214,5.20136365044446e-11,3.20936521431591e-09,0.924,0.967,"P2N_Spatial","TLS","Rest","wilcox","Spatial",0.25,0.05,0.05,157,3499,TRUE,FALSE,2,10366,0.116711979857216,8.31646147036895e-35,34.0800614201974,"Weakly structured"
"RPL24",0.4204,0.000309303386218443,0.00466701441272253,0.796,0.753,"P2N_Spatial","TLS","Rest","wilcox","Spatial",0.25,0.05,0.05,157,3499,TRUE,FALSE,2,10366,0.0403916586168916,1.64112046777338e-05,4.78485953803957,"Weakly structured"
"CYP2A6",-0.4195,3.60628902267554e-06,9.53642653292211e-05,0.459,0.672,"P2N_Spatial","TLS","Rest","wilcox","Spatial",0.25,0.05,0.05,157,3499,TRUE,FALSE,2,10366,0.0773727445455895,3.41853377896745e-16,15.4661601244237,"Weakly structured"
"RPS29",0.4188,5.32334947677259e-10,2.71831727469087e-08,0.955,0.961,"P2N_Spatial","TLS","Rest","wilcox","Spatial",0.25,0.05,0.05,157,3499,TRUE,FALSE,2,10366,0.103116666735409,1.6399419035367e-27,26.7851715369647,"Weakly structured"
"SCP2",-0.4177,1.56975398023254e-08,6.43164812612272e-07,0.866,0.921,"P2N_Spatial","TLS","Rest","wilcox","Spatial",0.25,0.05,0.05,157,3499,TRUE,FALSE,2,10366,0.0992648132387813,1.2882397470464e-25,24.8900033053535,"Weakly structured"
"APOC3",-0.4177,9.02013624192918e-40,1.5583788713973e-36,1,1,"P2N_Spatial","TLS","Rest","wilcox","Spatial",0.25,0.05,0.05,157,3499,TRUE,FALSE,2,10366,0.4832301566936,0,569.633158133665,"Spatially structured"
"CYB5A",-0.4171,1.9849748285316e-08,8.0375972939682e-07,0.873,0.919,"P2N_Spatial","TLS","Rest","wilcox","Spatial",0.25,0.05,0.05,157,3499,TRUE,FALSE,2,10366,0.10044677017466,3.4441487960951e-26,25.4629180941733,"Weakly structured"
"RPLP0",0.4159,5.54421781666172e-08,2.11291771645277e-06,0.911,0.931,"P2N_Spatial","TLS","Rest","wilcox","Spatial",0.25,0.05,0.05,157,3499,TRUE,FALSE,2,10366,0.0832397036390514,1.68877697298118e-18,17.7724277014054,"Weakly structured"
"ECHS1",-0.4156,6.13976041690729e-06,0.000152992203080916,0.783,0.851,"P2N_Spatial","TLS","Rest","wilcox","Spatial",0.25,0.05,0.05,157,3499,TRUE,FALSE,2,10366,0.100440946904994,3.54285889160834e-26,25.4506461448207,"Weakly structured"
"APOC1",-0.4149,2.50346022977295e-32,1.73005791612176e-29,1,1,"P2N_Spatial","TLS","Rest","wilcox","Spatial",0.25,0.05,0.05,157,3499,TRUE,FALSE,2,10366,0.488821021182208,0,585.41929410914,"Spatially structured"
"HMGCL",-0.4148,0.0013983687469221,0.0157588594320263,0.529,0.645,"P2N_Spatial","TLS","Rest","wilcox","Spatial",0.25,0.05,0.05,157,3499,TRUE,FALSE,2,10366,0.0519566531403403,3.79094219199682e-08,7.42125283807111,"Weakly structured"
"HPD",-0.4145,5.59262255270917e-10,2.84181987163643e-08,0.936,0.973,"P2N_Spatial","TLS","Rest","wilcox","Spatial",0.25,0.05,0.05,157,3499,TRUE,FALSE,2,10366,0.108082833809722,4.40182843175576e-30,29.356366888769,"Weakly structured"
"RPL23A",0.4132,0.000155787370532328,0.00259212180246888,0.79,0.781,"P2N_Spatial","TLS","Rest","wilcox","Spatial",0.25,0.05,0.05,157,3499,TRUE,FALSE,2,10366,0.127920633607673,1.90768593015879e-41,40.7194931233564,"Weakly structured"
"HLF",-0.4129,0.00252853483776191,0.0246342031280451,0.338,0.493,"P2N_Spatial","TLS","Rest","wilcox","Spatial",0.25,0.05,0.05,157,3499,TRUE,FALSE,2,10366,0.0120067926304765,0.118020274497165,0.928043379593094,"Not structured"
"RPL37",0.4127,1.02065571495327e-05,0.000244344506725303,0.93,0.929,"P2N_Spatial","TLS","Rest","wilcox","Spatial",0.25,0.05,0.05,157,3499,TRUE,FALSE,2,10366,0.0988354479777317,2.05435429426395e-25,24.687324655785,"Weakly structured"
"RPS28",0.4123,1.54195676904057e-13,1.31015769408808e-11,0.975,0.98,"P2N_Spatial","TLS","Rest","wilcox","Spatial",0.25,0.05,0.05,157,3499,TRUE,FALSE,2,10366,0.116902032670534,6.39526529780682e-35,34.1941414347688,"Weakly structured"
"CD14",-0.4121,0.00119225074293387,0.0138397213899804,0.65,0.723,"P2N_Spatial","TLS","Rest","wilcox","Spatial",0.25,0.05,0.05,157,3499,TRUE,FALSE,2,10366,0.0691853536312459,2.90040445812438e-13,12.5375414360032,"Weakly structured"
"HLA-E",0.4116,7.18528645946236e-07,2.2502320072141e-05,0.936,0.901,"P2N_Spatial","TLS","Rest","wilcox","Spatial",0.25,0.05,0.05,157,3499,TRUE,FALSE,2,10366,0.0628650551681111,3.13055998400896e-11,10.5043779703729,"Weakly structured"
"SGK1",-0.4114,0.000137957560481341,0.00234822343505678,0.618,0.734,"P2N_Spatial","TLS","Rest","wilcox","Spatial",0.25,0.05,0.05,157,3499,TRUE,FALSE,2,10366,0.0362625169025367,0.00010285124692137,3.98779043875012,"Weakly structured"
"FGG",-0.4106,1.2297761463761e-29,6.70939975438666e-27,1,1,"P2N_Spatial","TLS","Rest","wilcox","Spatial",0.25,0.05,0.05,157,3499,TRUE,FALSE,2,10366,0.529821898408888,0,686.26878362117,"Spatially structured"
"MT1M",-0.4105,1.66711185794736e-09,7.85512796340108e-08,0.904,0.938,"P2N_Spatial","TLS","Rest","wilcox","Spatial",0.25,0.05,0.05,157,3499,TRUE,FALSE,2,10366,0.130982317128748,2.08365203677122e-43,42.6811748051075,"Weakly structured"
"NIPSNAP1",-0.4088,0.00174526729541755,0.0187476070303609,0.28,0.432,"P2N_Spatial","TLS","Rest","wilcox","Spatial",0.25,0.05,0.05,157,3499,TRUE,FALSE,2,10366,0.0249738153590659,0.00571370069882752,2.24308251303484,"Weakly structured"
"CALD1",0.4076,2.29967380327276e-06,6.34000495870357e-05,0.873,0.818,"P2N_Spatial","TLS","Rest","wilcox","Spatial",0.25,0.05,0.05,157,3499,TRUE,FALSE,2,10366,0.114845953780743,1.01076323604466e-33,32.9953505628278,"Weakly structured"
"C5",-0.4076,7.17793178538081e-10,3.54316385177417e-08,0.904,0.938,"P2N_Spatial","TLS","Rest","wilcox","Spatial",0.25,0.05,0.05,157,3499,TRUE,FALSE,2,10366,0.139067167332036,9.88927003363257e-49,48.0048357642234,"Weakly structured"
"QDPR",-0.4064,0.000655694941644114,0.00852814776045531,0.331,0.517,"P2N_Spatial","TLS","Rest","wilcox","Spatial",0.25,0.05,0.05,157,3499,TRUE,FALSE,2,10366,0.0407129509372471,1.42455173402059e-05,4.84632177429976,"Weakly structured"
"ARG1",-0.4061,4.4413771000903e-06,0.000114525659252577,0.783,0.875,"P2N_Spatial","TLS","Rest","wilcox","Spatial",0.25,0.05,0.05,157,3499,TRUE,FALSE,2,10366,0.074158053931337,5.16225904856196e-15,14.2871602058096,"Weakly structured"
"CD59",0.4051,4.80629623986935e-05,0.000958116669663186,0.809,0.793,"P2N_Spatial","TLS","Rest","wilcox","Spatial",0.25,0.05,0.05,157,3499,TRUE,FALSE,2,10366,0.0320031771486527,0.000551520794044799,3.25843810866592,"Weakly structured"
"CD81",0.405,6.69570762103345e-10,3.36864700742223e-08,0.981,0.961,"P2N_Spatial","TLS","Rest","wilcox","Spatial",0.25,0.05,0.05,157,3499,TRUE,FALSE,2,10366,0.0773373323565177,3.40897218643804e-16,15.4673765421345,"Weakly structured"
"CYP4A11",-0.4048,3.14617882575952e-06,8.47098433969434e-05,0.796,0.869,"P2N_Spatial","TLS","Rest","wilcox","Spatial",0.25,0.05,0.05,157,3499,TRUE,FALSE,2,10366,0.0981083577298462,4.67153347055111e-25,24.3305405351769,"Weakly structured"
"FGL1",-0.4042,8.02742309049391e-19,1.26079193569788e-16,1,0.999,"P2N_Spatial","TLS","Rest","wilcox","Spatial",0.25,0.05,0.05,157,3499,TRUE,FALSE,2,10366,0.439666274130354,0,471.945749044141,"Spatially structured"
"TAGLN",0.4039,6.75939202724121e-10,3.36864700742223e-08,0.803,0.654,"P2N_Spatial","TLS","Rest","wilcox","Spatial",0.25,0.05,0.05,157,3499,TRUE,FALSE,2,10366,0.408039302886095,0,406.132669114757,"Spatially structured"
"KNG1",-0.4035,3.00659614337755e-17,3.99568918233996e-15,0.987,0.997,"P2N_Spatial","TLS","Rest","wilcox","Spatial",0.25,0.05,0.05,157,3499,TRUE,FALSE,2,10366,0.243318063461683,4.49903020814322e-146,145.346881090812,"Weakly structured"
"PGLYRP2",-0.4028,0.000423618497455476,0.00597446169336526,0.592,0.739,"P2N_Spatial","TLS","Rest","wilcox","Spatial",0.25,0.05,0.05,157,3499,TRUE,FALSE,2,10366,0.078499362241285,1.29422083880253e-16,15.8879916116966,"Weakly structured"
"SLC27A2",-0.4027,0.00088657491499766,0.0109799708110702,0.414,0.563,"P2N_Spatial","TLS","Rest","wilcox","Spatial",0.25,0.05,0.05,157,3499,TRUE,FALSE,2,10366,0.0783726729204188,1.44775378563538e-16,15.8393052907853,"Weakly structured"
"DECR2",-0.4024,0.00207130139445566,0.0212795939097397,0.312,0.466,"P2N_Spatial","TLS","Rest","wilcox","Spatial",0.25,0.05,0.05,157,3499,TRUE,FALSE,2,10366,0.00663039571926236,0.262837288892418,0.580313021108424,"Not structured"
"CP",-0.4018,4.64664718285125e-19,7.4103299534517e-17,0.994,0.998,"P2N_Spatial","TLS","Rest","wilcox","Spatial",0.25,0.05,0.05,157,3499,TRUE,FALSE,2,10366,0.277356836112207,2.44279855251992e-189,188.612112346017,"Weakly structured"
"EI24",-0.4018,0.00564059441906401,0.0456813240871633,0.318,0.448,"P2N_Spatial","TLS","Rest","wilcox","Spatial",0.25,0.05,0.05,157,3499,TRUE,FALSE,2,10366,0.0448605280399994,1.87982113784496e-06,5.72588347123757,"Weakly structured"
"SAA4",-0.4017,3.5802440200091e-13,2.9222684654657e-11,0.968,0.987,"P2N_Spatial","TLS","Rest","wilcox","Spatial",0.25,0.05,0.05,157,3499,TRUE,FALSE,2,10366,0.224552195060876,1.43898411142705e-124,123.841944001308,"Weakly structured"
"ETNK2",-0.4015,0.000237563388311538,0.00374822234891537,0.338,0.538,"P2N_Spatial","TLS","Rest","wilcox","Spatial",0.25,0.05,0.05,157,3499,TRUE,FALSE,2,10366,0.0410687786695115,1.21060736705482e-05,4.91699668755091,"Weakly structured"
"SLC25A25",-0.4011,5.43295391299599e-05,0.00106060264147112,0.656,0.801,"P2N_Spatial","TLS","Rest","wilcox","Spatial",0.25,0.05,0.05,157,3499,TRUE,FALSE,2,10366,0.0463392575502664,8.69434051170597e-07,6.06076335477562,"Weakly structured"
"ANPEP",-0.4009,0.000418578699764322,0.00593537125943463,0.541,0.69,"P2N_Spatial","TLS","Rest","wilcox","Spatial",0.25,0.05,0.05,157,3499,TRUE,FALSE,2,10366,0.076513838635179,7.16731124885959e-16,15.144643735376,"Weakly structured"
"TOMM7",0.4007,0.00234847110798372,0.0232335559325331,0.732,0.7,"P2N_Spatial","TLS","Rest","wilcox","Spatial",0.25,0.05,0.05,157,3499,TRUE,FALSE,2,10366,0.0450436864026923,1.72089405717721e-06,5.7642458651748,"Weakly structured"
"CCL16",-0.3998,0.00179056966666193,0.0190174643080098,0.274,0.438,"P2N_Spatial","TLS","Rest","wilcox","Spatial",0.25,0.05,0.05,157,3499,TRUE,FALSE,2,10366,0.0401384755354209,1.83850428527063e-05,4.73553535352032,"Weakly structured"
"CADM1",-0.3996,0.00210763532968725,0.0215461023940218,0.217,0.363,"P2N_Spatial","TLS","Rest","wilcox","Spatial",0.25,0.05,0.05,157,3499,TRUE,FALSE,2,10366,0.0222427522956089,0.0124108042734726,1.90620007343979,"Weakly structured"
"ELOB",0.3996,0.00629889034871859,0.0495404380537306,0.662,0.648,"P2N_Spatial","TLS","Rest","wilcox","Spatial",0.25,0.05,0.05,157,3499,TRUE,FALSE,2,10366,0.0251535616146503,0.00542133955131216,2.26589339097747,"Weakly structured"
"ENG",0.3991,0.00386145572941057,0.0340662553966553,0.535,0.472,"P2N_Spatial","TLS","Rest","wilcox","Spatial",0.25,0.05,0.05,157,3499,TRUE,FALSE,2,10366,0.044624734648752,2.1204620354512e-06,5.6735694987014,"Weakly structured"
"RDH16",-0.3985,3.04819428253898e-09,1.37980707130127e-07,0.943,0.961,"P2N_Spatial","TLS","Rest","wilcox","Spatial",0.25,0.05,0.05,157,3499,TRUE,FALSE,2,10366,0.140014213387168,2.1657533301458e-49,48.6643910091405,"Weakly structured"
"ECHDC2",-0.3985,0.000425890759237451,0.00599020842639813,0.586,0.71,"P2N_Spatial","TLS","Rest","wilcox","Spatial",0.25,0.05,0.05,157,3499,TRUE,FALSE,2,10366,0.0525093974349131,2.73492016897505e-08,7.56305534599586,"Weakly structured"
"GSTA1",-0.3966,2.59754254938361e-06,7.08582264918698e-05,0.841,0.886,"P2N_Spatial","TLS","Rest","wilcox","Spatial",0.25,0.05,0.05,157,3499,TRUE,FALSE,2,10366,0.150667066932937,7.08335495529638e-57,56.149760994646,"Weakly structured"
"ALDOB",-0.3959,1.43775783200092e-20,2.91547735595842e-18,0.994,0.999,"P2N_Spatial","TLS","Rest","wilcox","Spatial",0.25,0.05,0.05,157,3499,TRUE,FALSE,2,10366,0.353503276025049,2.42959181194915e-306,305.614466684718,"Spatially structured"
"SDHC",-0.3954,0.000366198265806661,0.00529996734559344,0.357,0.531,"P2N_Spatial","TLS","Rest","wilcox","Spatial",0.25,0.05,0.05,157,3499,TRUE,FALSE,2,10366,0.0168168779775611,0.0464353323600048,1.33315144165036,"Weakly structured"
"RPL18",0.3942,1.36500389720551e-06,3.91956520732198e-05,0.879,0.876,"P2N_Spatial","TLS","Rest","wilcox","Spatial",0.25,0.05,0.05,157,3499,TRUE,FALSE,2,10366,0.073839751681991,6.73471147745982e-15,14.1716810052017,"Weakly structured"
"ITIH2",-0.3936,9.84398189618886e-11,5.63771913457976e-09,0.93,0.945,"P2N_Spatial","TLS","Rest","wilcox","Spatial",0.25,0.05,0.05,157,3499,TRUE,FALSE,2,10366,0.158410234315358,9.89239551302094e-63,62.0046985282096,"Weakly structured"
"ACTA2",0.3936,2.1493871284262e-07,7.47669361518994e-06,0.783,0.672,"P2N_Spatial","TLS","Rest","wilcox","Spatial",0.25,0.05,0.05,157,3499,TRUE,FALSE,2,10366,0.32078265073334,4.2186072504906e-252,251.374830905261,"Spatially structured"
"CLU",-0.393,8.22486916080812e-28,3.41035974883748e-25,1,1,"P2N_Spatial","TLS","Rest","wilcox","Spatial",0.25,0.05,0.05,157,3499,TRUE,FALSE,2,10366,0.31433935989452,1.11272305137958e-242,241.953612914933,"Spatially structured"
"GPX2",-0.3918,0.000634255076389099,0.00828046362953325,0.675,0.753,"P2N_Spatial","TLS","Rest","wilcox","Spatial",0.25,0.05,0.05,157,3499,TRUE,FALSE,2,10366,0.0748145618024708,3.01259213881281e-15,14.5210596615072,"Weakly structured"
"LINC01767",-0.391,0.00345652262307611,0.0314300995708833,0.102,0.21,"P2N_Spatial","TLS","Rest","wilcox","Spatial",0.25,0.05,0.05,157,3499,TRUE,FALSE,2,10366,0.00724518142549312,0.242679369411199,0.614967142216504,"Not structured"
"TTR",-0.39,4.0121303280328e-22,9.90231975723524e-20,0.994,1,"P2N_Spatial","TLS","Rest","wilcox","Spatial",0.25,0.05,0.05,157,3499,TRUE,FALSE,2,10366,0.427654750503691,0,446.727136363476,"Spatially structured"
"CCN1",0.3892,0.000773471809377651,0.0097540252749498,0.701,0.66,"P2N_Spatial","TLS","Rest","wilcox","Spatial",0.25,0.05,0.05,157,3499,TRUE,FALSE,2,10366,0.16971137039397,1.05802619316697e-71,70.9755035804983,"Weakly structured"
"AVPR1A",-0.3889,0.00214397304769648,0.0217835921597746,0.268,0.411,"P2N_Spatial","TLS","Rest","wilcox","Spatial",0.25,0.05,0.05,157,3499,TRUE,FALSE,2,10366,0.0599958928648393,2.3122158244086e-10,9.63597163090242,"Weakly structured"
"FAH",-0.3879,6.3897433133756e-05,0.00121313847337737,0.694,0.797,"P2N_Spatial","TLS","Rest","wilcox","Spatial",0.25,0.05,0.05,157,3499,TRUE,FALSE,2,10366,0.0649796403401438,6.85047850663094e-12,11.1642790919337,"Weakly structured"
"TTC38",-0.3852,0.00551066490294938,0.0448027861835084,0.439,0.58,"P2N_Spatial","TLS","Rest","wilcox","Spatial",0.25,0.05,0.05,157,3499,TRUE,FALSE,2,10366,0.030078351848511,0.00109038141911828,2.9624215577999,"Weakly structured"
"ECHDC3",-0.3851,0.00175967773781346,0.0188049684847158,0.325,0.49,"P2N_Spatial","TLS","Rest","wilcox","Spatial",0.25,0.05,0.05,157,3499,TRUE,FALSE,2,10366,0.0398042024174662,2.14603821061679e-05,4.66836254960572,"Weakly structured"
"NADK2",-0.3849,0.00251583172597759,0.0245335011020542,0.503,0.642,"P2N_Spatial","TLS","Rest","wilcox","Spatial",0.25,0.05,0.05,157,3499,TRUE,FALSE,2,10366,0.068348422769147,5.48366202470458e-13,12.2609293199892,"Weakly structured"
"HAO2",-0.3845,0.00119202272259658,0.0138397213899804,0.605,0.706,"P2N_Spatial","TLS","Rest","wilcox","Spatial",0.25,0.05,0.05,157,3499,TRUE,FALSE,2,10366,0.0715098703652918,4.55061650299259e-14,13.3419297625274,"Weakly structured"
"AKR1C4",-0.3842,0.00329180765875724,0.0302776203998914,0.242,0.386,"P2N_Spatial","TLS","Rest","wilcox","Spatial",0.25,0.05,0.05,157,3499,TRUE,FALSE,2,10366,0.0421935204921833,7.03390521303287e-06,5.15280348841233,"Weakly structured"
"SAA1",-0.3838,3.78231242863792e-12,2.68544182433292e-10,1,1,"P2N_Spatial","TLS","Rest","wilcox","Spatial",0.25,0.05,0.05,157,3499,TRUE,FALSE,2,10366,0.744701118594162,0,1350.60587472523,"Spatially structured"
"ASS1",-0.3833,6.12234027821123e-08,2.3162109242313e-06,0.854,0.9,"P2N_Spatial","TLS","Rest","wilcox","Spatial",0.25,0.05,0.05,157,3499,TRUE,FALSE,2,10366,0.172306678392077,6.9354233135929e-74,73.1589270259899,"Weakly structured"
"BHMT",-0.3823,1.93110156133824e-06,5.38112870560006e-05,0.758,0.863,"P2N_Spatial","TLS","Rest","wilcox","Spatial",0.25,0.05,0.05,157,3499,TRUE,FALSE,2,10366,0.0744946820692112,3.90028950884381e-15,14.4089031551718,"Weakly structured"
"ACSL1",-0.3819,1.10951293673387e-10,6.15038026854722e-09,0.93,0.969,"P2N_Spatial","TLS","Rest","wilcox","Spatial",0.25,0.05,0.05,157,3499,TRUE,FALSE,2,10366,0.143169933829157,1.44290391024396e-51,50.8407625896552,"Weakly structured"
"AMBP",-0.3805,4.36117612745306e-22,1.0513477148181e-19,1,0.998,"P2N_Spatial","TLS","Rest","wilcox","Spatial",0.25,0.05,0.05,157,3499,TRUE,FALSE,2,10366,0.332634267720383,4.18490952917514e-272,271.378313926298,"Spatially structured"
"CBR1",-0.3794,0.00399384593859077,0.034760879092722,0.439,0.583,"P2N_Spatial","TLS","Rest","wilcox","Spatial",0.25,0.05,0.05,157,3499,TRUE,FALSE,2,10366,0.0463209627115912,8.77633643124669e-07,6.05668673691085,"Weakly structured"
"PC",-0.3787,0.000238717189954437,0.00376070272198738,0.65,0.753,"P2N_Spatial","TLS","Rest","wilcox","Spatial",0.25,0.05,0.05,157,3499,TRUE,FALSE,2,10366,0.0829382700026531,2.30224620045822e-18,17.6378482351011,"Weakly structured"
"MTHFS",-0.3785,0.00050124854145488,0.0068548052516112,0.306,0.477,"P2N_Spatial","TLS","Rest","wilcox","Spatial",0.25,0.05,0.05,157,3499,TRUE,FALSE,2,10366,0.0463820512960464,8.53215830687378e-07,6.06894109518652,"Weakly structured"
"FUCA1",-0.3785,0.00226078990542651,0.0226209924320958,0.268,0.426,"P2N_Spatial","TLS","Rest","wilcox","Spatial",0.25,0.05,0.05,157,3499,TRUE,FALSE,2,10366,0.0219714030956459,0.0133425473749914,1.87476124648497,"Weakly structured"
"APOA2",-0.3775,1.51964914077429e-24,4.37574527590731e-22,1,1,"P2N_Spatial","TLS","Rest","wilcox","Spatial",0.25,0.05,0.05,157,3499,TRUE,FALSE,2,10366,0.510748491422989,0,636.003030452579,"Spatially structured"
"RPL23",0.3774,4.51161038027236e-05,0.000908103945668025,0.828,0.806,"P2N_Spatial","TLS","Rest","wilcox","Spatial",0.25,0.05,0.05,157,3499,TRUE,FALSE,2,10366,0.0989503819721197,1.87159555528625e-25,24.7277879948525,"Weakly structured"
"HLA-A",0.3766,3.89950684013782e-09,1.74233999589951e-07,0.955,0.95,"P2N_Spatial","TLS","Rest","wilcox","Spatial",0.25,0.05,0.05,157,3499,TRUE,FALSE,2,10366,0.0936522740716572,5.47308396105601e-23,22.2617678894158,"Weakly structured"
"RXRA",-0.3765,0.000249359280895244,0.0039164519784244,0.51,0.698,"P2N_Spatial","TLS","Rest","wilcox","Spatial",0.25,0.05,0.05,157,3499,TRUE,FALSE,2,10366,0.0446301912396592,2.1204620354512e-06,5.6735694987014,"Weakly structured"
"EGFR",-0.3756,0.000605459678863648,0.00797483485527392,0.21,0.375,"P2N_Spatial","TLS","Rest","wilcox","Spatial",0.25,0.05,0.05,157,3499,TRUE,FALSE,2,10366,0.023422707312055,0.00902109139633467,2.04474091714404,"Weakly structured"
"PTPRF",-0.3755,0.000194471345764089,0.00314574899959019,0.688,0.802,"P2N_Spatial","TLS","Rest","wilcox","Spatial",0.25,0.05,0.05,157,3499,TRUE,FALSE,2,10366,0.0896865863178941,3.35143889161506e-21,20.4747686948966,"Weakly structured"
"SUCLG2",-0.3753,0.00168830850560683,0.0182112445048079,0.516,0.62,"P2N_Spatial","TLS","Rest","wilcox","Spatial",0.25,0.05,0.05,157,3499,TRUE,FALSE,2,10366,0.0716880003156455,3.94531293868184e-14,13.4039185432397,"Weakly structured"
"COMT",-0.3753,0.00095450337977055,0.0116679033428084,0.255,0.417,"P2N_Spatial","TLS","Rest","wilcox","Spatial",0.25,0.05,0.05,157,3499,TRUE,FALSE,2,10366,0.022554822631768,0.0115119681104366,1.93885042211876,"Weakly structured"
"ADH1B",-0.3745,7.0828767571388e-15,7.00942263592679e-13,1,0.996,"P2N_Spatial","TLS","Rest","wilcox","Spatial",0.25,0.05,0.05,157,3499,TRUE,FALSE,2,10366,0.207848036776101,5.79518403550301e-107,106.236932767753,"Weakly structured"
"ASGR1",-0.3743,2.14071824913064e-05,0.000469104020178242,0.777,0.884,"P2N_Spatial","TLS","Rest","wilcox","Spatial",0.25,0.05,0.05,157,3499,TRUE,FALSE,2,10366,0.140843004349835,6.49902765509416e-50,49.1871516149903,"Weakly structured"
"ITIH3",-0.374,1.79658761002739e-17,2.45045094283473e-15,0.994,0.999,"P2N_Spatial","TLS","Rest","wilcox","Spatial",0.25,0.05,0.05,157,3499,TRUE,FALSE,2,10366,0.318214829927123,1.13064794627677e-248,247.946672601786,"Spatially structured"
"CUTA",0.3738,0.00395626604204785,0.034637376513402,0.65,0.598,"P2N_Spatial","TLS","Rest","wilcox","Spatial",0.25,0.05,0.05,157,3499,TRUE,FALSE,2,10366,0.0265390491281137,0.00355626825951639,2.44900548638757,"Weakly structured"
"ESPN",-0.3729,0.00101887582031986,0.0122525136350761,0.223,0.376,"P2N_Spatial","TLS","Rest","wilcox","Spatial",0.25,0.05,0.05,157,3499,TRUE,FALSE,2,10366,0.00884844645214192,0.193561953622661,0.713180003202907,"Not structured"
"PCBP1",0.3709,0.000352779093267171,0.00514333063404711,0.822,0.756,"P2N_Spatial","TLS","Rest","wilcox","Spatial",0.25,0.05,0.05,157,3499,TRUE,FALSE,2,10366,0.0323479095143239,0.00048545564603313,3.31385044353766,"Weakly structured"
"A1BG",-0.3706,2.66766277101244e-14,2.51390838948318e-12,0.994,0.995,"P2N_Spatial","TLS","Rest","wilcox","Spatial",0.25,0.05,0.05,157,3499,TRUE,FALSE,2,10366,0.235821067714172,2.69783977857225e-137,136.56898384612,"Weakly structured"
"DDT",-0.3694,8.75060442679606e-08,3.20525673103067e-06,0.904,0.951,"P2N_Spatial","TLS","Rest","wilcox","Spatial",0.25,0.05,0.05,157,3499,TRUE,FALSE,2,10366,0.100670490699713,2.64755560957661e-26,25.5771549091511,"Weakly structured"
"GOT2",-0.3694,0.00143693053283567,0.0161029425982427,0.567,0.691,"P2N_Spatial","TLS","Rest","wilcox","Spatial",0.25,0.05,0.05,157,3499,TRUE,FALSE,2,10366,0.0350352933797234,0.0001698240442629,3.77000082085628,"Weakly structured"
"DBI",-0.3692,0.00042954206793149,0.00603337815200247,0.548,0.679,"P2N_Spatial","TLS","Rest","wilcox","Spatial",0.25,0.05,0.05,157,3499,TRUE,FALSE,2,10366,0.0655347285426826,4.55551541787808e-12,11.341462479179,"Weakly structured"
"SDC4",-0.368,0.00218798243925624,0.0220843485543624,0.611,0.727,"P2N_Spatial","TLS","Rest","wilcox","Spatial",0.25,0.05,0.05,157,3499,TRUE,FALSE,2,10366,0.066547745600856,2.14601797914259e-12,11.6683666438753,"Weakly structured"
"SHMT2",-0.3674,0.00471317915052174,0.0395922326372029,0.287,0.438,"P2N_Spatial","TLS","Rest","wilcox","Spatial",0.25,0.05,0.05,157,3499,TRUE,FALSE,2,10366,0.0158302940680263,0.0572767680497449,1.24202149589856,"Not structured"
"CFB",-0.3674,2.12531834776579e-20,4.15680188546041e-18,1,0.999,"P2N_Spatial","TLS","Rest","wilcox","Spatial",0.25,0.05,0.05,157,3499,TRUE,FALSE,2,10366,0.351738775279101,1.18496413224333e-303,302.926294795143,"Spatially structured"
"G6PC",-0.3668,0.000116782696543553,0.00204488079792309,0.803,0.886,"P2N_Spatial","TLS","Rest","wilcox","Spatial",0.25,0.05,0.05,157,3499,TRUE,FALSE,2,10366,0.117826284979408,2.05951980725384e-35,34.6862340268978,"Weakly structured"
"TAT",-0.3666,3.81975833329509e-15,3.95956148829369e-13,0.994,0.993,"P2N_Spatial","TLS","Rest","wilcox","Spatial",0.25,0.05,0.05,157,3499,TRUE,FALSE,2,10366,0.208649664930272,8.54093351106498e-108,107.068494658989,"Weakly structured"
"CXCL2",-0.3664,0.000339994868393206,0.00499204929994897,0.605,0.738,"P2N_Spatial","TLS","Rest","wilcox","Spatial",0.25,0.05,0.05,157,3499,TRUE,FALSE,2,10366,0.0699950517606395,1.52850118149976e-13,12.8157342212371,"Weakly structured"
"SOD1",-0.3656,4.19603512987477e-05,0.000852864708946703,0.809,0.879,"P2N_Spatial","TLS","Rest","wilcox","Spatial",0.25,0.05,0.05,157,3499,TRUE,FALSE,2,10366,0.0869325024228353,5.06255809822918e-20,19.2956299797584,"Weakly structured"
"LECT2",-0.3655,0.000128482821777306,0.00219777711310818,0.42,0.61,"P2N_Spatial","TLS","Rest","wilcox","Spatial",0.25,0.05,0.05,157,3499,TRUE,FALSE,2,10366,0.0652917328572989,5.45111113759596e-12,11.2635149634589,"Weakly structured"
"HSD17B11",-0.3643,0.00108225223629631,0.0128359573014274,0.522,0.657,"P2N_Spatial","TLS","Rest","wilcox","Spatial",0.25,0.05,0.05,157,3499,TRUE,FALSE,2,10366,0.0466943845527033,7.23658358127108e-07,6.14046641750236,"Weakly structured"
"RPL11",0.3642,6.99760530543392e-08,2.61867063523928e-06,0.904,0.926,"P2N_Spatial","TLS","Rest","wilcox","Spatial",0.25,0.05,0.05,157,3499,TRUE,FALSE,2,10366,0.0837102993136971,1.09712137871247e-18,17.9597453221163,"Weakly structured"
"SERPINA1",-0.3641,1.92837097478877e-31,1.24934334529128e-28,1,1,"P2N_Spatial","TLS","Rest","wilcox","Spatial",0.25,0.05,0.05,157,3499,TRUE,FALSE,2,10366,0.736458833925535,0,1320.57556404587,"Spatially structured"
"TMEM176B",-0.3623,7.6988269647679e-10,3.76443586399925e-08,0.962,0.975,"P2N_Spatial","TLS","Rest","wilcox","Spatial",0.25,0.05,0.05,157,3499,TRUE,FALSE,2,10366,0.0867466612401462,5.69617781133815e-20,19.2444164622649,"Weakly structured"
"MMUT",-0.3622,0.00255991781122822,0.0248931595039322,0.344,0.489,"P2N_Spatial","TLS","Rest","wilcox","Spatial",0.25,0.05,0.05,157,3499,TRUE,FALSE,2,10366,0.0374192859730192,6.23257524164038e-05,4.20533246985075,"Weakly structured"
"RPL10",0.3611,8.8583390158725e-08,3.23329374079346e-06,0.943,0.947,"P2N_Spatial","TLS","Rest","wilcox","Spatial",0.25,0.05,0.05,157,3499,TRUE,FALSE,2,10366,0.114153884685859,2.35571342663525e-33,32.6278775427478,"Weakly structured"
"COX6A1",-0.3609,0.0034007118770258,0.031058836402863,0.554,0.674,"P2N_Spatial","TLS","Rest","wilcox","Spatial",0.25,0.05,0.05,157,3499,TRUE,FALSE,2,10366,0.0590493417681954,4.3786149674018e-10,9.35866324272399,"Weakly structured"
"MGST1",-0.3609,2.28529565117888e-11,1.52834675613679e-09,0.981,0.989,"P2N_Spatial","TLS","Rest","wilcox","Spatial",0.25,0.05,0.05,157,3499,TRUE,FALSE,2,10366,0.169840961539027,6.00841084583472e-72,71.221240378604,"Weakly structured"
"NDUFA4",-0.3607,0.000372368728188649,0.00537158627917842,0.586,0.751,"P2N_Spatial","TLS","Rest","wilcox","Spatial",0.25,0.05,0.05,157,3499,TRUE,FALSE,2,10366,0.0223557518294975,0.0120922702085885,1.91749215683099,"Weakly structured"
"ADI1",-0.3605,0.00204316753516057,0.0210741041487308,0.631,0.74,"P2N_Spatial","TLS","Rest","wilcox","Spatial",0.25,0.05,0.05,157,3499,TRUE,FALSE,2,10366,0.0394160311123647,2.56885086202606e-05,4.59026110853211,"Weakly structured"
"RPL26",0.3605,5.4499560249652e-05,0.00106093779267574,0.917,0.876,"P2N_Spatial","TLS","Rest","wilcox","Spatial",0.25,0.05,0.05,157,3499,TRUE,FALSE,2,10366,0.0620244952288161,5.70208973353699e-11,10.2439659524995,"Weakly structured"
"ACSM2A",-0.3605,0.000418742610240863,0.00593537125943463,0.586,0.715,"P2N_Spatial","TLS","Rest","wilcox","Spatial",0.25,0.05,0.05,157,3499,TRUE,FALSE,2,10366,0.107073747506212,1.63155339438605e-29,28.7873987088772,"Weakly structured"
"RPL15",0.3596,0.000103657883716231,0.00183678226085889,0.892,0.889,"P2N_Spatial","TLS","Rest","wilcox","Spatial",0.25,0.05,0.05,157,3499,TRUE,FALSE,2,10366,0.0722240653015175,2.53661423662532e-14,13.5957455744194,"Weakly structured"
"B2M",0.3595,6.79662075096252e-24,1.90415596498588e-21,1,1,"P2N_Spatial","TLS","Rest","wilcox","Spatial",0.25,0.05,0.05,157,3499,TRUE,FALSE,2,10366,0.232711472814873,8.98307349553556e-134,133.046575047099,"Weakly structured"
"SLC25A18",-0.3594,0.00499097891935647,0.0412687012343784,0.312,0.466,"P2N_Spatial","TLS","Rest","wilcox","Spatial",0.25,0.05,0.05,157,3499,TRUE,FALSE,2,10366,0.0514626193529468,5.04202093015622e-08,7.29739535583679,"Weakly structured"
"EEF1A1",0.3593,1.59871708108315e-17,2.23950017060918e-15,1,0.999,"P2N_Spatial","TLS","Rest","wilcox","Spatial",0.25,0.05,0.05,157,3499,TRUE,FALSE,2,10366,0.236332946055497,6.91220026777135e-138,137.160383687496,"Weakly structured"
"FAM99A",-0.3589,0.00027372521506857,0.00422237437410833,0.255,0.432,"P2N_Spatial","TLS","Rest","wilcox","Spatial",0.25,0.05,0.05,157,3499,TRUE,FALSE,2,10366,0.0225076651067052,0.0116445137790956,1.93387864087462,"Weakly structured"
"AKR1C1",-0.3566,0.00358249854560722,0.0322362672949345,0.535,0.662,"P2N_Spatial","TLS","Rest","wilcox","Spatial",0.25,0.05,0.05,157,3499,TRUE,FALSE,2,10366,0.0960455567088526,4.46204024963525e-24,23.3504665165005,"Weakly structured"
"TLCD4",-0.356,0.00112986501288165,0.0132791164665887,0.535,0.686,"P2N_Spatial","TLS","Rest","wilcox","Spatial",0.25,0.05,0.05,157,3499,TRUE,FALSE,2,10366,0.0435069259634166,3.70865360532868e-06,5.43078372863409,"Weakly structured"
"SERPINA7",-0.356,0.00114099899632973,0.0133494306952077,0.599,0.724,"P2N_Spatial","TLS","Rest","wilcox","Spatial",0.25,0.05,0.05,157,3499,TRUE,FALSE,2,10366,0.10319515694507,1.60016041951121e-27,26.795836476209,"Weakly structured"
"UQCRC2",-0.3554,0.00295050468771544,0.0278805210509191,0.382,0.533,"P2N_Spatial","TLS","Rest","wilcox","Spatial",0.25,0.05,0.05,157,3499,TRUE,FALSE,2,10366,0.0316597781738365,0.00062154505624539,3.20652738356378,"Weakly structured"
"C8G",-0.3553,0.000321941669732141,0.00481565273945653,0.675,0.788,"P2N_Spatial","TLS","Rest","wilcox","Spatial",0.25,0.05,0.05,157,3499,TRUE,FALSE,2,10366,0.0718393274402951,3.49004847807202e-14,13.457168540487,"Weakly structured"
"CYP2C9",-0.3549,2.80414639728961e-11,1.86331933040411e-09,0.981,0.986,"P2N_Spatial","TLS","Rest","wilcox","Spatial",0.25,0.05,0.05,157,3499,TRUE,FALSE,2,10366,0.149326585872136,5.40699043398021e-56,55.2670443987753,"Weakly structured"
"CYP27A1",-0.3538,0.000543766821100579,0.00732198898508345,0.732,0.791,"P2N_Spatial","TLS","Rest","wilcox","Spatial",0.25,0.05,0.05,157,3499,TRUE,FALSE,2,10366,0.0919551690672378,3.36489558348568e-22,21.4730284078797,"Weakly structured"
"CYP3A7",-0.3531,0.00298239040078233,0.0281305358457776,0.573,0.699,"P2N_Spatial","TLS","Rest","wilcox","Spatial",0.25,0.05,0.05,157,3499,TRUE,FALSE,2,10366,0.100193307386579,4.71596422268708e-26,25.3264294983073,"Weakly structured"
"MT-ND5",-0.3529,0.000336267252366072,0.00495838739406358,0.688,0.8,"P2N_Spatial","TLS","Rest","wilcox","Spatial",0.25,0.05,0.05,157,3499,TRUE,FALSE,2,10366,0.0221660750664659,0.0126673589512708,1.89731392280013,"Weakly structured"
"LEAP2",-0.3521,0.000681330574668312,0.00879535832753639,0.516,0.668,"P2N_Spatial","TLS","Rest","wilcox","Spatial",0.25,0.05,0.05,157,3499,TRUE,FALSE,2,10366,0.0676097823018044,9.61750044662288e-13,12.0169377848531,"Weakly structured"
"HPX",-0.3519,3.27002760730613e-17,4.29077293383991e-15,1,0.997,"P2N_Spatial","TLS","Rest","wilcox","Spatial",0.25,0.05,0.05,157,3499,TRUE,FALSE,2,10366,0.319113942904162,2.70117229183983e-250,249.568447713847,"Spatially structured"
"ITIH1",-0.3512,6.93639406931635e-10,3.44031870442743e-08,0.949,0.98,"P2N_Spatial","TLS","Rest","wilcox","Spatial",0.25,0.05,0.05,157,3499,TRUE,FALSE,2,10366,0.145376448894132,3.7601261606513e-53,52.4247975832757,"Weakly structured"
"HSD17B4",-0.3509,0.000543886891618199,0.00732198898508345,0.561,0.703,"P2N_Spatial","TLS","Rest","wilcox","Spatial",0.25,0.05,0.05,157,3499,TRUE,FALSE,2,10366,0.0345810045948226,0.000203629101070282,3.69116015594675,"Weakly structured"
"MYL6",0.35,6.30496998392221e-07,2.01720119917709e-05,0.968,0.961,"P2N_Spatial","TLS","Rest","wilcox","Spatial",0.25,0.05,0.05,157,3499,TRUE,FALSE,2,10366,0.121038086372388,2.61546294149317e-37,36.5824514291135,"Weakly structured"
"CYP2D6",-0.3494,7.59186445058371e-07,2.35620559565122e-05,0.771,0.889,"P2N_Spatial","TLS","Rest","wilcox","Spatial",0.25,0.05,0.05,157,3499,TRUE,FALSE,2,10366,0.0805254587299297,2.08442460147589e-17,16.681013809703,"Weakly structured"
"PBLD",-0.349,0.00137873484996032,0.0157054565436139,0.522,0.656,"P2N_Spatial","TLS","Rest","wilcox","Spatial",0.25,0.05,0.05,157,3499,TRUE,FALSE,2,10366,0.046704199523377,7.21180278307322e-07,6.14195615818288,"Weakly structured"
"ALDH3A2",-0.349,0.000565270858164457,0.00755102798419171,0.478,0.634,"P2N_Spatial","TLS","Rest","wilcox","Spatial",0.25,0.05,0.05,157,3499,TRUE,FALSE,2,10366,0.0413298651866073,1.07013798952501e-05,4.97056021836584,"Weakly structured"
"ATF5",-0.3489,7.86194823265799e-06,0.000192664197115207,0.854,0.902,"P2N_Spatial","TLS","Rest","wilcox","Spatial",0.25,0.05,0.05,157,3499,TRUE,FALSE,2,10366,0.166735551030498,2.76428975712592e-69,68.5584164354927,"Weakly structured"
"SLC10A1",-0.3488,0.00439710610064902,0.0374838830915524,0.369,0.5,"P2N_Spatial","TLS","Rest","wilcox","Spatial",0.25,0.05,0.05,157,3499,TRUE,FALSE,2,10366,0.0538637671825982,1.2010228775205e-08,7.92044871991909,"Weakly structured"
"MPC2",-0.3485,0.00354001994959863,0.0319640969188003,0.497,0.634,"P2N_Spatial","TLS","Rest","wilcox","Spatial",0.25,0.05,0.05,157,3499,TRUE,FALSE,2,10366,0.0395126462032354,2.45966802097866e-05,4.60912350524879,"Weakly structured"
"RPL4",0.3482,3.72359121389803e-05,0.000770434062340658,0.911,0.865,"P2N_Spatial","TLS","Rest","wilcox","Spatial",0.25,0.05,0.05,157,3499,TRUE,FALSE,2,10366,0.0518416090901771,4.03506108595985e-08,7.39414988619731,"Weakly structured"
"AHNAK",0.3478,5.75851636267061e-07,1.85811538613401e-05,0.936,0.903,"P2N_Spatial","TLS","Rest","wilcox","Spatial",0.25,0.05,0.05,157,3499,TRUE,FALSE,2,10366,0.0897562773262524,3.0899508812579e-21,20.5100484241895,"Weakly structured"
"FGGY",-0.3476,0.0038517392385088,0.0340094795113989,0.293,0.427,"P2N_Spatial","TLS","Rest","wilcox","Spatial",0.25,0.05,0.05,157,3499,TRUE,FALSE,2,10366,0.0465238399102485,7.90955318885426e-07,6.10184804913138,"Weakly structured"
"EHHADH",-0.3474,0.00022233288898398,0.00354569650339682,0.656,0.784,"P2N_Spatial","TLS","Rest","wilcox","Spatial",0.25,0.05,0.05,157,3499,TRUE,FALSE,2,10366,0.0649143552566424,7.18319547130393e-12,11.1436823152521,"Weakly structured"
"TMEM176A",-0.3459,4.57277252724083e-07,1.49531104155768e-05,0.904,0.929,"P2N_Spatial","TLS","Rest","wilcox","Spatial",0.25,0.05,0.05,157,3499,TRUE,FALSE,2,10366,0.0470750384983443,5.84558364421719e-07,6.2331721208052,"Weakly structured"
"UBC",0.3454,2.14544569731211e-08,8.62003492183619e-07,0.955,0.964,"P2N_Spatial","TLS","Rest","wilcox","Spatial",0.25,0.05,0.05,157,3499,TRUE,FALSE,2,10366,0.0583282810524932,6.86976616204544e-10,9.16305804551129,"Weakly structured"
"ALDH2",-0.3451,2.20664038210455e-08,8.8316734366393e-07,0.943,0.97,"P2N_Spatial","TLS","Rest","wilcox","Spatial",0.25,0.05,0.05,157,3499,TRUE,FALSE,2,10366,0.151741785276331,1.01102568865722e-57,56.9952378094927,"Weakly structured"
"ZNHIT1",-0.3445,0.00332238661063088,0.0304508042491598,0.529,0.671,"P2N_Spatial","TLS","Rest","wilcox","Spatial",0.25,0.05,0.05,157,3499,TRUE,FALSE,2,10366,0.0322690348237994,0.000499591591868802,3.30138487941662,"Weakly structured"
"CFHR3",-0.3444,0.000143497348006246,0.00243054495005351,0.497,0.658,"P2N_Spatial","TLS","Rest","wilcox","Spatial",0.25,0.05,0.05,157,3499,TRUE,FALSE,2,10366,0.0588860055342093,4.85294241184806e-10,9.31399486227322,"Weakly structured"
"MT-ND3",-0.3441,6.61810143657326e-15,6.72580779328612e-13,1,1,"P2N_Spatial","TLS","Rest","wilcox","Spatial",0.25,0.05,0.05,157,3499,TRUE,FALSE,2,10366,0.304266401861347,3.24819358274369e-227,226.488358095991,"Spatially structured"
"AHSG",-0.3435,6.41764584056983e-21,1.38594409965306e-18,1,1,"P2N_Spatial","TLS","Rest","wilcox","Spatial",0.25,0.05,0.05,157,3499,TRUE,FALSE,2,10366,0.372514983785004,0,339.332643838563,"Spatially structured"
"MT-ATP6",-0.343,1.83297080170622e-16,2.13489610454907e-14,1,1,"P2N_Spatial","TLS","Rest","wilcox","Spatial",0.25,0.05,0.05,157,3499,TRUE,FALSE,2,10366,0.276676006043963,4.8686997091526e-188,187.312587010971,"Weakly structured"
"TPM2",0.3422,0.00217213538195239,0.0219886282903501,0.427,0.326,"P2N_Spatial","TLS","Rest","wilcox","Spatial",0.25,0.05,0.05,157,3499,TRUE,FALSE,2,10366,0.283183870048967,5.80818421073854e-197,196.235959618128,"Weakly structured"
"EBP",-0.342,0.00276938132763357,0.0265317992996761,0.446,0.605,"P2N_Spatial","TLS","Rest","wilcox","Spatial",0.25,0.05,0.05,157,3499,TRUE,FALSE,2,10366,0.0503510529272529,9.57736122311122e-08,7.01875413226826,"Weakly structured"
"OAF",-0.341,2.71265733808312e-05,0.000577400533194448,0.739,0.854,"P2N_Spatial","TLS","Rest","wilcox","Spatial",0.25,0.05,0.05,157,3499,TRUE,FALSE,2,10366,0.0613732994902097,8.99204278648837e-11,10.0461416352835,"Weakly structured"
"GAMT",-0.3405,8.20750727152393e-07,2.51713078037329e-05,0.892,0.943,"P2N_Spatial","TLS","Rest","wilcox","Spatial",0.25,0.05,0.05,157,3499,TRUE,FALSE,2,10366,0.0902016092266748,1.91974111489565e-21,20.7167573337719,"Weakly structured"
"FBP1",-0.3389,1.85549845685747e-07,6.4761269373012e-06,0.955,0.959,"P2N_Spatial","TLS","Rest","wilcox","Spatial",0.25,0.05,0.05,157,3499,TRUE,FALSE,2,10366,0.124159183132297,3.51047672002976e-39,38.4546339026738,"Weakly structured"
"MT-ND1",-0.3386,3.62933707906308e-11,2.35135676009799e-09,0.994,0.999,"P2N_Spatial","TLS","Rest","wilcox","Spatial",0.25,0.05,0.05,157,3499,TRUE,FALSE,2,10366,0.197834152695352,4.8013600136783e-97,96.3186357287128,"Weakly structured"
"PAH",-0.3377,0.000350479536729945,0.0051170012362572,0.764,0.851,"P2N_Spatial","TLS","Rest","wilcox","Spatial",0.25,0.05,0.05,157,3499,TRUE,FALSE,2,10366,0.066165581346671,2.83362912062936e-12,11.5476569929751,"Weakly structured"
"FAU",0.3369,0.000596604475257803,0.0078921679947854,0.834,0.789,"P2N_Spatial","TLS","Rest","wilcox","Spatial",0.25,0.05,0.05,157,3499,TRUE,FALSE,2,10366,0.0775037750237258,3.04890157952831e-16,15.515856594709,"Weakly structured"
"HLA-B",0.3367,1.46251999334206e-20,2.91547735595842e-18,1,1,"P2N_Spatial","TLS","Rest","wilcox","Spatial",0.25,0.05,0.05,157,3499,TRUE,FALSE,2,10366,0.152344768006494,3.43623671487781e-58,57.4639169262075,"Weakly structured"
"ALAS1",-0.3346,0.00187373637041235,0.0196989363242337,0.478,0.627,"P2N_Spatial","TLS","Rest","wilcox","Spatial",0.25,0.05,0.05,157,3499,TRUE,FALSE,2,10366,0.061818566130697,6.63912988560942e-11,10.177888834885,"Weakly structured"
"MLXIPL",-0.3346,0.000956254450040744,0.0116755401992018,0.752,0.824,"P2N_Spatial","TLS","Rest","wilcox","Spatial",0.25,0.05,0.05,157,3499,TRUE,FALSE,2,10366,0.0536607236725801,1.35807727062932e-08,7.86707551926522,"Weakly structured"
"SLC2A2",-0.3342,0.000126606570661883,0.00217759164972568,0.803,0.857,"P2N_Spatial","TLS","Rest","wilcox","Spatial",0.25,0.05,0.05,157,3499,TRUE,FALSE,2,10366,0.11107880765083,1.1921238333461e-31,30.923678629373,"Weakly structured"
"SLC13A5",-0.3337,1.63583944989717e-05,0.000371052773252387,0.885,0.934,"P2N_Spatial","TLS","Rest","wilcox","Spatial",0.25,0.05,0.05,157,3499,TRUE,FALSE,2,10366,0.100010388433884,5.55068174120119e-26,25.2556536730469,"Weakly structured"
"CPS1",-0.3333,4.25162899415864e-07,1.40806345538174e-05,0.955,0.972,"P2N_Spatial","TLS","Rest","wilcox","Spatial",0.25,0.05,0.05,157,3499,TRUE,FALSE,2,10366,0.160093628700435,4.61669445130021e-64,63.3356688675986,"Weakly structured"
"ESRRA",-0.3329,0.000293980330396039,0.00445526331123587,0.127,0.272,"P2N_Spatial","TLS","Rest","wilcox","Spatial",0.25,0.05,0.05,157,3499,TRUE,FALSE,2,10366,0.0107756989708798,0.143940788117454,0.841816123754097,"Not structured"
"APOC4",-0.3326,0.000317922209777497,0.00477620525587469,0.65,0.772,"P2N_Spatial","TLS","Rest","wilcox","Spatial",0.25,0.05,0.05,157,3499,TRUE,FALSE,2,10366,0.0932914324161227,8.35793379840439e-23,22.0779010731423,"Weakly structured"
"SPP1",0.3314,0.00580629425282167,0.046766158682789,0.331,0.249,"P2N_Spatial","TLS","Rest","wilcox","Spatial",0.25,0.05,0.05,157,3499,TRUE,FALSE,2,10366,0.128492696136414,7.01853019325569e-42,41.1537538274418,"Weakly structured"
"TNFSF14",-0.3279,0.00232218014923684,0.0231014581832908,0.529,0.67,"P2N_Spatial","TLS","Rest","wilcox","Spatial",0.25,0.05,0.05,157,3499,TRUE,FALSE,2,10366,0.0647833939757317,7.91573450238987e-12,11.1015087806709,"Weakly structured"
"SERPINF1",-0.3277,2.43247106998188e-06,6.670633627363e-05,0.898,0.927,"P2N_Spatial","TLS","Rest","wilcox","Spatial",0.25,0.05,0.05,157,3499,TRUE,FALSE,2,10366,0.0849585373707774,3.33208226313658e-19,18.4772842851808,"Weakly structured"
"MT-CO2",-0.3265,4.64430258084547e-11,2.90017111765326e-09,0.987,1,"P2N_Spatial","TLS","Rest","wilcox","Spatial",0.25,0.05,0.05,157,3499,TRUE,FALSE,2,10366,0.305784319183346,1.31659446366514e-229,228.880547975467,"Spatially structured"
"GATM",-0.3259,8.60597765115848e-07,2.60846679333067e-05,0.898,0.952,"P2N_Spatial","TLS","Rest","wilcox","Spatial",0.25,0.05,0.05,157,3499,TRUE,FALSE,2,10366,0.106658357254663,2.48944405977807e-29,28.603897628297,"Weakly structured"
"SERPINA3",-0.3258,2.19564084257071e-18,3.34706073148352e-16,1,1,"P2N_Spatial","TLS","Rest","wilcox","Spatial",0.25,0.05,0.05,157,3499,TRUE,FALSE,2,10366,0.514035566176142,0,644.181275633396,"Spatially structured"
"C3",-0.3241,4.00486134538494e-29,1.97687584315525e-26,1,1,"P2N_Spatial","TLS","Rest","wilcox","Spatial",0.25,0.05,0.05,157,3499,TRUE,FALSE,2,10366,0.494127690504196,0,595.35420001431,"Spatially structured"
"GCGR",-0.3224,0.00327972493031558,0.0301932758682516,0.338,0.477,"P2N_Spatial","TLS","Rest","wilcox","Spatial",0.25,0.05,0.05,157,3499,TRUE,FALSE,2,10366,0.0366983969664714,8.52239236388404e-05,4.06943847511713,"Weakly structured"
"H3F3B",0.3213,0.000406037716526916,0.00578157550757968,0.822,0.793,"P2N_Spatial","TLS","Rest","wilcox","Spatial",0.25,0.05,0.05,157,3499,TRUE,FALSE,2,10366,0.0346874171383725,0.0001952101937897,3.70949750741203,"Weakly structured"
"PRAP1",-0.3208,0.000167112847685519,0.00274966949064776,0.809,0.898,"P2N_Spatial","TLS","Rest","wilcox","Spatial",0.25,0.05,0.05,157,3499,TRUE,FALSE,2,10366,0.0616205761104003,7.5478773555541e-11,10.1221751652425,"Weakly structured"
"SERPINF2",-0.3197,3.87416100515487e-11,2.49438217263574e-09,0.981,0.992,"P2N_Spatial","TLS","Rest","wilcox","Spatial",0.25,0.05,0.05,157,3499,TRUE,FALSE,2,10366,0.139972417799712,2.01093744776187e-49,48.6966014383612,"Weakly structured"
"SAA2",-0.3196,3.8361250352684e-08,1.48377881028329e-06,1,1,"P2N_Spatial","TLS","Rest","wilcox","Spatial",0.25,0.05,0.05,157,3499,TRUE,FALSE,2,10366,0.712778490133225,0,1237.85105238278,"Spatially structured"
"FCGRT",0.3193,0.000325650529806139,0.00486411151580755,0.892,0.85,"P2N_Spatial","TLS","Rest","wilcox","Spatial",0.25,0.05,0.05,157,3499,TRUE,FALSE,2,10366,0.0228296237619707,0.0107095313016345,1.97022953547701,"Weakly structured"
"MYH9",0.3186,0.0028051908596114,0.0268005607840845,0.796,0.772,"P2N_Spatial","TLS","Rest","wilcox","Spatial",0.25,0.05,0.05,157,3499,TRUE,FALSE,2,10366,0.0589228722724033,4.7448612760848e-10,9.32377648037295,"Weakly structured"
"ARHGDIA",0.3182,0.0042589119359625,0.0365160307098323,0.822,0.787,"P2N_Spatial","TLS","Rest","wilcox","Spatial",0.25,0.05,0.05,157,3499,TRUE,FALSE,2,10366,0.0242443665585968,0.00710054311871448,2.14870843093733,"Weakly structured"
"BHMT2",-0.3179,0.00438540656216586,0.0374457367573404,0.497,0.652,"P2N_Spatial","TLS","Rest","wilcox","Spatial",0.25,0.05,0.05,157,3499,TRUE,FALSE,2,10366,0.0489114128928472,2.17407560163817e-07,6.66272535776426,"Weakly structured"
"C6",-0.3174,0.000124748709170832,0.0021552418654414,0.739,0.825,"P2N_Spatial","TLS","Rest","wilcox","Spatial",0.25,0.05,0.05,157,3499,TRUE,FALSE,2,10366,0.0685205791365773,4.78874463057253e-13,12.3197783219656,"Weakly structured"
"RPS20",0.3167,0.00311605628897633,0.0291262754657607,0.79,0.82,"P2N_Spatial","TLS","Rest","wilcox","Spatial",0.25,0.05,0.05,157,3499,TRUE,FALSE,2,10366,0.0825989579335794,3.12695567259928e-18,17.5048782752272,"Weakly structured"
"ATP13A3",-0.3146,0.00091833433772117,0.0112976143457041,0.21,0.364,"P2N_Spatial","TLS","Rest","wilcox","Spatial",0.25,0.05,0.05,157,3499,TRUE,FALSE,2,10366,0.00920623542020998,0.184433590500341,0.734159978941796,"Not structured"
"PCSK6",-0.3146,0.00271076058915001,0.0260423950575802,0.586,0.716,"P2N_Spatial","TLS","Rest","wilcox","Spatial",0.25,0.05,0.05,157,3499,TRUE,FALSE,2,10366,0.0515780517082738,4.72339323306433e-08,7.32574589693,"Weakly structured"
"ANGPTL4",-0.3132,0.00453491656332772,0.0383433483649716,0.344,0.482,"P2N_Spatial","TLS","Rest","wilcox","Spatial",0.25,0.05,0.05,157,3499,TRUE,FALSE,2,10366,0.0197168112850463,0.0237108365023148,1.62505312413522,"Weakly structured"
"SLC38A4",-0.3123,1.30995596765761e-05,0.000307217275129837,0.898,0.93,"P2N_Spatial","TLS","Rest","wilcox","Spatial",0.25,0.05,0.05,157,3499,TRUE,FALSE,2,10366,0.131762440270271,6.66623828587306e-44,43.1761191664645,"Weakly structured"
"PTGR1",-0.3119,5.82946930847319e-05,0.00112529383336374,0.739,0.818,"P2N_Spatial","TLS","Rest","wilcox","Spatial",0.25,0.05,0.05,157,3499,TRUE,FALSE,2,10366,0.0658615875975445,3.55212802003434e-12,11.4495113904744,"Weakly structured"
"EIF4A1",0.3117,0.000715662833259407,0.00914407121920824,0.815,0.759,"P2N_Spatial","TLS","Rest","wilcox","Spatial",0.25,0.05,0.05,157,3499,TRUE,FALSE,2,10366,0.0599077828826454,2.46166930471945e-10,9.6087702896589,"Weakly structured"
"VTN",-0.3096,5.36472072400385e-20,9.93048125446855e-18,1,1,"P2N_Spatial","TLS","Rest","wilcox","Spatial",0.25,0.05,0.05,157,3499,TRUE,FALSE,2,10366,0.375010680591715,0,343.637308928506,"Spatially structured"
"DHCR24",-0.3094,1.80420531579086e-08,7.33427149156395e-07,0.917,0.953,"P2N_Spatial","TLS","Rest","wilcox","Spatial",0.25,0.05,0.05,157,3499,TRUE,FALSE,2,10366,0.141556511530218,1.93474345953734e-50,49.7133766128123,"Weakly structured"
"RPL41",0.3093,1.02718297783834e-10,5.78683627623492e-09,0.981,0.99,"P2N_Spatial","TLS","Rest","wilcox","Spatial",0.25,0.05,0.05,157,3499,TRUE,FALSE,2,10366,0.155183128843435,2.54662391036972e-60,59.5940351876282,"Weakly structured"
"PGRMC1",-0.3091,0.000153149282250094,0.00256055719323302,0.777,0.849,"P2N_Spatial","TLS","Rest","wilcox","Spatial",0.25,0.05,0.05,157,3499,TRUE,FALSE,2,10366,0.0782211549898588,1.6287024242043e-16,15.7881582572086,"Weakly structured"
"HGD",-0.308,0.00291106952470369,0.02758331507594,0.682,0.783,"P2N_Spatial","TLS","Rest","wilcox","Spatial",0.25,0.05,0.05,157,3499,TRUE,FALSE,2,10366,0.0540745922743781,1.05406136816731e-08,7.97713410346829,"Weakly structured"
"RPS7",0.3071,0.00199659956289739,0.0207750695079372,0.764,0.742,"P2N_Spatial","TLS","Rest","wilcox","Spatial",0.25,0.05,0.05,157,3499,TRUE,FALSE,2,10366,0.0624933928447932,4.11214253830832e-11,10.3859318398961,"Weakly structured"
"MSMO1",-0.3064,0.00205532703100569,0.0211364285748065,0.586,0.724,"P2N_Spatial","TLS","Rest","wilcox","Spatial",0.25,0.05,0.05,157,3499,TRUE,FALSE,2,10366,0.0611590186570735,1.04756453870299e-10,9.97981921137918,"Weakly structured"
"IGFBP1",-0.3062,5.98461711817352e-11,3.60677564226667e-09,0.987,0.994,"P2N_Spatial","TLS","Rest","wilcox","Spatial",0.25,0.05,0.05,157,3499,TRUE,FALSE,2,10366,0.205205725840141,2.31980901736896e-104,103.634547767746,"Weakly structured"
"GOT1",-0.3062,0.000271401931720084,0.00419277559494842,0.605,0.742,"P2N_Spatial","TLS","Rest","wilcox","Spatial",0.25,0.05,0.05,157,3499,TRUE,FALSE,2,10366,0.0522109636293576,3.25955689441261e-08,7.48684143410108,"Weakly structured"
"MT1E",-0.3059,1.71801795414081e-10,9.22744772674802e-09,0.987,0.995,"P2N_Spatial","TLS","Rest","wilcox","Spatial",0.25,0.05,0.05,157,3499,TRUE,FALSE,2,10366,0.181810471972903,3.10699114107045e-82,81.5076599850423,"Weakly structured"
"FOS",0.3058,8.55671532089073e-08,3.14535145448061e-06,0.873,0.867,"P2N_Spatial","TLS","Rest","wilcox","Spatial",0.25,0.05,0.05,157,3499,TRUE,FALSE,2,10366,0.359537834728211,2.83209045666932e-316,315.547892881223,"Spatially structured"
"TFR2",-0.3055,5.17710471133017e-05,0.00102026363949902,0.834,0.893,"P2N_Spatial","TLS","Rest","wilcox","Spatial",0.25,0.05,0.05,157,3499,TRUE,FALSE,2,10366,0.0775305007168002,2.94694821630201e-16,15.5306274954945,"Weakly structured"
"ALDH4A1",-0.3053,0.00159253269197978,0.0173587738013274,0.701,0.758,"P2N_Spatial","TLS","Rest","wilcox","Spatial",0.25,0.05,0.05,157,3499,TRUE,FALSE,2,10366,0.0752629066436446,2.05680822258429e-15,14.6868062001653,"Weakly structured"
"MARC2",-0.305,0.00449680738996089,0.0381143952611076,0.389,0.53,"P2N_Spatial","TLS","Rest","wilcox","Spatial",0.25,0.05,0.05,157,3499,TRUE,FALSE,2,10366,0.00604341721196662,0.283286888526336,0.547773525629349,"Not structured"
"RPL30",0.3046,0.000100974503441134,0.00180155198394285,0.885,0.938,"P2N_Spatial","TLS","Rest","wilcox","Spatial",0.25,0.05,0.05,157,3499,TRUE,FALSE,2,10366,0.0942010279551109,3.09749487052797e-23,22.5089894041458,"Weakly structured"
"F12",-0.3044,2.88175219124684e-06,7.77923000376686e-05,0.924,0.958,"P2N_Spatial","TLS","Rest","wilcox","Spatial",0.25,0.05,0.05,157,3499,TRUE,FALSE,2,10366,0.149925705539884,2.20689845222758e-56,55.6562176499158,"Weakly structured"
"ACAA1",-0.3042,1.57323461243988e-05,0.000359210352258851,0.783,0.843,"P2N_Spatial","TLS","Rest","wilcox","Spatial",0.25,0.05,0.05,157,3499,TRUE,FALSE,2,10366,0.104580095373688,3.12427506704568e-28,27.5052507370095,"Weakly structured"
"CD63",0.304,0.000500152125647495,0.00684884667696424,0.866,0.837,"P2N_Spatial","TLS","Rest","wilcox","Spatial",0.25,0.05,0.05,157,3499,TRUE,FALSE,2,10366,0.0435256595491417,3.67083965104345e-06,5.43523458585503,"Weakly structured"
"FTCD",-0.3036,1.97528608644179e-05,0.000438454294904831,0.866,0.901,"P2N_Spatial","TLS","Rest","wilcox","Spatial",0.25,0.05,0.05,157,3499,TRUE,FALSE,2,10366,0.0643304259492736,1.08851036100458e-11,10.9631674327637,"Weakly structured"
"BTG2",0.3025,0.0032570808185641,0.0300649151961135,0.573,0.481,"P2N_Spatial","TLS","Rest","wilcox","Spatial",0.25,0.05,0.05,157,3499,TRUE,FALSE,2,10366,0.147432425862802,1.59749621081727e-54,53.7965601632936,"Weakly structured"
"MTTP",-0.3023,0.0062151796749581,0.0490927761801718,0.325,0.469,"P2N_Spatial","TLS","Rest","wilcox","Spatial",0.25,0.05,0.05,157,3499,TRUE,FALSE,2,10366,0.0361274279429842,0.000108788494418226,3.96341703363508,"Weakly structured"
"MRPL14",-0.3021,0.00146726279750193,0.0163544582353817,0.191,0.338,"P2N_Spatial","TLS","Rest","wilcox","Spatial",0.25,0.05,0.05,157,3499,TRUE,FALSE,2,10366,0.0321702434113702,0.000516922628871501,3.28657445568506,"Weakly structured"
"SLC39A14",-0.3019,9.75529627976425e-05,0.00174953981377225,0.809,0.874,"P2N_Spatial","TLS","Rest","wilcox","Spatial",0.25,0.05,0.05,157,3499,TRUE,FALSE,2,10366,0.111056127008794,1.21735180758692e-31,30.9145838950533,"Weakly structured"
"GRHPR",-0.3011,0.00315978277936552,0.0294553132112437,0.554,0.687,"P2N_Spatial","TLS","Rest","wilcox","Spatial",0.25,0.05,0.05,157,3499,TRUE,FALSE,2,10366,0.0844033141060414,5.84874636199074e-19,18.2329372119375,"Weakly structured"
"TM4SF4",-0.3011,0.00331519401550605,0.030411770942244,0.662,0.757,"P2N_Spatial","TLS","Rest","wilcox","Spatial",0.25,0.05,0.05,157,3499,TRUE,FALSE,2,10366,0.102789732849027,2.52979746801947e-27,26.5969142464299,"Weakly structured"
"RDH10",-0.3009,0.00323578053118284,0.0299075935191127,0.121,0.238,"P2N_Spatial","TLS","Rest","wilcox","Spatial",0.25,0.05,0.05,157,3499,TRUE,FALSE,2,10366,0.0176866687745563,0.0380729110089751,1.41938391628249,"Weakly structured"
"RHOB",-0.3006,3.31801084876841e-06,8.8417738967438e-05,0.911,0.966,"P2N_Spatial","TLS","Rest","wilcox","Spatial",0.25,0.05,0.05,157,3499,TRUE,FALSE,2,10366,0.0499820049344159,1.15844105898141e-07,6.93612605804174,"Weakly structured"
"APMAP",-0.2994,0.00576739206956507,0.0465251254421101,0.701,0.798,"P2N_Spatial","TLS","Rest","wilcox","Spatial",0.25,0.05,0.05,157,3499,TRUE,FALSE,2,10366,0.0399396380359152,2.0186016383084e-05,4.6949493786068,"Weakly structured"
"MYO1B",-0.2991,0.000930400437055056,0.0114001547641994,0.599,0.72,"P2N_Spatial","TLS","Rest","wilcox","Spatial",0.25,0.05,0.05,157,3499,TRUE,FALSE,2,10366,0.0658697627432745,3.55039371748035e-12,11.4497234836075,"Weakly structured"
"BDH1",-0.2986,0.00220209140621873,0.0221835563817914,0.529,0.672,"P2N_Spatial","TLS","Rest","wilcox","Spatial",0.25,0.05,0.05,157,3499,TRUE,FALSE,2,10366,0.0348761760822693,0.000181054084926404,3.74219167222237,"Weakly structured"
"A2M",-0.297,6.34451921156705e-11,3.79088880309312e-09,1,1,"P2N_Spatial","TLS","Rest","wilcox","Spatial",0.25,0.05,0.05,157,3499,TRUE,FALSE,2,10366,0.525054273882877,0,671.854660825095,"Spatially structured"
"DCXR",-0.2968,4.85101396472023e-05,0.000963325876595592,0.86,0.927,"P2N_Spatial","TLS","Rest","wilcox","Spatial",0.25,0.05,0.05,157,3499,TRUE,FALSE,2,10366,0.0704572331528053,1.04236202874366e-13,12.9819814175252,"Weakly structured"
"MT-CO3",-0.2967,9.75871935244106e-14,8.36023841383504e-12,0.994,1,"P2N_Spatial","TLS","Rest","wilcox","Spatial",0.25,0.05,0.05,157,3499,TRUE,FALSE,2,10366,0.33844125129836,5.03869416904164e-281,280.297682000987,"Spatially structured"
"MT1F",-0.2939,2.8081879520913e-07,9.60715389814468e-06,0.968,0.973,"P2N_Spatial","TLS","Rest","wilcox","Spatial",0.25,0.05,0.05,157,3499,TRUE,FALSE,2,10366,0.151726527258576,1.01375490630366e-57,56.9940670309061,"Weakly structured"
"SORL1",-0.2926,0.00241596014911593,0.0237607617701478,0.497,0.656,"P2N_Spatial","TLS","Rest","wilcox","Spatial",0.25,0.05,0.05,157,3499,TRUE,FALSE,2,10366,0.0204183109031438,0.0199440140269364,1.70018742905809,"Weakly structured"
"TST",-0.2917,6.57824568443797e-07,2.09172912012335e-05,0.943,0.965,"P2N_Spatial","TLS","Rest","wilcox","Spatial",0.25,0.05,0.05,157,3499,TRUE,FALSE,2,10366,0.119420159894846,2.27069312885294e-36,35.6438415542219,"Weakly structured"
"LEPR",-0.2917,0.00304514143939057,0.0285406294400747,0.497,0.621,"P2N_Spatial","TLS","Rest","wilcox","Spatial",0.25,0.05,0.05,157,3499,TRUE,FALSE,2,10366,0.102380895367773,4.05450097040523e-27,26.3920625913014,"Weakly structured"
"SERPINA6",-0.2906,0.000366590448272284,0.00529996734559344,0.803,0.86,"P2N_Spatial","TLS","Rest","wilcox","Spatial",0.25,0.05,0.05,157,3499,TRUE,FALSE,2,10366,0.0975800548699272,8.32514642542818e-25,24.0796081192395,"Weakly structured"
"CYP3A5",-0.2889,0.00317642156388687,0.0295572584661143,0.624,0.746,"P2N_Spatial","TLS","Rest","wilcox","Spatial",0.25,0.05,0.05,157,3499,TRUE,FALSE,2,10366,0.0583271050075004,7.00479512898543e-10,9.154604562113,"Weakly structured"
"SERPIND1",-0.2889,1.05654889822653e-07,3.7896836951613e-06,0.936,0.939,"P2N_Spatial","TLS","Rest","wilcox","Spatial",0.25,0.05,0.05,157,3499,TRUE,FALSE,2,10366,0.162733966191787,4.12888485954408e-66,65.3841672279419,"Weakly structured"
"C1R",-0.2882,9.93124264024359e-11,5.65644292355852e-09,0.987,0.993,"P2N_Spatial","TLS","Rest","wilcox","Spatial",0.25,0.05,0.05,157,3499,TRUE,FALSE,2,10366,0.114659214454486,1.01789219498113e-33,32.9922982157164,"Weakly structured"
"ST6GAL1",-0.2877,2.5123388687064e-06,6.87147881609776e-05,0.955,0.949,"P2N_Spatial","TLS","Rest","wilcox","Spatial",0.25,0.05,0.05,157,3499,TRUE,FALSE,2,10366,0.115561635338255,3.78656045976499e-34,33.4217551044322,"Weakly structured"
"APOA1",-0.286,7.32919895224395e-25,2.17069932397031e-22,1,1,"P2N_Spatial","TLS","Rest","wilcox","Spatial",0.25,0.05,0.05,157,3499,TRUE,FALSE,2,10366,0.576959118561103,0,811.311365513708,"Spatially structured"
"EIF4G2",0.2837,0.00583324301143856,0.046873951206645,0.822,0.828,"P2N_Spatial","TLS","Rest","wilcox","Spatial",0.25,0.05,0.05,157,3499,TRUE,FALSE,2,10366,0.0146715424557486,0.0725172205563181,1.13955884991832,"Not structured"
"HULC",-0.2821,0.00163719561421787,0.0177337196833673,0.299,0.46,"P2N_Spatial","TLS","Rest","wilcox","Spatial",0.25,0.05,0.05,157,3499,TRUE,FALSE,2,10366,0.0793583564343022,5.97761667021672e-17,16.2234719386356,"Weakly structured"
"MTHFD1",-0.2821,0.00175748748237671,0.0188009445225149,0.631,0.748,"P2N_Spatial","TLS","Rest","wilcox","Spatial",0.25,0.05,0.05,157,3499,TRUE,FALSE,2,10366,0.0585832237253788,5.92889767369616e-10,9.22702604503918,"Weakly structured"
"NR1I3",-0.2819,0.00597935349208108,0.0477519093211961,0.293,0.442,"P2N_Spatial","TLS","Rest","wilcox","Spatial",0.25,0.05,0.05,157,3499,TRUE,FALSE,2,10366,0.0210661358564838,0.0169667458530878,1.77040144545881,"Weakly structured"
"APOE",-0.2818,3.32636836861675e-19,5.47319595382241e-17,1,1,"P2N_Spatial","TLS","Rest","wilcox","Spatial",0.25,0.05,0.05,157,3499,TRUE,FALSE,2,10366,0.267206337324571,4.38416702019636e-176,175.35811290923,"Weakly structured"
"CEACAM1",-0.2811,0.00398709474927762,0.034760879092722,0.172,0.296,"P2N_Spatial","TLS","Rest","wilcox","Spatial",0.25,0.05,0.05,157,3499,TRUE,FALSE,2,10366,0.0135457718527058,0.089542564679126,1.04797047070709,"Not structured"
"MT2A",-0.2805,1.38720920769869e-25,4.49369082718893e-23,1,1,"P2N_Spatial","TLS","Rest","wilcox","Spatial",0.25,0.05,0.05,157,3499,TRUE,FALSE,2,10366,0.415474060654625,0,421.117699352366,"Spatially structured"
"MAOA",-0.2783,0.00213536196969944,0.0217224358958827,0.452,0.63,"P2N_Spatial","TLS","Rest","wilcox","Spatial",0.25,0.05,0.05,157,3499,TRUE,FALSE,2,10366,0.0468370991645921,6.71930954016918e-07,6.17267535169328,"Weakly structured"
"ITM2B",0.2761,0.000154657890514523,0.00257746574449122,0.943,0.929,"P2N_Spatial","TLS","Rest","wilcox","Spatial",0.25,0.05,0.05,157,3499,TRUE,FALSE,2,10366,0.0500842717192006,1.10513499603714e-07,6.9565846681752,"Weakly structured"
"CYP2B6",-0.276,0.00378311064482462,0.0335463857521403,0.822,0.898,"P2N_Spatial","TLS","Rest","wilcox","Spatial",0.25,0.05,0.05,157,3499,TRUE,FALSE,2,10366,0.0917318821354923,4.15465004363657e-22,21.3814655520287,"Weakly structured"
"GADD45B",-0.2756,0.00102812134999212,0.0123263508156889,0.771,0.849,"P2N_Spatial","TLS","Rest","wilcox","Spatial",0.25,0.05,0.05,157,3499,TRUE,FALSE,2,10366,0.0491963203873807,1.84447735488218e-07,6.73412667234831,"Weakly structured"
"HSPB1",0.2755,0.000716282638433059,0.00914407121920824,0.866,0.853,"P2N_Spatial","TLS","Rest","wilcox","Spatial",0.25,0.05,0.05,157,3499,TRUE,FALSE,2,10366,0.101156770045229,1.6114053778034e-26,25.7927951913023,"Weakly structured"
"AC115619.1",-0.2743,0.00277302281035941,0.0265421555421843,0.478,0.618,"P2N_Spatial","TLS","Rest","wilcox","Spatial",0.25,0.05,0.05,157,3499,TRUE,FALSE,2,10366,0.040831670524841,1.35026535928279e-05,4.86958087391433,"Weakly structured"
"ATP6V0C",0.2733,0.00452006804849886,0.0382490003189708,0.822,0.831,"P2N_Spatial","TLS","Rest","wilcox","Spatial",0.25,0.05,0.05,157,3499,TRUE,FALSE,2,10366,0.0317272488155578,0.000608484623804306,3.2157503917664,"Weakly structured"
"TMBIM6",-0.2717,3.97914990798015e-08,1.53337799056216e-06,0.968,0.978,"P2N_Spatial","TLS","Rest","wilcox","Spatial",0.25,0.05,0.05,157,3499,TRUE,FALSE,2,10366,0.0755744041910381,1.49808563104465e-15,14.8244633615182,"Weakly structured"
"ITIH4",-0.2716,9.20090147739582e-14,7.94804539289043e-12,1,1,"P2N_Spatial","TLS","Rest","wilcox","Spatial",0.25,0.05,0.05,157,3499,TRUE,FALSE,2,10366,0.27016878296838,1.95343731246985e-179,178.709200521109,"Weakly structured"
"GLTPD2",-0.2712,0.00424554050872725,0.0364315173124724,0.306,0.456,"P2N_Spatial","TLS","Rest","wilcox","Spatial",0.25,0.05,0.05,157,3499,TRUE,FALSE,2,10366,0.038375068075957,4.07755173780462e-05,4.38960051972962,"Weakly structured"
"MT-CYB",-0.2677,1.31482999225997e-10,7.17343563145622e-09,1,0.999,"P2N_Spatial","TLS","Rest","wilcox","Spatial",0.25,0.05,0.05,157,3499,TRUE,FALSE,2,10366,0.17846822329058,2.87996814567683e-79,78.540612315794,"Weakly structured"
"IDH1",-0.2666,0.00511634529513089,0.0421590105956493,0.452,0.592,"P2N_Spatial","TLS","Rest","wilcox","Spatial",0.25,0.05,0.05,157,3499,TRUE,FALSE,2,10366,0.0487186495909932,2.41302759838618e-07,6.61743771093071,"Weakly structured"
"NDUFC2",-0.2656,0.00234548703872276,0.0232335559325331,0.522,0.66,"P2N_Spatial","TLS","Rest","wilcox","Spatial",0.25,0.05,0.05,157,3499,TRUE,FALSE,2,10366,0.0315877741854673,0.000637719201530713,3.19537050634145,"Weakly structured"
"PFDN5",0.2644,0.00565714657639321,0.0457782836931242,0.796,0.75,"P2N_Spatial","TLS","Rest","wilcox","Spatial",0.25,0.05,0.05,157,3499,TRUE,FALSE,2,10366,0.0456777781560985,1.2381704267942e-06,5.90721957314937,"Weakly structured"
"ABAT",-0.2637,0.00259675543077891,0.0252040887597885,0.631,0.741,"P2N_Spatial","TLS","Rest","wilcox","Spatial",0.25,0.05,0.05,157,3499,TRUE,FALSE,2,10366,0.0517361955674188,4.3095979124157e-08,7.36556324783582,"Weakly structured"
"SERPING1",-0.2619,2.17770142959634e-12,1.61243235851398e-10,0.987,0.998,"P2N_Spatial","TLS","Rest","wilcox","Spatial",0.25,0.05,0.05,157,3499,TRUE,FALSE,2,10366,0.150403795297657,5.93826867333829e-57,56.2263401569069,"Weakly structured"
"ACADSB",-0.2593,0.00119788611518977,0.0138895832998402,0.701,0.795,"P2N_Spatial","TLS","Rest","wilcox","Spatial",0.25,0.05,0.05,157,3499,TRUE,FALSE,2,10366,0.0711931932370631,5.86197033454479e-14,13.23195638371,"Weakly structured"
"RPS14",0.259,0.00635720748564299,0.0499233430274055,0.885,0.873,"P2N_Spatial","TLS","Rest","wilcox","Spatial",0.25,0.05,0.05,157,3499,TRUE,FALSE,2,10366,0.0880164816943814,1.76094650859314e-20,19.7542538361824,"Weakly structured"
"CES2",-0.2558,0.00137201459732131,0.0156460982572417,0.796,0.854,"P2N_Spatial","TLS","Rest","wilcox","Spatial",0.25,0.05,0.05,157,3499,TRUE,FALSE,2,10366,0.100243213239348,4.39869427010877e-26,25.3566762224784,"Weakly structured"
"SERF2",0.2541,0.00393751437538175,0.0345900627247519,0.892,0.871,"P2N_Spatial","TLS","Rest","wilcox","Spatial",0.25,0.05,0.05,157,3499,TRUE,FALSE,2,10366,0.0322990977547817,0.000493354194870648,3.30684117474568,"Weakly structured"
"GPT2",-0.2523,0.00422470324113817,0.0363429658071686,0.522,0.66,"P2N_Spatial","TLS","Rest","wilcox","Spatial",0.25,0.05,0.05,157,3499,TRUE,FALSE,2,10366,0.039928660106527,2.02811718849479e-05,4.69290695424688,"Weakly structured"
"TPT1",0.2518,4.51449667891424e-11,2.83619833779546e-09,0.994,0.996,"P2N_Spatial","TLS","Rest","wilcox","Spatial",0.25,0.05,0.05,157,3499,TRUE,FALSE,2,10366,0.134238302676607,1.34035503546478e-45,44.8727801497543,"Weakly structured"
