"gene","avg_log2FC","p_val","p_val_adj","pct_roi","pct_rest","sample","roi","reference","test","expression_assay","logfc_cutoff","fdr_cutoff","min_pct","n_spots_roi","n_spots_rest","passes_selected_filters","complete_gene_table","analysis_format_version","n_genes_tested","Moran_I","Moran_padj","Moran_neglog10_padj","spatial_class"
"AP1M2",-4.0143,6.59983776238058e-05,0.00198548810536047,0,0.157,"CaseStudy1_CRLM","TLS","Rest","wilcox","SCT",0.25,0.05,0.05,86,3635,TRUE,FALSE,2,8965,0.13426996243164,1.56328759286017e-46,45.805961118908,"Weakly structured"
"MMP11",-3.9539,2.8594565138958e-05,0.00108679675679237,0.012,0.189,"CaseStudy1_CRLM","TLS","Rest","wilcox","SCT",0.25,0.05,0.05,86,3635,TRUE,FALSE,2,8965,0.265277531318263,9.66918854172805e-176,175.014609971278,"Weakly structured"
"CST1",-3.8512,0.00502209931406858,0.0492325337532009,0,0.084,"CaseStudy1_CRLM","TLS","Rest","wilcox","SCT",0.25,0.05,0.05,86,3635,TRUE,FALSE,2,8965,0.328303608025181,4.01870080309781e-269,268.395914326329,"Spatially structured"
"RPL26L1",-3.7018,0.000348897382966791,0.00702891019842086,0,0.13,"CaseStudy1_CRLM","TLS","Rest","wilcox","SCT",0.25,0.05,0.05,86,3635,TRUE,FALSE,2,8965,0.0479546964876841,1.62488363008448e-07,6.78917773660625,"Weakly structured"
"MACC1",-3.6319,0.000468769099186484,0.0088660653464279,0,0.125,"CaseStudy1_CRLM","TLS","Rest","wilcox","SCT",0.25,0.05,0.05,86,3635,TRUE,FALSE,2,8965,0.099239469043428,2.41629299927737e-26,25.6168504043829,"Weakly structured"
"LRATD1",-3.5872,0.000618777287944858,0.0110900741368115,0,0.12,"CaseStudy1_CRLM","TLS","Rest","wilcox","SCT",0.25,0.05,0.05,86,3635,TRUE,FALSE,2,8965,0.107033132375778,2.50132026236395e-30,29.6018306988042,"Weakly structured"
"AC132217.1",-3.5701,0.00136352868071877,0.0200394010207274,0,0.107,"CaseStudy1_CRLM","TLS","Rest","wilcox","SCT",0.25,0.05,0.05,86,3635,TRUE,FALSE,2,8965,0.272381780209387,2.93831235987333e-185,184.531902038036,"Weakly structured"
"CCL19",3.5287,1.36769562254483e-32,1.22613912561144e-28,0.337,0.048,"CaseStudy1_CRLM","TLS","Rest","wilcox","SCT",0.25,0.05,0.05,86,3635,TRUE,FALSE,2,8965,0.202594714371614,3.08706854186186e-104,103.510453727816,"Weakly structured"
"SATB2",-3.4377,0.00136060619462778,0.020029284950473,0,0.107,"CaseStudy1_CRLM","TLS","Rest","wilcox","SCT",0.25,0.05,0.05,86,3635,TRUE,FALSE,2,8965,0.0777967512002249,6.12427276280135e-17,16.2129454749396,"Weakly structured"
"POSTN",-3.3639,1.80746214382697e-07,1.78064814498997e-05,0.047,0.308,"CaseStudy1_CRLM","TLS","Rest","wilcox","SCT",0.25,0.05,0.05,86,3635,TRUE,FALSE,2,8965,0.346927478217888,1.50837310156979e-298,297.821491220859,"Spatially structured"
"GALNT12",-3.2674,0.00232827550623996,0.028909958328866,0,0.098,"CaseStudy1_CRLM","TLS","Rest","wilcox","SCT",0.25,0.05,0.05,86,3635,TRUE,FALSE,2,8965,0.0870861193020884,9.52854907334677e-21,20.0209732250083,"Weakly structured"
"VAPB",-3.2567,0.00229091292674897,0.0286443994258082,0,0.098,"CaseStudy1_CRLM","TLS","Rest","wilcox","SCT",0.25,0.05,0.05,86,3635,TRUE,FALSE,2,8965,0.0762242359764987,2.44782521238487e-16,15.6112195963332,"Weakly structured"
"DENND10",-3.2059,0.00255539392816808,0.0308235789703307,0,0.096,"CaseStudy1_CRLM","TLS","Rest","wilcox","SCT",0.25,0.05,0.05,86,3635,TRUE,FALSE,2,8965,0.0212084422402868,0.0116084819756333,1.93522456860853,"Weakly structured"
"CCR2",3.1285,4.86956911785545e-07,4.27996932760531e-05,0.058,0.007,"CaseStudy1_CRLM","TLS","Rest","wilcox","SCT",0.25,0.05,0.05,86,3635,TRUE,FALSE,2,8965,0.0275524190320199,0.00139265617201206,2.8561560917808,"Weakly structured"
"JPH1",-3.1221,0.00338738469223206,0.0372612316145527,0,0.091,"CaseStudy1_CRLM","TLS","Rest","wilcox","SCT",0.25,0.05,0.05,86,3635,TRUE,FALSE,2,8965,0.0782067950793763,4.20274080686841e-17,16.3764673931537,"Weakly structured"
"AGAP1-IT1",3.1214,2.78246269618431e-07,2.51967455265579e-05,0.058,0.007,"CaseStudy1_CRLM","TLS","Rest","wilcox","SCT",0.25,0.05,0.05,86,3635,TRUE,FALSE,2,8965,0.00382026305552217,0.330386531613639,0.48097766524118,"Not structured"
"DPT",3.1019,4.43724528273285e-14,3.31499199664166e-11,0.174,0.029,"CaseStudy1_CRLM","TLS","Rest","wilcox","SCT",0.25,0.05,0.05,86,3635,TRUE,FALSE,2,8965,0.122115870658289,3.33264329778675e-39,38.4772111676155,"Weakly structured"
"CA9",-3.0944,0.00516100471702139,0.0499063437924798,0,0.084,"CaseStudy1_CRLM","TLS","Rest","wilcox","SCT",0.25,0.05,0.05,86,3635,TRUE,FALSE,2,8965,0.131869845253485,4.7941161292874e-45,44.3192914501318,"Weakly structured"
"GFPT1",-3.0815,6.21818115312095e-08,7.3349992154907e-06,0.047,0.319,"CaseStudy1_CRLM","TLS","Rest","wilcox","SCT",0.25,0.05,0.05,86,3635,TRUE,FALSE,2,8965,0.208237239277488,7.05011243172369e-109,108.151803957039,"Weakly structured"
"AMZ2",-3.0661,0.00434739527207854,0.0447467263079037,0,0.087,"CaseStudy1_CRLM","TLS","Rest","wilcox","SCT",0.25,0.05,0.05,86,3635,TRUE,FALSE,2,8965,0.0144067846373734,0.0606901878135024,1.21688151852796,"Not structured"
"PLCG2",3.0421,6.30411068126194e-22,1.41290880643783e-18,0.419,0.105,"CaseStudy1_CRLM","TLS","Rest","wilcox","SCT",0.25,0.05,0.05,86,3635,TRUE,FALSE,2,8965,0.163456049293188,4.34835290682227e-68,67.3616752163645,"Weakly structured"
"PRKD1",3.0322,1.36884981317438e-06,9.97702323179537e-05,0.058,0.008,"CaseStudy1_CRLM","TLS","Rest","wilcox","SCT",0.25,0.05,0.05,86,3635,TRUE,FALSE,2,8965,0.0192820757736229,0.0180789169632802,1.74282758995354,"Weakly structured"
"PLAGL2",-3.0206,0.00408056635034547,0.0427314816924326,0,0.088,"CaseStudy1_CRLM","TLS","Rest","wilcox","SCT",0.25,0.05,0.05,86,3635,TRUE,FALSE,2,8965,0.0487900539628331,1.00454173619954e-07,6.99803201469014,"Weakly structured"
"EXOSC7",-3.0185,0.000215001943921777,0.00483080808836775,0.012,0.157,"CaseStudy1_CRLM","TLS","Rest","wilcox","SCT",0.25,0.05,0.05,86,3635,TRUE,FALSE,2,8965,0.078306599056224,4.02842438449611e-17,16.3948647838641,"Weakly structured"
"GEMIN7",-3.0164,0.00448104696248187,0.045781789298391,0,0.086,"CaseStudy1_CRLM","TLS","Rest","wilcox","SCT",0.25,0.05,0.05,86,3635,TRUE,FALSE,2,8965,0.0467600182857165,3.11045724459912e-07,6.50717576396037,"Weakly structured"
"ITGA6",-3.0138,3.96795136004506e-08,4.94065054761166e-06,0.035,0.316,"CaseStudy1_CRLM","TLS","Rest","wilcox","SCT",0.25,0.05,0.05,86,3635,TRUE,FALSE,2,8965,0.240431602426044,1.89421259735217e-144,143.722571279464,"Weakly structured"
"SPIB",2.9955,1.83524579680619e-09,4.21871245342757e-07,0.093,0.013,"CaseStudy1_CRLM","TLS","Rest","wilcox","SCT",0.25,0.05,0.05,86,3635,TRUE,FALSE,2,8965,0.0584792049262123,1.68312830218326e-10,9.77388277718734,"Weakly structured"
"WASHC5",-2.9736,0.00507264198297266,0.0495146245528642,0,0.084,"CaseStudy1_CRLM","TLS","Rest","wilcox","SCT",0.25,0.05,0.05,86,3635,TRUE,FALSE,2,8965,0.0310776731478002,0.000449226174433322,3.34753494724409,"Weakly structured"
"C16orf54",2.9609,1.57435839928183e-05,0.000674626623309784,0.058,0.01,"CaseStudy1_CRLM","TLS","Rest","wilcox","SCT",0.25,0.05,0.05,86,3635,TRUE,FALSE,2,8965,0.00428355105746405,0.314035464235468,0.503021303990284,"Not structured"
"FBXL6",-2.945,0.000292000535767546,0.006213197940637,0.012,0.152,"CaseStudy1_CRLM","TLS","Rest","wilcox","SCT",0.25,0.05,0.05,86,3635,TRUE,FALSE,2,8965,0.137167859525695,1.78852184158344e-48,47.7475057518408,"Weakly structured"
"MMRN1",2.9302,0.00080651269167525,0.0134895266434116,0.058,0.014,"CaseStudy1_CRLM","TLS","Rest","wilcox","SCT",0.25,0.05,0.05,86,3635,TRUE,FALSE,2,8965,0.0527694114027997,6.16130997546528e-09,8.21032694130436,"Weakly structured"
"KRTCAP3",-2.9294,0.000381957174258206,0.00749287979699085,0.012,0.148,"CaseStudy1_CRLM","TLS","Rest","wilcox","SCT",0.25,0.05,0.05,86,3635,TRUE,FALSE,2,8965,0.108987586367453,2.30222835032123e-31,30.6378516023543,"Weakly structured"
"FNDC1",-2.9114,0.000989156145184883,0.0157446325674674,0.012,0.132,"CaseStudy1_CRLM","TLS","Rest","wilcox","SCT",0.25,0.05,0.05,86,3635,TRUE,FALSE,2,8965,0.237746475226749,1.60462489651101e-141,140.794626473798,"Weakly structured"
"TESC",-2.8996,2.40336396645984e-07,2.3167911784207e-05,0.035,0.293,"CaseStudy1_CRLM","TLS","Rest","wilcox","SCT",0.25,0.05,0.05,86,3635,TRUE,FALSE,2,8965,0.216984235879822,4.75485679200326e-118,117.322862558722,"Weakly structured"
"C15orf48",-2.8528,6.21491699799734e-05,0.00190159491082069,0.023,0.194,"CaseStudy1_CRLM","TLS","Rest","wilcox","SCT",0.25,0.05,0.05,86,3635,TRUE,FALSE,2,8965,0.122503633977598,4.43445138452986e-39,38.3531601019674,"Weakly structured"
"NTRK2",2.8513,1.60515619321996e-05,0.000675597430620513,0.058,0.01,"CaseStudy1_CRLM","TLS","Rest","wilcox","SCT",0.25,0.05,0.05,86,3635,TRUE,FALSE,2,8965,-0.00339501029039627,0.634234342734367,0.197750245348643,"Not structured"
"MLX",-2.8488,0.00049892431203394,0.00935803899715091,0.012,0.144,"CaseStudy1_CRLM","TLS","Rest","wilcox","SCT",0.25,0.05,0.05,86,3635,TRUE,FALSE,2,8965,0.0203998136855602,0.0145259958715831,1.83785408360495,"Weakly structured"
"FAT1",-2.7982,6.47776234024002e-05,0.00195532455825763,0.023,0.194,"CaseStudy1_CRLM","TLS","Rest","wilcox","SCT",0.25,0.05,0.05,86,3635,TRUE,FALSE,2,8965,0.143064540402302,1.57082073701638e-52,51.8038733740732,"Weakly structured"
"CDH19",2.777,5.34512663791403e-06,0.000303285191828477,0.058,0.009,"CaseStudy1_CRLM","TLS","Rest","wilcox","SCT",0.25,0.05,0.05,86,3635,TRUE,FALSE,2,8965,0.0417647029132484,3.15513930406304e-06,5.50098146125335,"Weakly structured"
"ASCL2",-2.7749,1.85663723275254e-08,2.88388015218811e-06,0.047,0.343,"CaseStudy1_CRLM","TLS","Rest","wilcox","SCT",0.25,0.05,0.05,86,3635,TRUE,FALSE,2,8965,0.32367345109892,5.13913469428319e-260,259.289109999513,"Spatially structured"
"DAPK3",-2.771,0.000718288321585753,0.0125281221848566,0.012,0.138,"CaseStudy1_CRLM","TLS","Rest","wilcox","SCT",0.25,0.05,0.05,86,3635,TRUE,FALSE,2,8965,0.0467511062123508,3.17151631905601e-07,6.49873304959594,"Weakly structured"
"UPP1",-2.7701,9.40113127327808e-05,0.00261742676599186,0.023,0.188,"CaseStudy1_CRLM","TLS","Rest","wilcox","SCT",0.25,0.05,0.05,86,3635,TRUE,FALSE,2,8965,0.0478218983694542,1.76537433959197e-07,6.75316319034333,"Weakly structured"
"HSPB2",2.7551,0.00507573228824119,0.0495146245528642,0.093,0.036,"CaseStudy1_CRLM","TLS","Rest","wilcox","SCT",0.25,0.05,0.05,86,3635,TRUE,FALSE,2,8965,0.00947822220394499,0.151129923032825,0.820649538828168,"Not structured"
"PLS1",-2.7508,0.000819057176908303,0.0136738316405641,0.012,0.135,"CaseStudy1_CRLM","TLS","Rest","wilcox","SCT",0.25,0.05,0.05,86,3635,TRUE,FALSE,2,8965,0.0729965218164628,4.00593003296034e-15,14.3972966403057,"Weakly structured"
"CCL21",2.7397,3.64660641872631e-27,1.63459132719407e-23,0.733,0.324,"CaseStudy1_CRLM","TLS","Rest","wilcox","SCT",0.25,0.05,0.05,86,3635,TRUE,FALSE,2,8965,0.3247515319574,6.00533759747811e-262,261.221462573174,"Spatially structured"
"MUC13",-2.7387,1.18712177483407e-08,1.97727019364048e-06,0.07,0.369,"CaseStudy1_CRLM","TLS","Rest","wilcox","SCT",0.25,0.05,0.05,86,3635,TRUE,FALSE,2,8965,0.296898743531965,4.01083203494003e-219,218.396765524961,"Weakly structured"
"GALNT16",2.717,5.71927487429674e-05,0.001780322890558,0.058,0.011,"CaseStudy1_CRLM","TLS","Rest","wilcox","SCT",0.25,0.05,0.05,86,3635,TRUE,FALSE,2,8965,0.0350046881590608,7.76945645995571e-05,4.10960936275621,"Weakly structured"
"CARD11",2.6736,8.10562524673067e-06,0.000424952808987956,0.07,0.013,"CaseStudy1_CRLM","TLS","Rest","wilcox","SCT",0.25,0.05,0.05,86,3635,TRUE,FALSE,2,8965,0.0272748241808769,0.00160578859609515,2.79431163065921,"Weakly structured"
"MRGBP",-2.6456,0.00154314616218517,0.0217333303165708,0.012,0.125,"CaseStudy1_CRLM","TLS","Rest","wilcox","SCT",0.25,0.05,0.05,86,3635,TRUE,FALSE,2,8965,0.0616773981117926,2.59700738079277e-11,10.5855268160877,"Weakly structured"
"TPD52L2",-2.6443,1.64629209750609e-05,0.000689395340797001,0.035,0.231,"CaseStudy1_CRLM","TLS","Rest","wilcox","SCT",0.25,0.05,0.05,86,3635,TRUE,FALSE,2,8965,0.128230576467624,1.32112926017505e-42,41.8790546886425,"Weakly structured"
"GARS",-2.6361,2.16018614299024e-05,0.000880275853268522,0.035,0.227,"CaseStudy1_CRLM","TLS","Rest","wilcox","SCT",0.25,0.05,0.05,86,3635,TRUE,FALSE,2,8965,0.116286219612102,2.10234460189194e-35,34.6772960959034,"Weakly structured"
"RAB25",-2.6347,2.28117106491502e-05,0.000921202639502843,0.035,0.226,"CaseStudy1_CRLM","TLS","Rest","wilcox","SCT",0.25,0.05,0.05,86,3635,TRUE,FALSE,2,8965,0.161504650285554,2.27228403992384e-66,65.6435373819129,"Weakly structured"
"SLC38A5",-2.6319,0.00142544368665282,0.0208468232477039,0.012,0.126,"CaseStudy1_CRLM","TLS","Rest","wilcox","SCT",0.25,0.05,0.05,86,3635,TRUE,FALSE,2,8965,0.0714230655313284,1.47492892233749e-14,13.8312289080793,"Weakly structured"
"PITX1",-2.6292,0.00121356276544517,0.0184712906489235,0.012,0.129,"CaseStudy1_CRLM","TLS","Rest","wilcox","SCT",0.25,0.05,0.05,86,3635,TRUE,FALSE,2,8965,0.083706144134829,2.68583520451173e-19,18.5709206379692,"Weakly structured"
"ATP13A1",-2.6209,0.00147264121600897,0.0213283174499522,0.012,0.125,"CaseStudy1_CRLM","TLS","Rest","wilcox","SCT",0.25,0.05,0.05,86,3635,TRUE,FALSE,2,8965,0.0391600767186032,1.49253321832411e-05,4.82607599428615,"Weakly structured"
"F8",2.6172,0.00252825076345278,0.0307958805629812,0.058,0.016,"CaseStudy1_CRLM","TLS","Rest","wilcox","SCT",0.25,0.05,0.05,86,3635,TRUE,FALSE,2,8965,0.0186942507326723,0.0217186924589545,1.6631663243389,"Weakly structured"
"MIR4458HG",-2.607,0.00196172686257272,0.0257118147996556,0.012,0.12,"CaseStudy1_CRLM","TLS","Rest","wilcox","SCT",0.25,0.05,0.05,86,3635,TRUE,FALSE,2,8965,0.0540738602266758,4.24165511401012e-09,8.37246464656238,"Weakly structured"
"SHISA3",2.5941,7.79983961784779e-05,0.00229264138275428,0.058,0.011,"CaseStudy1_CRLM","TLS","Rest","wilcox","SCT",0.25,0.05,0.05,86,3635,TRUE,FALSE,2,8965,0.0501646023277172,3.35134937672162e-08,7.4747802947929,"Weakly structured"
"GPR35",-2.59,0.00193496043632547,0.0254353670258913,0.012,0.121,"CaseStudy1_CRLM","TLS","Rest","wilcox","SCT",0.25,0.05,0.05,86,3635,TRUE,FALSE,2,8965,0.0987111277915834,4.3089792976188e-26,25.3656255924634,"Weakly structured"
"C19orf33",-2.5895,1.16661017479503e-05,0.00053815631617807,0.035,0.239,"CaseStudy1_CRLM","TLS","Rest","wilcox","SCT",0.25,0.05,0.05,86,3635,TRUE,FALSE,2,8965,0.208108227895577,8.59487461498901e-109,108.065760454569,"Weakly structured"
"MRRF",-2.5815,0.00209387026595509,0.0268164956204105,0.012,0.119,"CaseStudy1_CRLM","TLS","Rest","wilcox","SCT",0.25,0.05,0.05,86,3635,TRUE,FALSE,2,8965,0.068767546549712,1.2495947507056e-13,12.9032308078461,"Weakly structured"
"UBA6",-2.5729,0.00162355909827905,0.0225662128931344,0.012,0.124,"CaseStudy1_CRLM","TLS","Rest","wilcox","SCT",0.25,0.05,0.05,86,3635,TRUE,FALSE,2,8965,0.0776491748263182,7.15682580684339e-17,16.1452795531434,"Weakly structured"
"ABHD11",-2.5701,0.00219967632688103,0.0277357218994211,0.012,0.119,"CaseStudy1_CRLM","TLS","Rest","wilcox","SCT",0.25,0.05,0.05,86,3635,TRUE,FALSE,2,8965,0.0462698065262969,4.09434367464706e-07,6.38781570594845,"Weakly structured"
"ATP10B",-2.5556,0.00178931164945154,0.0241948400261434,0.012,0.122,"CaseStudy1_CRLM","TLS","Rest","wilcox","SCT",0.25,0.05,0.05,86,3635,TRUE,FALSE,2,8965,0.0977258255847047,1.31184892647885e-25,24.882116175764,"Weakly structured"
"MYL4",2.5535,5.92516783200334e-10,1.60967059436091e-07,0.116,0.019,"CaseStudy1_CRLM","TLS","Rest","wilcox","SCT",0.25,0.05,0.05,86,3635,TRUE,FALSE,2,8965,0.278729282502294,1.91407474726137e-197,196.718041106429,"Weakly structured"
"ITGB2-AS1",2.5435,2.45306766233847e-05,0.000977411181905084,0.07,0.014,"CaseStudy1_CRLM","TLS","Rest","wilcox","SCT",0.25,0.05,0.05,86,3635,TRUE,FALSE,2,8965,0.00496477460925266,0.289245127466067,0.538733948305076,"Not structured"
"AC004540.2",2.5336,4.78882386098095e-06,0.000278777960478534,0.081,0.016,"CaseStudy1_CRLM","TLS","Rest","wilcox","SCT",0.25,0.05,0.05,86,3635,TRUE,FALSE,2,8965,0.00927600681646267,0.155181005484885,0.80916143847694,"Not structured"
"PDHA1",-2.5307,5.35172222669249e-05,0.00171350677722493,0.035,0.213,"CaseStudy1_CRLM","TLS","Rest","wilcox","SCT",0.25,0.05,0.05,86,3635,TRUE,FALSE,2,8965,0.106361786328838,6.05383175304199e-30,29.2179696530426,"Weakly structured"
"RNF43",-2.5054,9.8492238693647e-08,1.03880343516299e-05,0.047,0.32,"CaseStudy1_CRLM","TLS","Rest","wilcox","SCT",0.25,0.05,0.05,86,3635,TRUE,FALSE,2,8965,0.22683241046323,8.43710334775151e-129,128.073806631101,"Weakly structured"
"CTSC",-2.4927,1.92742821775569e-09,4.31984849304494e-07,0.093,0.415,"CaseStudy1_CRLM","TLS","Rest","wilcox","SCT",0.25,0.05,0.05,86,3635,TRUE,FALSE,2,8965,0.189647411964453,1.1691473526503e-90,89.9321307493942,"Weakly structured"
"ARFGEF2",-2.4812,0.00337795041695773,0.0372559786771396,0.012,0.111,"CaseStudy1_CRLM","TLS","Rest","wilcox","SCT",0.25,0.05,0.05,86,3635,TRUE,FALSE,2,8965,0.0539271702625031,4.60948269121702e-09,8.33634781147719,"Weakly structured"
"NKD1",-2.4799,1.06833180142941e-05,0.000509446521266739,0.023,0.225,"CaseStudy1_CRLM","TLS","Rest","wilcox","SCT",0.25,0.05,0.05,86,3635,TRUE,FALSE,2,8965,0.254478535464653,1.15820024595135e-161,160.936216347177,"Weakly structured"
"CYP2W1",-2.472,9.18708590938442e-05,0.00259817745039847,0.035,0.205,"CaseStudy1_CRLM","TLS","Rest","wilcox","SCT",0.25,0.05,0.05,86,3635,TRUE,FALSE,2,8965,0.189245333131455,2.37203767665489e-90,89.6248784170644,"Weakly structured"
"PPP1R1B",-2.4577,3.43518625700552e-05,0.00123432695535932,0.047,0.235,"CaseStudy1_CRLM","TLS","Rest","wilcox","SCT",0.25,0.05,0.05,86,3635,TRUE,FALSE,2,8965,0.174969621275191,1.59794991390616e-77,76.7964368373218,"Weakly structured"
"C22orf39",-2.444,0.00388979292687269,0.0411711848753409,0.012,0.109,"CaseStudy1_CRLM","TLS","Rest","wilcox","SCT",0.25,0.05,0.05,86,3635,TRUE,FALSE,2,8965,0.00941465497500899,0.153966797589749,0.812572923177934,"Not structured"
"S1PR4",2.4421,2.8118041192595e-05,0.00107725743287015,0.081,0.018,"CaseStudy1_CRLM","TLS","Rest","wilcox","SCT",0.25,0.05,0.05,86,3635,TRUE,FALSE,2,8965,0.0300924647790552,0.000610029489868002,3.21464916994435,"Weakly structured"
"BAMBI",-2.4362,0.000113454454648566,0.00297403270738128,0.023,0.188,"CaseStudy1_CRLM","TLS","Rest","wilcox","SCT",0.25,0.05,0.05,86,3635,TRUE,FALSE,2,8965,0.133392097217495,6.02932201894117e-46,45.2197315203618,"Weakly structured"
"CRACR2B",-2.4251,0.00377866683308306,0.0405212298547723,0.012,0.109,"CaseStudy1_CRLM","TLS","Rest","wilcox","SCT",0.25,0.05,0.05,86,3635,TRUE,FALSE,2,8965,0.0336899826886916,0.000161851167194429,3.79088416432275,"Weakly structured"
"EXOSC5",-2.4091,0.00371956225087552,0.0401274074357389,0.012,0.109,"CaseStudy1_CRLM","TLS","Rest","wilcox","SCT",0.25,0.05,0.05,86,3635,TRUE,FALSE,2,8965,0.044045988495937,1.34019963400275e-06,5.87283050500226,"Weakly structured"
"SLCO4A1",-2.4043,0.000212103468069651,0.00477765726443322,0.035,0.192,"CaseStudy1_CRLM","TLS","Rest","wilcox","SCT",0.25,0.05,0.05,86,3635,TRUE,FALSE,2,8965,0.155441936506717,1.19102802818989e-61,60.9240780182444,"Weakly structured"
"S100P",-2.397,9.67455717145906e-07,7.3502038171297e-05,0.07,0.316,"CaseStudy1_CRLM","TLS","Rest","wilcox","SCT",0.25,0.05,0.05,86,3635,TRUE,FALSE,2,8965,0.247807845450428,2.53465425489345e-153,152.596081273188,"Weakly structured"
"NOL4L",-2.3929,0.00455952001208896,0.0461772919256395,0.012,0.106,"CaseStudy1_CRLM","TLS","Rest","wilcox","SCT",0.25,0.05,0.05,86,3635,TRUE,FALSE,2,8965,0.0112957930732203,0.111230854951258,0.953774724657474,"Not structured"
"METTL5",-2.3908,0.000741027928774762,0.0127266578188999,0.023,0.155,"CaseStudy1_CRLM","TLS","Rest","wilcox","SCT",0.25,0.05,0.05,86,3635,TRUE,FALSE,2,8965,0.0788910616401888,2.37430383053453e-17,16.6244637068298,"Weakly structured"
"TYSND1",-2.3897,0.00384219333169415,0.0408119232448318,0.012,0.109,"CaseStudy1_CRLM","TLS","Rest","wilcox","SCT",0.25,0.05,0.05,86,3635,TRUE,FALSE,2,8965,0.044249692888565,1.20773267707449e-06,5.91802918303201,"Weakly structured"
"SLC39A3",-2.3799,0.00449032811065723,0.0457972599681934,0.012,0.106,"CaseStudy1_CRLM","TLS","Rest","wilcox","SCT",0.25,0.05,0.05,86,3635,TRUE,FALSE,2,8965,0.0324926902027756,0.000260451091979353,3.58427381738424,"Weakly structured"
"C7",2.3787,1.37778103850735e-18,1.76454385860263e-15,0.616,0.243,"CaseStudy1_CRLM","TLS","Rest","wilcox","SCT",0.25,0.05,0.05,86,3635,TRUE,FALSE,2,8965,0.33546092316514,2.12777512099783e-279,278.672074273403,"Spatially structured"
"DCDC2",2.3717,4.7318593149693e-05,0.00158287756562313,0.093,0.024,"CaseStudy1_CRLM","TLS","Rest","wilcox","SCT",0.25,0.05,0.05,86,3635,TRUE,FALSE,2,8965,0.0707332995686526,1.91716216257506e-14,13.7173411509024,"Weakly structured"
"PTPRO",-2.3717,0.000209628145046687,0.00473379425779231,0.023,0.178,"CaseStudy1_CRLM","TLS","Rest","wilcox","SCT",0.25,0.05,0.05,86,3635,TRUE,FALSE,2,8965,0.216538573371642,1.12161822610361e-117,116.950154942109,"Weakly structured"
"LAMC3",2.3703,1.06473800462588e-09,2.57983140850568e-07,0.244,0.073,"CaseStudy1_CRLM","TLS","Rest","wilcox","SCT",0.25,0.05,0.05,86,3635,TRUE,FALSE,2,8965,0.176366134913687,5.48253597149642e-79,78.2610185101892,"Weakly structured"
"ACTL6A",-2.3667,0.00442553082957151,0.0452909633414481,0.012,0.106,"CaseStudy1_CRLM","TLS","Rest","wilcox","SCT",0.25,0.05,0.05,86,3635,TRUE,FALSE,2,8965,0.0354589533900651,7.76945645995571e-05,4.10960936275621,"Weakly structured"
"GIMAP7",2.3619,5.04934271173668e-05,0.00162832220901868,0.081,0.019,"CaseStudy1_CRLM","TLS","Rest","wilcox","SCT",0.25,0.05,0.05,86,3635,TRUE,FALSE,2,8965,0.0288456253530664,0.000963612492786913,3.01609757821163,"Weakly structured"
"FOXK1",-2.3601,0.00415829350887082,0.0432974463496247,0.012,0.108,"CaseStudy1_CRLM","TLS","Rest","wilcox","SCT",0.25,0.05,0.05,86,3635,TRUE,FALSE,2,8965,0.0536902580899619,5.37194109432443e-09,8.2698687582055,"Weakly structured"
"PTGDS",2.3496,5.6183886316906e-05,0.00176114874416455,0.372,0.23,"CaseStudy1_CRLM","TLS","Rest","wilcox","SCT",0.25,0.05,0.05,86,3635,TRUE,FALSE,2,8965,0.32599092774345,5.09448300042454e-264,263.292899882601,"Spatially structured"
"PAQR4",-2.3467,0.00478562735422185,0.047829597804458,0.012,0.105,"CaseStudy1_CRLM","TLS","Rest","wilcox","SCT",0.25,0.05,0.05,86,3635,TRUE,FALSE,2,8965,0.06968952845723,5.95067352176445e-14,13.2254338762493,"Weakly structured"
"C8orf33",-2.3373,3.43345921028341e-05,0.00123432695535932,0.047,0.236,"CaseStudy1_CRLM","TLS","Rest","wilcox","SCT",0.25,0.05,0.05,86,3635,TRUE,FALSE,2,8965,0.101081176082705,3.12404783565237e-27,26.5052823247945,"Weakly structured"
"FOXK2",-2.3366,0.00493890043374114,0.0487634828067063,0.012,0.105,"CaseStudy1_CRLM","TLS","Rest","wilcox","SCT",0.25,0.05,0.05,86,3635,TRUE,FALSE,2,8965,0.0484763707029164,1.20659057258331e-07,6.91844007226596,"Weakly structured"
"NECTIN1",-2.3196,0.00517734071840052,0.0499063437924798,0.012,0.104,"CaseStudy1_CRLM","TLS","Rest","wilcox","SCT",0.25,0.05,0.05,86,3635,TRUE,FALSE,2,8965,0.108718443038107,3.07229612321063e-31,30.5125369271567,"Weakly structured"
"RYR2",2.3019,4.25642236437114e-05,0.0014454100945677,0.07,0.014,"CaseStudy1_CRLM","TLS","Rest","wilcox","SCT",0.25,0.05,0.05,86,3635,TRUE,FALSE,2,8965,0.0250583666002324,0.00343873185056436,2.46360168877836,"Weakly structured"
"GNPAT",-2.2943,0.000104707023160774,0.00282740500794077,0.058,0.233,"CaseStudy1_CRLM","TLS","Rest","wilcox","SCT",0.25,0.05,0.05,86,3635,TRUE,FALSE,2,8965,0.166142467969994,3.97341022529192e-70,69.4008365949286,"Weakly structured"
"SLC6A6",-2.2686,1.92032059715181e-05,0.000789709823553485,0.047,0.248,"CaseStudy1_CRLM","TLS","Rest","wilcox","SCT",0.25,0.05,0.05,86,3635,TRUE,FALSE,2,8965,0.144845930690829,8.85408488453421e-54,53.0528563187353,"Weakly structured"
"FBLN5",2.2568,2.67315735457904e-12,1.49780348023757e-09,0.256,0.064,"CaseStudy1_CRLM","TLS","Rest","wilcox","SCT",0.25,0.05,0.05,86,3635,TRUE,FALSE,2,8965,0.102106494331179,7.59989156344074e-28,27.1191926042633,"Weakly structured"
"PLPP2",-2.2558,7.23867846583163e-07,5.95364701341106e-05,0.058,0.309,"CaseStudy1_CRLM","TLS","Rest","wilcox","SCT",0.25,0.05,0.05,86,3635,TRUE,FALSE,2,8965,0.191296400027764,3.24172736230876e-92,91.4892235132456,"Weakly structured"
"MYBPC3",2.2477,0.00168901512436363,0.0232239579599999,0.07,0.02,"CaseStudy1_CRLM","TLS","Rest","wilcox","SCT",0.25,0.05,0.05,86,3635,TRUE,FALSE,2,8965,0.00418984946371959,0.318228143343692,0.497261415015059,"Not structured"
"CDC123",-2.2406,0.000318848565285748,0.00660559276292121,0.035,0.186,"CaseStudy1_CRLM","TLS","Rest","wilcox","SCT",0.25,0.05,0.05,86,3635,TRUE,FALSE,2,8965,0.0741015767564374,1.60644355711206e-15,14.7941345289145,"Weakly structured"
"FBLN7",2.2315,0.00303916948399628,0.0347527479898299,0.058,0.016,"CaseStudy1_CRLM","TLS","Rest","wilcox","SCT",0.25,0.05,0.05,86,3635,TRUE,FALSE,2,8965,0.0168803805060323,0.0340204896944216,1.4682594393991,"Weakly structured"
"HARS",-2.2255,0.00194750475615492,0.0255627820482121,0.023,0.139,"CaseStudy1_CRLM","TLS","Rest","wilcox","SCT",0.25,0.05,0.05,86,3635,TRUE,FALSE,2,8965,0.0494718082879776,6.85777596381976e-08,7.16381670692392,"Weakly structured"
"MPG",-2.2242,0.000396613725045152,0.00771288946861124,0.035,0.182,"CaseStudy1_CRLM","TLS","Rest","wilcox","SCT",0.25,0.05,0.05,86,3635,TRUE,FALSE,2,8965,0.041207286263447,5.69406730747734e-06,5.24457740352323,"Weakly structured"
"LEFTY1",-2.2169,0.000144471192686795,0.00355819846823385,0.058,0.228,"CaseStudy1_CRLM","TLS","Rest","wilcox","SCT",0.25,0.05,0.05,86,3635,TRUE,FALSE,2,8965,0.19109352017404,4.58293471028959e-92,91.3388563297862,"Weakly structured"
"SVEP1",2.2148,9.72338382888398e-06,0.000481602961469309,0.14,0.042,"CaseStudy1_CRLM","TLS","Rest","wilcox","SCT",0.25,0.05,0.05,86,3635,TRUE,FALSE,2,8965,0.0811046421854778,2.54139780902464e-18,17.5949273488253,"Weakly structured"
"MYL7",2.2142,3.15077698478796e-25,9.41557188954135e-22,0.267,0.037,"CaseStudy1_CRLM","TLS","Rest","wilcox","SCT",0.25,0.05,0.05,86,3635,TRUE,FALSE,2,8965,0.507349995540694,0,640.488576682886,"Spatially structured"
"COL4A4",2.2117,0.000579871620517418,0.0105661566624769,0.07,0.018,"CaseStudy1_CRLM","TLS","Rest","wilcox","SCT",0.25,0.05,0.05,86,3635,TRUE,FALSE,2,8965,0.0353182494784565,7.45361922764187e-05,4.12763279719499,"Weakly structured"
"SH3PXD2A",-2.2108,0.0019765051800443,0.0258299838762349,0.023,0.139,"CaseStudy1_CRLM","TLS","Rest","wilcox","SCT",0.25,0.05,0.05,86,3635,TRUE,FALSE,2,8965,0.063230979775773,8.52173529413885e-12,11.0694719601708,"Weakly structured"
"RHOH",2.2088,0.000153044368299075,0.00369822846846686,0.07,0.016,"CaseStudy1_CRLM","TLS","Rest","wilcox","SCT",0.25,0.05,0.05,86,3635,TRUE,FALSE,2,8965,0.0383394497590523,1.90346646404274e-05,4.7204547703387,"Weakly structured"
"FSCN1",-2.1999,0.000141872387126038,0.00351349710106333,0.047,0.215,"CaseStudy1_CRLM","TLS","Rest","wilcox","SCT",0.25,0.05,0.05,86,3635,TRUE,FALSE,2,8965,0.105207255123747,2.42814198907697e-29,28.614725920863,"Weakly structured"
"TCF3",-2.1984,0.000736084680953569,0.0127148346141594,0.012,0.14,"CaseStudy1_CRLM","TLS","Rest","wilcox","SCT",0.25,0.05,0.05,86,3635,TRUE,FALSE,2,8965,0.0970675438140408,2.76970663374597e-25,24.5575662288029,"Weakly structured"
"HEBP2",-2.1974,6.91570097665447e-06,0.00036685952222312,0.058,0.277,"CaseStudy1_CRLM","TLS","Rest","wilcox","SCT",0.25,0.05,0.05,86,3635,TRUE,FALSE,2,8965,0.0831996485811521,4.51850508818675e-19,18.3450052243338,"Weakly structured"
"PLD4",2.192,0.000335434461575778,0.00680355191861278,0.093,0.028,"CaseStudy1_CRLM","TLS","Rest","wilcox","SCT",0.25,0.05,0.05,86,3635,TRUE,FALSE,2,8965,0.0346543094462692,0.000102603350831402,3.98883845575613,"Weakly structured"
"SOX18",2.192,0.00043458815481658,0.00829608857322881,0.105,0.034,"CaseStudy1_CRLM","TLS","Rest","wilcox","SCT",0.25,0.05,0.05,86,3635,TRUE,FALSE,2,8965,0.0287803978152412,0.00101151192728936,2.99502899185965,"Weakly structured"
"BOLA2B",-2.1885,0.0015156985236922,0.0216147495442848,0.023,0.143,"CaseStudy1_CRLM","TLS","Rest","wilcox","SCT",0.25,0.05,0.05,86,3635,TRUE,FALSE,2,8965,0.105669013771894,1.35477715144897e-29,28.8681321364172,"Weakly structured"
"NUDT4",-2.1806,3.452550502562e-08,4.43398285973821e-06,0.105,0.401,"CaseStudy1_CRLM","TLS","Rest","wilcox","SCT",0.25,0.05,0.05,86,3635,TRUE,FALSE,2,8965,0.216978001320601,5.19077474068948e-118,117.284767817393,"Weakly structured"
"TBCA",-2.1766,7.34023466110693e-08,8.12409922676834e-06,0.093,0.379,"CaseStudy1_CRLM","TLS","Rest","wilcox","SCT",0.25,0.05,0.05,86,3635,TRUE,FALSE,2,8965,0.104070831234793,9.80024785563966e-29,28.0087629405345,"Weakly structured"
"GFM1",-2.176,0.000997585563827995,0.0158289461587929,0.012,0.135,"CaseStudy1_CRLM","TLS","Rest","wilcox","SCT",0.25,0.05,0.05,86,3635,TRUE,FALSE,2,8965,0.0581289618188675,3.05220901623004e-10,9.51538572907655,"Weakly structured"
"LAPTM4B",-2.1674,6.16780423884413e-06,0.000339229233136427,0.081,0.303,"CaseStudy1_CRLM","TLS","Rest","wilcox","SCT",0.25,0.05,0.05,86,3635,TRUE,FALSE,2,8965,0.180654930963634,1.77412747493489e-82,81.7510151783759,"Weakly structured"
"P4HA2",-2.1633,0.00272333467656433,0.032209360653561,0.023,0.133,"CaseStudy1_CRLM","TLS","Rest","wilcox","SCT",0.25,0.05,0.05,86,3635,TRUE,FALSE,2,8965,0.0673545208678451,3.79892172958358e-13,12.4203396542632,"Weakly structured"
"FBLN1",2.1629,6.53015632775872e-08,7.60296772446194e-06,0.291,0.111,"CaseStudy1_CRLM","TLS","Rest","wilcox","SCT",0.25,0.05,0.05,86,3635,TRUE,FALSE,2,8965,0.173339881750072,2.70658640058778e-76,75.5675781046529,"Weakly structured"
"ADGRG1",-2.1351,8.73718959179777e-05,0.00251054181700215,0.058,0.237,"CaseStudy1_CRLM","TLS","Rest","wilcox","SCT",0.25,0.05,0.05,86,3635,TRUE,FALSE,2,8965,0.185235447718247,1.24627099620165e-86,85.904387511964,"Weakly structured"
"TRABD2A",-2.1247,0.00277869489632937,0.0326487545813798,0.023,0.133,"CaseStudy1_CRLM","TLS","Rest","wilcox","SCT",0.25,0.05,0.05,86,3635,TRUE,FALSE,2,8965,0.0982173273093634,7.63258812403878e-26,25.11732817274,"Weakly structured"
"NEXN",2.1214,0.000128379561898746,0.00327898225761328,0.07,0.016,"CaseStudy1_CRLM","TLS","Rest","wilcox","SCT",0.25,0.05,0.05,86,3635,TRUE,FALSE,2,8965,0.000544508581511243,0.467216866025423,0.330481488049848,"Not structured"
"TAP1",-2.1211,5.50251497834893e-06,0.000308312792380613,0.058,0.284,"CaseStudy1_CRLM","TLS","Rest","wilcox","SCT",0.25,0.05,0.05,86,3635,TRUE,FALSE,2,8965,0.212101042019179,6.82017678155085e-113,112.166204368121,"Weakly structured"
"GIMAP1",2.112,9.14963690914901e-06,0.000458248574807379,0.093,0.021,"CaseStudy1_CRLM","TLS","Rest","wilcox","SCT",0.25,0.05,0.05,86,3635,TRUE,FALSE,2,8965,0.0134157009801705,0.0731496718379348,1.13578761785437,"Not structured"
"FABP4",2.1108,0.00065477182353173,0.0116700385645367,0.093,0.029,"CaseStudy1_CRLM","TLS","Rest","wilcox","SCT",0.25,0.05,0.05,86,3635,TRUE,FALSE,2,8965,0.101142756396609,1.36669491191802e-27,26.864328422417,"Weakly structured"
"GRK5",2.1108,4.00778684658356e-05,0.00137658725856339,0.116,0.034,"CaseStudy1_CRLM","TLS","Rest","wilcox","SCT",0.25,0.05,0.05,86,3635,TRUE,FALSE,2,8965,0.00861113355413328,0.174221982377707,0.758897048966536,"Not structured"
"NOTUM",-2.1063,0.00017543676821429,0.00410650294266608,0.058,0.228,"CaseStudy1_CRLM","TLS","Rest","wilcox","SCT",0.25,0.05,0.05,86,3635,TRUE,FALSE,2,8965,0.246120565768581,2.19868647866848e-151,150.657836694373,"Weakly structured"
"NFE2L3",-2.0984,0.00309955574372346,0.0352186530322951,0.023,0.131,"CaseStudy1_CRLM","TLS","Rest","wilcox","SCT",0.25,0.05,0.05,86,3635,TRUE,FALSE,2,8965,0.130633551674924,3.62869497783327e-44,43.4402495363493,"Weakly structured"
"LGR5",-2.0904,0.00215712495273613,0.0272910653947243,0.035,0.154,"CaseStudy1_CRLM","TLS","Rest","wilcox","SCT",0.25,0.05,0.05,86,3635,TRUE,FALSE,2,8965,0.14790802771433,4.88475150215317e-56,55.3111575248805,"Weakly structured"
"DCAF12",-2.0877,0.00363458704407209,0.0394958458789167,0.023,0.128,"CaseStudy1_CRLM","TLS","Rest","wilcox","SCT",0.25,0.05,0.05,86,3635,TRUE,FALSE,2,8965,0.0481894435779554,1.42418040016209e-07,6.84643499536725,"Weakly structured"
"MCM4",-2.0877,0.00165833940090806,0.0229426035925643,0.012,0.126,"CaseStudy1_CRLM","TLS","Rest","wilcox","SCT",0.25,0.05,0.05,86,3635,TRUE,FALSE,2,8965,0.0705013009362828,3.12309114011353e-14,13.5054153417157,"Weakly structured"
"EREG",-2.0864,0.000344447099765091,0.00695488344458117,0.012,0.153,"CaseStudy1_CRLM","TLS","Rest","wilcox","SCT",0.25,0.05,0.05,86,3635,TRUE,FALSE,2,8965,0.138396376898311,2.54589255893763e-49,48.5941599282727,"Weakly structured"
"HAL",2.0831,7.01989941269557e-11,2.86060901067344e-08,0.279,0.084,"CaseStudy1_CRLM","TLS","Rest","wilcox","SCT",0.25,0.05,0.05,86,3635,TRUE,FALSE,2,8965,0.0845348348566733,1.12538171385809e-19,18.9487001459041,"Weakly structured"
"SLC5A1",-2.0797,0.00131285316805357,0.0194540969447938,0.012,0.13,"CaseStudy1_CRLM","TLS","Rest","wilcox","SCT",0.25,0.05,0.05,86,3635,TRUE,FALSE,2,8965,0.0942055603286398,6.24298718350688e-24,23.2046075566494,"Weakly structured"
"CDK1",-2.0525,0.0045263961978687,0.0459689162491021,0.023,0.124,"CaseStudy1_CRLM","TLS","Rest","wilcox","SCT",0.25,0.05,0.05,86,3635,TRUE,FALSE,2,8965,0.0995309412709503,1.72439545752957e-26,25.7633631298523,"Weakly structured"
"ESRP1",-2.0415,0.00031129308930506,0.00649009894330201,0.035,0.189,"CaseStudy1_CRLM","TLS","Rest","wilcox","SCT",0.25,0.05,0.05,86,3635,TRUE,FALSE,2,8965,0.128149993299494,1.44541433940755e-42,41.8400076411258,"Weakly structured"
"ZNF512B",2.0389,0.000706505161253817,0.0124333786409069,0.07,0.018,"CaseStudy1_CRLM","TLS","Rest","wilcox","SCT",0.25,0.05,0.05,86,3635,TRUE,FALSE,2,8965,0.0145833908541504,0.0575270211709845,1.24012811376344,"Not structured"
"POLR2K",-2.0332,3.30660478003886e-05,0.0012099474225734,0.081,0.279,"CaseStudy1_CRLM","TLS","Rest","wilcox","SCT",0.25,0.05,0.05,86,3635,TRUE,FALSE,2,8965,0.116140286451036,2.59279728409415e-35,34.5862314368908,"Weakly structured"
"CXCL6",2.0274,5.0319630958258e-06,0.000291042252606957,0.14,0.04,"CaseStudy1_CRLM","TLS","Rest","wilcox","SCT",0.25,0.05,0.05,86,3635,TRUE,FALSE,2,8965,0.0986740552282554,3.01043099703066e-26,25.5213713229336,"Weakly structured"
"IRF1",-2.0206,0.000354737460252909,0.00711458910775689,0.058,0.215,"CaseStudy1_CRLM","TLS","Rest","wilcox","SCT",0.25,0.05,0.05,86,3635,TRUE,FALSE,2,8965,0.0932166786027848,1.85688399746167e-23,22.7312152264896,"Weakly structured"
"SH3BP4",-2.0136,0.00401682313015574,0.0422662199082702,0.023,0.127,"CaseStudy1_CRLM","TLS","Rest","wilcox","SCT",0.25,0.05,0.05,86,3635,TRUE,FALSE,2,8965,0.065123647923297,2.09030019372004e-12,11.6797913391932,"Weakly structured"
"SMARCC1",-2.0113,0.000666909831398025,0.0118159024475954,0.047,0.19,"CaseStudy1_CRLM","TLS","Rest","wilcox","SCT",0.25,0.05,0.05,86,3635,TRUE,FALSE,2,8965,0.0690202150687568,1.05213735637439e-13,12.9779275594015,"Weakly structured"
"GATA3",2.0092,0.00317310581978638,0.0357822561941948,0.058,0.016,"CaseStudy1_CRLM","TLS","Rest","wilcox","SCT",0.25,0.05,0.05,86,3635,TRUE,FALSE,2,8965,0.0232795904857743,0.00606656455620554,2.21705717657794,"Weakly structured"
"BMP4",-2.0051,0.00282350206383061,0.0330452950420906,0.012,0.116,"CaseStudy1_CRLM","TLS","Rest","wilcox","SCT",0.25,0.05,0.05,86,3635,TRUE,FALSE,2,8965,0.0874891039454639,6.42026470608346e-21,20.1924470656973,"Weakly structured"
"SCRIB",-1.9994,0.00207301612867473,0.0268164956204105,0.035,0.155,"CaseStudy1_CRLM","TLS","Rest","wilcox","SCT",0.25,0.05,0.05,86,3635,TRUE,FALSE,2,8965,0.0499054710400878,5.35207251251585e-08,7.27147801116472,"Weakly structured"
"GPCPD1",-1.988,0.00477294021365399,0.0477560368475536,0.023,0.124,"CaseStudy1_CRLM","TLS","Rest","wilcox","SCT",0.25,0.05,0.05,86,3635,TRUE,FALSE,2,8965,0.0759704330665987,3.12925473471156e-16,15.5045590819875,"Weakly structured"
"SH3GLB2",-1.9874,0.00070640315205734,0.0124333786409069,0.047,0.189,"CaseStudy1_CRLM","TLS","Rest","wilcox","SCT",0.25,0.05,0.05,86,3635,TRUE,FALSE,2,8965,0.0914544897669338,1.18943965353368e-22,21.924657587088,"Weakly structured"
"HMOX1",-1.9822,0.0026398087890207,0.0315124977277904,0.023,0.136,"CaseStudy1_CRLM","TLS","Rest","wilcox","SCT",0.25,0.05,0.05,86,3635,TRUE,FALSE,2,8965,0.0847669695328622,9.34458210551698e-20,19.0294401157219,"Weakly structured"
"SULF1",-1.9759,8.68119663464412e-05,0.00250247356365224,0.058,0.245,"CaseStudy1_CRLM","TLS","Rest","wilcox","SCT",0.25,0.05,0.05,86,3635,TRUE,FALSE,2,8965,0.356216984551829,9.62515150482089e-315,314.016592425742,"Spatially structured"
"NEURL1B",1.9715,0.00134866724432164,0.0198861872456308,0.081,0.025,"CaseStudy1_CRLM","TLS","Rest","wilcox","SCT",0.25,0.05,0.05,86,3635,TRUE,FALSE,2,8965,0.0238799372224117,0.00518004088382777,2.28566681254227,"Weakly structured"
"RUVBL2",-1.9703,4.59145988169184e-05,0.00154166433855308,0.081,0.275,"CaseStudy1_CRLM","TLS","Rest","wilcox","SCT",0.25,0.05,0.05,86,3635,TRUE,FALSE,2,8965,0.127550366765129,3.62317493845244e-42,41.4409106963352,"Weakly structured"
"SAPCD2",-1.9648,0.0037481106692576,0.0402416911974782,0.023,0.129,"CaseStudy1_CRLM","TLS","Rest","wilcox","SCT",0.25,0.05,0.05,86,3635,TRUE,FALSE,2,8965,0.228205784704908,1.34379256084135e-130,129.871667767469,"Weakly structured"
"SNHG9",-1.961,8.1991775869762e-06,0.000427358296902568,0.07,0.293,"CaseStudy1_CRLM","TLS","Rest","wilcox","SCT",0.25,0.05,0.05,86,3635,TRUE,FALSE,2,8965,0.154018483995056,1.58388909145431e-60,59.8002752322514,"Weakly structured"
"STK39",-1.9473,0.000947347042345082,0.0152966083561576,0.023,0.154,"CaseStudy1_CRLM","TLS","Rest","wilcox","SCT",0.25,0.05,0.05,86,3635,TRUE,FALSE,2,8965,0.116391457012447,1.74734855272157e-35,34.7576204553921,"Weakly structured"
"MAL2",-1.9439,1.31326685633449e-05,0.000576119563174747,0.047,0.258,"CaseStudy1_CRLM","TLS","Rest","wilcox","SCT",0.25,0.05,0.05,86,3635,TRUE,FALSE,2,8965,0.168904218328689,2.22348509518559e-72,71.6529657774363,"Weakly structured"
"SFRP5",1.942,6.72088924201917e-05,0.00201514287808367,0.081,0.019,"CaseStudy1_CRLM","TLS","Rest","wilcox","SCT",0.25,0.05,0.05,86,3635,TRUE,FALSE,2,8965,0.0558809342177234,9.6854845448594e-10,9.01387864754221,"Weakly structured"
"CD5",1.9312,0.0023693239840807,0.0292979165755634,0.093,0.033,"CaseStudy1_CRLM","TLS","Rest","wilcox","SCT",0.25,0.05,0.05,86,3635,TRUE,FALSE,2,8965,0.0334195389235404,0.000172331318056068,3.76363579032348,"Weakly structured"
"IGHM",1.9292,3.7265274061656e-08,4.70539692905276e-06,0.256,0.086,"CaseStudy1_CRLM","TLS","Rest","wilcox","SCT",0.25,0.05,0.05,86,3635,TRUE,FALSE,2,8965,0.138307205418929,9.50361104973735e-50,49.0221113461854,"Weakly structured"
"RNF44",-1.9272,0.00299474351551344,0.0345088375534422,0.035,0.149,"CaseStudy1_CRLM","TLS","Rest","wilcox","SCT",0.25,0.05,0.05,86,3635,TRUE,FALSE,2,8965,0.0957608629955238,1.17010934548571e-24,23.9317735519956,"Weakly structured"
"LINC02027",1.9257,0.000134003942525088,0.00338126758524106,0.081,0.02,"CaseStudy1_CRLM","TLS","Rest","wilcox","SCT",0.25,0.05,0.05,86,3635,TRUE,FALSE,2,8965,0.00533063432558756,0.277635815087547,0.556524510509714,"Not structured"
"CCNB1",-1.9205,0.00301757078955126,0.0346383125842856,0.012,0.115,"CaseStudy1_CRLM","TLS","Rest","wilcox","SCT",0.25,0.05,0.05,86,3635,TRUE,FALSE,2,8965,0.0635667521111147,6.58046376983727e-12,11.1817434976347,"Weakly structured"
"DTX2",-1.9205,0.00272727299452122,0.0322134418918086,0.035,0.15,"CaseStudy1_CRLM","TLS","Rest","wilcox","SCT",0.25,0.05,0.05,86,3635,TRUE,FALSE,2,8965,0.0815837799490757,2.01294937795365e-18,17.696167146697,"Weakly structured"
"CAPN5",-1.9182,0.00319383453417322,0.0358517426519716,0.035,0.147,"CaseStudy1_CRLM","TLS","Rest","wilcox","SCT",0.25,0.05,0.05,86,3635,TRUE,FALSE,2,8965,0.0204666779349726,0.0142796680313419,1.84528188876658,"Weakly structured"
"TRAF5",-1.9132,0.000899741060356285,0.0147732208902822,0.035,0.171,"CaseStudy1_CRLM","TLS","Rest","wilcox","SCT",0.25,0.05,0.05,86,3635,TRUE,FALSE,2,8965,0.145834569768702,1.61195611704439e-54,53.7926467853503,"Weakly structured"
"FAM180A",1.9132,7.35952974224409e-05,0.00218470808408008,0.093,0.024,"CaseStudy1_CRLM","TLS","Rest","wilcox","SCT",0.25,0.05,0.05,86,3635,TRUE,FALSE,2,8965,0.0196216519333155,0.0173308636356364,1.76117979488298,"Weakly structured"
"MZB1",1.9132,0.00510632695263358,0.0495435293618615,0.07,0.023,"CaseStudy1_CRLM","TLS","Rest","wilcox","SCT",0.25,0.05,0.05,86,3635,TRUE,FALSE,2,8965,0.0524315276979031,9.60148027864037e-09,8.01766180578482,"Weakly structured"
"MUC1",-1.9069,8.21095283492113e-05,0.00237455458596993,0.07,0.256,"CaseStudy1_CRLM","TLS","Rest","wilcox","SCT",0.25,0.05,0.05,86,3635,TRUE,FALSE,2,8965,0.186639630694334,6.47640113256086e-88,87.1886662599399,"Weakly structured"
"GRAMD1B",1.905,0.00125915780340772,0.0189720163152105,0.07,0.02,"CaseStudy1_CRLM","TLS","Rest","wilcox","SCT",0.25,0.05,0.05,86,3635,TRUE,FALSE,2,8965,0.0325713604161011,0.000234107051514078,3.63058550476758,"Weakly structured"
"CCDC68",1.899,0.00470108790160706,0.0471951321813072,0.058,0.017,"CaseStudy1_CRLM","TLS","Rest","wilcox","SCT",0.25,0.05,0.05,86,3635,TRUE,FALSE,2,8965,0.018729274141648,0.0216280004309177,1.6649836304435,"Weakly structured"
"UROC1",1.8925,6.98296941964948e-05,0.00207981132382583,0.116,0.035,"CaseStudy1_CRLM","TLS","Rest","wilcox","SCT",0.25,0.05,0.05,86,3635,TRUE,FALSE,2,8965,0.0469333936240447,2.63598970002687e-07,6.5790562910546,"Weakly structured"
"ARRDC2",1.8916,8.85142606993937e-09,1.61944968810217e-06,0.314,0.12,"CaseStudy1_CRLM","TLS","Rest","wilcox","SCT",0.25,0.05,0.05,86,3635,TRUE,FALSE,2,8965,0.0838787088712464,2.22761338104939e-19,18.6521601820112,"Weakly structured"
"MEST",-1.8908,0.00421748402368319,0.0436602127855887,0.035,0.143,"CaseStudy1_CRLM","TLS","Rest","wilcox","SCT",0.25,0.05,0.05,86,3635,TRUE,FALSE,2,8965,0.0729544134465175,4.15218197135903e-15,14.3817236215793,"Weakly structured"
"ANKRD22",-1.8862,0.00328086992648751,0.036492554455286,0.035,0.147,"CaseStudy1_CRLM","TLS","Rest","wilcox","SCT",0.25,0.05,0.05,86,3635,TRUE,FALSE,2,8965,0.103804019769423,1.23630329646202e-28,27.9078749727574,"Weakly structured"
"CERS6",-1.8858,0.00144971637371411,0.0210643554138525,0.047,0.177,"CaseStudy1_CRLM","TLS","Rest","wilcox","SCT",0.25,0.05,0.05,86,3635,TRUE,FALSE,2,8965,0.0989188773409984,3.58667175362698e-26,25.445308367431,"Weakly structured"
"IL7R",1.8719,2.60925452380966e-10,8.06619545032884e-08,0.267,0.078,"CaseStudy1_CRLM","TLS","Rest","wilcox","SCT",0.25,0.05,0.05,86,3635,TRUE,FALSE,2,8965,0.155031940228985,1.70105755125249e-61,60.7692809928139,"Weakly structured"
"FOSB",1.8469,1.91023746734675e-05,0.000789183359205698,0.221,0.091,"CaseStudy1_CRLM","TLS","Rest","wilcox","SCT",0.25,0.05,0.05,86,3635,TRUE,FALSE,2,8965,0.0857990444697348,3.2936953840583e-20,19.4823165688396,"Weakly structured"
"MFAP4",1.8463,1.49221487823554e-06,0.000107884728898239,0.291,0.127,"CaseStudy1_CRLM","TLS","Rest","wilcox","SCT",0.25,0.05,0.05,86,3635,TRUE,FALSE,2,8965,0.205215628676406,5.25984114150672e-106,105.279027372274,"Weakly structured"
"GPRC5B",1.8435,0.00169944940501766,0.0232959692904944,0.081,0.026,"CaseStudy1_CRLM","TLS","Rest","wilcox","SCT",0.25,0.05,0.05,86,3635,TRUE,FALSE,2,8965,0.0369443235306009,3.74875767403791e-05,4.42611263219236,"Weakly structured"
"HEPACAM",1.8385,0.000394554752381926,0.00768952903283472,0.093,0.028,"CaseStudy1_CRLM","TLS","Rest","wilcox","SCT",0.25,0.05,0.05,86,3635,TRUE,FALSE,2,8965,0.0253578315648619,0.00323580142683862,2.49001813782439,"Weakly structured"
"CXCL8",-1.8383,0.00128382246574826,0.0191824473423886,0.058,0.196,"CaseStudy1_CRLM","TLS","Rest","wilcox","SCT",0.25,0.05,0.05,86,3635,TRUE,FALSE,2,8965,0.139130508007648,8.05943905679839e-50,49.0936951843754,"Weakly structured"
"CDX2",-1.8331,0.00169601098401535,0.0232844387009152,0.047,0.175,"CaseStudy1_CRLM","TLS","Rest","wilcox","SCT",0.25,0.05,0.05,86,3635,TRUE,FALSE,2,8965,0.154116132874122,1.22747742780824e-60,59.9109864854115,"Weakly structured"
"RILPL2",1.8232,0.000509299467942579,0.00949245266134141,0.14,0.054,"CaseStudy1_CRLM","TLS","Rest","wilcox","SCT",0.25,0.05,0.05,86,3635,TRUE,FALSE,2,8965,0.0386243040587072,1.8575583447339e-05,4.73105753643789,"Weakly structured"
"IGHG1",1.8206,0.00124853895231762,0.0188754666231492,0.43,0.312,"CaseStudy1_CRLM","TLS","Rest","wilcox","SCT",0.25,0.05,0.05,86,3635,TRUE,FALSE,2,8965,0.345036843323646,8.57059502601064e-296,295.066989025505,"Spatially structured"
"CEACAM5",-1.8192,2.71398228767907e-05,0.00105328360212307,0.081,0.293,"CaseStudy1_CRLM","TLS","Rest","wilcox","SCT",0.25,0.05,0.05,86,3635,TRUE,FALSE,2,8965,0.367201908462882,0,333.376099469666,"Spatially structured"
"CDH17",-1.8099,0.000108665569453239,0.00288015210091736,0.093,0.278,"CaseStudy1_CRLM","TLS","Rest","wilcox","SCT",0.25,0.05,0.05,86,3635,TRUE,FALSE,2,8965,0.21987249649563,3.67902720784303e-121,120.43426700038,"Weakly structured"
"GLB1",-1.8031,0.000990515646185343,0.0157446325674674,0.058,0.199,"CaseStudy1_CRLM","TLS","Rest","wilcox","SCT",0.25,0.05,0.05,86,3635,TRUE,FALSE,2,8965,0.0729123336779233,4.37537461706326e-15,14.3589847570055,"Weakly structured"
"UFD1",-1.8031,0.00210745266665222,0.0269519445884981,0.023,0.14,"CaseStudy1_CRLM","TLS","Rest","wilcox","SCT",0.25,0.05,0.05,86,3635,TRUE,FALSE,2,8965,0.0629928384023581,1.01341380712085e-11,10.994213183018,"Weakly structured"
"LINC01871",1.7994,0.00209022088769612,0.0268164956204105,0.07,0.021,"CaseStudy1_CRLM","TLS","Rest","wilcox","SCT",0.25,0.05,0.05,86,3635,TRUE,FALSE,2,8965,0.0164648917774763,0.0376531682879664,1.42419847465347,"Weakly structured"
"ALDH18A1",-1.7943,0.00260032710380613,0.0311656851412058,0.047,0.167,"CaseStudy1_CRLM","TLS","Rest","wilcox","SCT",0.25,0.05,0.05,86,3635,TRUE,FALSE,2,8965,0.0946570369582619,3.91864581382802e-24,23.406863988385,"Weakly structured"
"FERMT1",-1.7883,0.00057060630659421,0.0104611156208938,0.047,0.196,"CaseStudy1_CRLM","TLS","Rest","wilcox","SCT",0.25,0.05,0.05,86,3635,TRUE,FALSE,2,8965,0.162633539661413,2.77968647760814e-67,66.5560041856371,"Weakly structured"
"ARFIP1",-1.7883,0.00517734824839399,0.0499063437924798,0.035,0.139,"CaseStudy1_CRLM","TLS","Rest","wilcox","SCT",0.25,0.05,0.05,86,3635,TRUE,FALSE,2,8965,0.0439524696208604,1.41501314486908e-06,5.8492395257103,"Weakly structured"
"MRPS12",-1.7869,0.00073278400361148,0.0127148346141594,0.07,0.218,"CaseStudy1_CRLM","TLS","Rest","wilcox","SCT",0.25,0.05,0.05,86,3635,TRUE,FALSE,2,8965,0.0681315019007372,2.12461003350451e-13,12.6727207718908,"Weakly structured"
"MXRA8",-1.7851,0.00318955107712957,0.0358517426519716,0.093,0.218,"CaseStudy1_CRLM","TLS","Rest","wilcox","SCT",0.25,0.05,0.05,86,3635,TRUE,FALSE,2,8965,0.288662260733408,1.94640750969202e-207,206.710766228465,"Weakly structured"
"VIL1",-1.7831,1.0804579903738e-06,8.0719215697509e-05,0.116,0.377,"CaseStudy1_CRLM","TLS","Rest","wilcox","SCT",0.25,0.05,0.05,86,3635,TRUE,FALSE,2,8965,0.199635650667555,3.1046413358034e-100,99.5079885645304,"Weakly structured"
"PMEPA1",-1.7813,5.4501902814862e-06,0.000307301609267445,0.093,0.331,"CaseStudy1_CRLM","TLS","Rest","wilcox","SCT",0.25,0.05,0.05,86,3635,TRUE,FALSE,2,8965,0.293982654059759,6.50047421569115e-215,214.187054960012,"Weakly structured"
"SPINT1",-1.7801,1.05639220555185e-05,0.000506446851485153,0.105,0.328,"CaseStudy1_CRLM","TLS","Rest","wilcox","SCT",0.25,0.05,0.05,86,3635,TRUE,FALSE,2,8965,0.177187420224218,2.04655488858401e-79,78.6889766030883,"Weakly structured"
"ABI3BP",1.78,0.000325523682821451,0.00669339407452822,0.116,0.039,"CaseStudy1_CRLM","TLS","Rest","wilcox","SCT",0.25,0.05,0.05,86,3635,TRUE,FALSE,2,8965,0.0525820459930056,9.80296836208215e-09,8.00864239899373,"Weakly structured"
"PAM16",-1.7751,0.00029316037132063,0.006213197940637,0.035,0.193,"CaseStudy1_CRLM","TLS","Rest","wilcox","SCT",0.25,0.05,0.05,86,3635,TRUE,FALSE,2,8965,0.083589660162847,3.07348978581722e-19,18.5123682258392,"Weakly structured"
"AGR2",-1.7692,2.62482295934635e-08,3.67680278602187e-06,0.221,0.51,"CaseStudy1_CRLM","TLS","Rest","wilcox","SCT",0.25,0.05,0.05,86,3635,TRUE,FALSE,2,8965,0.336131223815609,3.68771689005718e-280,279.433242427587,"Spatially structured"
"SMIM22",-1.769,6.8564533607271e-08,7.7807727061922e-06,0.163,0.454,"CaseStudy1_CRLM","TLS","Rest","wilcox","SCT",0.25,0.05,0.05,86,3635,TRUE,FALSE,2,8965,0.251329783839562,1.32464408006165e-157,156.87790079707,"Weakly structured"
"SYT12",1.764,9.3981845753512e-05,0.00261742676599186,0.151,0.054,"CaseStudy1_CRLM","TLS","Rest","wilcox","SCT",0.25,0.05,0.05,86,3635,TRUE,FALSE,2,8965,0.0294824626341311,0.000804343208658725,3.09455860072675,"Weakly structured"
"EPHB3",-1.763,3.09151026411753e-05,0.00116451216461402,0.081,0.287,"CaseStudy1_CRLM","TLS","Rest","wilcox","SCT",0.25,0.05,0.05,86,3635,TRUE,FALSE,2,8965,0.220757641985973,4.10328475487462e-122,121.386868343335,"Weakly structured"
"PYCR1",-1.7567,0.000756132274202709,0.0129045755928922,0.047,0.191,"CaseStudy1_CRLM","TLS","Rest","wilcox","SCT",0.25,0.05,0.05,86,3635,TRUE,FALSE,2,8965,0.138938261065194,1.16514590574935e-49,48.9336196865743,"Weakly structured"
"CLDN5",1.7553,5.70486973144732e-06,0.0003176655723132,0.198,0.069,"CaseStudy1_CRLM","TLS","Rest","wilcox","SCT",0.25,0.05,0.05,86,3635,TRUE,FALSE,2,8965,0.044050894905439,1.30799715768968e-06,5.88339319974343,"Weakly structured"
"LAMB3",-1.7401,0.00255803042430854,0.0308235789703307,0.035,0.154,"CaseStudy1_CRLM","TLS","Rest","wilcox","SCT",0.25,0.05,0.05,86,3635,TRUE,FALSE,2,8965,0.109047076849134,2.15026257686638e-31,30.6675085034699,"Weakly structured"
"RDH10",-1.734,0.00332016909449824,0.036838262292298,0.047,0.163,"CaseStudy1_CRLM","TLS","Rest","wilcox","SCT",0.25,0.05,0.05,86,3635,TRUE,FALSE,2,8965,0.0327669615364085,0.000235251456308381,3.62846767942149,"Weakly structured"
"CACYBP",-1.7333,8.42434815424607e-06,0.000434047593119632,0.093,0.326,"CaseStudy1_CRLM","TLS","Rest","wilcox","SCT",0.25,0.05,0.05,86,3635,TRUE,FALSE,2,8965,0.181574470964008,2.68828377727018e-83,82.5705248887441,"Weakly structured"
"TCIRG1",-1.7319,0.00340777783953979,0.0374396180532772,0.047,0.163,"CaseStudy1_CRLM","TLS","Rest","wilcox","SCT",0.25,0.05,0.05,86,3635,TRUE,FALSE,2,8965,0.0810370917956368,3.36247357358141e-18,17.4733411201919,"Weakly structured"
"SFXN3",-1.7252,0.00303353697714258,0.034732642401128,0.023,0.134,"CaseStudy1_CRLM","TLS","Rest","wilcox","SCT",0.25,0.05,0.05,86,3635,TRUE,FALSE,2,8965,0.0354133907882528,7.94781445216929e-05,4.099752280382,"Weakly structured"
"PDK4",1.7222,6.06589615356691e-07,5.13026028459692e-05,0.267,0.105,"CaseStudy1_CRLM","TLS","Rest","wilcox","SCT",0.25,0.05,0.05,86,3635,TRUE,FALSE,2,8965,0.0671867977116828,4.22664414364682e-13,12.3740043154443,"Weakly structured"
"CNPY2",-1.7185,0.000138311312352125,0.0034347947790493,0.105,0.286,"CaseStudy1_CRLM","TLS","Rest","wilcox","SCT",0.25,0.05,0.05,86,3635,TRUE,FALSE,2,8965,0.0579251022744544,3.56714653138774e-10,9.44767905032914,"Weakly structured"
"SNF8",-1.7175,0.00371310318492048,0.0401059880154363,0.047,0.161,"CaseStudy1_CRLM","TLS","Rest","wilcox","SCT",0.25,0.05,0.05,86,3635,TRUE,FALSE,2,8965,0.0401308623359456,9.50621058912251e-06,5.02199256909861,"Weakly structured"
"AXIN2",-1.7154,0.0049817181235516,0.0489705076509212,0.047,0.156,"CaseStudy1_CRLM","TLS","Rest","wilcox","SCT",0.25,0.05,0.05,86,3635,TRUE,FALSE,2,8965,0.149095281781297,6.72993597262033e-57,56.1719890675546,"Weakly structured"
"RANBP1",-1.7146,0.000131319089639948,0.00334453306426743,0.105,0.288,"CaseStudy1_CRLM","TLS","Rest","wilcox","SCT",0.25,0.05,0.05,86,3635,TRUE,FALSE,2,8965,0.123467452618356,1.20645825287777e-39,38.9184877014042,"Weakly structured"
"IGLC2",1.7134,3.16535855700801e-06,0.000199841122982935,0.349,0.17,"CaseStudy1_CRLM","TLS","Rest","wilcox","SCT",0.25,0.05,0.05,86,3635,TRUE,FALSE,2,8965,0.306604200787026,3.06233045296571e-235,234.513947946833,"Spatially structured"
"MRI1",1.7134,0.00370368828149575,0.0400541501196106,0.081,0.028,"CaseStudy1_CRLM","TLS","Rest","wilcox","SCT",0.25,0.05,0.05,86,3635,TRUE,FALSE,2,8965,-0.0090410097174053,0.82688182822438,0.0825565521368436,"Not structured"
"CALML4",-1.713,0.000315200180322224,0.0065563100152871,0.047,0.208,"CaseStudy1_CRLM","TLS","Rest","wilcox","SCT",0.25,0.05,0.05,86,3635,TRUE,FALSE,2,8965,0.142513931461428,3.87934911240714e-52,51.4112411353859,"Weakly structured"
"SLC1A5",-1.707,2.58338477897971e-07,2.43789942563717e-05,0.174,0.449,"CaseStudy1_CRLM","TLS","Rest","wilcox","SCT",0.25,0.05,0.05,86,3635,TRUE,FALSE,2,8965,0.314481145053512,1.47739132971975e-245,244.830504454026,"Spatially structured"
"SPP1",-1.7069,0.000517288322472302,0.00962134815552736,0.523,0.612,"CaseStudy1_CRLM","TLS","Rest","wilcox","SCT",0.25,0.05,0.05,86,3635,TRUE,FALSE,2,8965,0.455518248074416,0,512.203372087844,"Spatially structured"
"PTCD3",-1.7018,0.00154046031122882,0.0217333303165708,0.058,0.192,"CaseStudy1_CRLM","TLS","Rest","wilcox","SCT",0.25,0.05,0.05,86,3635,TRUE,FALSE,2,8965,0.0524878077335374,1.15023913487504e-08,7.93921186037666,"Weakly structured"
"SRI",-1.7015,1.56418935005342e-06,0.00011129331367642,0.105,0.363,"CaseStudy1_CRLM","TLS","Rest","wilcox","SCT",0.25,0.05,0.05,86,3635,TRUE,FALSE,2,8965,0.207145826388425,9.43107260952378e-108,107.025438911514,"Weakly structured"
"PFDN4",-1.6987,0.00234996814414688,0.0290987077517635,0.035,0.155,"CaseStudy1_CRLM","TLS","Rest","wilcox","SCT",0.25,0.05,0.05,86,3635,TRUE,FALSE,2,8965,0.127368836132409,4.36047943598461e-42,41.3604657573013,"Weakly structured"
"PITPNB",-1.6987,0.00362077818646249,0.0393935393709177,0.047,0.162,"CaseStudy1_CRLM","TLS","Rest","wilcox","SCT",0.25,0.05,0.05,86,3635,TRUE,FALSE,2,8965,0.0405549185526236,7.7603096510179e-06,5.11012094922566,"Weakly structured"
"CD69",1.6853,3.27051006386578e-05,0.0012099474225734,0.14,0.044,"CaseStudy1_CRLM","TLS","Rest","wilcox","SCT",0.25,0.05,0.05,86,3635,TRUE,FALSE,2,8965,0.0465537202818724,3.33268769696823e-07,6.47720538176045,"Weakly structured"
"MAPRE1",-1.6845,0.00167594884063124,0.0231152020865524,0.07,0.205,"CaseStudy1_CRLM","TLS","Rest","wilcox","SCT",0.25,0.05,0.05,86,3635,TRUE,FALSE,2,8965,0.0963390427830984,6.35451609327404e-25,24.1969175160813,"Weakly structured"
"KLRB1",1.6841,0.00483908456809075,0.0482026590588151,0.105,0.043,"CaseStudy1_CRLM","TLS","Rest","wilcox","SCT",0.25,0.05,0.05,86,3635,TRUE,FALSE,2,8965,0.0396123724026683,1.15608640833385e-05,4.9370097046178,"Weakly structured"
"CCT2",-1.6841,5.86676364737158e-05,0.00180740673878647,0.105,0.302,"CaseStudy1_CRLM","TLS","Rest","wilcox","SCT",0.25,0.05,0.05,86,3635,TRUE,FALSE,2,8965,0.129201807223875,3.3273914584279e-43,42.4778961025775,"Weakly structured"
"ATP5PD",-1.6833,2.95067725961413e-05,0.00111615281149539,0.116,0.324,"CaseStudy1_CRLM","TLS","Rest","wilcox","SCT",0.25,0.05,0.05,86,3635,TRUE,FALSE,2,8965,0.0876812340974728,5.77906697711867e-21,20.2381422722018,"Weakly structured"
"MRPS34",-1.6799,6.29464674714095e-06,0.000342009139927992,0.116,0.349,"CaseStudy1_CRLM","TLS","Rest","wilcox","SCT",0.25,0.05,0.05,86,3635,TRUE,FALSE,2,8965,0.139229977112312,8.01515172194681e-50,49.0960882523016,"Weakly structured"
"PKP3",-1.6799,0.000979421441765175,0.0156515387262474,0.058,0.202,"CaseStudy1_CRLM","TLS","Rest","wilcox","SCT",0.25,0.05,0.05,86,3635,TRUE,FALSE,2,8965,0.172758202260264,1.20221120153066e-75,74.9200192298358,"Weakly structured"
"SMIM26",-1.6799,0.000729892960805466,0.0127058065895553,0.058,0.207,"CaseStudy1_CRLM","TLS","Rest","wilcox","SCT",0.25,0.05,0.05,86,3635,TRUE,FALSE,2,8965,0.0767849491579307,1.57772852274565e-16,15.8019677230635,"Weakly structured"
"ANXA3",-1.6753,0.00259176088627406,0.0311046001947082,0.035,0.154,"CaseStudy1_CRLM","TLS","Rest","wilcox","SCT",0.25,0.05,0.05,86,3635,TRUE,FALSE,2,8965,0.104982332634767,3.06811419230785e-29,28.5131284803925,"Weakly structured"
"TMEM87A",-1.6753,0.00452316837334997,0.0459689162491021,0.047,0.158,"CaseStudy1_CRLM","TLS","Rest","wilcox","SCT",0.25,0.05,0.05,86,3635,TRUE,FALSE,2,8965,0.0484754223456397,1.2163083697493e-07,6.91495630474886,"Weakly structured"
"DBH",1.6645,0.000790528664381806,0.0132717031389193,0.105,0.035,"CaseStudy1_CRLM","TLS","Rest","wilcox","SCT",0.25,0.05,0.05,86,3635,TRUE,FALSE,2,8965,0.0507206728486459,2.97590344838291e-08,7.52638116335289,"Weakly structured"
"BZW2",-1.6592,9.84090840936016e-05,0.00270624981257405,0.081,0.271,"CaseStudy1_CRLM","TLS","Rest","wilcox","SCT",0.25,0.05,0.05,86,3635,TRUE,FALSE,2,8965,0.164813447685443,5.18639883663754e-69,68.2851340888218,"Weakly structured"
"ATOH8",1.6573,0.000235595439766206,0.00518946711917455,0.105,0.032,"CaseStudy1_CRLM","TLS","Rest","wilcox","SCT",0.25,0.05,0.05,86,3635,TRUE,FALSE,2,8965,0.0221207629209225,0.00877693848209062,2.05665694561996,"Weakly structured"
"RBMS3",1.6515,0.00406913584931342,0.0426664361275963,0.093,0.035,"CaseStudy1_CRLM","TLS","Rest","wilcox","SCT",0.25,0.05,0.05,86,3635,TRUE,FALSE,2,8965,0.00613707453443209,0.250214914221445,0.601686807468204,"Not structured"
"PLEC",-1.6511,1.36492648113796e-05,0.000594008053563194,0.14,0.36,"CaseStudy1_CRLM","TLS","Rest","wilcox","SCT",0.25,0.05,0.05,86,3635,TRUE,FALSE,2,8965,0.211890623159599,1.18862806638581e-112,111.924954019213,"Weakly structured"
"CPNE3",-1.6492,0.0014851612179873,0.0213430312404752,0.07,0.207,"CaseStudy1_CRLM","TLS","Rest","wilcox","SCT",0.25,0.05,0.05,86,3635,TRUE,FALSE,2,8965,0.0312130388543176,0.000432249043945752,3.36426595863135,"Weakly structured"
"SPARCL1",1.6489,3.56936069692583e-05,0.00126479520347589,0.174,0.063,"CaseStudy1_CRLM","TLS","Rest","wilcox","SCT",0.25,0.05,0.05,86,3635,TRUE,FALSE,2,8965,0.0799469506824102,7.49153606810205e-18,17.1254291252239,"Weakly structured"
"MISP",-1.6451,6.79693208740138e-05,0.00203114987211845,0.07,0.263,"CaseStudy1_CRLM","TLS","Rest","wilcox","SCT",0.25,0.05,0.05,86,3635,TRUE,FALSE,2,8965,0.200162729659932,8.69435452524972e-101,100.06076265478,"Weakly structured"
"NSMF",-1.6407,0.00518749750098789,0.0499063437924798,0.047,0.155,"CaseStudy1_CRLM","TLS","Rest","wilcox","SCT",0.25,0.05,0.05,86,3635,TRUE,FALSE,2,8965,0.0733652813077441,2.97141386097568e-15,14.5270368550895,"Weakly structured"
"CCBE1",1.639,0.00504014262521344,0.0493284701255879,0.07,0.023,"CaseStudy1_CRLM","TLS","Rest","wilcox","SCT",0.25,0.05,0.05,86,3635,TRUE,FALSE,2,8965,0.0341027196953897,0.000126335393133266,3.89847496386147,"Weakly structured"
"CNKSR3",1.639,7.85825417480122e-05,0.00230226302866317,0.174,0.067,"CaseStudy1_CRLM","TLS","Rest","wilcox","SCT",0.25,0.05,0.05,86,3635,TRUE,FALSE,2,8965,0.00532648065931283,0.278693815192627,0.554872669096232,"Not structured"
"NSUN5",-1.6363,0.00258169261534627,0.0310253006656559,0.035,0.154,"CaseStudy1_CRLM","TLS","Rest","wilcox","SCT",0.25,0.05,0.05,86,3635,TRUE,FALSE,2,8965,0.0576324685414685,4.26939092711584e-10,9.36963407716697,"Weakly structured"
"GMDS",-1.6307,0.000707308768194368,0.0124333786409069,0.093,0.247,"CaseStudy1_CRLM","TLS","Rest","wilcox","SCT",0.25,0.05,0.05,86,3635,TRUE,FALSE,2,8965,0.133285911987896,7.4718725555652e-46,45.1265705442842,"Weakly structured"
"VSNL1",-1.6304,0.000590436751156049,0.0107151122957773,0.047,0.198,"CaseStudy1_CRLM","TLS","Rest","wilcox","SCT",0.25,0.05,0.05,86,3635,TRUE,FALSE,2,8965,0.150340986098506,8.4950755359052e-58,57.0708327551491,"Weakly structured"
"RAB22A",-1.6237,0.0042886767570171,0.0443460059131007,0.023,0.128,"CaseStudy1_CRLM","TLS","Rest","wilcox","SCT",0.25,0.05,0.05,86,3635,TRUE,FALSE,2,8965,0.0483970206428029,1.26928358301551e-07,6.89644133710171,"Weakly structured"
"ANTKMT",-1.6227,0.00297266020849345,0.0342984540143421,0.058,0.181,"CaseStudy1_CRLM","TLS","Rest","wilcox","SCT",0.25,0.05,0.05,86,3635,TRUE,FALSE,2,8965,0.0408432706679524,6.76151223594489e-06,5.16995616170957,"Weakly structured"
"POLR2H",-1.6118,0.000109272294210908,0.00288125328706115,0.093,0.283,"CaseStudy1_CRLM","TLS","Rest","wilcox","SCT",0.25,0.05,0.05,86,3635,TRUE,FALSE,2,8965,0.145384100069864,3.72227413534547e-54,53.4291916454224,"Weakly structured"
"KLHDC2",-1.606,0.00450876984845947,0.0459330928311809,0.058,0.173,"CaseStudy1_CRLM","TLS","Rest","wilcox","SCT",0.25,0.05,0.05,86,3635,TRUE,FALSE,2,8965,0.0120645421190489,0.096972345802824,1.01335209849215,"Not structured"
"SLC39A4",-1.6057,0.000145599869232123,0.00356640116848628,0.093,0.278,"CaseStudy1_CRLM","TLS","Rest","wilcox","SCT",0.25,0.05,0.05,86,3635,TRUE,FALSE,2,8965,0.172680036616956,1.50192763793852e-75,74.8233509909011,"Weakly structured"
"ITGB4",-1.6056,0.000953793638320774,0.015323942594168,0.07,0.217,"CaseStudy1_CRLM","TLS","Rest","wilcox","SCT",0.25,0.05,0.05,86,3635,TRUE,FALSE,2,8965,0.180772531226089,1.29153033992495e-82,81.8888953871622,"Weakly structured"
"AQP1",1.6029,2.68227270009743e-07,2.47902832539933e-05,0.36,0.165,"CaseStudy1_CRLM","TLS","Rest","wilcox","SCT",0.25,0.05,0.05,86,3635,TRUE,FALSE,2,8965,0.095421209787572,1.66875749053569e-24,23.7776067718735,"Weakly structured"
"FXYD2",1.6026,8.46061342966594e-07,6.59559994756132e-05,0.302,0.126,"CaseStudy1_CRLM","TLS","Rest","wilcox","SCT",0.25,0.05,0.05,86,3635,TRUE,FALSE,2,8965,0.146907166876066,2.2257297550243e-55,54.6525275682253,"Weakly structured"
"RORC",1.6015,0.000414625919145229,0.00799380938739135,0.128,0.046,"CaseStudy1_CRLM","TLS","Rest","wilcox","SCT",0.25,0.05,0.05,86,3635,TRUE,FALSE,2,8965,0.0284351664945633,0.00116278269506187,2.93450144017566,"Weakly structured"
"DDB1",-1.6013,0.000609516134018718,0.0109725143403169,0.07,0.225,"CaseStudy1_CRLM","TLS","Rest","wilcox","SCT",0.25,0.05,0.05,86,3635,TRUE,FALSE,2,8965,0.0898939106188479,6.07047786684401e-22,21.2167771200014,"Weakly structured"
"ADAMTS1",1.5982,1.72549881189516e-05,0.000716161891140746,0.302,0.145,"CaseStudy1_CRLM","TLS","Rest","wilcox","SCT",0.25,0.05,0.05,86,3635,TRUE,FALSE,2,8965,0.152282882554874,2.68692242555039e-59,58.5707448719523,"Weakly structured"
"CNOT1",-1.5948,0.000187724780756736,0.00434871488238794,0.07,0.247,"CaseStudy1_CRLM","TLS","Rest","wilcox","SCT",0.25,0.05,0.05,86,3635,TRUE,FALSE,2,8965,0.109567646892841,1.2036448129996e-31,30.9195016513772,"Weakly structured"
"CDIP1",1.5941,0.00188117446000497,0.0250218531660899,0.093,0.032,"CaseStudy1_CRLM","TLS","Rest","wilcox","SCT",0.25,0.05,0.05,86,3635,TRUE,FALSE,2,8965,-0.00945342391419895,0.836799770097137,0.077378447795107,"Not structured"
"CLEC10A",1.5941,0.00120761534083414,0.0184433927267089,0.093,0.031,"CaseStudy1_CRLM","TLS","Rest","wilcox","SCT",0.25,0.05,0.05,86,3635,TRUE,FALSE,2,8965,0.0409727672199945,5.87659576226765e-06,5.2308741823934,"Weakly structured"
"SMAGP",-1.5921,0.00215832296317451,0.0272910653947243,0.07,0.201,"CaseStudy1_CRLM","TLS","Rest","wilcox","SCT",0.25,0.05,0.05,86,3635,TRUE,FALSE,2,8965,0.107949518945292,8.67427252535186e-31,30.0617669374562,"Weakly structured"
"COPZ1",-1.5895,3.65300888264612e-06,0.000224309757759743,0.116,0.359,"CaseStudy1_CRLM","TLS","Rest","wilcox","SCT",0.25,0.05,0.05,86,3635,TRUE,FALSE,2,8965,0.112338816086428,3.70680608456014e-33,32.4310001327749,"Weakly structured"
"GGCT",-1.5888,0.00189383874090603,0.0251175454594537,0.058,0.191,"CaseStudy1_CRLM","TLS","Rest","wilcox","SCT",0.25,0.05,0.05,86,3635,TRUE,FALSE,2,8965,0.148246736322995,2.91704827804122e-56,55.5350563831123,"Weakly structured"
"BIK",-1.5872,0.000460841726501604,0.00873455830462343,0.058,0.215,"CaseStudy1_CRLM","TLS","Rest","wilcox","SCT",0.25,0.05,0.05,86,3635,TRUE,FALSE,2,8965,0.163972912672811,2.37393033461459e-68,67.624532030005,"Weakly structured"
"PLGRKT",-1.5849,0.00278300795248105,0.0326566312748594,0.035,0.153,"CaseStudy1_CRLM","TLS","Rest","wilcox","SCT",0.25,0.05,0.05,86,3635,TRUE,FALSE,2,8965,0.0422114568730907,3.44975795491369e-06,5.46221137522614,"Weakly structured"
"ZC3H15",-1.584,0.0012759188960249,0.0191020116651715,0.058,0.198,"CaseStudy1_CRLM","TLS","Rest","wilcox","SCT",0.25,0.05,0.05,86,3635,TRUE,FALSE,2,8965,0.101509178936352,1.87151447006017e-27,26.7278068106853,"Weakly structured"
"SLC16A3",-1.5827,0.000121276166144431,0.00312425525714029,0.128,0.319,"CaseStudy1_CRLM","TLS","Rest","wilcox","SCT",0.25,0.05,0.05,86,3635,TRUE,FALSE,2,8965,0.264607690438425,1.55541575610192e-174,173.808153506028,"Weakly structured"
"ANAPC5",-1.5807,0.000503516257720206,0.00940421510512843,0.047,0.201,"CaseStudy1_CRLM","TLS","Rest","wilcox","SCT",0.25,0.05,0.05,86,3635,TRUE,FALSE,2,8965,0.0589172802786056,1.81890545445845e-10,9.74018987469909,"Weakly structured"
"LCN2",-1.5807,0.000181068071151279,0.00421629937109406,0.116,0.302,"CaseStudy1_CRLM","TLS","Rest","wilcox","SCT",0.25,0.05,0.05,86,3635,TRUE,FALSE,2,8965,0.226554440528639,1.57596173838856e-128,127.802454330634,"Weakly structured"
"ELOC",-1.5787,0.000247287623412922,0.00543366064680599,0.128,0.301,"CaseStudy1_CRLM","TLS","Rest","wilcox","SCT",0.25,0.05,0.05,86,3635,TRUE,FALSE,2,8965,0.149176292314013,6.65800521810424e-57,56.1766558688079,"Weakly structured"
"DBNDD2",-1.5777,0.00372717394907578,0.0401302509939121,0.058,0.177,"CaseStudy1_CRLM","TLS","Rest","wilcox","SCT",0.25,0.05,0.05,86,3635,TRUE,FALSE,2,8965,0.0862485854390383,2.32672741890238e-20,19.6332544922614,"Weakly structured"
"IGHG3",1.5775,3.06731089600701e-06,0.000196417444162163,0.547,0.348,"CaseStudy1_CRLM","TLS","Rest","wilcox","SCT",0.25,0.05,0.05,86,3635,TRUE,FALSE,2,8965,0.414959208013068,0,426.146088624833,"Spatially structured"
"TRBC2",1.5749,6.46953136567289e-05,0.00195532455825763,0.337,0.183,"CaseStudy1_CRLM","TLS","Rest","wilcox","SCT",0.25,0.05,0.05,86,3635,TRUE,FALSE,2,8965,0.151140565701108,2.09158486033406e-58,57.6795245104153,"Weakly structured"
"MMRN2",1.5737,0.00296768221487416,0.0342851431138491,0.093,0.034,"CaseStudy1_CRLM","TLS","Rest","wilcox","SCT",0.25,0.05,0.05,86,3635,TRUE,FALSE,2,8965,0.0119438132460554,0.0980086449952775,1.00873561504061,"Not structured"
"GIMAP5",1.5602,0.000118664766785851,0.00309137002025869,0.151,0.054,"CaseStudy1_CRLM","TLS","Rest","wilcox","SCT",0.25,0.05,0.05,86,3635,TRUE,FALSE,2,8965,0.0413743172993554,5.06258496937207e-06,5.29562767460794,"Weakly structured"
"PLAC9",1.5582,9.06713530103303e-05,0.00258053549123051,0.163,0.06,"CaseStudy1_CRLM","TLS","Rest","wilcox","SCT",0.25,0.05,0.05,86,3635,TRUE,FALSE,2,8965,0.053337274778229,6.42876871370355e-09,8.19187219846765,"Weakly structured"
"VDAC2",-1.5542,1.01164779542936e-05,0.000492903395979578,0.14,0.367,"CaseStudy1_CRLM","TLS","Rest","wilcox","SCT",0.25,0.05,0.05,86,3635,TRUE,FALSE,2,8965,0.163824512845115,3.41250905598901e-68,67.4669261874352,"Weakly structured"
"MRPL23",-1.5511,0.000272248198340985,0.00592404150030809,0.035,0.195,"CaseStudy1_CRLM","TLS","Rest","wilcox","SCT",0.25,0.05,0.05,86,3635,TRUE,FALSE,2,8965,0.0819672362046596,1.42227727630895e-18,17.8470157286188,"Weakly structured"
"CNP",-1.5449,0.00237592986717515,0.029339133965875,0.047,0.172,"CaseStudy1_CRLM","TLS","Rest","wilcox","SCT",0.25,0.05,0.05,86,3635,TRUE,FALSE,2,8965,0.0374833948462812,3.22443656013205e-05,4.49154616326242,"Weakly structured"
"TCEA1",-1.543,0.00263712730968573,0.0315124977277904,0.047,0.17,"CaseStudy1_CRLM","TLS","Rest","wilcox","SCT",0.25,0.05,0.05,86,3635,TRUE,FALSE,2,8965,0.0383582720299829,2.1695724375295e-05,4.66362584509957,"Weakly structured"
"SLC52A2",-1.5427,0.00115847371538474,0.0178464904430276,0.058,0.2,"CaseStudy1_CRLM","TLS","Rest","wilcox","SCT",0.25,0.05,0.05,86,3635,TRUE,FALSE,2,8965,0.0984459372081332,6.16805555682162e-26,25.2098517231684,"Weakly structured"
"LTB",1.5413,0.000151549903642026,0.00367201320581287,0.186,0.076,"CaseStudy1_CRLM","TLS","Rest","wilcox","SCT",0.25,0.05,0.05,86,3635,TRUE,FALSE,2,8965,0.110155039007357,4.58104504174398e-32,31.3390354381334,"Weakly structured"
"HDAC2",-1.5381,0.00108451425670424,0.0169680110145786,0.07,0.215,"CaseStudy1_CRLM","TLS","Rest","wilcox","SCT",0.25,0.05,0.05,86,3635,TRUE,FALSE,2,8965,0.10595805780656,9.89697049025548e-30,29.0044977246666,"Weakly structured"
"TIMM17B",-1.5363,0.000232656286016284,0.00515003359045922,0.081,0.258,"CaseStudy1_CRLM","TLS","Rest","wilcox","SCT",0.25,0.05,0.05,86,3635,TRUE,FALSE,2,8965,0.0862088246840277,2.47064332611707e-20,19.6071899469006,"Weakly structured"
"TNXB",1.5357,0.000133985921728554,0.00338126758524106,0.233,0.107,"CaseStudy1_CRLM","TLS","Rest","wilcox","SCT",0.25,0.05,0.05,86,3635,TRUE,FALSE,2,8965,0.0840859051941806,1.78446799632155e-19,18.7484912365262,"Weakly structured"
"POLR2E",-1.5293,0.000575035053348988,0.0104993671146103,0.093,0.254,"CaseStudy1_CRLM","TLS","Rest","wilcox","SCT",0.25,0.05,0.05,86,3635,TRUE,FALSE,2,8965,0.0350683381584801,9.23921683945968e-05,4.03436484011278,"Weakly structured"
"NME1",-1.5248,4.92060316086093e-07,4.28283566379789e-05,0.163,0.437,"CaseStudy1_CRLM","TLS","Rest","wilcox","SCT",0.25,0.05,0.05,86,3635,TRUE,FALSE,2,8965,0.173797763400769,1.79422988192992e-76,75.74612191466,"Weakly structured"
"INMT",1.5247,9.34803000386194e-10,2.39443111384635e-07,0.465,0.211,"CaseStudy1_CRLM","TLS","Rest","wilcox","SCT",0.25,0.05,0.05,86,3635,TRUE,FALSE,2,8965,0.19395990840266,8.32553050609415e-95,94.0795880835239,"Weakly structured"
"DAZAP1",-1.5233,0.000734292917073717,0.0127148346141594,0.105,0.261,"CaseStudy1_CRLM","TLS","Rest","wilcox","SCT",0.25,0.05,0.05,86,3635,TRUE,FALSE,2,8965,0.083237623734827,4.36372466887864e-19,18.36014265922,"Weakly structured"
"SPINK1",-1.5232,1.44946598311884e-09,3.41959540491063e-07,0.43,0.67,"CaseStudy1_CRLM","TLS","Rest","wilcox","SCT",0.25,0.05,0.05,86,3635,TRUE,FALSE,2,8965,0.326926309696127,3.87992039351065e-265,264.411177184976,"Spatially structured"
"IGHG4",1.5185,8.67767870582255e-11,3.2414745665708e-08,0.895,0.623,"CaseStudy1_CRLM","TLS","Rest","wilcox","SCT",0.25,0.05,0.05,86,3635,TRUE,FALSE,2,8965,0.45008919152874,0,500.481043228249,"Spatially structured"
"GPRC5A",-1.5149,6.51271181825214e-06,0.000349978817472718,0.14,0.376,"CaseStudy1_CRLM","TLS","Rest","wilcox","SCT",0.25,0.05,0.05,86,3635,TRUE,FALSE,2,8965,0.29243699156963,1.17460054148067e-212,211.930109803287,"Weakly structured"
"TPD52",-1.5147,0.00095015327736697,0.0152966083561576,0.081,0.232,"CaseStudy1_CRLM","TLS","Rest","wilcox","SCT",0.25,0.05,0.05,86,3635,TRUE,FALSE,2,8965,0.122718373879638,3.38717985869493e-39,38.4701617417773,"Weakly structured"
"ST14",-1.5128,1.12048229084484e-06,8.23370798149511e-05,0.151,0.415,"CaseStudy1_CRLM","TLS","Rest","wilcox","SCT",0.25,0.05,0.05,86,3635,TRUE,FALSE,2,8965,0.279980761182163,4.23935116586439e-195,194.372700607239,"Weakly structured"
"NOX1",-1.5126,0.00497105787685857,0.0489705076509212,0.035,0.142,"CaseStudy1_CRLM","TLS","Rest","wilcox","SCT",0.25,0.05,0.05,86,3635,TRUE,FALSE,2,8965,0.128794955799376,5.39387601203317e-43,42.2680990408102,"Weakly structured"
"MBOAT7",-1.5123,0.00152121837640834,0.0216147495442848,0.058,0.195,"CaseStudy1_CRLM","TLS","Rest","wilcox","SCT",0.25,0.05,0.05,86,3635,TRUE,FALSE,2,8965,0.0929389675417488,2.49677037237922e-23,22.6026213978146,"Weakly structured"
"SKIL",-1.5054,0.00409108522830772,0.0427465956547537,0.07,0.19,"CaseStudy1_CRLM","TLS","Rest","wilcox","SCT",0.25,0.05,0.05,86,3635,TRUE,FALSE,2,8965,0.073194063713745,3.46539479611487e-15,14.4602472811078,"Weakly structured"
"FABP5",-1.5043,3.72538453740249e-05,0.00129449892937261,0.163,0.373,"CaseStudy1_CRLM","TLS","Rest","wilcox","SCT",0.25,0.05,0.05,86,3635,TRUE,FALSE,2,8965,0.283415658283661,7.11813106509276e-200,199.147634019659,"Weakly structured"
"FAM192A",-1.5034,0.00148453158442438,0.0213430312404752,0.035,0.164,"CaseStudy1_CRLM","TLS","Rest","wilcox","SCT",0.25,0.05,0.05,86,3635,TRUE,FALSE,2,8965,0.0298107422200247,0.000728348431806053,3.13766081050875,"Weakly structured"
"CD2",1.4999,0.00115611048783368,0.0178464904430276,0.151,0.064,"CaseStudy1_CRLM","TLS","Rest","wilcox","SCT",0.25,0.05,0.05,86,3635,TRUE,FALSE,2,8965,0.0668185841416558,5.36892293533207e-13,12.2701128297861,"Weakly structured"
"MT-ND4L",1.4995,7.46723798276299e-09,1.42433592586107e-06,0.64,0.454,"CaseStudy1_CRLM","TLS","Rest","wilcox","SCT",0.25,0.05,0.05,86,3635,TRUE,FALSE,2,8965,0.342850391757657,1.6346416389527e-291,290.786577442566,"Spatially structured"
"TGFBI",-1.4969,9.92586405289168e-15,8.89853712341739e-12,0.698,0.872,"CaseStudy1_CRLM","TLS","Rest","wilcox","SCT",0.25,0.05,0.05,86,3635,TRUE,FALSE,2,8965,0.511335419064885,0,644.668567978812,"Spatially structured"
"AC008760.2",1.4946,2.66214773353805e-06,0.000174205506796851,0.256,0.101,"CaseStudy1_CRLM","TLS","Rest","wilcox","SCT",0.25,0.05,0.05,86,3635,TRUE,FALSE,2,8965,0.0564127068612368,9.37185242972047e-10,9.02817455847271,"Weakly structured"
"AREG",-1.4926,0.000195472373298963,0.00447043323118675,0.116,0.299,"CaseStudy1_CRLM","TLS","Rest","wilcox","SCT",0.25,0.05,0.05,86,3635,TRUE,FALSE,2,8965,0.304069542584735,8.77016772939743e-230,229.056992100676,"Spatially structured"
"CD320",-1.4796,0.000535418114102358,0.00993793663132016,0.058,0.216,"CaseStudy1_CRLM","TLS","Rest","wilcox","SCT",0.25,0.05,0.05,86,3635,TRUE,FALSE,2,8965,0.121180433203745,2.8419846591402e-38,37.5463782706973,"Weakly structured"
"LBR",-1.4763,0.000783537669680512,0.0131790154009114,0.093,0.249,"CaseStudy1_CRLM","TLS","Rest","wilcox","SCT",0.25,0.05,0.05,86,3635,TRUE,FALSE,2,8965,0.0892120243728415,1.22163723056365e-21,20.91305774021,"Weakly structured"
"BECN1",-1.475,0.00158477216588378,0.0221300349955578,0.07,0.209,"CaseStudy1_CRLM","TLS","Rest","wilcox","SCT",0.25,0.05,0.05,86,3635,TRUE,FALSE,2,8965,0.0472222443995793,2.47523882574136e-07,6.60638289139803,"Weakly structured"
"SNHG17",-1.4742,0.00125288415900806,0.0189092701776216,0.047,0.183,"CaseStudy1_CRLM","TLS","Rest","wilcox","SCT",0.25,0.05,0.05,86,3635,TRUE,FALSE,2,8965,0.11864445219099,8.76885994914142e-37,36.0570568661529,"Weakly structured"
"ABTB1",1.4734,0.00213803593326121,0.0272910653947243,0.151,0.068,"CaseStudy1_CRLM","TLS","Rest","wilcox","SCT",0.25,0.05,0.05,86,3635,TRUE,FALSE,2,8965,0.0336020316493949,0.00016576162224381,3.78051601164476,"Weakly structured"
"ATG4B",-1.4709,0.00413564044219488,0.043111647167764,0.047,0.162,"CaseStudy1_CRLM","TLS","Rest","wilcox","SCT",0.25,0.05,0.05,86,3635,TRUE,FALSE,2,8965,0.0409705280867862,6.36613859011122e-06,5.19612391107075,"Weakly structured"
"MFNG",1.4686,0.00337933014527166,0.0372559786771396,0.105,0.04,"CaseStudy1_CRLM","TLS","Rest","wilcox","SCT",0.25,0.05,0.05,86,3635,TRUE,FALSE,2,8965,0.0116924934428121,0.103016497479264,0.987093220047433,"Not structured"
"CEMIP",-1.466,4.43654947385318e-06,0.000259958601523489,0.081,0.326,"CaseStudy1_CRLM","TLS","Rest","wilcox","SCT",0.25,0.05,0.05,86,3635,TRUE,FALSE,2,8965,0.293651586760448,1.94639360464937e-214,213.710769331055,"Weakly structured"
"ZBTB16",1.4648,0.000154899300430051,0.00371205471386242,0.151,0.055,"CaseStudy1_CRLM","TLS","Rest","wilcox","SCT",0.25,0.05,0.05,86,3635,TRUE,FALSE,2,8965,0.0235195874032825,0.0058682622905605,2.23149048296827,"Weakly structured"
"UBE2H",-1.4601,0.00502205847153323,0.0492325337532009,0.07,0.187,"CaseStudy1_CRLM","TLS","Rest","wilcox","SCT",0.25,0.05,0.05,86,3635,TRUE,FALSE,2,8965,0.060274904107487,7.1101315152973e-11,10.1481223661001,"Weakly structured"
"SSNA1",-1.459,0.000274459996834048,0.00594251424042502,0.07,0.245,"CaseStudy1_CRLM","TLS","Rest","wilcox","SCT",0.25,0.05,0.05,86,3635,TRUE,FALSE,2,8965,0.0781173059260762,4.88197416727933e-17,16.3114045229601,"Weakly structured"
"ITPA",-1.4583,0.00261372915210887,0.031284488449474,0.058,0.186,"CaseStudy1_CRLM","TLS","Rest","wilcox","SCT",0.25,0.05,0.05,86,3635,TRUE,FALSE,2,8965,0.060862596744491,4.71274069842253e-11,10.3267264550722,"Weakly structured"
"RAB4A",-1.455,0.00373325480523399,0.0401302509939121,0.081,0.206,"CaseStudy1_CRLM","TLS","Rest","wilcox","SCT",0.25,0.05,0.05,86,3635,TRUE,FALSE,2,8965,0.0383405085798994,2.19059693347335e-05,4.65943752461721,"Weakly structured"
"SUMO1",-1.4537,0.00253667127506206,0.030818101878331,0.093,0.226,"CaseStudy1_CRLM","TLS","Rest","wilcox","SCT",0.25,0.05,0.05,86,3635,TRUE,FALSE,2,8965,0.0333955419782471,0.000183664361026757,3.73597510777155,"Weakly structured"
"EZR",-1.4491,1.51613450638414e-06,0.000108737166797871,0.163,0.428,"CaseStudy1_CRLM","TLS","Rest","wilcox","SCT",0.25,0.05,0.05,86,3635,TRUE,FALSE,2,8965,0.171995166151835,6.08305821043696e-75,74.2158780276353,"Weakly structured"
"PHPT1",-1.4488,0.000249419129993489,0.00546709657797465,0.116,0.297,"CaseStudy1_CRLM","TLS","Rest","wilcox","SCT",0.25,0.05,0.05,86,3635,TRUE,FALSE,2,8965,0.0587845137398729,2.00575411977768e-10,9.69772230709262,"Weakly structured"
"SORBS2",1.4434,0.00100516477770249,0.0159210286786269,0.186,0.086,"CaseStudy1_CRLM","TLS","Rest","wilcox","SCT",0.25,0.05,0.05,86,3635,TRUE,FALSE,2,8965,0.0182901098969534,0.0248766676349764,1.60420779619461,"Weakly structured"
"ATP6V1F",-1.4365,9.64379440400937e-05,0.00266419286045585,0.14,0.336,"CaseStudy1_CRLM","TLS","Rest","wilcox","SCT",0.25,0.05,0.05,86,3635,TRUE,FALSE,2,8965,0.0878418503130387,4.93559604358137e-21,20.3066603925775,"Weakly structured"
"SERPINB6",-1.436,0.0015171527792898,0.0216147495442848,0.116,0.261,"CaseStudy1_CRLM","TLS","Rest","wilcox","SCT",0.25,0.05,0.05,86,3635,TRUE,FALSE,2,8965,0.0745677668320815,1.09310872010461e-15,14.9613366411671,"Weakly structured"
"TTC39C",1.4351,0.000825680478722537,0.0137587834419099,0.163,0.07,"CaseStudy1_CRLM","TLS","Rest","wilcox","SCT",0.25,0.05,0.05,86,3635,TRUE,FALSE,2,8965,0.00690314550219332,0.225619057466195,0.646624219392382,"Not structured"
"ANKH",-1.4263,0.00126353416250554,0.019006013031648,0.093,0.241,"CaseStudy1_CRLM","TLS","Rest","wilcox","SCT",0.25,0.05,0.05,86,3635,TRUE,FALSE,2,8965,0.0838260393025659,2.48498051863839e-19,18.6046770116313,"Weakly structured"
"CAMK1D",1.4263,0.00121045969686701,0.0184553931673687,0.116,0.043,"CaseStudy1_CRLM","TLS","Rest","wilcox","SCT",0.25,0.05,0.05,86,3635,TRUE,FALSE,2,8965,0.00518962797902803,0.282816397836788,0.548495413532937,"Not structured"
"PREB",-1.426,0.0017301919727821,0.0236090883348425,0.047,0.18,"CaseStudy1_CRLM","TLS","Rest","wilcox","SCT",0.25,0.05,0.05,86,3635,TRUE,FALSE,2,8965,0.0579093481607218,3.56714653138774e-10,9.44767905032914,"Weakly structured"
"ANP32A",-1.4201,0.000766904569508203,0.0129722631427189,0.07,0.225,"CaseStudy1_CRLM","TLS","Rest","wilcox","SCT",0.25,0.05,0.05,86,3635,TRUE,FALSE,2,8965,0.0556232601860723,1.61535490696348e-09,8.79173204472464,"Weakly structured"
"PA2G4",-1.4169,0.000177323134322792,0.0041398486958433,0.128,0.315,"CaseStudy1_CRLM","TLS","Rest","wilcox","SCT",0.25,0.05,0.05,86,3635,TRUE,FALSE,2,8965,0.13884774803303,1.44271109191945e-49,48.8408206292304,"Weakly structured"
"ANO9",-1.4046,0.00137490318954735,0.0201734976993323,0.081,0.228,"CaseStudy1_CRLM","TLS","Rest","wilcox","SCT",0.25,0.05,0.05,86,3635,TRUE,FALSE,2,8965,0.139629425945244,4.01074960352018e-50,49.3967744507593,"Weakly structured"
"PROM1",-1.4044,0.000108909265165754,0.00288015210091736,0.116,0.316,"CaseStudy1_CRLM","TLS","Rest","wilcox","SCT",0.25,0.05,0.05,86,3635,TRUE,FALSE,2,8965,0.316855004716936,2.482102760751e-249,248.605180242377,"Spatially structured"
"CCT3",-1.4037,0.000427067602995208,0.0081808997026753,0.105,0.276,"CaseStudy1_CRLM","TLS","Rest","wilcox","SCT",0.25,0.05,0.05,86,3635,TRUE,FALSE,2,8965,0.124411210933597,3.18676668834617e-40,39.496649731215,"Weakly structured"
"MT-ND1",1.395,4.04911017066747e-19,6.0500454466723e-16,1,0.961,"CaseStudy1_CRLM","TLS","Rest","wilcox","SCT",0.25,0.05,0.05,86,3635,TRUE,FALSE,2,8965,0.62140618237289,0,951.460443052798,"Spatially structured"
"PFDN2",-1.394,0.00124681277114937,0.0188754666231492,0.116,0.267,"CaseStudy1_CRLM","TLS","Rest","wilcox","SCT",0.25,0.05,0.05,86,3635,TRUE,FALSE,2,8965,0.129940505288847,1.10119536547229e-43,42.9581356250612,"Weakly structured"
"CAPG",-1.3899,0.000101788183080901,0.00276524564036447,0.14,0.337,"CaseStudy1_CRLM","TLS","Rest","wilcox","SCT",0.25,0.05,0.05,86,3635,TRUE,FALSE,2,8965,0.236008521403877,2.96119344389514e-139,138.52853322082,"Weakly structured"
"PRELID3B",-1.3886,0.00014300839313385,0.00353187395163903,0.128,0.318,"CaseStudy1_CRLM","TLS","Rest","wilcox","SCT",0.25,0.05,0.05,86,3635,TRUE,FALSE,2,8965,0.211423226681396,3.58618154028886e-112,111.445367729289,"Weakly structured"
"RNF152",1.386,5.93898122457507e-08,7.0990622237754e-06,0.291,0.104,"CaseStudy1_CRLM","TLS","Rest","wilcox","SCT",0.25,0.05,0.05,86,3635,TRUE,FALSE,2,8965,0.0646336927999829,2.95908485572046e-12,11.528842580685,"Weakly structured"
"RSL1D1",-1.3855,0.000150863216733142,0.00366528113282553,0.116,0.309,"CaseStudy1_CRLM","TLS","Rest","wilcox","SCT",0.25,0.05,0.05,86,3635,TRUE,FALSE,2,8965,0.131925297901478,5.911054178029e-45,44.2283350600876,"Weakly structured"
"RRP1",-1.3855,0.00400457982341988,0.042186907305475,0.058,0.178,"CaseStudy1_CRLM","TLS","Rest","wilcox","SCT",0.25,0.05,0.05,86,3635,TRUE,FALSE,2,8965,0.0666057414559421,6.8445765783794e-13,12.1646534131781,"Weakly structured"
"SNORC",-1.3827,1.30582114417235e-11,6.16141397763426e-09,0.674,0.83,"CaseStudy1_CRLM","TLS","Rest","wilcox","SCT",0.25,0.05,0.05,86,3635,TRUE,FALSE,2,8965,0.496469123030673,0,607.830559571391,"Spatially structured"
"IRS1",1.3808,0.00049211505898595,0.00928802421854536,0.14,0.053,"CaseStudy1_CRLM","TLS","Rest","wilcox","SCT",0.25,0.05,0.05,86,3635,TRUE,FALSE,2,8965,0.0127907309578094,0.083966010931208,1.07589647884604,"Not structured"
"CYB5B",-1.3791,0.000119654812830983,0.00309137002025869,0.14,0.338,"CaseStudy1_CRLM","TLS","Rest","wilcox","SCT",0.25,0.05,0.05,86,3635,TRUE,FALSE,2,8965,0.18570794717615,4.89864607982529e-87,86.3099239365656,"Weakly structured"
"AZIN1",-1.3774,0.000164624081220599,0.00390081444035867,0.151,0.34,"CaseStudy1_CRLM","TLS","Rest","wilcox","SCT",0.25,0.05,0.05,86,3635,TRUE,FALSE,2,8965,0.119143612878907,4.78795975462546e-37,36.3198495087288,"Weakly structured"
"DNAJC15",-1.3774,9.97495476650597e-05,0.00271809937634426,0.14,0.339,"CaseStudy1_CRLM","TLS","Rest","wilcox","SCT",0.25,0.05,0.05,86,3635,TRUE,FALSE,2,8965,0.14050306003729,1.05698719910054e-50,49.9759302722892,"Weakly structured"
"STEAP4",1.3752,4.31218818739583e-05,0.00145882140000014,0.174,0.063,"CaseStudy1_CRLM","TLS","Rest","wilcox","SCT",0.25,0.05,0.05,86,3635,TRUE,FALSE,2,8965,0.050421057773793,3.78383593168408e-08,7.4220677030073,"Weakly structured"
"BCAM",1.3717,0.000921393286648137,0.014991453384393,0.198,0.092,"CaseStudy1_CRLM","TLS","Rest","wilcox","SCT",0.25,0.05,0.05,86,3635,TRUE,FALSE,2,8965,0.0237487903390664,0.00553398152263439,2.25696229525494,"Weakly structured"
"KRT19",-1.3709,8.94689348069626e-07,6.91456034952086e-05,0.279,0.53,"CaseStudy1_CRLM","TLS","Rest","wilcox","SCT",0.25,0.05,0.05,86,3635,TRUE,FALSE,2,8965,0.310039490582207,1.03722074031342e-238,237.984128807644,"Spatially structured"
"ERO1A",-1.3695,0.000417735065225162,0.00803646965610211,0.128,0.298,"CaseStudy1_CRLM","TLS","Rest","wilcox","SCT",0.25,0.05,0.05,86,3635,TRUE,FALSE,2,8965,0.165593947523544,1.20582680873729e-69,68.9187150648418,"Weakly structured"
"STT3B",-1.3686,0.000119356243271653,0.00309137002025869,0.116,0.305,"CaseStudy1_CRLM","TLS","Rest","wilcox","SCT",0.25,0.05,0.05,86,3635,TRUE,FALSE,2,8965,0.125469257192076,7.20304775094824e-41,40.1424837061584,"Weakly structured"
"KLF5",-1.3652,0.00393522376801714,0.0415050365650278,0.081,0.207,"CaseStudy1_CRLM","TLS","Rest","wilcox","SCT",0.25,0.05,0.05,86,3635,TRUE,FALSE,2,8965,0.16837433201739,5.89015054806722e-72,71.2298736048123,"Weakly structured"
"SMOC2",-1.3643,0.00412419824474975,0.0430424182353685,0.105,0.233,"CaseStudy1_CRLM","TLS","Rest","wilcox","SCT",0.25,0.05,0.05,86,3635,TRUE,FALSE,2,8965,0.22350345699882,3.54022089717901e-125,124.450969638699,"Weakly structured"
"H19",1.3583,1.9514055475299e-21,3.49887014672111e-18,0.977,0.714,"CaseStudy1_CRLM","TLS","Rest","wilcox","SCT",0.25,0.05,0.05,86,3635,TRUE,FALSE,2,8965,0.582320805558454,0,835.575015219168,"Spatially structured"
"CCL16",1.3571,0.00381555932515034,0.0407360261699077,0.128,0.055,"CaseStudy1_CRLM","TLS","Rest","wilcox","SCT",0.25,0.05,0.05,86,3635,TRUE,FALSE,2,8965,0.0544343708568682,3.20505144679513e-09,8.49416499488778,"Weakly structured"
"DNPH1",-1.3555,7.93688906076091e-05,0.00231772672409516,0.093,0.294,"CaseStudy1_CRLM","TLS","Rest","wilcox","SCT",0.25,0.05,0.05,86,3635,TRUE,FALSE,2,8965,0.0833059141999075,4.11469639006899e-19,18.3856622044328,"Weakly structured"
"CNNM3",1.3534,0.000155272785019343,0.00371205471386242,0.221,0.098,"CaseStudy1_CRLM","TLS","Rest","wilcox","SCT",0.25,0.05,0.05,86,3635,TRUE,FALSE,2,8965,0.0170025726998231,0.0340204896944216,1.4682594393991,"Weakly structured"
"NEU1",-1.3534,0.00186638085866767,0.0249360721281008,0.047,0.176,"CaseStudy1_CRLM","TLS","Rest","wilcox","SCT",0.25,0.05,0.05,86,3635,TRUE,FALSE,2,8965,0.0758723488374128,3.48357553333262e-16,15.4579747683492,"Weakly structured"
"KDM6B",1.3522,0.00144628782840344,0.0210486532169429,0.163,0.072,"CaseStudy1_CRLM","TLS","Rest","wilcox","SCT",0.25,0.05,0.05,86,3635,TRUE,FALSE,2,8965,0.0187847160899884,0.0219722810145439,1.65812485520478,"Weakly structured"
"NQO1",-1.3512,0.000552122503991122,0.0102057283469699,0.093,0.258,"CaseStudy1_CRLM","TLS","Rest","wilcox","SCT",0.25,0.05,0.05,86,3635,TRUE,FALSE,2,8965,0.199000120123841,1.19183240924642e-99,98.9237848090727,"Weakly structured"
"MVK",1.35,4.89878032613214e-05,0.00160433677658586,0.256,0.115,"CaseStudy1_CRLM","TLS","Rest","wilcox","SCT",0.25,0.05,0.05,86,3635,TRUE,FALSE,2,8965,0.014426708241345,0.0605599390411385,1.21781457066304,"Not structured"
"ACP1",-1.3498,6.25271628821759e-05,0.00190665311305683,0.116,0.327,"CaseStudy1_CRLM","TLS","Rest","wilcox","SCT",0.25,0.05,0.05,86,3635,TRUE,FALSE,2,8965,0.0746451246985156,1.03275123829765e-15,14.9860042756198,"Weakly structured"
"EPCAM",-1.3488,2.2612365245517e-10,7.50777571182333e-08,0.616,0.801,"CaseStudy1_CRLM","TLS","Rest","wilcox","SCT",0.25,0.05,0.05,86,3635,TRUE,FALSE,2,8965,0.50159550707592,0,620.384833246541,"Spatially structured"
"IFRD2",-1.346,0.00154424220988908,0.0217333303165708,0.07,0.213,"CaseStudy1_CRLM","TLS","Rest","wilcox","SCT",0.25,0.05,0.05,86,3635,TRUE,FALSE,2,8965,0.0975363100337802,1.70897740191153e-25,24.7672636799885,"Weakly structured"
"CCT8",-1.3371,0.000108688625092849,0.00288015210091736,0.105,0.302,"CaseStudy1_CRLM","TLS","Rest","wilcox","SCT",0.25,0.05,0.05,86,3635,TRUE,FALSE,2,8965,0.140818607056416,6.32732041588998e-51,50.198780172285,"Weakly structured"
"AHCY",-1.3371,1.76237988285589e-06,0.000122478570928706,0.151,0.42,"CaseStudy1_CRLM","TLS","Rest","wilcox","SCT",0.25,0.05,0.05,86,3635,TRUE,FALSE,2,8965,0.182362167464401,5.60218182393786e-84,83.2516427998589,"Weakly structured"
"SF3B6",-1.3368,2.06785779302889e-05,0.000846499776917992,0.163,0.393,"CaseStudy1_CRLM","TLS","Rest","wilcox","SCT",0.25,0.05,0.05,86,3635,TRUE,FALSE,2,8965,0.299488426172792,5.96863677098561e-223,222.22412484985,"Weakly structured"
"QTRT1",-1.3366,0.00448370451801309,0.045781789298391,0.07,0.191,"CaseStudy1_CRLM","TLS","Rest","wilcox","SCT",0.25,0.05,0.05,86,3635,TRUE,FALSE,2,8965,0.0996813543041374,1.53304567468091e-26,25.8144449058329,"Weakly structured"
"TSC22D3",1.3316,7.77598704255274e-05,0.00229264138275428,0.384,0.23,"CaseStudy1_CRLM","TLS","Rest","wilcox","SCT",0.25,0.05,0.05,86,3635,TRUE,FALSE,2,8965,0.16532117271526,1.90267710088958e-69,68.7206349086129,"Weakly structured"
"SRPX",1.3291,0.00294515518095531,0.0341128116243725,0.151,0.069,"CaseStudy1_CRLM","TLS","Rest","wilcox","SCT",0.25,0.05,0.05,86,3635,TRUE,FALSE,2,8965,0.115719916674283,3.48992339269811e-35,34.4571841061336,"Weakly structured"
"THY1",-1.3271,0.00113746657820273,0.0176731158987651,0.186,0.341,"CaseStudy1_CRLM","TLS","Rest","wilcox","SCT",0.25,0.05,0.05,86,3635,TRUE,FALSE,2,8965,0.282688439690148,6.74357298269284e-199,198.171109937958,"Weakly structured"
"GJA4",1.3268,0.00268566730230352,0.031847893340147,0.151,0.069,"CaseStudy1_CRLM","TLS","Rest","wilcox","SCT",0.25,0.05,0.05,86,3635,TRUE,FALSE,2,8965,0.039703685610988,1.12229835189169e-05,4.94989167484821,"Weakly structured"
"COL1A1",-1.3224,6.51940463111476e-06,0.000349978817472718,0.674,0.802,"CaseStudy1_CRLM","TLS","Rest","wilcox","SCT",0.25,0.05,0.05,86,3635,TRUE,FALSE,2,8965,0.428846842443439,0,453.992810808352,"Spatially structured"
"COL4A1",-1.3221,0.000201070437396475,0.00457511794735888,0.337,0.505,"CaseStudy1_CRLM","TLS","Rest","wilcox","SCT",0.25,0.05,0.05,86,3635,TRUE,FALSE,2,8965,0.260758019410213,1.58797513817318e-169,168.799156301304,"Weakly structured"
"PAPLN",1.3211,0.00417752706765169,0.0434137083065654,0.116,0.048,"CaseStudy1_CRLM","TLS","Rest","wilcox","SCT",0.25,0.05,0.05,86,3635,TRUE,FALSE,2,8965,0.035256323141022,8.22031133685074e-05,4.08511173363808,"Weakly structured"
"PRPF6",-1.3173,0.000496515066468134,0.00935138145144289,0.093,0.263,"CaseStudy1_CRLM","TLS","Rest","wilcox","SCT",0.25,0.05,0.05,86,3635,TRUE,FALSE,2,8965,0.0990434721359547,3.2243445773226e-26,25.4915585524646,"Weakly structured"
"YME1L1",-1.3169,0.00461259061558333,0.0465150448466868,0.105,0.229,"CaseStudy1_CRLM","TLS","Rest","wilcox","SCT",0.25,0.05,0.05,86,3635,TRUE,FALSE,2,8965,0.0529575207856969,8.66135211745124e-09,8.0624143052909,"Weakly structured"
"NT5C",-1.3128,0.00291998753674959,0.0339147148331553,0.081,0.213,"CaseStudy1_CRLM","TLS","Rest","wilcox","SCT",0.25,0.05,0.05,86,3635,TRUE,FALSE,2,8965,0.0990867569916344,3.03296887714459e-26,25.5181320461858,"Weakly structured"
"ZFAS1",-1.3103,6.20595478674089e-07,5.19966211804973e-05,0.384,0.605,"CaseStudy1_CRLM","TLS","Rest","wilcox","SCT",0.25,0.05,0.05,86,3635,TRUE,FALSE,2,8965,0.321232387233603,4.41886343008776e-256,255.354689420587,"Spatially structured"
"CYP3A7",1.3034,0.000398465651957107,0.00773213110345338,0.151,0.058,"CaseStudy1_CRLM","TLS","Rest","wilcox","SCT",0.25,0.05,0.05,86,3635,TRUE,FALSE,2,8965,0.0665684682517802,6.35950179384496e-13,12.1965769058388,"Weakly structured"
"CSTB",-1.3013,9.95064910123428e-06,0.000487473055697078,0.163,0.412,"CaseStudy1_CRLM","TLS","Rest","wilcox","SCT",0.25,0.05,0.05,86,3635,TRUE,FALSE,2,8965,0.203730119013188,2.65031940352452e-104,103.576701783863,"Weakly structured"
"GM2A",-1.3002,0.000950386040644705,0.0152966083561576,0.081,0.235,"CaseStudy1_CRLM","TLS","Rest","wilcox","SCT",0.25,0.05,0.05,86,3635,TRUE,FALSE,2,8965,0.158888797838095,2.63988254495373e-64,63.5784153955594,"Weakly structured"
"COL14A1",1.2982,3.59791565543037e-05,0.00126779132575549,0.256,0.114,"CaseStudy1_CRLM","TLS","Rest","wilcox","SCT",0.25,0.05,0.05,86,3635,TRUE,FALSE,2,8965,0.125854326220335,3.49725004657217e-41,40.4562733153704,"Weakly structured"
"MTRNR2L6",1.2971,0.00301704006546461,0.0346383125842856,0.128,0.054,"CaseStudy1_CRLM","TLS","Rest","wilcox","SCT",0.25,0.05,0.05,86,3635,TRUE,FALSE,2,8965,-0.00428555556407231,0.667401135073071,0.175613059060381,"Not structured"
"SEC61G",-1.2971,1.63223448922017e-06,0.000115220332250857,0.186,0.456,"CaseStudy1_CRLM","TLS","Rest","wilcox","SCT",0.25,0.05,0.05,86,3635,TRUE,FALSE,2,8965,0.220027742298496,2.79790984974785e-121,120.553166282835,"Weakly structured"
"FAM3D",-1.2926,0.00153009788556726,0.0216703436715806,0.081,0.227,"CaseStudy1_CRLM","TLS","Rest","wilcox","SCT",0.25,0.05,0.05,86,3635,TRUE,FALSE,2,8965,0.11496535546202,1.1813687338946e-34,33.9276145273641,"Weakly structured"
"IL33",1.29,0.00157146123470883,0.0220127343268198,0.14,0.057,"CaseStudy1_CRLM","TLS","Rest","wilcox","SCT",0.25,0.05,0.05,86,3635,TRUE,FALSE,2,8965,0.0576742994966681,3.90271531846301e-10,9.40863312694826,"Weakly structured"
"LTBP4",1.2867,2.26721380729139e-05,0.000919709130423861,0.314,0.15,"CaseStudy1_CRLM","TLS","Rest","wilcox","SCT",0.25,0.05,0.05,86,3635,TRUE,FALSE,2,8965,0.0767737728192214,1.55665925276252e-16,15.8078064425638,"Weakly structured"
"ENY2",-1.2833,5.46183736614278e-05,0.00173022515856784,0.116,0.325,"CaseStudy1_CRLM","TLS","Rest","wilcox","SCT",0.25,0.05,0.05,86,3635,TRUE,FALSE,2,8965,0.0953596326100354,1.91571294146012e-24,23.7176695669066,"Weakly structured"
"THOC7",-1.2803,0.00508322987128517,0.04953386499573,0.081,0.203,"CaseStudy1_CRLM","TLS","Rest","wilcox","SCT",0.25,0.05,0.05,86,3635,TRUE,FALSE,2,8965,0.0644467502598424,3.52638099545421e-12,11.4526707676792,"Weakly structured"
"PLOD1",-1.2794,0.00231538764907562,0.0288892364182912,0.081,0.217,"CaseStudy1_CRLM","TLS","Rest","wilcox","SCT",0.25,0.05,0.05,86,3635,TRUE,FALSE,2,8965,0.0631807246675786,8.96725343169572e-12,11.0473405560767,"Weakly structured"
"PSMD13",-1.275,0.000760024083998559,0.0129045755928922,0.128,0.293,"CaseStudy1_CRLM","TLS","Rest","wilcox","SCT",0.25,0.05,0.05,86,3635,TRUE,FALSE,2,8965,0.080415050613018,6.13104690556524e-18,17.2124653612908,"Weakly structured"
"MT-ATP8",1.2738,0.000357000971976362,0.0071440038253752,0.302,0.168,"CaseStudy1_CRLM","TLS","Rest","wilcox","SCT",0.25,0.05,0.05,86,3635,TRUE,FALSE,2,8965,0.168247184683263,6.72162807850905e-72,71.1725255216077,"Weakly structured"
"TTLL12",-1.2738,0.00091487191676919,0.0149392537815672,0.07,0.225,"CaseStudy1_CRLM","TLS","Rest","wilcox","SCT",0.25,0.05,0.05,86,3635,TRUE,FALSE,2,8965,0.11699830339796,8.24086921015415e-36,35.0840269784407,"Weakly structured"
"PDCD5",-1.2734,0.00038771190975324,0.00757263021990806,0.14,0.32,"CaseStudy1_CRLM","TLS","Rest","wilcox","SCT",0.25,0.05,0.05,86,3635,TRUE,FALSE,2,8965,0.19456903926467,2.50116047363339e-95,94.6018584431845,"Weakly structured"
"NUTF2",-1.2671,0.000915650982924182,0.0149392537815672,0.081,0.24,"CaseStudy1_CRLM","TLS","Rest","wilcox","SCT",0.25,0.05,0.05,86,3635,TRUE,FALSE,2,8965,0.0683643317325241,1.77698105361963e-13,12.7503172026687,"Weakly structured"
"CEACAM6",-1.2668,4.01666750902952e-09,8.00209427076659e-07,0.628,0.787,"CaseStudy1_CRLM","TLS","Rest","wilcox","SCT",0.25,0.05,0.05,86,3635,TRUE,FALSE,2,8965,0.507940052753256,0,636.14314787224,"Spatially structured"
"COL1A2",-1.2658,2.78852716142579e-05,0.0010729247211237,0.767,0.812,"CaseStudy1_CRLM","TLS","Rest","wilcox","SCT",0.25,0.05,0.05,86,3635,TRUE,FALSE,2,8965,0.421772407706512,0,439.163644427099,"Spatially structured"
"PPP1R14B",-1.2656,2.53289993060896e-05,0.000991591610389052,0.163,0.386,"CaseStudy1_CRLM","TLS","Rest","wilcox","SCT",0.25,0.05,0.05,86,3635,TRUE,FALSE,2,8965,0.155771745672436,7.55050810541372e-62,61.122023821887,"Weakly structured"
"RAB5IF",-1.2639,2.72125402142549e-06,0.000175511095698414,0.233,0.487,"CaseStudy1_CRLM","TLS","Rest","wilcox","SCT",0.25,0.05,0.05,86,3635,TRUE,FALSE,2,8965,0.132448993277022,2.78874930064252e-45,44.5545905256197,"Weakly structured"
"TOMM5",-1.2567,3.95005339422416e-05,0.0013620087953546,0.209,0.422,"CaseStudy1_CRLM","TLS","Rest","wilcox","SCT",0.25,0.05,0.05,86,3635,TRUE,FALSE,2,8965,0.245110670474651,5.15159862292954e-150,149.288057981564,"Weakly structured"
"LEPR",1.2564,0.000298516651876343,0.00629694537428567,0.267,0.138,"CaseStudy1_CRLM","TLS","Rest","wilcox","SCT",0.25,0.05,0.05,86,3635,TRUE,FALSE,2,8965,0.1129195024838,1.57924832362811e-33,32.8015495754369,"Weakly structured"
"DEPP1",1.2548,1.16111113012687e-05,0.00053815631617807,0.512,0.35,"CaseStudy1_CRLM","TLS","Rest","wilcox","SCT",0.25,0.05,0.05,86,3635,TRUE,FALSE,2,8965,0.23900216969138,9.0036329299262e-143,142.045582219109,"Weakly structured"
"ARPC1B",-1.2545,6.46276184976532e-05,0.00195532455825763,0.151,0.354,"CaseStudy1_CRLM","TLS","Rest","wilcox","SCT",0.25,0.05,0.05,86,3635,TRUE,FALSE,2,8965,0.11189639366013,6.48020207862003e-33,32.1884114508792,"Weakly structured"
"PYCARD",-1.2539,0.00174187628403269,0.0236963898123719,0.081,0.226,"CaseStudy1_CRLM","TLS","Rest","wilcox","SCT",0.25,0.05,0.05,86,3635,TRUE,FALSE,2,8965,0.086963675910823,1.16061559852413e-20,19.9353115968704,"Weakly structured"
"LGMN",-1.2443,0.00234350215528285,0.0290587784538184,0.14,0.283,"CaseStudy1_CRLM","TLS","Rest","wilcox","SCT",0.25,0.05,0.05,86,3635,TRUE,FALSE,2,8965,0.0654133154056105,1.72590070798274e-12,11.7629841931026,"Weakly structured"
"MRPL22",-1.244,0.00290181309799457,0.0338293295494425,0.07,0.202,"CaseStudy1_CRLM","TLS","Rest","wilcox","SCT",0.25,0.05,0.05,86,3635,TRUE,FALSE,2,8965,0.0441200503703393,1.30997648316467e-06,5.88273650077438,"Weakly structured"
"GPS1",-1.2424,0.00225745317527363,0.0283446326559217,0.081,0.221,"CaseStudy1_CRLM","TLS","Rest","wilcox","SCT",0.25,0.05,0.05,86,3635,TRUE,FALSE,2,8965,0.0408751531266036,6.68550615580532e-06,5.17486570697316,"Weakly structured"
"DYNLT1",-1.2408,0.00255121636155191,0.0308235789703307,0.07,0.202,"CaseStudy1_CRLM","TLS","Rest","wilcox","SCT",0.25,0.05,0.05,86,3635,TRUE,FALSE,2,8965,0.0512306482145734,2.46380720648128e-08,7.60839327882789,"Weakly structured"
"SSR2",-1.2401,0.000170904372437162,0.00401088402853183,0.174,0.366,"CaseStudy1_CRLM","TLS","Rest","wilcox","SCT",0.25,0.05,0.05,86,3635,TRUE,FALSE,2,8965,0.105511558453583,1.75559704225072e-29,28.7555751595058,"Weakly structured"
"CKS2",-1.2388,0.000136594738561704,0.00340158842001578,0.151,0.349,"CaseStudy1_CRLM","TLS","Rest","wilcox","SCT",0.25,0.05,0.05,86,3635,TRUE,FALSE,2,8965,0.189881322460693,6.86642185273455e-91,90.1632695183168,"Weakly structured"
"NDUFB4",-1.238,9.00343981557649e-06,0.000456021683314368,0.174,0.42,"CaseStudy1_CRLM","TLS","Rest","wilcox","SCT",0.25,0.05,0.05,86,3635,TRUE,FALSE,2,8965,0.107119454159155,2.52119318877182e-30,29.5983938748301,"Weakly structured"
"TFRC",-1.2348,9.14956715613681e-05,0.00259575536565717,0.174,0.383,"CaseStudy1_CRLM","TLS","Rest","wilcox","SCT",0.25,0.05,0.05,86,3635,TRUE,FALSE,2,8965,0.228327770047418,1.87067401161985e-130,129.72800188716,"Weakly structured"
"SSR1",-1.224,4.7860509548297e-05,0.00158914617814994,0.14,0.361,"CaseStudy1_CRLM","TLS","Rest","wilcox","SCT",0.25,0.05,0.05,86,3635,TRUE,FALSE,2,8965,0.0551575746861273,2.19600196383314e-09,8.65836727584239,"Weakly structured"
"LMNA",-1.223,0.00055549481018151,0.0102469361590067,0.221,0.382,"CaseStudy1_CRLM","TLS","Rest","wilcox","SCT",0.25,0.05,0.05,86,3635,TRUE,FALSE,2,8965,0.118787153671756,7.80839651039406e-37,36.1074381413065,"Weakly structured"
"VDAC1",-1.2206,3.81153871685114e-06,0.00023009680821513,0.244,0.487,"CaseStudy1_CRLM","TLS","Rest","wilcox","SCT",0.25,0.05,0.05,86,3635,TRUE,FALSE,2,8965,0.194716402852612,1.93171799369333e-95,94.7140562747747,"Weakly structured"
"COL3A1",-1.2184,0.000757304972718034,0.0129045755928922,0.64,0.667,"CaseStudy1_CRLM","TLS","Rest","wilcox","SCT",0.25,0.05,0.05,86,3635,TRUE,FALSE,2,8965,0.294823125685671,4.13785387435551e-216,215.383224850229,"Weakly structured"
"MTHFD2",-1.2157,0.0025369502717466,0.030818101878331,0.105,0.246,"CaseStudy1_CRLM","TLS","Rest","wilcox","SCT",0.25,0.05,0.05,86,3635,TRUE,FALSE,2,8965,0.158613855677305,4.40502583005229e-64,63.3560515406421,"Weakly structured"
"LGALS3",-1.2117,4.39646347491357e-08,5.39921850035619e-06,0.558,0.734,"CaseStudy1_CRLM","TLS","Rest","wilcox","SCT",0.25,0.05,0.05,86,3635,TRUE,FALSE,2,8965,0.358760196179545,7.62387757441169e-319,318.117824445186,"Spatially structured"
"ASPG",1.2108,0.000634139180476433,0.0113248162409785,0.198,0.091,"CaseStudy1_CRLM","TLS","Rest","wilcox","SCT",0.25,0.05,0.05,86,3635,TRUE,FALSE,2,8965,0.0542593895044289,3.6958220896647e-09,8.43228894311659,"Weakly structured"
"HCLS1",1.2099,0.00093395299290354,0.0151135172949102,0.209,0.101,"CaseStudy1_CRLM","TLS","Rest","wilcox","SCT",0.25,0.05,0.05,86,3635,TRUE,FALSE,2,8965,0.0675112413726597,3.33323481143891e-13,12.4771340911639,"Weakly structured"
"UQCC3",-1.2087,0.00190194888347081,0.0251175454594537,0.116,0.264,"CaseStudy1_CRLM","TLS","Rest","wilcox","SCT",0.25,0.05,0.05,86,3635,TRUE,FALSE,2,8965,0.0835144866661662,3.35635437500296e-19,18.4741321911737,"Weakly structured"
"MGST3",-1.2083,0.00182429134707368,0.0244588772303908,0.151,0.299,"CaseStudy1_CRLM","TLS","Rest","wilcox","SCT",0.25,0.05,0.05,86,3635,TRUE,FALSE,2,8965,0.060767713300725,5.10366025533152e-11,10.2921182437982,"Weakly structured"
"RELL1",1.2071,0.001496386719803,0.0214641711088543,0.221,0.112,"CaseStudy1_CRLM","TLS","Rest","wilcox","SCT",0.25,0.05,0.05,86,3635,TRUE,FALSE,2,8965,0.0328649839236634,0.000225357642261797,3.64712770967709,"Weakly structured"
"TRBC1",1.2061,4.92127845578484e-05,0.00160433677658586,0.233,0.098,"CaseStudy1_CRLM","TLS","Rest","wilcox","SCT",0.25,0.05,0.05,86,3635,TRUE,FALSE,2,8965,0.126084414754149,2.39528074383145e-41,40.6206435768835,"Weakly structured"
"ARPC2",-1.2059,5.01494712886651e-05,0.00162306862853026,0.198,0.416,"CaseStudy1_CRLM","TLS","Rest","wilcox","SCT",0.25,0.05,0.05,86,3635,TRUE,FALSE,2,8965,0.142258834385903,6.40013378234067e-52,51.1938109478403,"Weakly structured"
"NDUFAF3",-1.2059,0.00090969480361399,0.0149093490208399,0.093,0.251,"CaseStudy1_CRLM","TLS","Rest","wilcox","SCT",0.25,0.05,0.05,86,3635,TRUE,FALSE,2,8965,0.0558909603413482,1.36211720748802e-09,8.86578552063528,"Weakly structured"
"EIF3J",-1.2044,0.00157864374689636,0.0220788474117409,0.07,0.216,"CaseStudy1_CRLM","TLS","Rest","wilcox","SCT",0.25,0.05,0.05,86,3635,TRUE,FALSE,2,8965,0.0732519748675013,3.31771791530865e-15,14.4791605420708,"Weakly structured"
"SAP18",-1.2041,0.000191209641929668,0.00440666951130971,0.186,0.378,"CaseStudy1_CRLM","TLS","Rest","wilcox","SCT",0.25,0.05,0.05,86,3635,TRUE,FALSE,2,8965,0.0678204410967913,2.75666284571723e-13,12.5596163471327,"Weakly structured"
"BOP1",-1.1984,0.00311081515743108,0.0353018454257843,0.093,0.229,"CaseStudy1_CRLM","TLS","Rest","wilcox","SCT",0.25,0.05,0.05,86,3635,TRUE,FALSE,2,8965,0.122268109644831,6.27672349528067e-39,38.2022670026411,"Weakly structured"
"JUP",-1.1957,1.18977156284402e-05,0.000540137015479708,0.14,0.374,"CaseStudy1_CRLM","TLS","Rest","wilcox","SCT",0.25,0.05,0.05,86,3635,TRUE,FALSE,2,8965,0.165606954688591,1.22747604922602e-69,68.9109869731687,"Weakly structured"
"PSMB3",-1.1912,2.10243947979901e-06,0.00014279068133635,0.302,0.54,"CaseStudy1_CRLM","TLS","Rest","wilcox","SCT",0.25,0.05,0.05,86,3635,TRUE,FALSE,2,8965,0.0792381280785614,1.82029280561911e-17,16.7398587473795,"Weakly structured"
"HSF1",-1.1878,0.000713743398079882,0.0124974796167698,0.116,0.286,"CaseStudy1_CRLM","TLS","Rest","wilcox","SCT",0.25,0.05,0.05,86,3635,TRUE,FALSE,2,8965,0.069323158150455,8.39279976968892e-14,13.0760931378968,"Weakly structured"
"SOX4",-1.1868,0.000418980248829821,0.00804316473396005,0.151,0.329,"CaseStudy1_CRLM","TLS","Rest","wilcox","SCT",0.25,0.05,0.05,86,3635,TRUE,FALSE,2,8965,0.189480984010892,1.62684886549186e-90,89.7886527912129,"Weakly structured"
"CTSL",-1.185,0.000879802847784421,0.0145256584353358,0.163,0.33,"CaseStudy1_CRLM","TLS","Rest","wilcox","SCT",0.25,0.05,0.05,86,3635,TRUE,FALSE,2,8965,0.0949966622544002,2.81755835016804e-24,23.5501270811759,"Weakly structured"
"TFE3",1.1842,0.00488196675886957,0.0484146371606921,0.209,0.114,"CaseStudy1_CRLM","TLS","Rest","wilcox","SCT",0.25,0.05,0.05,86,3635,TRUE,FALSE,2,8965,0.0313037990617657,0.00041493136524404,3.38202373500098,"Weakly structured"
"S100A6",-1.1829,8.16685003617227e-12,4.06754503190469e-09,0.977,0.986,"CaseStudy1_CRLM","TLS","Rest","wilcox","SCT",0.25,0.05,0.05,86,3635,TRUE,FALSE,2,8965,0.678514080538584,0,1133.85968814761,"Spatially structured"
"FKBP4",-1.1793,0.00168707162115183,0.0232239579599999,0.174,0.326,"CaseStudy1_CRLM","TLS","Rest","wilcox","SCT",0.25,0.05,0.05,86,3635,TRUE,FALSE,2,8965,0.176575938746485,6.89272346111732e-79,78.1616091452284,"Weakly structured"
"PHLDA2",-1.1785,0.00117751121245037,0.0180760068829067,0.128,0.285,"CaseStudy1_CRLM","TLS","Rest","wilcox","SCT",0.25,0.05,0.05,86,3635,TRUE,FALSE,2,8965,0.190725900831915,1.09114645371665e-91,90.9621169544783,"Weakly structured"
"DGAT1",-1.1777,0.00312395364923058,0.0354061244821139,0.128,0.266,"CaseStudy1_CRLM","TLS","Rest","wilcox","SCT",0.25,0.05,0.05,86,3635,TRUE,FALSE,2,8965,0.0879825816877146,4.24318845374399e-21,20.3723076793803,"Weakly structured"
"INSIG1",1.1743,2.7550914327287e-07,2.51967455265579e-05,0.581,0.371,"CaseStudy1_CRLM","TLS","Rest","wilcox","SCT",0.25,0.05,0.05,86,3635,TRUE,FALSE,2,8965,0.12473638235654,2.04679074032017e-40,39.6889265564434,"Weakly structured"
"TRABD",-1.1734,0.00142820824417205,0.0208532360081473,0.093,0.243,"CaseStudy1_CRLM","TLS","Rest","wilcox","SCT",0.25,0.05,0.05,86,3635,TRUE,FALSE,2,8965,0.0805369324202514,5.4526971741978e-18,17.2633886210051,"Weakly structured"
"CSKMT",-1.1721,9.38055000606522e-05,0.00261742676599186,0.314,0.486,"CaseStudy1_CRLM","TLS","Rest","wilcox","SCT",0.25,0.05,0.05,86,3635,TRUE,FALSE,2,8965,0.204496826446616,4.69919352198776e-105,104.327976669512,"Weakly structured"
"CCT6A",-1.1659,0.000106515578037692,0.00285048405106839,0.198,0.407,"CaseStudy1_CRLM","TLS","Rest","wilcox","SCT",0.25,0.05,0.05,86,3635,TRUE,FALSE,2,8965,0.200904544821022,1.76966014732732e-101,100.752110129295,"Weakly structured"
"UQCRH",-1.1644,3.2700033729121e-06,0.000205004057609489,0.279,0.519,"CaseStudy1_CRLM","TLS","Rest","wilcox","SCT",0.25,0.05,0.05,86,3635,TRUE,FALSE,2,8965,0.163098925036312,1.34139216150214e-67,66.8724442358113,"Weakly structured"
"TFF3",-1.1637,4.14114549510515e-12,2.1838452566834e-09,0.919,0.955,"CaseStudy1_CRLM","TLS","Rest","wilcox","SCT",0.25,0.05,0.05,86,3635,TRUE,FALSE,2,8965,0.606164632399406,0,905.255241861812,"Spatially structured"
"PSMD2",-1.162,0.00249035608439716,0.0305000577822685,0.105,0.247,"CaseStudy1_CRLM","TLS","Rest","wilcox","SCT",0.25,0.05,0.05,86,3635,TRUE,FALSE,2,8965,0.0600545968182664,8.35405086970687e-11,10.0781028845454,"Weakly structured"
"POMP",-1.1524,0.000167599170116212,0.00394814129906249,0.174,0.371,"CaseStudy1_CRLM","TLS","Rest","wilcox","SCT",0.25,0.05,0.05,86,3635,TRUE,FALSE,2,8965,0.0965015533293513,5.52720687295135e-25,24.2574942802889,"Weakly structured"
"GPX2",-1.1517,2.64787472491562e-13,1.82601514683604e-10,0.895,0.976,"CaseStudy1_CRLM","TLS","Rest","wilcox","SCT",0.25,0.05,0.05,86,3635,TRUE,FALSE,2,8965,0.620369147084587,0,948.121777525896,"Spatially structured"
"GPR183",1.1516,9.95699935307021e-05,0.00271809937634426,0.302,0.148,"CaseStudy1_CRLM","TLS","Rest","wilcox","SCT",0.25,0.05,0.05,86,3635,TRUE,FALSE,2,8965,0.138337754628954,2.77688089271528e-49,48.556442747814,"Weakly structured"
"TMBIM1",-1.148,0.000589414533025619,0.0107151122957773,0.128,0.295,"CaseStudy1_CRLM","TLS","Rest","wilcox","SCT",0.25,0.05,0.05,86,3635,TRUE,FALSE,2,8965,0.104741827028526,4.35173445440728e-29,28.3613376134257,"Weakly structured"
"SLC25A18",1.1456,0.000342452816919285,0.00693022461327628,0.186,0.078,"CaseStudy1_CRLM","TLS","Rest","wilcox","SCT",0.25,0.05,0.05,86,3635,TRUE,FALSE,2,8965,0.0544693891985856,3.20505144679513e-09,8.49416499488778,"Weakly structured"
"PRELID1",-1.139,3.29940198129803e-05,0.0012099474225734,0.163,0.386,"CaseStudy1_CRLM","TLS","Rest","wilcox","SCT",0.25,0.05,0.05,86,3635,TRUE,FALSE,2,8965,0.137391203328089,1.44245825305633e-48,47.8408967471356,"Weakly structured"
"CCT7",-1.1362,0.000184331620661687,0.00428117352132648,0.174,0.367,"CaseStudy1_CRLM","TLS","Rest","wilcox","SCT",0.25,0.05,0.05,86,3635,TRUE,FALSE,2,8965,0.140365094547128,1.33031863586998e-50,49.8760443250282,"Weakly structured"
"SPINT2",-1.1361,9.94656908619065e-07,7.49336066031085e-05,0.256,0.531,"CaseStudy1_CRLM","TLS","Rest","wilcox","SCT",0.25,0.05,0.05,86,3635,TRUE,FALSE,2,8965,0.30435550498785,4.32017997578165e-230,229.364498160393,"Spatially structured"
"KRT7",1.1356,3.80789781213471e-05,0.00131806192609219,0.174,0.063,"CaseStudy1_CRLM","TLS","Rest","wilcox","SCT",0.25,0.05,0.05,86,3635,TRUE,FALSE,2,8965,0.227996523159262,3.83161882124897e-131,130.416617702115,"Weakly structured"
"SELENOH",-1.134,1.26083026268601e-05,0.000559571450741588,0.174,0.42,"CaseStudy1_CRLM","TLS","Rest","wilcox","SCT",0.25,0.05,0.05,86,3635,TRUE,FALSE,2,8965,0.0390994461708933,1.55632726020579e-05,4.8078990754971,"Weakly structured"
"CYP2B6",1.1328,1.19099375857876e-08,1.97727019364048e-06,0.674,0.426,"CaseStudy1_CRLM","TLS","Rest","wilcox","SCT",0.25,0.05,0.05,86,3635,TRUE,FALSE,2,8965,0.315546827862899,3.356133290523e-247,246.474160799277,"Spatially structured"
"SNRPF",-1.1295,0.000567161162686024,0.0104192619333611,0.14,0.319,"CaseStudy1_CRLM","TLS","Rest","wilcox","SCT",0.25,0.05,0.05,86,3635,TRUE,FALSE,2,8965,0.21962853290247,7.02767600085776e-121,120.153188269129,"Weakly structured"
"NDUFA1",-1.129,0.000134528131844864,0.00338126758524106,0.198,0.407,"CaseStudy1_CRLM","TLS","Rest","wilcox","SCT",0.25,0.05,0.05,86,3635,TRUE,FALSE,2,8965,0.160597796151569,1.28668236845343e-65,64.8905286501844,"Weakly structured"
"SLC66A2",1.1269,0.000353821932651346,0.00711213817537964,0.267,0.135,"CaseStudy1_CRLM","TLS","Rest","wilcox","SCT",0.25,0.05,0.05,86,3635,TRUE,FALSE,2,8965,0.0203090539715802,0.0148652781850027,1.82782695910747,"Weakly structured"
"MT-ND5",1.1242,5.49251618655053e-07,4.73465457811784e-05,0.733,0.548,"CaseStudy1_CRLM","TLS","Rest","wilcox","SCT",0.25,0.05,0.05,86,3635,TRUE,FALSE,2,8965,0.298498504988639,1.81495109277849e-221,220.74113507334,"Weakly structured"
"TP53INP1",1.1214,0.00214926953889576,0.0272910653947243,0.256,0.145,"CaseStudy1_CRLM","TLS","Rest","wilcox","SCT",0.25,0.05,0.05,86,3635,TRUE,FALSE,2,8965,0.0309719821276345,0.000470626124516625,3.32732396874838,"Weakly structured"
"CCDC3",1.1187,0.00506621400353105,0.0495146245528642,0.221,0.123,"CaseStudy1_CRLM","TLS","Rest","wilcox","SCT",0.25,0.05,0.05,86,3635,TRUE,FALSE,2,8965,0.0557717493491261,1.43622478107519e-09,8.84277758409029,"Weakly structured"
"XDH",1.118,0.000757189487552406,0.0129045755928922,0.186,0.083,"CaseStudy1_CRLM","TLS","Rest","wilcox","SCT",0.25,0.05,0.05,86,3635,TRUE,FALSE,2,8965,0.0256735704232668,0.00301598558481929,2.52057073854775,"Weakly structured"
"TUBA1C",-1.118,0.000743904945155705,0.0127516402166747,0.151,0.323,"CaseStudy1_CRLM","TLS","Rest","wilcox","SCT",0.25,0.05,0.05,86,3635,TRUE,FALSE,2,8965,0.178139605623306,2.9770617267494e-80,79.5262121605468,"Weakly structured"
"HEXB",-1.1165,0.00302170836630399,0.0346414520510425,0.174,0.314,"CaseStudy1_CRLM","TLS","Rest","wilcox","SCT",0.25,0.05,0.05,86,3635,TRUE,FALSE,2,8965,0.0645919999091248,3.20673237625798e-12,11.4939372834031,"Weakly structured"
"SLC25A5",-1.1126,3.29322534342605e-05,0.0012099474225734,0.221,0.453,"CaseStudy1_CRLM","TLS","Rest","wilcox","SCT",0.25,0.05,0.05,86,3635,TRUE,FALSE,2,8965,0.122374652868539,5.72426771257127e-39,38.2422800633515,"Weakly structured"
"HAO1",1.1125,1.13756056728808e-05,0.000537931251900028,0.372,0.185,"CaseStudy1_CRLM","TLS","Rest","wilcox","SCT",0.25,0.05,0.05,86,3635,TRUE,FALSE,2,8965,0.134939575223884,5.70211367513324e-47,46.2439641290134,"Weakly structured"
"FKBP5",1.1111,0.000375232412850723,0.00737710215176915,0.267,0.135,"CaseStudy1_CRLM","TLS","Rest","wilcox","SCT",0.25,0.05,0.05,86,3635,TRUE,FALSE,2,8965,0.0350566493067374,9.23394897078206e-05,4.03461252980318,"Weakly structured"
"EIF3B",-1.1108,0.000235086956395958,0.00518946711917455,0.198,0.389,"CaseStudy1_CRLM","TLS","Rest","wilcox","SCT",0.25,0.05,0.05,86,3635,TRUE,FALSE,2,8965,0.225944587732651,8.68993456260681e-128,127.060983493886,"Weakly structured"
"TIMM13",-1.1092,8.12423528549429e-05,0.00235707991373645,0.314,0.494,"CaseStudy1_CRLM","TLS","Rest","wilcox","SCT",0.25,0.05,0.05,86,3635,TRUE,FALSE,2,8965,0.129822864635192,1.37545104720475e-43,42.8615548616954,"Weakly structured"
"PPDPF",-1.1076,5.82566931207988e-09,1.13537229093035e-06,0.709,0.821,"CaseStudy1_CRLM","TLS","Rest","wilcox","SCT",0.25,0.05,0.05,86,3635,TRUE,FALSE,2,8965,0.399328546871792,0,393.79390222822,"Spatially structured"
"ALKBH7",-1.1073,0.00252457974406519,0.0307930032728496,0.151,0.294,"CaseStudy1_CRLM","TLS","Rest","wilcox","SCT",0.25,0.05,0.05,86,3635,TRUE,FALSE,2,8965,0.0460941248024188,4.59742256683077e-07,6.33748557673509,"Weakly structured"
"CYP2A7",1.1024,9.5183144974141e-05,0.0026418479711863,0.279,0.133,"CaseStudy1_CRLM","TLS","Rest","wilcox","SCT",0.25,0.05,0.05,86,3635,TRUE,FALSE,2,8965,0.126582597596973,1.27028772988153e-41,40.8960978968814,"Weakly structured"
"UBE2V1",-1.1,0.00378813864081542,0.040525850733783,0.14,0.277,"CaseStudy1_CRLM","TLS","Rest","wilcox","SCT",0.25,0.05,0.05,86,3635,TRUE,FALSE,2,8965,0.0726593041241184,5.48709853115906e-15,14.2606572411609,"Weakly structured"
"CCT5",-1.0992,0.000361532555927409,0.00718884270681172,0.151,0.34,"CaseStudy1_CRLM","TLS","Rest","wilcox","SCT",0.25,0.05,0.05,86,3635,TRUE,FALSE,2,8965,0.129989809705919,1.05197025282183e-43,42.9779965408077,"Weakly structured"
"LGALS4",-1.0985,2.19555926114801e-06,0.000147993900572872,0.512,0.663,"CaseStudy1_CRLM","TLS","Rest","wilcox","SCT",0.25,0.05,0.05,86,3635,TRUE,FALSE,2,8965,0.301599177030377,5.43474462771217e-226,225.264820858088,"Spatially structured"
"PHB",-1.0932,9.28592973123411e-06,0.000462490889113966,0.174,0.431,"CaseStudy1_CRLM","TLS","Rest","wilcox","SCT",0.25,0.05,0.05,86,3635,TRUE,FALSE,2,8965,0.126943078547959,8.98784628201969e-42,41.0463443638721,"Weakly structured"
"CANT1",-1.0904,0.00389545282773701,0.0411824700479508,0.14,0.273,"CaseStudy1_CRLM","TLS","Rest","wilcox","SCT",0.25,0.05,0.05,86,3635,TRUE,FALSE,2,8965,0.10540327950569,1.96449168850981e-29,28.7067498042876,"Weakly structured"
"NBL1",-1.0872,0.00208974302222412,0.0268164956204105,0.116,0.266,"CaseStudy1_CRLM","TLS","Rest","wilcox","SCT",0.25,0.05,0.05,86,3635,TRUE,FALSE,2,8965,0.169464552115818,7.62911862557709e-73,72.1175256321838,"Weakly structured"
"SNU13",-1.0861,0.000105940171225216,0.00285048405106839,0.209,0.415,"CaseStudy1_CRLM","TLS","Rest","wilcox","SCT",0.25,0.05,0.05,86,3635,TRUE,FALSE,2,8965,0.116818779597669,1.09240460180578e-35,34.9616164790425,"Weakly structured"
"EFHD2",-1.0854,0.00313439309218337,0.0354795884740201,0.105,0.246,"CaseStudy1_CRLM","TLS","Rest","wilcox","SCT",0.25,0.05,0.05,86,3635,TRUE,FALSE,2,8965,0.103936063006988,1.1146959335195e-28,27.9528435832022,"Weakly structured"
"CTNNA1",-1.0791,0.000358406892348426,0.00715616434276979,0.151,0.344,"CaseStudy1_CRLM","TLS","Rest","wilcox","SCT",0.25,0.05,0.05,86,3635,TRUE,FALSE,2,8965,0.130301469457212,6.71631548209646e-44,43.1728689121594,"Weakly structured"
"SNHG8",-1.0789,1.65331844139827e-05,0.000689395340797001,0.372,0.565,"CaseStudy1_CRLM","TLS","Rest","wilcox","SCT",0.25,0.05,0.05,86,3635,TRUE,FALSE,2,8965,0.28280037053293,5.5235952876224e-199,198.25777814957,"Weakly structured"
"TBRG4",-1.0734,0.000287112942448937,0.00618695257782412,0.151,0.333,"CaseStudy1_CRLM","TLS","Rest","wilcox","SCT",0.25,0.05,0.05,86,3635,TRUE,FALSE,2,8965,0.151904825180235,6.33686794038884e-59,58.1981253434283,"Weakly structured"
"MAN2A1",1.0724,0.0024951180468167,0.0305166893447635,0.198,0.098,"CaseStudy1_CRLM","TLS","Rest","wilcox","SCT",0.25,0.05,0.05,86,3635,TRUE,FALSE,2,8965,0.0138452629439941,0.0682462665268984,1.16592110210576,"Not structured"
"IGHA1",1.0712,0.00173452938357601,0.0236323038354999,0.395,0.264,"CaseStudy1_CRLM","TLS","Rest","wilcox","SCT",0.25,0.05,0.05,86,3635,TRUE,FALSE,2,8965,0.237106289159365,5.4143178002068e-141,140.266456256355,"Weakly structured"
"CYP4F3",1.0676,0.000716019553796051,0.0125128953212117,0.256,0.133,"CaseStudy1_CRLM","TLS","Rest","wilcox","SCT",0.25,0.05,0.05,86,3635,TRUE,FALSE,2,8965,0.0916152583146019,9.68536421913773e-23,22.0138840429482,"Weakly structured"
"SUCLG1",-1.0665,0.000684762590160139,0.0121082773585516,0.174,0.346,"CaseStudy1_CRLM","TLS","Rest","wilcox","SCT",0.25,0.05,0.05,86,3635,TRUE,FALSE,2,8965,0.0983755988574052,6.8979916161438e-26,25.1612773378122,"Weakly structured"
"TFG",-1.0656,0.00296540890564301,0.0342851431138491,0.14,0.28,"CaseStudy1_CRLM","TLS","Rest","wilcox","SCT",0.25,0.05,0.05,86,3635,TRUE,FALSE,2,8965,0.0481708594610115,1.46461574960529e-07,6.83427630002991,"Weakly structured"
"ATP1B3",-1.0653,0.000400119465053681,0.00774745357279968,0.14,0.327,"CaseStudy1_CRLM","TLS","Rest","wilcox","SCT",0.25,0.05,0.05,86,3635,TRUE,FALSE,2,8965,0.189125598737772,3.41746876881786e-90,89.4662954456239,"Weakly structured"
"GADD45GIP1",-1.0564,4.7819343066807e-05,0.00158914617814994,0.209,0.43,"CaseStudy1_CRLM","TLS","Rest","wilcox","SCT",0.25,0.05,0.05,86,3635,TRUE,FALSE,2,8965,0.166209116542274,3.97341022529192e-70,69.4008365949286,"Weakly structured"
"RPS19BP1",-1.0522,0.00123123528367809,0.0187085157935154,0.14,0.302,"CaseStudy1_CRLM","TLS","Rest","wilcox","SCT",0.25,0.05,0.05,86,3635,TRUE,FALSE,2,8965,0.0742308872324217,1.46662950161755e-15,14.8336795833109,"Weakly structured"
"IGKC",1.0514,9.69570491361374e-08,1.03478564941128e-05,0.872,0.685,"CaseStudy1_CRLM","TLS","Rest","wilcox","SCT",0.25,0.05,0.05,86,3635,TRUE,FALSE,2,8965,0.456862715958731,0,515.431261724681,"Spatially structured"
"SMAP2",1.051,0.0017294470104513,0.0236090883348425,0.256,0.14,"CaseStudy1_CRLM","TLS","Rest","wilcox","SCT",0.25,0.05,0.05,86,3635,TRUE,FALSE,2,8965,0.0184036955370333,0.0242945780272012,1.6144906398012,"Weakly structured"
"TSPAN13",-1.047,0.00250160720377521,0.0305543713649111,0.047,0.177,"CaseStudy1_CRLM","TLS","Rest","wilcox","SCT",0.25,0.05,0.05,86,3635,TRUE,FALSE,2,8965,0.114176674128558,3.2445948722937e-34,33.4888395225035,"Weakly structured"
"H2AFZ",-1.0415,0.000250688324001093,0.0054815142065117,0.233,0.426,"CaseStudy1_CRLM","TLS","Rest","wilcox","SCT",0.25,0.05,0.05,86,3635,TRUE,FALSE,2,8965,0.203571007074463,3.80935631750238e-104,103.419148402638,"Weakly structured"
"GPI",-1.0339,1.6011215127868e-05,0.000675597430620513,0.256,0.491,"CaseStudy1_CRLM","TLS","Rest","wilcox","SCT",0.25,0.05,0.05,86,3635,TRUE,FALSE,2,8965,0.108302599725607,5.95173585936108e-31,30.2253563512134,"Weakly structured"
"CLDN7",-1.0332,0.000434931581641667,0.00829608857322881,0.081,0.257,"CaseStudy1_CRLM","TLS","Rest","wilcox","SCT",0.25,0.05,0.05,86,3635,TRUE,FALSE,2,8965,0.135027641065472,5.31133041627898e-47,46.2747966804104,"Weakly structured"
"IPO7",-1.032,0.00355072101027536,0.0387724894727388,0.116,0.254,"CaseStudy1_CRLM","TLS","Rest","wilcox","SCT",0.25,0.05,0.05,86,3635,TRUE,FALSE,2,8965,0.0940898595788748,7.42966085307383e-24,23.129031010331,"Weakly structured"
"COL5A1",-1.0311,0.00458325824226484,0.0462712952048472,0.163,0.306,"CaseStudy1_CRLM","TLS","Rest","wilcox","SCT",0.25,0.05,0.05,86,3635,TRUE,FALSE,2,8965,0.301951676242447,1.25377819882844e-226,225.901779286109,"Spatially structured"
"CBX3",-1.0286,0.000125582644256871,0.00322592666407694,0.233,0.437,"CaseStudy1_CRLM","TLS","Rest","wilcox","SCT",0.25,0.05,0.05,86,3635,TRUE,FALSE,2,8965,0.210157381446984,7.85550713684893e-111,110.104825772479,"Weakly structured"
"SNHG6",-1.0277,0.000103229814637221,0.00279593742665464,0.314,0.506,"CaseStudy1_CRLM","TLS","Rest","wilcox","SCT",0.25,0.05,0.05,86,3635,TRUE,FALSE,2,8965,0.27647231760799,2.79020523343617e-190,189.554363851038,"Weakly structured"
"KARS",-1.0269,0.00452766905164051,0.0459689162491021,0.151,0.287,"CaseStudy1_CRLM","TLS","Rest","wilcox","SCT",0.25,0.05,0.05,86,3635,TRUE,FALSE,2,8965,0.0890789864375011,1.41302558658683e-21,20.8498499740234,"Weakly structured"
"PRMT1",-1.0266,0.0015213504698766,0.0216147495442848,0.163,0.322,"CaseStudy1_CRLM","TLS","Rest","wilcox","SCT",0.25,0.05,0.05,86,3635,TRUE,FALSE,2,8965,0.0945125218804679,4.78964961883317e-24,23.3196962557239,"Weakly structured"
"RAB5C",-1.0258,0.00129409905523121,0.0192717575251624,0.128,0.289,"CaseStudy1_CRLM","TLS","Rest","wilcox","SCT",0.25,0.05,0.05,86,3635,TRUE,FALSE,2,8965,0.0610027049312539,4.33054490339138e-11,10.3634574538436,"Weakly structured"
"HSBP1",-1.0226,0.000384533509431857,0.00752694958964324,0.174,0.366,"CaseStudy1_CRLM","TLS","Rest","wilcox","SCT",0.25,0.05,0.05,86,3635,TRUE,FALSE,2,8965,0.0847809699189809,1.009748918882e-19,18.9957866031482,"Weakly structured"
"CLTC",-1.0223,0.000735894936696743,0.0127148346141594,0.163,0.338,"CaseStudy1_CRLM","TLS","Rest","wilcox","SCT",0.25,0.05,0.05,86,3635,TRUE,FALSE,2,8965,0.0804164128718379,6.1610360388215e-18,17.2103462508048,"Weakly structured"
"RBIS",-1.0208,0.00232519294600964,0.028909958328866,0.174,0.322,"CaseStudy1_CRLM","TLS","Rest","wilcox","SCT",0.25,0.05,0.05,86,3635,TRUE,FALSE,2,8965,0.204250464693295,7.82187280945896e-105,104.106689250337,"Weakly structured"
"MDH2",-1.0179,4.33838849419368e-06,0.000255879295068726,0.302,0.552,"CaseStudy1_CRLM","TLS","Rest","wilcox","SCT",0.25,0.05,0.05,86,3635,TRUE,FALSE,2,8965,0.107092628540453,2.61961271982814e-30,29.5817629094718,"Weakly structured"
"NPPA",1.0178,0.0035921368536563,0.0391770156849498,0.07,0.022,"CaseStudy1_CRLM","TLS","Rest","wilcox","SCT",0.25,0.05,0.05,86,3635,TRUE,FALSE,2,8965,0.26249052888891,6.89350050618629e-175,174.161560188185,"Weakly structured"
"MTRNR2L12",1.0175,3.01518965509638e-07,2.70311752579391e-05,0.57,0.353,"CaseStudy1_CRLM","TLS","Rest","wilcox","SCT",0.25,0.05,0.05,86,3635,TRUE,FALSE,2,8965,0.125546824248688,6.41395532168145e-41,40.1928740696048,"Weakly structured"
"CKS1B",-1.0164,0.00497691471066838,0.0489705076509212,0.07,0.193,"CaseStudy1_CRLM","TLS","Rest","wilcox","SCT",0.25,0.05,0.05,86,3635,TRUE,FALSE,2,8965,0.0424847872855455,3.02595066723839e-06,5.51913815665678,"Weakly structured"
"VASN",1.0123,0.00281739538724014,0.0330169276426246,0.209,0.107,"CaseStudy1_CRLM","TLS","Rest","wilcox","SCT",0.25,0.05,0.05,86,3635,TRUE,FALSE,2,8965,0.06649641473329,7.21557717475142e-13,12.1417289239213,"Weakly structured"
"PRR15L",-1.0079,0.0050912026416561,0.0495435293618615,0.093,0.221,"CaseStudy1_CRLM","TLS","Rest","wilcox","SCT",0.25,0.05,0.05,86,3635,TRUE,FALSE,2,8965,0.166250479884269,3.36829661893598e-70,69.4725896706478,"Weakly structured"
"S100A11",-1.0072,2.2763919153078e-09,4.74601244668242e-07,0.744,0.862,"CaseStudy1_CRLM","TLS","Rest","wilcox","SCT",0.25,0.05,0.05,86,3635,TRUE,FALSE,2,8965,0.391310946943835,0,378.214549542408,"Spatially structured"
"ZNF703",-1.0053,0.00457830544168193,0.0462712952048472,0.105,0.237,"CaseStudy1_CRLM","TLS","Rest","wilcox","SCT",0.25,0.05,0.05,86,3635,TRUE,FALSE,2,8965,0.131905594743638,5.911054178029e-45,44.2283350600876,"Weakly structured"
"MARCKSL1",-1.0025,5.99964253673137e-05,0.00184201353910263,0.128,0.343,"CaseStudy1_CRLM","TLS","Rest","wilcox","SCT",0.25,0.05,0.05,86,3635,TRUE,FALSE,2,8965,0.091318950008353,1.41003189981081e-22,21.8507710619864,"Weakly structured"
"CAST",-1.0022,0.00170983432426328,0.0234025415527027,0.151,0.309,"CaseStudy1_CRLM","TLS","Rest","wilcox","SCT",0.25,0.05,0.05,86,3635,TRUE,FALSE,2,8965,0.0801968776299414,7.49153606810205e-18,17.1254291252239,"Weakly structured"
"TM4SF4",1.001,3.60609914185889e-05,0.00126779132575549,0.395,0.218,"CaseStudy1_CRLM","TLS","Rest","wilcox","SCT",0.25,0.05,0.05,86,3635,TRUE,FALSE,2,8965,0.175652238612164,3.93610221513018e-78,77.4049336320673,"Weakly structured"
"SLC25A47",1.0002,1.40140091224948e-05,0.000604017268188296,0.5,0.297,"CaseStudy1_CRLM","TLS","Rest","wilcox","SCT",0.25,0.05,0.05,86,3635,TRUE,FALSE,2,8965,0.226200656035949,4.17276736853797e-128,127.379575826498,"Weakly structured"
"CD24",-0.998,2.57964374828692e-07,2.43789942563717e-05,0.686,0.796,"CaseStudy1_CRLM","TLS","Rest","wilcox","SCT",0.25,0.05,0.05,86,3635,TRUE,FALSE,2,8965,0.504047027406644,0,626.444385709608,"Spatially structured"
"CHPF",-0.9979,0.0014815093549981,0.0213430312404752,0.174,0.339,"CaseStudy1_CRLM","TLS","Rest","wilcox","SCT",0.25,0.05,0.05,86,3635,TRUE,FALSE,2,8965,0.188350202171954,1.81418930537753e-89,88.7413173975453,"Weakly structured"
"ACADSB",0.9969,0.000164908942877405,0.00390081444035867,0.419,0.249,"CaseStudy1_CRLM","TLS","Rest","wilcox","SCT",0.25,0.05,0.05,86,3635,TRUE,FALSE,2,8965,0.170795544536138,5.83546863864941e-74,73.2339242606115,"Weakly structured"
"NDUFA3",-0.9967,0.000106383888592783,0.00285048405106839,0.244,0.461,"CaseStudy1_CRLM","TLS","Rest","wilcox","SCT",0.25,0.05,0.05,86,3635,TRUE,FALSE,2,8965,0.0604532732078505,6.40439169540489e-11,10.1935221142995,"Weakly structured"
"FBXL3",0.9955,0.00246745573362968,0.0303439515116462,0.198,0.098,"CaseStudy1_CRLM","TLS","Rest","wilcox","SCT",0.25,0.05,0.05,86,3635,TRUE,FALSE,2,8965,0.0119789629149283,0.0981773201233169,1.00798882670284,"Not structured"
"H2AFY",-0.9946,0.000662014056924544,0.0117523881590664,0.174,0.354,"CaseStudy1_CRLM","TLS","Rest","wilcox","SCT",0.25,0.05,0.05,86,3635,TRUE,FALSE,2,8965,0.148152816669332,3.7978322171325e-56,55.4204642256925,"Weakly structured"
"UGT2B15",0.9932,0.00181168617001691,0.0243870368081105,0.244,0.129,"CaseStudy1_CRLM","TLS","Rest","wilcox","SCT",0.25,0.05,0.05,86,3635,TRUE,FALSE,2,8965,0.0968639055656268,3.39964709864109e-25,24.4685661626834,"Weakly structured"
"PRSS8",-0.9922,0.00338275143816973,0.0372559786771396,0.093,0.231,"CaseStudy1_CRLM","TLS","Rest","wilcox","SCT",0.25,0.05,0.05,86,3635,TRUE,FALSE,2,8965,0.133115764986243,9.55542077162115e-46,45.0197501840909,"Weakly structured"
"ATP5PO",-0.9914,0.000856046576566986,0.0141595157913709,0.291,0.445,"CaseStudy1_CRLM","TLS","Rest","wilcox","SCT",0.25,0.05,0.05,86,3635,TRUE,FALSE,2,8965,0.135767729330567,1.79146098379852e-47,46.7467926458878,"Weakly structured"
"SELENOK",-0.9899,0.000501912807646751,0.00939383782996476,0.128,0.309,"CaseStudy1_CRLM","TLS","Rest","wilcox","SCT",0.25,0.05,0.05,86,3635,TRUE,FALSE,2,8965,0.101562435601021,1.82349633632745e-27,26.7390951049109,"Weakly structured"
"OCIAD2",-0.989,0.00119694255221896,0.0183428888557999,0.163,0.319,"CaseStudy1_CRLM","TLS","Rest","wilcox","SCT",0.25,0.05,0.05,86,3635,TRUE,FALSE,2,8965,0.0689398442170995,1.13846917312378e-13,12.9436787244898,"Weakly structured"
"GPX3",0.9878,2.84663672826724e-10,8.50669942297194e-08,0.791,0.528,"CaseStudy1_CRLM","TLS","Rest","wilcox","SCT",0.25,0.05,0.05,86,3635,TRUE,FALSE,2,8965,0.385055936071275,0,366.259607630292,"Spatially structured"
"ARRDC1",-0.9877,0.00511761989422726,0.0495994187586458,0.081,0.21,"CaseStudy1_CRLM","TLS","Rest","wilcox","SCT",0.25,0.05,0.05,86,3635,TRUE,FALSE,2,8965,0.112646969649754,2.40885542587695e-33,32.6181892646044,"Weakly structured"
"CFL2",0.9875,9.22766834237455e-05,0.00260144800910025,0.244,0.106,"CaseStudy1_CRLM","TLS","Rest","wilcox","SCT",0.25,0.05,0.05,86,3635,TRUE,FALSE,2,8965,0.0554279748671393,1.78095569137747e-09,8.74934688526985,"Weakly structured"
"MICOS13",-0.9855,5.64486250248857e-05,0.00176328196288537,0.198,0.427,"CaseStudy1_CRLM","TLS","Rest","wilcox","SCT",0.25,0.05,0.05,86,3635,TRUE,FALSE,2,8965,0.0810430929086593,3.47712159377255e-18,17.4587801219192,"Weakly structured"
"CDC37",-0.984,0.000406363287264303,0.00785139411707861,0.14,0.333,"CaseStudy1_CRLM","TLS","Rest","wilcox","SCT",0.25,0.05,0.05,86,3635,TRUE,FALSE,2,8965,0.135237718025077,3.95469677858723e-47,46.4028868098742,"Weakly structured"
"SDF2L1",-0.9827,0.00232486245104241,0.028909958328866,0.151,0.305,"CaseStudy1_CRLM","TLS","Rest","wilcox","SCT",0.25,0.05,0.05,86,3635,TRUE,FALSE,2,8965,0.115158338036572,9.48840208888459e-35,34.0228069195443,"Weakly structured"
"SLC25A39",-0.9745,0.00322445174298482,0.0360439025883527,0.163,0.306,"CaseStudy1_CRLM","TLS","Rest","wilcox","SCT",0.25,0.05,0.05,86,3635,TRUE,FALSE,2,8965,0.131570335636802,1.0081405492772e-44,43.996478916779,"Weakly structured"
"HSPA9",-0.973,3.14114018972366e-05,0.00117334674170302,0.186,0.441,"CaseStudy1_CRLM","TLS","Rest","wilcox","SCT",0.25,0.05,0.05,86,3635,TRUE,FALSE,2,8965,0.0889732645094816,1.59424977566559e-21,20.7974436354523,"Weakly structured"
"CD68",-0.9723,0.00229048965189316,0.0286443994258082,0.209,0.358,"CaseStudy1_CRLM","TLS","Rest","wilcox","SCT",0.25,0.05,0.05,86,3635,TRUE,FALSE,2,8965,0.132832735413414,1.52630570311313e-45,44.8163584730138,"Weakly structured"
"SERINC1",0.9701,1.15327248697437e-05,0.00053815631617807,0.488,0.286,"CaseStudy1_CRLM","TLS","Rest","wilcox","SCT",0.25,0.05,0.05,86,3635,TRUE,FALSE,2,8965,0.0519054183999192,1.65144017474378e-08,7.78213715448801,"Weakly structured"
"IFI30",-0.9678,0.00209258032003297,0.0268164956204105,0.337,0.486,"CaseStudy1_CRLM","TLS","Rest","wilcox","SCT",0.25,0.05,0.05,86,3635,TRUE,FALSE,2,8965,0.208727081895337,2.24057262716701e-109,108.64964097406,"Weakly structured"
"SERPINB9",0.9668,0.00248974650519217,0.0305000577822685,0.174,0.081,"CaseStudy1_CRLM","TLS","Rest","wilcox","SCT",0.25,0.05,0.05,86,3635,TRUE,FALSE,2,8965,0.00527686923409128,0.280265430344658,0.552430467478534,"Not structured"
"PDZD8",-0.9648,0.00285215280520255,0.0332936847638553,0.058,0.191,"CaseStudy1_CRLM","TLS","Rest","wilcox","SCT",0.25,0.05,0.05,86,3635,TRUE,FALSE,2,8965,0.103169690141993,2.70078370533807e-28,27.5685101952792,"Weakly structured"
"PHGR1",-0.9645,1.04250956371257e-07,1.07426416536588e-05,0.721,0.852,"CaseStudy1_CRLM","TLS","Rest","wilcox","SCT",0.25,0.05,0.05,86,3635,TRUE,FALSE,2,8965,0.493869471610739,0,601.519087386444,"Spatially structured"
"TRAP1",-0.9638,0.00133744442293008,0.0197857908441719,0.116,0.279,"CaseStudy1_CRLM","TLS","Rest","wilcox","SCT",0.25,0.05,0.05,86,3635,TRUE,FALSE,2,8965,0.102061742015297,1.01877059967604e-27,26.9919235966714,"Weakly structured"
"EGR1",0.963,9.71994115204792e-09,1.74278544856219e-06,0.884,0.649,"CaseStudy1_CRLM","TLS","Rest","wilcox","SCT",0.25,0.05,0.05,86,3635,TRUE,FALSE,2,8965,0.284896865577981,6.67340241788691e-202,201.17565268564,"Weakly structured"
"HMGA1",-0.9629,1.14606658240831e-05,0.000537931251900028,0.279,0.521,"CaseStudy1_CRLM","TLS","Rest","wilcox","SCT",0.25,0.05,0.05,86,3635,TRUE,FALSE,2,8965,0.255627150518824,5.86436088712166e-163,162.23177931148,"Weakly structured"
"PER1",0.9629,0.000779410833351783,0.0131342445883435,0.314,0.177,"CaseStudy1_CRLM","TLS","Rest","wilcox","SCT",0.25,0.05,0.05,86,3635,TRUE,FALSE,2,8965,0.0919859734237985,6.77139495863019e-23,22.1693218541466,"Weakly structured"
"DSG2",-0.9619,0.00435458416303942,0.0447605715391526,0.116,0.25,"CaseStudy1_CRLM","TLS","Rest","wilcox","SCT",0.25,0.05,0.05,86,3635,TRUE,FALSE,2,8965,0.136597213311359,4.71887678369768e-48,47.3261613625297,"Weakly structured"
"HGFAC",0.9616,0.00334319711075627,0.0370021754295431,0.233,0.127,"CaseStudy1_CRLM","TLS","Rest","wilcox","SCT",0.25,0.05,0.05,86,3635,TRUE,FALSE,2,8965,0.0671661440857638,4.36956820478537e-13,12.3595614773418,"Weakly structured"
"DHCR24",0.9612,8.01737990785295e-05,0.00233363022317863,0.512,0.368,"CaseStudy1_CRLM","TLS","Rest","wilcox","SCT",0.25,0.05,0.05,86,3635,TRUE,FALSE,2,8965,0.135739558161525,1.83515406746726e-47,46.7363274693726,"Weakly structured"
"MT-ND3",0.9606,2.89958439806235e-09,5.90790321105203e-07,1,0.991,"CaseStudy1_CRLM","TLS","Rest","wilcox","SCT",0.25,0.05,0.05,86,3635,TRUE,FALSE,2,8965,0.553325638420838,0,754.878107225618,"Spatially structured"
"TSPAN8",-0.9548,0.000108195684487452,0.00288015210091736,0.465,0.609,"CaseStudy1_CRLM","TLS","Rest","wilcox","SCT",0.25,0.05,0.05,86,3635,TRUE,FALSE,2,8965,0.324924681363113,6.31432706764675e-262,261.199672926404,"Spatially structured"
"TSTA3",-0.954,0.00082945248565612,0.0137959954246885,0.116,0.284,"CaseStudy1_CRLM","TLS","Rest","wilcox","SCT",0.25,0.05,0.05,86,3635,TRUE,FALSE,2,8965,0.0921826007299233,5.67796966143737e-23,22.2458069323289,"Weakly structured"
"PLP2",-0.9502,0.000333356725697251,0.00678132663838405,0.105,0.293,"CaseStudy1_CRLM","TLS","Rest","wilcox","SCT",0.25,0.05,0.05,86,3635,TRUE,FALSE,2,8965,0.186612507387423,7.15202487240641e-88,87.1455709838752,"Weakly structured"
"BAG1",-0.9495,0.00266010733628964,0.0316284645488549,0.128,0.276,"CaseStudy1_CRLM","TLS","Rest","wilcox","SCT",0.25,0.05,0.05,86,3635,TRUE,FALSE,2,8965,0.0797461464105714,1.12751583425812e-17,16.9478773503967,"Weakly structured"
"CLDN3",-0.9459,1.38420711177223e-05,0.000599488732224059,0.349,0.561,"CaseStudy1_CRLM","TLS","Rest","wilcox","SCT",0.25,0.05,0.05,86,3635,TRUE,FALSE,2,8965,0.244086237642447,9.20980862593212e-149,148.035749394077,"Weakly structured"
"RPN2",-0.9458,0.000133883916596849,0.00338126758524106,0.302,0.495,"CaseStudy1_CRLM","TLS","Rest","wilcox","SCT",0.25,0.05,0.05,86,3635,TRUE,FALSE,2,8965,0.121463703154359,2.03536062750131e-38,37.6913586308328,"Weakly structured"
"MZT2A",-0.9437,0.000161708786287194,0.00384540920176311,0.209,0.431,"CaseStudy1_CRLM","TLS","Rest","wilcox","SCT",0.25,0.05,0.05,86,3635,TRUE,FALSE,2,8965,0.165946655741658,6.60205163923916e-70,69.1803210830731,"Weakly structured"
"C4orf48",-0.9421,0.00029249629239219,0.006213197940637,0.209,0.392,"CaseStudy1_CRLM","TLS","Rest","wilcox","SCT",0.25,0.05,0.05,86,3635,TRUE,FALSE,2,8965,0.189787019043849,8.6581880121928e-91,90.0625729877338,"Weakly structured"
"TRMT112",-0.9408,0.00089639249725744,0.014745245390666,0.163,0.339,"CaseStudy1_CRLM","TLS","Rest","wilcox","SCT",0.25,0.05,0.05,86,3635,TRUE,FALSE,2,8965,0.111187116417182,1.60133906612433e-32,31.7955167012125,"Weakly structured"
"PPP4C",-0.9393,0.00472651993692799,0.0473757454424701,0.174,0.311,"CaseStudy1_CRLM","TLS","Rest","wilcox","SCT",0.25,0.05,0.05,86,3635,TRUE,FALSE,2,8965,0.0889238077257756,1.65362504011283e-21,20.7815629600017,"Weakly structured"
"SPCS1",-0.9384,0.000220096119614678,0.00493290428086398,0.174,0.38,"CaseStudy1_CRLM","TLS","Rest","wilcox","SCT",0.25,0.05,0.05,86,3635,TRUE,FALSE,2,8965,0.0798755824857078,1.01176592876293e-17,16.9949199495562,"Weakly structured"
"NNAT",-0.9351,0.00103404412786816,0.0162921012413674,0.023,0.156,"CaseStudy1_CRLM","TLS","Rest","wilcox","SCT",0.25,0.05,0.05,86,3635,TRUE,FALSE,2,8965,0.169610092107274,4.62240917480895e-73,72.3351316134877,"Weakly structured"
"CDK4",-0.9339,0.0029204863191518,0.0339147148331553,0.081,0.218,"CaseStudy1_CRLM","TLS","Rest","wilcox","SCT",0.25,0.05,0.05,86,3635,TRUE,FALSE,2,8965,0.0929119518622397,2.58516618515676e-23,22.5875115334301,"Weakly structured"
"CYP8B1",0.9336,0.00116958369031887,0.0179851076907524,0.267,0.142,"CaseStudy1_CRLM","TLS","Rest","wilcox","SCT",0.25,0.05,0.05,86,3635,TRUE,FALSE,2,8965,0.103158665647358,2.62637240844018e-28,27.5806436927692,"Weakly structured"
"MT-ATP6",0.9334,3.19706159870299e-11,1.36484082058916e-08,1,1,"CaseStudy1_CRLM","TLS","Rest","wilcox","SCT",0.25,0.05,0.05,86,3635,TRUE,FALSE,2,8965,0.587067009175661,0,849.443810194326,"Spatially structured"
"ARFRP1",-0.9333,0.00469853178806838,0.0471951321813072,0.105,0.239,"CaseStudy1_CRLM","TLS","Rest","wilcox","SCT",0.25,0.05,0.05,86,3635,TRUE,FALSE,2,8965,0.0939472476513392,8.60397012869948e-24,23.0653011060674,"Weakly structured"
"LYPLA1",-0.9327,0.00148556067976091,0.0213430312404752,0.186,0.35,"CaseStudy1_CRLM","TLS","Rest","wilcox","SCT",0.25,0.05,0.05,86,3635,TRUE,FALSE,2,8965,0.116696203733558,1.27005227435274e-35,34.8961784034569,"Weakly structured"
"LIFR",0.9302,0.000931434429818003,0.0151000174743552,0.209,0.098,"CaseStudy1_CRLM","TLS","Rest","wilcox","SCT",0.25,0.05,0.05,86,3635,TRUE,FALSE,2,8965,0.0565724882295896,8.36271799714933e-10,9.0776525480014,"Weakly structured"
"FOS",0.9281,1.4555717329095e-14,1.18629096232125e-11,0.988,0.817,"CaseStudy1_CRLM","TLS","Rest","wilcox","SCT",0.25,0.05,0.05,86,3635,TRUE,FALSE,2,8965,0.474082387685642,0,554.350639117459,"Spatially structured"
"CXCL12",0.9243,0.000136051351511194,0.00339749405653999,0.57,0.388,"CaseStudy1_CRLM","TLS","Rest","wilcox","SCT",0.25,0.05,0.05,86,3635,TRUE,FALSE,2,8965,0.280948365387512,1.88025915626345e-196,195.725782287769,"Weakly structured"
"KRT8",-0.9218,7.95425689417747e-10,2.09735038400885e-07,0.826,0.943,"CaseStudy1_CRLM","TLS","Rest","wilcox","SCT",0.25,0.05,0.05,86,3635,TRUE,FALSE,2,8965,0.452525522551452,0,505.32185858925,"Spatially structured"
"MT-ND4",0.9209,8.58566205504069e-11,3.2414745665708e-08,1,1,"CaseStudy1_CRLM","TLS","Rest","wilcox","SCT",0.25,0.05,0.05,86,3635,TRUE,FALSE,2,8965,0.619927327894132,0,946.971356390933,"Spatially structured"
"HRG",0.9201,2.3569823657249e-12,1.40868979391492e-09,0.977,0.729,"CaseStudy1_CRLM","TLS","Rest","wilcox","SCT",0.25,0.05,0.05,86,3635,TRUE,FALSE,2,8965,0.640486514382204,0,1010.3168891073,"Spatially structured"
"EPAS1",0.9181,0.00112429940363122,0.0174988613776978,0.5,0.387,"CaseStudy1_CRLM","TLS","Rest","wilcox","SCT",0.25,0.05,0.05,86,3635,TRUE,FALSE,2,8965,0.0584025095932891,2.60761914630666e-10,9.58375583883571,"Weakly structured"
"JCHAIN",0.9172,0.000799750636632184,0.0134014288923505,0.244,0.124,"CaseStudy1_CRLM","TLS","Rest","wilcox","SCT",0.25,0.05,0.05,86,3635,TRUE,FALSE,2,8965,0.161664261332138,1.10187074399757e-66,65.9578693478263,"Weakly structured"
"TAGLN2",-0.9167,2.57202752905698e-08,3.66003599968188e-06,0.686,0.842,"CaseStudy1_CRLM","TLS","Rest","wilcox","SCT",0.25,0.05,0.05,86,3635,TRUE,FALSE,2,8965,0.266880424211918,1.91077433573206e-177,176.718790600508,"Weakly structured"
"TIMM8B",-0.9167,0.00300326116191877,0.0345625626657276,0.209,0.361,"CaseStudy1_CRLM","TLS","Rest","wilcox","SCT",0.25,0.05,0.05,86,3635,TRUE,FALSE,2,8965,0.160792409074604,8.99056536484241e-66,65.046212997131,"Weakly structured"
"MT-ND2",0.9122,7.20258815654755e-08,8.07140035293109e-06,0.988,0.958,"CaseStudy1_CRLM","TLS","Rest","wilcox","SCT",0.25,0.05,0.05,86,3635,TRUE,FALSE,2,8965,0.469414767969758,0,543.680090656239,"Spatially structured"
"SLC3A2",-0.9121,0.000990428533451825,0.0157446325674674,0.209,0.378,"CaseStudy1_CRLM","TLS","Rest","wilcox","SCT",0.25,0.05,0.05,86,3635,TRUE,FALSE,2,8965,0.125460036087523,7.36556120342326e-41,40.1327941574073,"Weakly structured"
"SYNGR2",-0.9116,5.20350953774593e-05,0.00167202376365205,0.384,0.574,"CaseStudy1_CRLM","TLS","Rest","wilcox","SCT",0.25,0.05,0.05,86,3635,TRUE,FALSE,2,8965,0.173842103056545,1.67861647816753e-76,75.7750485179427,"Weakly structured"
"S100A10",-0.9093,2.35770520690108e-06,0.000157737516267673,0.698,0.774,"CaseStudy1_CRLM","TLS","Rest","wilcox","SCT",0.25,0.05,0.05,86,3635,TRUE,FALSE,2,8965,0.281406092934212,4.73727286532261e-197,196.324471599336,"Weakly structured"
"MT-CYB",0.9016,1.86575626131523e-08,2.88388015218811e-06,0.988,0.994,"CaseStudy1_CRLM","TLS","Rest","wilcox","SCT",0.25,0.05,0.05,86,3635,TRUE,FALSE,2,8965,0.539697089496664,0,718.191954175181,"Spatially structured"
"SGTA",-0.901,0.00490919300354807,0.0485236111100424,0.105,0.235,"CaseStudy1_CRLM","TLS","Rest","wilcox","SCT",0.25,0.05,0.05,86,3635,TRUE,FALSE,2,8965,0.0709602939097023,2.21828347389006e-14,13.6539829562573,"Weakly structured"
"TKT",-0.9008,0.000323485830060195,0.0066821439320038,0.151,0.357,"CaseStudy1_CRLM","TLS","Rest","wilcox","SCT",0.25,0.05,0.05,86,3635,TRUE,FALSE,2,8965,0.137046053683534,2.43699040946052e-48,47.6131461799357,"Weakly structured"
"KLF10",0.8975,0.00224874100139289,0.0283145548841113,0.267,0.149,"CaseStudy1_CRLM","TLS","Rest","wilcox","SCT",0.25,0.05,0.05,86,3635,TRUE,FALSE,2,8965,0.0319182607572883,0.000328145546846873,3.48393348503178,"Weakly structured"
"PXDC1",0.897,7.69994168739451e-05,0.00227821707021425,0.36,0.188,"CaseStudy1_CRLM","TLS","Rest","wilcox","SCT",0.25,0.05,0.05,86,3635,TRUE,FALSE,2,8965,0.0967962994210365,3.81773706140934e-25,24.4181939860291,"Weakly structured"
"HLA-DQA1",0.8958,3.14027062991925e-05,0.00117334674170302,0.453,0.265,"CaseStudy1_CRLM","TLS","Rest","wilcox","SCT",0.25,0.05,0.05,86,3635,TRUE,FALSE,2,8965,0.185669091967691,4.94379335404498e-87,86.3059396906445,"Weakly structured"
"TOMM6",-0.8939,0.00419447995350046,0.043472269113447,0.221,0.363,"CaseStudy1_CRLM","TLS","Rest","wilcox","SCT",0.25,0.05,0.05,86,3635,TRUE,FALSE,2,8965,0.130579597316316,4.45717686478979e-44,43.350940132376,"Weakly structured"
"DMAC1",-0.8931,0.000324890218768141,0.00669339407452822,0.244,0.446,"CaseStudy1_CRLM","TLS","Rest","wilcox","SCT",0.25,0.05,0.05,86,3635,TRUE,FALSE,2,8965,0.197913758054661,1.54052707882823e-98,97.8123306634085,"Weakly structured"
"C5",0.8886,0.000115941090036427,0.00303035531246812,0.523,0.344,"CaseStudy1_CRLM","TLS","Rest","wilcox","SCT",0.25,0.05,0.05,86,3635,TRUE,FALSE,2,8965,0.235369010429901,1.65308810872714e-138,137.781703998144,"Weakly structured"
"SLC12A2",-0.8883,6.96127954609259e-07,5.77850658617778e-05,0.453,0.668,"CaseStudy1_CRLM","TLS","Rest","wilcox","SCT",0.25,0.05,0.05,86,3635,TRUE,FALSE,2,8965,0.328840667417092,3.2446387777429e-268,267.488833645725,"Spatially structured"
"ATP5MF",-0.8871,1.04535337891755e-05,0.000503849088279344,0.547,0.698,"CaseStudy1_CRLM","TLS","Rest","wilcox","SCT",0.25,0.05,0.05,86,3635,TRUE,FALSE,2,8965,0.158866269135495,3.03586542850963e-64,63.5177174834192,"Weakly structured"
"MIDN",0.886,0.00166087559749852,0.0229426035925643,0.337,0.197,"CaseStudy1_CRLM","TLS","Rest","wilcox","SCT",0.25,0.05,0.05,86,3635,TRUE,FALSE,2,8965,0.0408931600066216,6.62781131653113e-06,5.17862986376443,"Weakly structured"
"STMN1",-0.8828,0.00320784548519137,0.0359479184684258,0.105,0.246,"CaseStudy1_CRLM","TLS","Rest","wilcox","SCT",0.25,0.05,0.05,86,3635,TRUE,FALSE,2,8965,0.0549717237603848,2.44875609350103e-09,8.61105447029457,"Weakly structured"
"SEM1",-0.8828,0.00107403193786594,0.0168333851800143,0.244,0.424,"CaseStudy1_CRLM","TLS","Rest","wilcox","SCT",0.25,0.05,0.05,86,3635,TRUE,FALSE,2,8965,0.120717530748482,5.62179029849957e-38,37.2501253582844,"Weakly structured"
"PPA1",-0.8807,2.67882325628045e-05,0.00104415871706758,0.407,0.607,"CaseStudy1_CRLM","TLS","Rest","wilcox","SCT",0.25,0.05,0.05,86,3635,TRUE,FALSE,2,8965,0.151058553403139,2.80813287760413e-58,57.5515823457428,"Weakly structured"
"CENPX",-0.8799,0.00179927348897161,0.0242563711708729,0.163,0.333,"CaseStudy1_CRLM","TLS","Rest","wilcox","SCT",0.25,0.05,0.05,86,3635,TRUE,FALSE,2,8965,0.129679096159085,1.65387649219955e-43,42.7814969257139,"Weakly structured"
"ODC1",-0.8791,0.00110718279479502,0.0172624239223258,0.151,0.333,"CaseStudy1_CRLM","TLS","Rest","wilcox","SCT",0.25,0.05,0.05,86,3635,TRUE,FALSE,2,8965,0.147406725291279,1.31766315122956e-55,54.8801955990438,"Weakly structured"
"AGT",0.8765,5.47410231657611e-08,6.63180098217633e-06,0.744,0.506,"CaseStudy1_CRLM","TLS","Rest","wilcox","SCT",0.25,0.05,0.05,86,3635,TRUE,FALSE,2,8965,0.316376420571924,1.83263139774352e-248,247.736924877113,"Spatially structured"
"DPEP1",-0.8763,9.28422703175929e-05,0.00260918794168408,0.488,0.628,"CaseStudy1_CRLM","TLS","Rest","wilcox","SCT",0.25,0.05,0.05,86,3635,TRUE,FALSE,2,8965,0.326293695691145,4.09972193421006e-264,263.387245598532,"Spatially structured"
"STOML2",-0.8723,0.000847120742296657,0.0140377771805721,0.174,0.349,"CaseStudy1_CRLM","TLS","Rest","wilcox","SCT",0.25,0.05,0.05,86,3635,TRUE,FALSE,2,8965,0.125248744256852,9.9089079093383e-41,40.0039742077835,"Weakly structured"
"UGT2B10",0.8717,0.00131202566010436,0.0194540969447938,0.302,0.172,"CaseStudy1_CRLM","TLS","Rest","wilcox","SCT",0.25,0.05,0.05,86,3635,TRUE,FALSE,2,8965,0.162231414862233,5.49674269862554e-67,66.2598945917922,"Weakly structured"
"NPW",0.8715,0.00164962927074302,0.0228930749415034,0.314,0.18,"CaseStudy1_CRLM","TLS","Rest","wilcox","SCT",0.25,0.05,0.05,86,3635,TRUE,FALSE,2,8965,0.102645762022855,4.91836584212774e-28,27.3081791703293,"Weakly structured"
"COPS9",-0.8711,0.000153658934416651,0.00370309770711096,0.198,0.396,"CaseStudy1_CRLM","TLS","Rest","wilcox","SCT",0.25,0.05,0.05,86,3635,TRUE,FALSE,2,8965,0.137376763041934,1.47965479690595e-48,47.8298395935818,"Weakly structured"
"VAMP8",-0.8709,0.000458352656190809,0.00870578720921737,0.198,0.39,"CaseStudy1_CRLM","TLS","Rest","wilcox","SCT",0.25,0.05,0.05,86,3635,TRUE,FALSE,2,8965,0.0589352185163462,1.82092067175692e-10,9.73970897379249,"Weakly structured"
"HDGF",-0.866,0.000292194446574798,0.006213197940637,0.198,0.397,"CaseStudy1_CRLM","TLS","Rest","wilcox","SCT",0.25,0.05,0.05,86,3635,TRUE,FALSE,2,8965,0.0621140469192449,1.96913572082736e-11,10.7057243494916,"Weakly structured"
"RGN",0.8648,0.00097773112468729,0.0156515387262474,0.314,0.176,"CaseStudy1_CRLM","TLS","Rest","wilcox","SCT",0.25,0.05,0.05,86,3635,TRUE,FALSE,2,8965,0.110481361800918,3.65322143288718e-32,31.4373240030779,"Weakly structured"
"MT-CO3",0.8645,1.44167809239663e-07,1.46870955662907e-05,1,1,"CaseStudy1_CRLM","TLS","Rest","wilcox","SCT",0.25,0.05,0.05,86,3635,TRUE,FALSE,2,8965,0.5963858664194,0,876.616288454725,"Spatially structured"
"EIF5A",-0.8638,9.97271144145219e-05,0.00271809937634426,0.419,0.598,"CaseStudy1_CRLM","TLS","Rest","wilcox","SCT",0.25,0.05,0.05,86,3635,TRUE,FALSE,2,8965,0.134945773583663,6.3029143157004e-47,46.2004585968045,"Weakly structured"
"GATM",0.8579,1.77792249782971e-07,1.77100835478259e-05,0.802,0.575,"CaseStudy1_CRLM","TLS","Rest","wilcox","SCT",0.25,0.05,0.05,86,3635,TRUE,FALSE,2,8965,0.466436710092705,0,536.650324612283,"Spatially structured"
"BSG",-0.8576,2.44044111494809e-06,0.000162063367374145,0.581,0.733,"CaseStudy1_CRLM","TLS","Rest","wilcox","SCT",0.25,0.05,0.05,86,3635,TRUE,FALSE,2,8965,0.159237795243638,1.56027038053144e-64,63.8068001358776,"Weakly structured"
"GAPDH",-0.8576,1.64881253531472e-15,1.64240048656627e-12,0.965,0.994,"CaseStudy1_CRLM","TLS","Rest","wilcox","SCT",0.25,0.05,0.05,86,3635,TRUE,FALSE,2,8965,0.413573472082827,0,422.410700797932,"Spatially structured"
"HSPE1",-0.8536,5.5996040096391e-07,4.78099523299186e-05,0.709,0.818,"CaseStudy1_CRLM","TLS","Rest","wilcox","SCT",0.25,0.05,0.05,86,3635,TRUE,FALSE,2,8965,0.268911073150429,3.95028892538444e-180,179.403371138776,"Weakly structured"
"GAMT",0.8449,2.2169003377677e-09,4.73202655430654e-07,0.837,0.56,"CaseStudy1_CRLM","TLS","Rest","wilcox","SCT",0.25,0.05,0.05,86,3635,TRUE,FALSE,2,8965,0.397252399373039,0,389.6996348267,"Spatially structured"
"PKM",-0.8428,5.91229602409628e-06,0.00032718354232113,0.616,0.759,"CaseStudy1_CRLM","TLS","Rest","wilcox","SCT",0.25,0.05,0.05,86,3635,TRUE,FALSE,2,8965,0.293498890418115,3.81778359704198e-214,213.418188692305,"Weakly structured"
"TDO2",0.8423,0.00305555549758929,0.0348844392726627,0.337,0.21,"CaseStudy1_CRLM","TLS","Rest","wilcox","SCT",0.25,0.05,0.05,86,3635,TRUE,FALSE,2,8965,0.136121432058313,9.59248012957419e-48,47.0180690917518,"Weakly structured"
"PPIA",-0.841,2.3448713879649e-10,7.50777571182333e-08,0.93,0.959,"CaseStudy1_CRLM","TLS","Rest","wilcox","SCT",0.25,0.05,0.05,86,3635,TRUE,FALSE,2,8965,0.340624344102002,1.11779400242264e-287,286.951638224942,"Spatially structured"
"CYP2A6",0.8408,3.68069186950968e-05,0.0012860353808437,0.523,0.334,"CaseStudy1_CRLM","TLS","Rest","wilcox","SCT",0.25,0.05,0.05,86,3635,TRUE,FALSE,2,8965,0.293223535808985,7.97280336352585e-214,213.098388946955,"Weakly structured"
"NDUFA4",-0.8405,3.59123717975408e-10,1.03856262311275e-07,0.721,0.908,"CaseStudy1_CRLM","TLS","Rest","wilcox","SCT",0.25,0.05,0.05,86,3635,TRUE,FALSE,2,8965,0.129367526598858,2.64954419321853e-43,42.5768288322505,"Weakly structured"
"RNASET2",-0.8397,0.00283216727033144,0.0331034935834698,0.116,0.266,"CaseStudy1_CRLM","TLS","Rest","wilcox","SCT",0.25,0.05,0.05,86,3635,TRUE,FALSE,2,8965,0.143146655449281,1.45575775909619e-52,51.8369108864518,"Weakly structured"
"CD9",-0.8379,1.22292653938357e-05,0.000545449573411626,0.477,0.646,"CaseStudy1_CRLM","TLS","Rest","wilcox","SCT",0.25,0.05,0.05,86,3635,TRUE,FALSE,2,8965,0.319799357819355,8.36662834562359e-254,253.077449522401,"Spatially structured"
"CLIC1",-0.8377,0.000145582739437399,0.00356640116848628,0.419,0.588,"CaseStudy1_CRLM","TLS","Rest","wilcox","SCT",0.25,0.05,0.05,86,3635,TRUE,FALSE,2,8965,0.23898700844684,1.08567198281495e-142,141.964301369564,"Weakly structured"
"MLEC",-0.8373,0.00166013276333131,0.0229426035925643,0.198,0.369,"CaseStudy1_CRLM","TLS","Rest","wilcox","SCT",0.25,0.05,0.05,86,3635,TRUE,FALSE,2,8965,0.180028973229088,6.60433485328579e-82,81.1801709152325,"Weakly structured"
"MIF",-0.8347,3.75125177111257e-16,4.20374651600302e-13,0.942,0.997,"CaseStudy1_CRLM","TLS","Rest","wilcox","SCT",0.25,0.05,0.05,86,3635,TRUE,FALSE,2,8965,0.36146638478474,9.88131291682493e-324,323.024939773637,"Spatially structured"
"FBL",-0.834,0.000766281716060886,0.0129722631427189,0.174,0.361,"CaseStudy1_CRLM","TLS","Rest","wilcox","SCT",0.25,0.05,0.05,86,3635,TRUE,FALSE,2,8965,0.137894116484404,6.53767229256045e-49,48.1845768526605,"Weakly structured"
"SOX9",-0.8334,0.00387335262859357,0.0410456339424839,0.128,0.272,"CaseStudy1_CRLM","TLS","Rest","wilcox","SCT",0.25,0.05,0.05,86,3635,TRUE,FALSE,2,8965,0.214248334767354,3.7409151969168e-115,114.427022136744,"Weakly structured"
"HSD17B13",0.8332,0.000836799040441562,0.0138924136991826,0.395,0.242,"CaseStudy1_CRLM","TLS","Rest","wilcox","SCT",0.25,0.05,0.05,86,3635,TRUE,FALSE,2,8965,0.168136367778428,9.53712358002103e-72,71.0205825898335,"Weakly structured"
"TMA7",-0.8324,2.55551286562395e-06,0.000168457153237638,0.686,0.803,"CaseStudy1_CRLM","TLS","Rest","wilcox","SCT",0.25,0.05,0.05,86,3635,TRUE,FALSE,2,8965,0.25572075676026,4.3338314385652e-163,162.363127984277,"Weakly structured"
"NDUFB6",-0.8315,0.00134698897504218,0.0198861872456308,0.209,0.385,"CaseStudy1_CRLM","TLS","Rest","wilcox","SCT",0.25,0.05,0.05,86,3635,TRUE,FALSE,2,8965,0.115342156883419,7.60246959085405e-35,34.1190453083164,"Weakly structured"
"NDUFA7",-0.8273,0.00215692673785994,0.0272910653947243,0.151,0.31,"CaseStudy1_CRLM","TLS","Rest","wilcox","SCT",0.25,0.05,0.05,86,3635,TRUE,FALSE,2,8965,0.112526119972426,2.89060217959255e-33,32.5390116741875,"Weakly structured"
"MRPS24",-0.8227,0.000148354433298338,0.00362397137471282,0.151,0.357,"CaseStudy1_CRLM","TLS","Rest","wilcox","SCT",0.25,0.05,0.05,86,3635,TRUE,FALSE,2,8965,0.0968800448031826,3.63200337505791e-25,24.4398537565804,"Weakly structured"
"ARL6IP4",-0.8227,0.0011568592374156,0.0178464904430276,0.256,0.434,"CaseStudy1_CRLM","TLS","Rest","wilcox","SCT",0.25,0.05,0.05,86,3635,TRUE,FALSE,2,8965,0.0352123982151782,8.74351439914418e-05,4.05831397041201,"Weakly structured"
"PIGR",-0.8196,2.03700731604573e-08,3.04362843139167e-06,0.721,0.87,"CaseStudy1_CRLM","TLS","Rest","wilcox","SCT",0.25,0.05,0.05,86,3635,TRUE,FALSE,2,8965,0.320903924838033,1.42273436045065e-255,254.846876179719,"Spatially structured"
"RANGAP1",-0.8148,0.00435872604056667,0.0447605715391526,0.128,0.269,"CaseStudy1_CRLM","TLS","Rest","wilcox","SCT",0.25,0.05,0.05,86,3635,TRUE,FALSE,2,8965,0.103987482202808,1.05784097417581e-28,27.9755796151259,"Weakly structured"
"LRG1",0.8144,9.71210454430638e-10,2.41858381221408e-07,0.919,0.629,"CaseStudy1_CRLM","TLS","Rest","wilcox","SCT",0.25,0.05,0.05,86,3635,TRUE,FALSE,2,8965,0.530705769364647,0,694.25886473205,"Spatially structured"
"SLC25A1",-0.8124,0.00255552666720895,0.0308235789703307,0.163,0.32,"CaseStudy1_CRLM","TLS","Rest","wilcox","SCT",0.25,0.05,0.05,86,3635,TRUE,FALSE,2,8965,0.0381999143531718,2.34531276349811e-05,4.62979923294722,"Weakly structured"
"PTBP3",-0.8119,0.00405429673370417,0.042560620863768,0.151,0.296,"CaseStudy1_CRLM","TLS","Rest","wilcox","SCT",0.25,0.05,0.05,86,3635,TRUE,FALSE,2,8965,0.180145869333954,5.02618661725006e-82,81.2987613905271,"Weakly structured"
"ALDOB",0.8114,4.68298654407368e-10,1.31196794898814e-07,0.977,0.779,"CaseStudy1_CRLM","TLS","Rest","wilcox","SCT",0.25,0.05,0.05,86,3635,TRUE,FALSE,2,8965,0.671200482932184,0,1109.398980318,"Spatially structured"
"EGFL7",0.8114,0.000738863805870777,0.0127171553656835,0.314,0.172,"CaseStudy1_CRLM","TLS","Rest","wilcox","SCT",0.25,0.05,0.05,86,3635,TRUE,FALSE,2,8965,0.0334140819261146,0.000181668250739415,3.74072096555648,"Weakly structured"
"UBA1",-0.8111,0.00314872802051805,0.0355520739344387,0.14,0.29,"CaseStudy1_CRLM","TLS","Rest","wilcox","SCT",0.25,0.05,0.05,86,3635,TRUE,FALSE,2,8965,0.125855581215769,4.12294929819731e-41,40.3847920058847,"Weakly structured"
"PABPC1",-0.8105,8.38631261784432e-09,1.56631859622863e-06,0.884,0.929,"CaseStudy1_CRLM","TLS","Rest","wilcox","SCT",0.25,0.05,0.05,86,3635,TRUE,FALSE,2,8965,0.354544163081603,1.77917612184702e-311,310.749781058684,"Spatially structured"
"CYP4A11",0.8099,0.00103397249396855,0.0162921012413674,0.442,0.288,"CaseStudy1_CRLM","TLS","Rest","wilcox","SCT",0.25,0.05,0.05,86,3635,TRUE,FALSE,2,8965,0.198848358047871,1.72341417764844e-99,98.7636103386568,"Weakly structured"
"VEGFA",-0.8096,0.00217175045197463,0.0274221729604966,0.256,0.423,"CaseStudy1_CRLM","TLS","Rest","wilcox","SCT",0.25,0.05,0.05,86,3635,TRUE,FALSE,2,8965,0.160909744470292,7.25646943484244e-66,65.1392746297011,"Weakly structured"
"RAN",-0.8092,9.65825632624822e-05,0.00266419286045585,0.349,0.565,"CaseStudy1_CRLM","TLS","Rest","wilcox","SCT",0.25,0.05,0.05,86,3635,TRUE,FALSE,2,8965,0.187250894492263,2.0058132108661e-88,87.6977095126253,"Weakly structured"
"MYH6",0.8085,0.00151374079892196,0.0216147495442848,0.372,0.235,"CaseStudy1_CRLM","TLS","Rest","wilcox","SCT",0.25,0.05,0.05,86,3635,TRUE,FALSE,2,8965,0.0853942699267279,5.3796754272168e-20,19.2692439258988,"Weakly structured"
"NDUFB3",-0.807,0.00192745574150282,0.0253739217658925,0.128,0.291,"CaseStudy1_CRLM","TLS","Rest","wilcox","SCT",0.25,0.05,0.05,86,3635,TRUE,FALSE,2,8965,0.131969802287206,5.52859014260143e-45,44.2573856049255,"Weakly structured"
"PXMP2",0.8061,0.00256640300680312,0.030882956987906,0.372,0.235,"CaseStudy1_CRLM","TLS","Rest","wilcox","SCT",0.25,0.05,0.05,86,3635,TRUE,FALSE,2,8965,0.0894568470062053,9.46194054942863e-22,21.0240197850061,"Weakly structured"
"KLF6",0.8056,0.00344015319875823,0.037702901499838,0.488,0.36,"CaseStudy1_CRLM","TLS","Rest","wilcox","SCT",0.25,0.05,0.05,86,3635,TRUE,FALSE,2,8965,0.0674618329808368,3.62940904156952e-13,12.440164083195,"Weakly structured"
"MRPL52",-0.8052,0.00509695612688074,0.0495435293618615,0.163,0.308,"CaseStudy1_CRLM","TLS","Rest","wilcox","SCT",0.25,0.05,0.05,86,3635,TRUE,FALSE,2,8965,0.0593271550698168,1.38960370698695e-10,9.85710903601042,"Weakly structured"
"SNRPD3",-0.8043,0.00479404093162284,0.0478603306815131,0.163,0.31,"CaseStudy1_CRLM","TLS","Rest","wilcox","SCT",0.25,0.05,0.05,86,3635,TRUE,FALSE,2,8965,0.0904133267392268,3.60548808652145e-22,21.4430359351236,"Weakly structured"
"TRAPPC5",-0.8036,0.0027336770525931,0.0322465983901278,0.244,0.406,"CaseStudy1_CRLM","TLS","Rest","wilcox","SCT",0.25,0.05,0.05,86,3635,TRUE,FALSE,2,8965,0.0394043061008854,1.3513387216876e-05,4.86923577864497,"Weakly structured"
"VNN1",0.8028,0.00324493834135223,0.0362277362767407,0.291,0.17,"CaseStudy1_CRLM","TLS","Rest","wilcox","SCT",0.25,0.05,0.05,86,3635,TRUE,FALSE,2,8965,0.108202446442214,6.18578432914211e-31,30.2086052259908,"Weakly structured"
"TOMM20",-0.8005,0.00103379614791572,0.0162921012413674,0.256,0.425,"CaseStudy1_CRLM","TLS","Rest","wilcox","SCT",0.25,0.05,0.05,86,3635,TRUE,FALSE,2,8965,0.134955782484314,6.16277881360332e-47,46.2102234191191,"Weakly structured"
"NDUFAB1",-0.8002,0.000771646144491183,0.0130278864131139,0.209,0.392,"CaseStudy1_CRLM","TLS","Rest","wilcox","SCT",0.25,0.05,0.05,86,3635,TRUE,FALSE,2,8965,0.129043286407972,4.25318233096738e-43,42.3712859989846,"Weakly structured"
"TPM4",-0.7997,0.0012028512707771,0.0184019823251139,0.279,0.455,"CaseStudy1_CRLM","TLS","Rest","wilcox","SCT",0.25,0.05,0.05,86,3635,TRUE,FALSE,2,8965,0.201436685470385,5.36939914557841e-102,101.270074310643,"Weakly structured"
"MT-CO1",0.7976,2.82509118060913e-08,3.89645268217859e-06,0.988,0.976,"CaseStudy1_CRLM","TLS","Rest","wilcox","SCT",0.25,0.05,0.05,86,3635,TRUE,FALSE,2,8965,0.5884228649872,0,853.311950380218,"Spatially structured"
"NDUFA9",-0.797,0.003065009973022,0.0348844392726627,0.105,0.251,"CaseStudy1_CRLM","TLS","Rest","wilcox","SCT",0.25,0.05,0.05,86,3635,TRUE,FALSE,2,8965,0.0802392360345487,7.15892434051667e-18,17.1451522274229,"Weakly structured"
"MANF",-0.7944,0.00366839933399528,0.0398150121419706,0.198,0.352,"CaseStudy1_CRLM","TLS","Rest","wilcox","SCT",0.25,0.05,0.05,86,3635,TRUE,FALSE,2,8965,0.123996983282166,5.83782535637091e-40,39.2337489014513,"Weakly structured"
"COPE",-0.794,0.00267732283921315,0.0317909923888025,0.221,0.38,"CaseStudy1_CRLM","TLS","Rest","wilcox","SCT",0.25,0.05,0.05,86,3635,TRUE,FALSE,2,8965,0.117246825679831,6.17078318772527e-36,35.2096597123814,"Weakly structured"
"CD99",-0.7864,0.000366736278050976,0.00727387330249336,0.198,0.402,"CaseStudy1_CRLM","TLS","Rest","wilcox","SCT",0.25,0.05,0.05,86,3635,TRUE,FALSE,2,8965,0.0716708622494664,1.25907913804734e-14,13.8999469719278,"Weakly structured"
"UQCRC2",-0.7864,0.00160037260771839,0.0222784789257692,0.233,0.401,"CaseStudy1_CRLM","TLS","Rest","wilcox","SCT",0.25,0.05,0.05,86,3635,TRUE,FALSE,2,8965,0.107955003484897,9.05173181798312e-31,30.0432683216744,"Weakly structured"
"H2AFJ",-0.7853,0.000287781285549655,0.00618695257782412,0.465,0.616,"CaseStudy1_CRLM","TLS","Rest","wilcox","SCT",0.25,0.05,0.05,86,3635,TRUE,FALSE,2,8965,0.217956041982616,4.90541136574552e-119,118.309324567003,"Weakly structured"
"PSMB1",-0.7811,0.00029850901130152,0.00629694537428567,0.326,0.511,"CaseStudy1_CRLM","TLS","Rest","wilcox","SCT",0.25,0.05,0.05,86,3635,TRUE,FALSE,2,8965,0.0828165244460282,6.62202892151337e-19,18.1790089268116,"Weakly structured"
"SSBP1",-0.7811,0.00155367875691663,0.021797699617774,0.116,0.281,"CaseStudy1_CRLM","TLS","Rest","wilcox","SCT",0.25,0.05,0.05,86,3635,TRUE,FALSE,2,8965,0.109827968799797,8.75496389174817e-32,31.0577456407452,"Weakly structured"
"ZNF706",-0.7793,0.00189925309012913,0.0251175454594537,0.151,0.312,"CaseStudy1_CRLM","TLS","Rest","wilcox","SCT",0.25,0.05,0.05,86,3635,TRUE,FALSE,2,8965,0.127138156136319,6.59995020995762e-42,41.1804593407645,"Weakly structured"
"LGALS3BP",-0.7793,0.000319043130657544,0.00660559276292121,0.349,0.533,"CaseStudy1_CRLM","TLS","Rest","wilcox","SCT",0.25,0.05,0.05,86,3635,TRUE,FALSE,2,8965,0.116813459334902,1.1070912612191e-35,34.9558165773053,"Weakly structured"
"BHMT",0.7792,0.000445903733388861,0.0084873184072848,0.43,0.264,"CaseStudy1_CRLM","TLS","Rest","wilcox","SCT",0.25,0.05,0.05,86,3635,TRUE,FALSE,2,8965,0.216042005864619,4.50460112345946e-117,116.346343659191,"Weakly structured"
"FNDC4",0.7792,0.00291246402193576,0.0339094025411092,0.256,0.138,"CaseStudy1_CRLM","TLS","Rest","wilcox","SCT",0.25,0.05,0.05,86,3635,TRUE,FALSE,2,8965,0.0278448054562417,0.00146274307736704,2.8348319485708,"Weakly structured"
"PCK1",0.7781,3.23706407008891e-08,4.33138498333538e-06,0.919,0.679,"CaseStudy1_CRLM","TLS","Rest","wilcox","SCT",0.25,0.05,0.05,86,3635,TRUE,FALSE,2,8965,0.512836032003693,0,648.424227490488,"Spatially structured"
"SELENOP",0.7759,2.76556451817783e-11,1.23966429527321e-08,0.988,0.808,"CaseStudy1_CRLM","TLS","Rest","wilcox","SCT",0.25,0.05,0.05,86,3635,TRUE,FALSE,2,8965,0.700154509363733,0,1207.01534051099,"Spatially structured"
"ANXA2",-0.7725,9.89672829184972e-06,0.000487473055697078,0.756,0.82,"CaseStudy1_CRLM","TLS","Rest","wilcox","SCT",0.25,0.05,0.05,86,3635,TRUE,FALSE,2,8965,0.293077653669604,1.49353929857789e-213,212.825783345587,"Weakly structured"
"CIB1",-0.772,0.000619757628839103,0.0110900741368115,0.314,0.489,"CaseStudy1_CRLM","TLS","Rest","wilcox","SCT",0.25,0.05,0.05,86,3635,TRUE,FALSE,2,8965,0.0770285388764264,1.31027223463132e-16,15.8826384618137,"Weakly structured"
"TALDO1",-0.7713,0.00489635434008814,0.0485036648164532,0.163,0.31,"CaseStudy1_CRLM","TLS","Rest","wilcox","SCT",0.25,0.05,0.05,86,3635,TRUE,FALSE,2,8965,0.0683367139763068,1.8323456042231e-13,12.736992609352,"Weakly structured"
"TMEM165",-0.7707,0.0037853192639339,0.040525850733783,0.128,0.267,"CaseStudy1_CRLM","TLS","Rest","wilcox","SCT",0.25,0.05,0.05,86,3635,TRUE,FALSE,2,8965,0.109388739056152,1.51039150374524e-31,30.8209104660326,"Weakly structured"
"CLTA",-0.7685,0.000330693895172381,0.00675323637863417,0.314,0.508,"CaseStudy1_CRLM","TLS","Rest","wilcox","SCT",0.25,0.05,0.05,86,3635,TRUE,FALSE,2,8965,0.122315230627411,6.2582988267861e-39,38.2035437036178,"Weakly structured"
"CIAO2B",-0.7675,0.00373071971421346,0.0401302509939121,0.163,0.306,"CaseStudy1_CRLM","TLS","Rest","wilcox","SCT",0.25,0.05,0.05,86,3635,TRUE,FALSE,2,8965,0.0691169959998128,9.90441994134291e-14,13.0041709541134,"Weakly structured"
"H3F3A",-0.7674,5.12762198912456e-06,0.000294564750469331,0.779,0.822,"CaseStudy1_CRLM","TLS","Rest","wilcox","SCT",0.25,0.05,0.05,86,3635,TRUE,FALSE,2,8965,0.193809720233772,1.39701170974601e-94,93.8547999536161,"Weakly structured"
"PPP1CA",-0.7673,0.00115155157759912,0.0178464904430276,0.244,0.429,"CaseStudy1_CRLM","TLS","Rest","wilcox","SCT",0.25,0.05,0.05,86,3635,TRUE,FALSE,2,8965,0.128543394566101,8.88409659832365e-43,42.0513867279386,"Weakly structured"
"EIF1AX",-0.7656,0.00185903013634406,0.0248749330930216,0.267,0.438,"CaseStudy1_CRLM","TLS","Rest","wilcox","SCT",0.25,0.05,0.05,86,3635,TRUE,FALSE,2,8965,0.115388065386999,7.20809353004493e-35,34.1421795867184,"Weakly structured"
"ANAPC11",-0.7652,0.0012740379444247,0.0191020116651715,0.221,0.406,"CaseStudy1_CRLM","TLS","Rest","wilcox","SCT",0.25,0.05,0.05,86,3635,TRUE,FALSE,2,8965,0.0627099300497861,1.28154826795331e-11,10.8922650319994,"Weakly structured"
"SNHG25",-0.7623,8.32713657386063e-07,6.54848941970707e-05,0.872,0.919,"CaseStudy1_CRLM","TLS","Rest","wilcox","SCT",0.25,0.05,0.05,86,3635,TRUE,FALSE,2,8965,0.452245489581817,0,504.666247223693,"Spatially structured"
"PRAP1",-0.762,0.00088194419133745,0.0145342457267284,0.233,0.419,"CaseStudy1_CRLM","TLS","Rest","wilcox","SCT",0.25,0.05,0.05,86,3635,TRUE,FALSE,2,8965,0.0576537059188823,4.30350318931948e-10,9.36617787084324,"Weakly structured"
"C6",0.7617,0.00203093913906036,0.0264257901040292,0.337,0.203,"CaseStudy1_CRLM","TLS","Rest","wilcox","SCT",0.25,0.05,0.05,86,3635,TRUE,FALSE,2,8965,0.144120507211993,2.83856766874547e-53,52.546900748149,"Weakly structured"
"SNRPG",-0.7602,0.00254418536887722,0.0308235789703307,0.291,0.446,"CaseStudy1_CRLM","TLS","Rest","wilcox","SCT",0.25,0.05,0.05,86,3635,TRUE,FALSE,2,8965,0.178802188101755,8.13332167444278e-81,80.0897320509296,"Weakly structured"
"ARG1",0.7601,0.00209230600724934,0.0268164956204105,0.419,0.284,"CaseStudy1_CRLM","TLS","Rest","wilcox","SCT",0.25,0.05,0.05,86,3635,TRUE,FALSE,2,8965,0.181269014617352,4.93950028364513e-83,82.3063169852935,"Weakly structured"
"JPT1",-0.756,0.000739056101006259,0.0127171553656835,0.174,0.363,"CaseStudy1_CRLM","TLS","Rest","wilcox","SCT",0.25,0.05,0.05,86,3635,TRUE,FALSE,2,8965,0.136211577368127,8.90210780579088e-48,47.0505071506537,"Weakly structured"
"MYH7",0.754,0.0010458237906949,0.0164487899711927,0.395,0.247,"CaseStudy1_CRLM","TLS","Rest","wilcox","SCT",0.25,0.05,0.05,86,3635,TRUE,FALSE,2,8965,0.118674860091901,8.59324660906063e-37,36.0658427246421,"Weakly structured"
"ACTN4",-0.7538,0.0046584866988142,0.046925093544797,0.267,0.414,"CaseStudy1_CRLM","TLS","Rest","wilcox","SCT",0.25,0.05,0.05,86,3635,TRUE,FALSE,2,8965,0.127270754004394,5.57365405952173e-42,41.2538599901802,"Weakly structured"
"ASGR1",0.7525,0.000290325780788337,0.006213197940637,0.5,0.32,"CaseStudy1_CRLM","TLS","Rest","wilcox","SCT",0.25,0.05,0.05,86,3635,TRUE,FALSE,2,8965,0.205884179756466,1.75171521550161e-106,105.756536497705,"Weakly structured"
"LMAN1",0.7485,0.00273759115176781,0.0322503346591306,0.36,0.226,"CaseStudy1_CRLM","TLS","Rest","wilcox","SCT",0.25,0.05,0.05,86,3635,TRUE,FALSE,2,8965,0.0469732583339789,2.83892725948838e-07,6.54684573505693,"Weakly structured"
"IGFBP1",0.7474,2.50311199367213e-08,3.61941919730172e-06,0.907,0.714,"CaseStudy1_CRLM","TLS","Rest","wilcox","SCT",0.25,0.05,0.05,86,3635,TRUE,FALSE,2,8965,0.592929081038876,0,866.137022288459,"Spatially structured"
"PERP",-0.7469,0.000371168912058981,0.00732935968416028,0.488,0.628,"CaseStudy1_CRLM","TLS","Rest","wilcox","SCT",0.25,0.05,0.05,86,3635,TRUE,FALSE,2,8965,0.20724013622101,7.96675084300466e-108,107.098718765011,"Weakly structured"
"MRPL12",-0.7428,0.000361647301815068,0.00718884270681172,0.233,0.439,"CaseStudy1_CRLM","TLS","Rest","wilcox","SCT",0.25,0.05,0.05,86,3635,TRUE,FALSE,2,8965,0.0905569339060688,3.15185034190491e-22,21.5014344121304,"Weakly structured"
"HMGN1",-0.7422,0.00293057599149172,0.0339878573916214,0.302,0.447,"CaseStudy1_CRLM","TLS","Rest","wilcox","SCT",0.25,0.05,0.05,86,3635,TRUE,FALSE,2,8965,0.143349980073884,1.10152841942491e-52,51.9580042935743,"Weakly structured"
"FBP1",0.7421,2.76104178409542e-05,0.00106692843079377,0.733,0.566,"CaseStudy1_CRLM","TLS","Rest","wilcox","SCT",0.25,0.05,0.05,86,3635,TRUE,FALSE,2,8965,0.288937784920847,1.32702908575593e-207,206.877119558187,"Weakly structured"
"SPON2",-0.7409,0.00517237057726038,0.0499063437924798,0.14,0.285,"CaseStudy1_CRLM","TLS","Rest","wilcox","SCT",0.25,0.05,0.05,86,3635,TRUE,FALSE,2,8965,0.164122928208512,1.87215873554596e-68,67.7276573313196,"Weakly structured"
"NAMPT",0.7378,4.43769031106381e-05,0.00149563509919876,0.64,0.468,"CaseStudy1_CRLM","TLS","Rest","wilcox","SCT",0.25,0.05,0.05,86,3635,TRUE,FALSE,2,8965,0.0942810940270466,6.22018505819163e-24,23.2061966943195,"Weakly structured"
"CYCS",-0.7372,3.44207182197245e-05,0.00123432695535932,0.547,0.693,"CaseStudy1_CRLM","TLS","Rest","wilcox","SCT",0.25,0.05,0.05,86,3635,TRUE,FALSE,2,8965,0.217378062355147,2.04148876416423e-118,117.690053005981,"Weakly structured"
"RPL4",-0.7366,0.0038178742070247,0.0407360261699077,0.988,0.986,"CaseStudy1_CRLM","TLS","Rest","wilcox","SCT",0.25,0.05,0.05,86,3635,TRUE,FALSE,2,8965,0.526938403881198,0,684.89414836767,"Spatially structured"
"ZFP36",0.7348,1.05047402169073e-08,1.8110576162418e-06,0.872,0.649,"CaseStudy1_CRLM","TLS","Rest","wilcox","SCT",0.25,0.05,0.05,86,3635,TRUE,FALSE,2,8965,0.261659325878635,1.20823182879702e-170,169.917849727712,"Weakly structured"
"TFR2",0.7316,0.000200521798290683,0.00457424407551138,0.512,0.32,"CaseStudy1_CRLM","TLS","Rest","wilcox","SCT",0.25,0.05,0.05,86,3635,TRUE,FALSE,2,8965,0.235577919529966,9.36322010467466e-139,138.028574767374,"Weakly structured"
"SNRPB",-0.731,0.00231693931787522,0.0288892364182912,0.233,0.395,"CaseStudy1_CRLM","TLS","Rest","wilcox","SCT",0.25,0.05,0.05,86,3635,TRUE,FALSE,2,8965,0.169396565982716,9.3169473687139e-73,72.0307263578267,"Weakly structured"
"ELF3",-0.7304,5.50685067253709e-05,0.00173834212251039,0.663,0.776,"CaseStudy1_CRLM","TLS","Rest","wilcox","SCT",0.25,0.05,0.05,86,3635,TRUE,FALSE,2,8965,0.238894994722098,1.33123727337462e-142,141.875744531052,"Weakly structured"
"TSPAN3",-0.7249,0.00335556379321587,0.037093254508237,0.279,0.427,"CaseStudy1_CRLM","TLS","Rest","wilcox","SCT",0.25,0.05,0.05,86,3635,TRUE,FALSE,2,8965,0.150889473941472,3.68881127831501e-58,57.4331135629578,"Weakly structured"
"RDH16",0.7245,1.1067522988318e-06,8.20002839589012e-05,0.756,0.505,"CaseStudy1_CRLM","TLS","Rest","wilcox","SCT",0.25,0.05,0.05,86,3635,TRUE,FALSE,2,8965,0.383944860328863,0,364.157599442276,"Spatially structured"
"UQCRQ",-0.7234,1.00762957470172e-07,1.05039524851174e-05,0.814,0.897,"CaseStudy1_CRLM","TLS","Rest","wilcox","SCT",0.25,0.05,0.05,86,3635,TRUE,FALSE,2,8965,0.190338845102791,2.64030388788239e-91,90.5783460847835,"Weakly structured"
"TPI1",-0.7226,1.5538285912827e-08,2.48751309300882e-06,0.872,0.937,"CaseStudy1_CRLM","TLS","Rest","wilcox","SCT",0.25,0.05,0.05,86,3635,TRUE,FALSE,2,8965,0.20716911803546,8.89889712055327e-108,107.050663814045,"Weakly structured"
"SERPINA1",0.7174,1.38290393660413e-12,8.85552413689717e-10,1,0.992,"CaseStudy1_CRLM","TLS","Rest","wilcox","SCT",0.25,0.05,0.05,86,3635,TRUE,FALSE,2,8965,0.865408479385577,0,1842.5353431026,"Spatially structured"
"PSMA4",-0.7162,0.00228912121336147,0.0286443994258082,0.244,0.414,"CaseStudy1_CRLM","TLS","Rest","wilcox","SCT",0.25,0.05,0.05,86,3635,TRUE,FALSE,2,8965,0.118905817533326,6.68535945097934e-37,36.174875237111,"Weakly structured"
"AKR1C1",0.7155,0.000572567789376433,0.0104756535342035,0.419,0.253,"CaseStudy1_CRLM","TLS","Rest","wilcox","SCT",0.25,0.05,0.05,86,3635,TRUE,FALSE,2,8965,0.204652519007538,2.87589932340689e-105,104.541226321368,"Weakly structured"
"C19orf53",-0.7154,0.000225363032214514,0.00503835307681575,0.198,0.425,"CaseStudy1_CRLM","TLS","Rest","wilcox","SCT",0.25,0.05,0.05,86,3635,TRUE,FALSE,2,8965,0.137132436540237,2.15669889938281e-48,47.6662104833,"Weakly structured"
"PSMB4",-0.7127,0.000758691621561451,0.0129045755928922,0.256,0.454,"CaseStudy1_CRLM","TLS","Rest","wilcox","SCT",0.25,0.05,0.05,86,3635,TRUE,FALSE,2,8965,0.103805495912972,1.34195381348937e-28,27.8722624311804,"Weakly structured"
"ERRFI1",0.7116,0.000275085712189223,0.00594251424042502,0.593,0.426,"CaseStudy1_CRLM","TLS","Rest","wilcox","SCT",0.25,0.05,0.05,86,3635,TRUE,FALSE,2,8965,0.158050828768457,1.30148777801909e-63,62.885559905898,"Weakly structured"
"CHCHD2",-0.7114,1.31739554323283e-05,0.000576119563174747,0.814,0.855,"CaseStudy1_CRLM","TLS","Rest","wilcox","SCT",0.25,0.05,0.05,86,3635,TRUE,FALSE,2,8965,0.221572741873946,5.86227427028049e-123,122.231933866675,"Weakly structured"
"XRCC6",-0.707,0.00433001733067291,0.044646525677222,0.209,0.361,"CaseStudy1_CRLM","TLS","Rest","wilcox","SCT",0.25,0.05,0.05,86,3635,TRUE,FALSE,2,8965,0.088611133715098,2.27420585194069e-21,20.6431702272843,"Weakly structured"
"FXYD3",-0.706,0.00129221085549104,0.0192717575251624,0.256,0.432,"CaseStudy1_CRLM","TLS","Rest","wilcox","SCT",0.25,0.05,0.05,86,3635,TRUE,FALSE,2,8965,0.269857394288195,2.16906313075474e-181,180.663727807626,"Weakly structured"
"EIF5",0.7044,0.004555004718345,0.0461772919256395,0.395,0.268,"CaseStudy1_CRLM","TLS","Rest","wilcox","SCT",0.25,0.05,0.05,86,3635,TRUE,FALSE,2,8965,0.01791609537366,0.0274351675567685,1.56169238306193,"Weakly structured"
"CYC1",-0.7028,0.000204210845057447,0.00463481069858231,0.291,0.509,"CaseStudy1_CRLM","TLS","Rest","wilcox","SCT",0.25,0.05,0.05,86,3635,TRUE,FALSE,2,8965,0.118299577463993,1.51824307482661e-36,35.8186586911515,"Weakly structured"
"CSNK2B",-0.7012,0.00518825570714905,0.0499063437924798,0.186,0.341,"CaseStudy1_CRLM","TLS","Rest","wilcox","SCT",0.25,0.05,0.05,86,3635,TRUE,FALSE,2,8965,0.0566962621320963,8.11937284423505e-10,9.09047751519318,"Weakly structured"
"ELOB",-0.7,1.17656037892807e-05,0.00053815631617807,0.849,0.867,"CaseStudy1_CRLM","TLS","Rest","wilcox","SCT",0.25,0.05,0.05,86,3635,TRUE,FALSE,2,8965,0.219158758426622,2.40558283034776e-120,119.618779684638,"Weakly structured"
"TMED9",-0.6993,0.00148437521678561,0.0213430312404752,0.244,0.431,"CaseStudy1_CRLM","TLS","Rest","wilcox","SCT",0.25,0.05,0.05,86,3635,TRUE,FALSE,2,8965,0.114707988728874,1.7485633000977e-34,33.7573186410868,"Weakly structured"
"GLUL",-0.6979,2.52471172727474e-05,0.000991591610389052,0.698,0.785,"CaseStudy1_CRLM","TLS","Rest","wilcox","SCT",0.25,0.05,0.05,86,3635,TRUE,FALSE,2,8965,0.199679543659671,2.86062401388943e-100,99.543539219938,"Weakly structured"
"ACSL1",0.6975,0.00177721692332007,0.0240675977606714,0.465,0.33,"CaseStudy1_CRLM","TLS","Rest","wilcox","SCT",0.25,0.05,0.05,86,3635,TRUE,FALSE,2,8965,0.127340906391878,4.96508853494978e-42,41.3040730029798,"Weakly structured"
"RPL24",-0.6955,6.83543370513475e-08,7.7807727061922e-06,0.953,0.951,"CaseStudy1_CRLM","TLS","Rest","wilcox","SCT",0.25,0.05,0.05,86,3635,TRUE,FALSE,2,8965,0.287864040758683,3.99781135981408e-206,205.398177702295,"Weakly structured"
"ITIH3",0.6922,2.9990486208854e-08,4.073707710036e-06,0.93,0.662,"CaseStudy1_CRLM","TLS","Rest","wilcox","SCT",0.25,0.05,0.05,86,3635,TRUE,FALSE,2,8965,0.562227187987414,0,778.942668863865,"Spatially structured"
"COX5B",-0.6918,3.46211712416815e-08,4.43398285973821e-06,0.849,0.927,"CaseStudy1_CRLM","TLS","Rest","wilcox","SCT",0.25,0.05,0.05,86,3635,TRUE,FALSE,2,8965,0.216717192267444,9.78655570791343e-118,117.009370127425,"Weakly structured"
"CFL1",-0.6915,2.25228851165093e-08,3.31012565687715e-06,0.907,0.959,"CaseStudy1_CRLM","TLS","Rest","wilcox","SCT",0.25,0.05,0.05,86,3635,TRUE,FALSE,2,8965,0.329080256923037,1.18164366628718e-268,267.927513468545,"Spatially structured"
"PLEKHJ1",-0.6908,0.00207968959668856,0.0268164956204105,0.128,0.296,"CaseStudy1_CRLM","TLS","Rest","wilcox","SCT",0.25,0.05,0.05,86,3635,TRUE,FALSE,2,8965,0.108870360854169,2.87103749927375e-31,30.5419611350474,"Weakly structured"
"TUFM",-0.6881,0.000305514230473689,0.00638446404707837,0.384,0.567,"CaseStudy1_CRLM","TLS","Rest","wilcox","SCT",0.25,0.05,0.05,86,3635,TRUE,FALSE,2,8965,0.111122923720069,1.76950698421275e-32,31.7521477188705,"Weakly structured"
"HNRNPDL",-0.686,0.00369200925399796,0.0400228089021665,0.267,0.428,"CaseStudy1_CRLM","TLS","Rest","wilcox","SCT",0.25,0.05,0.05,86,3635,TRUE,FALSE,2,8965,0.0638456301915579,5.61485883378088e-12,11.250661158099,"Weakly structured"
"PSMA2",-0.6821,0.00187363889638876,0.0249586518664565,0.233,0.41,"CaseStudy1_CRLM","TLS","Rest","wilcox","SCT",0.25,0.05,0.05,86,3635,TRUE,FALSE,2,8965,0.088664858584241,2.16771306585638e-21,20.6639982046808,"Weakly structured"
"CYP2C8",0.6667,1.19294064768524e-05,0.000540137015479708,0.884,0.665,"CaseStudy1_CRLM","TLS","Rest","wilcox","SCT",0.25,0.05,0.05,86,3635,TRUE,FALSE,2,8965,0.57763354814684,0,822.147959917077,"Spatially structured"
"C8A",0.6653,0.00327117393822436,0.0364299060325234,0.43,0.295,"CaseStudy1_CRLM","TLS","Rest","wilcox","SCT",0.25,0.05,0.05,86,3635,TRUE,FALSE,2,8965,0.19683882001552,1.57972013414951e-97,96.8014198465648,"Weakly structured"
"AHSG",0.6648,2.03203241637881e-09,4.44321234459415e-07,1,0.845,"CaseStudy1_CRLM","TLS","Rest","wilcox","SCT",0.25,0.05,0.05,86,3635,TRUE,FALSE,2,8965,0.724454736257505,0,1292.12707900936,"Spatially structured"
"DCN",0.6625,3.6378524539905e-06,0.000224309757759743,0.86,0.632,"CaseStudy1_CRLM","TLS","Rest","wilcox","SCT",0.25,0.05,0.05,86,3635,TRUE,FALSE,2,8965,0.366809016179412,0,332.502453587168,"Spatially structured"
"BANF1",-0.6614,0.00155049478464586,0.0217871249911444,0.233,0.4,"CaseStudy1_CRLM","TLS","Rest","wilcox","SCT",0.25,0.05,0.05,86,3635,TRUE,FALSE,2,8965,0.150946643774374,3.3477350709514e-58,57.4752489179955,"Weakly structured"
"CP",0.6593,2.27311553925641e-07,2.21505226189497e-05,0.907,0.706,"CaseStudy1_CRLM","TLS","Rest","wilcox","SCT",0.25,0.05,0.05,86,3635,TRUE,FALSE,2,8965,0.584854832666043,0,842.760284419391,"Spatially structured"
"RALY",-0.6589,0.00513073592902947,0.0496728375850423,0.209,0.369,"CaseStudy1_CRLM","TLS","Rest","wilcox","SCT",0.25,0.05,0.05,86,3635,TRUE,FALSE,2,8965,0.142536602437956,4.05558567699825e-52,51.3919464194007,"Weakly structured"
"SLC13A5",0.6583,0.00123931735791967,0.0187994587373093,0.465,0.306,"CaseStudy1_CRLM","TLS","Rest","wilcox","SCT",0.25,0.05,0.05,86,3635,TRUE,FALSE,2,8965,0.16957715658562,6.33094109022517e-73,72.1985317275951,"Weakly structured"
"TCP1",-0.6577,0.0050248486764282,0.0492325337532009,0.174,0.327,"CaseStudy1_CRLM","TLS","Rest","wilcox","SCT",0.25,0.05,0.05,86,3635,TRUE,FALSE,2,8965,0.145499793109698,3.14674747137627e-54,53.5021381081158,"Weakly structured"
"HNRNPAB",-0.6563,0.000329731961267027,0.00674896582821665,0.279,0.511,"CaseStudy1_CRLM","TLS","Rest","wilcox","SCT",0.25,0.05,0.05,86,3635,TRUE,FALSE,2,8965,0.130207406975512,7.86208406132322e-44,43.1044623170189,"Weakly structured"
"HNRNPD",-0.6534,0.00314756499428517,0.0355520739344387,0.198,0.371,"CaseStudy1_CRLM","TLS","Rest","wilcox","SCT",0.25,0.05,0.05,86,3635,TRUE,FALSE,2,8965,0.066684790030279,6.60110507147472e-13,12.1803833544173,"Weakly structured"
"PSMC3",-0.6502,0.0026535579223788,0.0315924923959176,0.151,0.318,"CaseStudy1_CRLM","TLS","Rest","wilcox","SCT",0.25,0.05,0.05,86,3635,TRUE,FALSE,2,8965,0.0344619406725306,0.000119349540889983,3.92317924728421,"Weakly structured"
"SERPINA6",0.6481,0.00468631642717064,0.0471524430635071,0.419,0.289,"CaseStudy1_CRLM","TLS","Rest","wilcox","SCT",0.25,0.05,0.05,86,3635,TRUE,FALSE,2,8965,0.208434548640455,4.30937969667641e-109,108.365585238818,"Weakly structured"
"LRPPRC",-0.6478,0.00472964776029121,0.0473757454424701,0.116,0.262,"CaseStudy1_CRLM","TLS","Rest","wilcox","SCT",0.25,0.05,0.05,86,3635,TRUE,FALSE,2,8965,0.117124541993996,7.05169232097021e-36,35.1517066450709,"Weakly structured"
"VTN",0.6466,1.04104939301602e-08,1.8110576162418e-06,0.977,0.805,"CaseStudy1_CRLM","TLS","Rest","wilcox","SCT",0.25,0.05,0.05,86,3635,TRUE,FALSE,2,8965,0.717557260356791,0,1267.64110106916,"Spatially structured"
"UQCRB",-0.6452,0.00265232541840236,0.0315924923959176,0.814,0.807,"CaseStudy1_CRLM","TLS","Rest","wilcox","SCT",0.25,0.05,0.05,86,3635,TRUE,FALSE,2,8965,0.295078683719056,1.916068861543e-216,215.71758888688,"Weakly structured"
"TM9SF3",-0.6452,0.00382596029392775,0.0407360261699077,0.302,0.457,"CaseStudy1_CRLM","TLS","Rest","wilcox","SCT",0.25,0.05,0.05,86,3635,TRUE,FALSE,2,8965,0.0852542239978117,6.41396524939542e-20,19.1928733973912,"Weakly structured"
"MCL1",0.6413,3.21158131813624e-05,0.00119468159821956,0.744,0.583,"CaseStudy1_CRLM","TLS","Rest","wilcox","SCT",0.25,0.05,0.05,86,3635,TRUE,FALSE,2,8965,0.128611268914845,8.10551559110845e-43,42.0912193545044,"Weakly structured"
"APOA1",0.6407,2.10123884712018e-10,7.50777571182333e-08,1,0.954,"CaseStudy1_CRLM","TLS","Rest","wilcox","SCT",0.25,0.05,0.05,86,3635,TRUE,FALSE,2,8965,0.830012147597724,0,1695.30216781382,"Spatially structured"
"GDF15",-0.6374,0.00175454749492498,0.0238326034727309,0.326,0.49,"CaseStudy1_CRLM","TLS","Rest","wilcox","SCT",0.25,0.05,0.05,86,3635,TRUE,FALSE,2,8965,0.082077208038895,1.32654897034406e-18,17.8772767131467,"Weakly structured"
"COX6A1",-0.6332,4.8303638105281e-07,4.27996932760531e-05,0.779,0.906,"CaseStudy1_CRLM","TLS","Rest","wilcox","SCT",0.25,0.05,0.05,86,3635,TRUE,FALSE,2,8965,0.178955728036634,5.90752185725412e-81,80.2285946628454,"Weakly structured"
"NAPRT",-0.6305,0.00192366805430193,0.0253613001570836,0.14,0.3,"CaseStudy1_CRLM","TLS","Rest","wilcox","SCT",0.25,0.05,0.05,86,3635,TRUE,FALSE,2,8965,0.0237351453379193,0.00560163271511535,2.25168537016934,"Weakly structured"
"LDHB",-0.6305,0.00150209439918627,0.0215116234643848,0.512,0.628,"CaseStudy1_CRLM","TLS","Rest","wilcox","SCT",0.25,0.05,0.05,86,3635,TRUE,FALSE,2,8965,0.24603668224577,4.14157097656293e-151,150.382834891479,"Weakly structured"
"NPM1",-0.6304,0.00497811351252877,0.0489705076509212,0.465,0.58,"CaseStudy1_CRLM","TLS","Rest","wilcox","SCT",0.25,0.05,0.05,86,3635,TRUE,FALSE,2,8965,0.259034940495283,2.75944368001722e-167,166.559178465417,"Weakly structured"
"LY6E",0.6236,2.68830009900419e-06,0.000174642104257772,0.826,0.654,"CaseStudy1_CRLM","TLS","Rest","wilcox","SCT",0.25,0.05,0.05,86,3635,TRUE,FALSE,2,8965,0.189908821447091,6.86642185273455e-91,90.1632695183168,"Weakly structured"
"ANGPTL8",0.6235,0.00402856859517537,0.0423401142505829,0.372,0.239,"CaseStudy1_CRLM","TLS","Rest","wilcox","SCT",0.25,0.05,0.05,86,3635,TRUE,FALSE,2,8965,0.24726417045461,1.00869566920356e-152,151.996239843795,"Weakly structured"
"HSD17B2",0.623,0.00488088937062858,0.0484146371606921,0.36,0.227,"CaseStudy1_CRLM","TLS","Rest","wilcox","SCT",0.25,0.05,0.05,86,3635,TRUE,FALSE,2,8965,0.126731939751566,1.14597430543411e-41,40.9408251198322,"Weakly structured"
"RPS21",-0.6221,4.29268198436713e-06,0.00025575347254367,1,0.996,"CaseStudy1_CRLM","TLS","Rest","wilcox","SCT",0.25,0.05,0.05,86,3635,TRUE,FALSE,2,8965,0.575863271624467,0,817.324048491833,"Spatially structured"
"EEF1B2",-0.6208,1.17240806407668e-05,0.00053815631617807,0.849,0.907,"CaseStudy1_CRLM","TLS","Rest","wilcox","SCT",0.25,0.05,0.05,86,3635,TRUE,FALSE,2,8965,0.312287191465264,3.645988422859e-242,241.438184714698,"Spatially structured"
"MT2A",0.6186,2.18296323908652e-10,7.50777571182333e-08,1,0.97,"CaseStudy1_CRLM","TLS","Rest","wilcox","SCT",0.25,0.05,0.05,86,3635,TRUE,FALSE,2,8965,0.778586316006021,0,1492.5213113005,"Spatially structured"
"TXN",-0.6153,0.0015238497024047,0.0216160009209781,0.674,0.768,"CaseStudy1_CRLM","TLS","Rest","wilcox","SCT",0.25,0.05,0.05,86,3635,TRUE,FALSE,2,8965,0.204719614559442,2.8002092490912e-105,104.552809514254,"Weakly structured"
"LSM5",-0.6129,0.00202779260763096,0.0264231987317028,0.14,0.311,"CaseStudy1_CRLM","TLS","Rest","wilcox","SCT",0.25,0.05,0.05,86,3635,TRUE,FALSE,2,8965,0.166108420863951,4.63686040119259e-70,69.3337759789164,"Weakly structured"
"RPS18",-0.6097,1.51416187300623e-08,2.46808385300015e-06,0.988,0.999,"CaseStudy1_CRLM","TLS","Rest","wilcox","SCT",0.25,0.05,0.05,86,3635,TRUE,FALSE,2,8965,0.53392144127512,0,702.846087613073,"Spatially structured"
"NOP10",-0.6074,0.00456364535929912,0.0461772919256395,0.221,0.389,"CaseStudy1_CRLM","TLS","Rest","wilcox","SCT",0.25,0.05,0.05,86,3635,TRUE,FALSE,2,8965,0.0975528727464431,1.73540334547568e-25,24.7605995696592,"Weakly structured"
"CCND1",-0.6039,0.00351614829390502,0.0384887294931117,0.372,0.531,"CaseStudy1_CRLM","TLS","Rest","wilcox","SCT",0.25,0.05,0.05,86,3635,TRUE,FALSE,2,8965,0.0761119213647581,2.92556458808096e-16,15.53379030947,"Weakly structured"
"EIF3H",-0.6025,0.00319526406903796,0.0358517426519716,0.372,0.536,"CaseStudy1_CRLM","TLS","Rest","wilcox","SCT",0.25,0.05,0.05,86,3635,TRUE,FALSE,2,8965,0.130017583343238,1.03879295737519e-43,42.9834710033857,"Weakly structured"
"FUS",-0.6023,0.00333915450820439,0.0370021754295431,0.198,0.364,"CaseStudy1_CRLM","TLS","Rest","wilcox","SCT",0.25,0.05,0.05,86,3635,TRUE,FALSE,2,8965,0.0895679311030244,8.67951429534936e-22,21.0615045772142,"Weakly structured"
"SNHG29",-0.6022,0.00146853112338138,0.0213032063448448,0.733,0.766,"CaseStudy1_CRLM","TLS","Rest","wilcox","SCT",0.25,0.05,0.05,86,3635,TRUE,FALSE,2,8965,0.153099041078066,8.18071822875104e-60,59.087208565633,"Weakly structured"
"SERPINF2",0.6015,1.71429843616146e-06,0.000120067855313965,0.884,0.636,"CaseStudy1_CRLM","TLS","Rest","wilcox","SCT",0.25,0.05,0.05,86,3635,TRUE,FALSE,2,8965,0.453774692148482,0,507.99718057139,"Spatially structured"
"COX6B1",-0.5983,0.000135024405523291,0.00338126758524106,0.616,0.747,"CaseStudy1_CRLM","TLS","Rest","wilcox","SCT",0.25,0.05,0.05,86,3635,TRUE,FALSE,2,8965,0.131057633956565,2.22973010796677e-44,43.6517477018461,"Weakly structured"
"CYP2C9",0.5883,2.3622501162183e-05,0.00094542733445969,0.779,0.565,"CaseStudy1_CRLM","TLS","Rest","wilcox","SCT",0.25,0.05,0.05,86,3635,TRUE,FALSE,2,8965,0.454444857088423,0,509.517199480775,"Spatially structured"
"ASGR2",0.5842,0.00438636673314006,0.044992880735241,0.57,0.432,"CaseStudy1_CRLM","TLS","Rest","wilcox","SCT",0.25,0.05,0.05,86,3635,TRUE,FALSE,2,8965,0.307082304230673,3.24345187206333e-234,233.488992541961,"Spatially structured"
"NME2",-0.5838,1.04295952445677e-05,0.000503849088279344,0.849,0.898,"CaseStudy1_CRLM","TLS","Rest","wilcox","SCT",0.25,0.05,0.05,86,3635,TRUE,FALSE,2,8965,0.303484184742491,8.00643539719106e-229,228.096560796262,"Spatially structured"
"ATP5MC2",-0.5833,0.00382586789278832,0.0407360261699077,0.453,0.59,"CaseStudy1_CRLM","TLS","Rest","wilcox","SCT",0.25,0.05,0.05,86,3635,TRUE,FALSE,2,8965,0.0820391229064066,1.38053800500919e-18,17.8599516331112,"Weakly structured"
"DSTN",-0.5822,0.000931379918483606,0.0151000174743552,0.395,0.571,"CaseStudy1_CRLM","TLS","Rest","wilcox","SCT",0.25,0.05,0.05,86,3635,TRUE,FALSE,2,8965,0.121348603425896,2.39024274496722e-38,37.6215579913337,"Weakly structured"
"FTCD",0.5802,0.00318582390497638,0.0358517426519716,0.535,0.41,"CaseStudy1_CRLM","TLS","Rest","wilcox","SCT",0.25,0.05,0.05,86,3635,TRUE,FALSE,2,8965,0.31371403153182,2.34086520864107e-244,243.630623593065,"Spatially structured"
"CTNNB1",-0.5767,0.00255023626636627,0.0308235789703307,0.605,0.701,"CaseStudy1_CRLM","TLS","Rest","wilcox","SCT",0.25,0.05,0.05,86,3635,TRUE,FALSE,2,8965,0.195466809328544,3.67618825632613e-96,95.4346022566466,"Weakly structured"
"PLD3",-0.5766,0.0051013404696537,0.0495435293618615,0.186,0.337,"CaseStudy1_CRLM","TLS","Rest","wilcox","SCT",0.25,0.05,0.05,86,3635,TRUE,FALSE,2,8965,0.108909147795247,2.75461834688528e-31,30.5599385642618,"Weakly structured"
"A2M",0.5761,3.09654868534439e-06,0.000196883396908599,0.977,0.844,"CaseStudy1_CRLM","TLS","Rest","wilcox","SCT",0.25,0.05,0.05,86,3635,TRUE,FALSE,2,8965,0.439154642622496,0,475.936830727216,"Spatially structured"
"GNAS",-0.5758,9.1223253632026e-06,0.000458248574807379,0.849,0.899,"CaseStudy1_CRLM","TLS","Rest","wilcox","SCT",0.25,0.05,0.05,86,3635,TRUE,FALSE,2,8965,0.0942595259123404,6.311358979023e-24,23.1998771172147,"Weakly structured"
"KRT18",-0.5742,1.30681670924611e-05,0.000576119563174747,0.895,0.939,"CaseStudy1_CRLM","TLS","Rest","wilcox","SCT",0.25,0.05,0.05,86,3635,TRUE,FALSE,2,8965,0.298575911132674,1.43141358127205e-221,220.84423486651,"Weakly structured"
"TF",0.574,9.58615636931558e-08,1.03478564941128e-05,0.977,0.8,"CaseStudy1_CRLM","TLS","Rest","wilcox","SCT",0.25,0.05,0.05,86,3635,TRUE,FALSE,2,8965,0.746968569165684,0,1373.48479743923,"Spatially structured"
"NAP1L1",-0.5727,0.00203955376430997,0.0264994195609259,0.43,0.587,"CaseStudy1_CRLM","TLS","Rest","wilcox","SCT",0.25,0.05,0.05,86,3635,TRUE,FALSE,2,8965,0.161667963820167,1.87997730536321e-66,65.7258473934039,"Weakly structured"
"PGAM1",-0.5696,0.00321261531023721,0.0359564247893591,0.244,0.417,"CaseStudy1_CRLM","TLS","Rest","wilcox","SCT",0.25,0.05,0.05,86,3635,TRUE,FALSE,2,8965,0.0916547668960821,1.0039719210256e-22,21.9982784333206,"Weakly structured"
"JUNB",0.5691,1.14369773691074e-05,0.000537931251900028,0.907,0.689,"CaseStudy1_CRLM","TLS","Rest","wilcox","SCT",0.25,0.05,0.05,86,3635,TRUE,FALSE,2,8965,0.212529242501613,2.7217780488869e-113,112.565147292826,"Weakly structured"
"HSPH1",-0.5636,0.00325809106644348,0.0363293363316739,0.453,0.601,"CaseStudy1_CRLM","TLS","Rest","wilcox","SCT",0.25,0.05,0.05,86,3635,TRUE,FALSE,2,8965,0.206008960099705,1.39063362898009e-106,105.856787272503,"Weakly structured"
"ATP5ME",-0.5601,0.00030043464847329,0.00632252728535925,0.767,0.864,"CaseStudy1_CRLM","TLS","Rest","wilcox","SCT",0.25,0.05,0.05,86,3635,TRUE,FALSE,2,8965,0.216454090427357,1.87767415520552e-117,116.726379771428,"Weakly structured"
"GSTP1",-0.5597,3.56682537632976e-05,0.00126479520347589,0.651,0.796,"CaseStudy1_CRLM","TLS","Rest","wilcox","SCT",0.25,0.05,0.05,86,3635,TRUE,FALSE,2,8965,0.257943910259258,6.81038770188298e-166,165.166828163859,"Weakly structured"
"NORAD",-0.5565,0.00189790323707826,0.0251175454594537,0.477,0.602,"CaseStudy1_CRLM","TLS","Rest","wilcox","SCT",0.25,0.05,0.05,86,3635,TRUE,FALSE,2,8965,0.123107360991364,2.08382111043998e-39,38.6811395666026,"Weakly structured"
"ATF5",0.5556,0.000167790500272483,0.00394814129906249,0.756,0.554,"CaseStudy1_CRLM","TLS","Rest","wilcox","SCT",0.25,0.05,0.05,86,3635,TRUE,FALSE,2,8965,0.413227497738678,0,421.572693686633,"Spatially structured"
"RHOB",0.5528,4.30772720067978e-06,0.00025575347254367,0.93,0.802,"CaseStudy1_CRLM","TLS","Rest","wilcox","SCT",0.25,0.05,0.05,86,3635,TRUE,FALSE,2,8965,0.244475448242706,3.10257673580122e-149,148.508277468323,"Weakly structured"
"APRT",-0.5511,0.0030602499986979,0.0348844392726627,0.628,0.678,"CaseStudy1_CRLM","TLS","Rest","wilcox","SCT",0.25,0.05,0.05,86,3635,TRUE,FALSE,2,8965,0.117548212843788,4.17357806505886e-36,35.3794914587873,"Weakly structured"
"PDIA6",-0.5492,0.00159494916324682,0.0222375104953464,0.384,0.557,"CaseStudy1_CRLM","TLS","Rest","wilcox","SCT",0.25,0.05,0.05,86,3635,TRUE,FALSE,2,8965,0.0699578173723013,5.10964278205059e-14,13.2916094605712,"Weakly structured"
"ITIH4",0.5476,7.98301015123175e-07,6.33342354033563e-05,0.965,0.785,"CaseStudy1_CRLM","TLS","Rest","wilcox","SCT",0.25,0.05,0.05,86,3635,TRUE,FALSE,2,8965,0.657192493985189,0,1063.60813415102,"Spatially structured"
"JUND",0.5467,0.00187218208032997,0.0249586518664565,0.802,0.713,"CaseStudy1_CRLM","TLS","Rest","wilcox","SCT",0.25,0.05,0.05,86,3635,TRUE,FALSE,2,8965,0.0988328185012217,4.17849557754599e-26,25.378980053147,"Weakly structured"
"GRINA",-0.5426,0.00240647156870657,0.0296754024944352,0.279,0.466,"CaseStudy1_CRLM","TLS","Rest","wilcox","SCT",0.25,0.05,0.05,86,3635,TRUE,FALSE,2,8965,0.052210973123236,1.3794260673557e-08,7.86030157129925,"Weakly structured"
"RPL7A",-0.5426,6.2215038342341e-06,0.000340096230938468,0.953,0.991,"CaseStudy1_CRLM","TLS","Rest","wilcox","SCT",0.25,0.05,0.05,86,3635,TRUE,FALSE,2,8965,0.418092630985803,0,431.604543744924,"Spatially structured"
"HSPD1",-0.5418,0.000618451751444175,0.0110900741368115,0.744,0.836,"CaseStudy1_CRLM","TLS","Rest","wilcox","SCT",0.25,0.05,0.05,86,3635,TRUE,FALSE,2,8965,0.180761986390231,1.49401377035213e-82,81.825645399602,"Weakly structured"
"CTSD",-0.5418,0.000302912851584209,0.00635975108771062,0.977,0.963,"CaseStudy1_CRLM","TLS","Rest","wilcox","SCT",0.25,0.05,0.05,86,3635,TRUE,FALSE,2,8965,0.320134080000362,2.01242034038816e-254,253.696281301725,"Spatially structured"
"GADD45B",0.5381,5.15857956761685e-06,0.000294564750469331,0.872,0.633,"CaseStudy1_CRLM","TLS","Rest","wilcox","SCT",0.25,0.05,0.05,86,3635,TRUE,FALSE,2,8965,0.323922515004184,2.53120247514173e-260,259.596673113506,"Spatially structured"
"CFH",0.5358,3.6197599140175e-06,0.000224309757759743,0.872,0.631,"CaseStudy1_CRLM","TLS","Rest","wilcox","SCT",0.25,0.05,0.05,86,3635,TRUE,FALSE,2,8965,0.449496355173007,0,498.512061499135,"Spatially structured"
"CEBPD",0.5354,1.59873363134012e-05,0.000675597430620513,0.849,0.658,"CaseStudy1_CRLM","TLS","Rest","wilcox","SCT",0.25,0.05,0.05,86,3635,TRUE,FALSE,2,8965,0.173439731401207,3.65627380191608e-76,75.4369612893581,"Weakly structured"
"ANXA11",-0.5354,0.0035338050315906,0.0386348318392802,0.186,0.365,"CaseStudy1_CRLM","TLS","Rest","wilcox","SCT",0.25,0.05,0.05,86,3635,TRUE,FALSE,2,8965,0.135328063569561,3.46186112771915e-47,46.4606903577994,"Weakly structured"
"COX7A2",-0.5335,0.000274861327380345,0.00594251424042502,0.547,0.686,"CaseStudy1_CRLM","TLS","Rest","wilcox","SCT",0.25,0.05,0.05,86,3635,TRUE,FALSE,2,8965,0.175092960709347,1.405520938284e-77,76.8521626802497,"Weakly structured"
"FGG",0.5315,7.43110609344792e-08,8.12437391801958e-06,1,0.906,"CaseStudy1_CRLM","TLS","Rest","wilcox","SCT",0.25,0.05,0.05,86,3635,TRUE,FALSE,2,8965,0.782717895662075,0,1508.00329469786,"Spatially structured"
"HSP90AB1",-0.5311,5.76406261597729e-05,0.00178805610215351,0.826,0.895,"CaseStudy1_CRLM","TLS","Rest","wilcox","SCT",0.25,0.05,0.05,86,3635,TRUE,FALSE,2,8965,0.255027815488723,3.1434100831498e-162,161.502598958075,"Weakly structured"
"PFKL",-0.5304,0.00206965097270776,0.0268164956204105,0.256,0.45,"CaseStudy1_CRLM","TLS","Rest","wilcox","SCT",0.25,0.05,0.05,86,3635,TRUE,FALSE,2,8965,0.0791741109965342,1.92040902578349e-17,16.7166062615454,"Weakly structured"
"EPHX1",0.5298,0.00276651252764898,0.0325482740293611,0.535,0.393,"CaseStudy1_CRLM","TLS","Rest","wilcox","SCT",0.25,0.05,0.05,86,3635,TRUE,FALSE,2,8965,0.233291424462529,4.2322581361027e-136,135.373427851449,"Weakly structured"
"SERF2",-0.5278,1.99614608865221e-08,3.03312706521476e-06,0.942,0.991,"CaseStudy1_CRLM","TLS","Rest","wilcox","SCT",0.25,0.05,0.05,86,3635,TRUE,FALSE,2,8965,0.227307868447976,2.46694934829859e-129,128.607839767405,"Weakly structured"
"PRDX2",-0.5217,0.0014352597567467,0.0209221198686734,0.465,0.612,"CaseStudy1_CRLM","TLS","Rest","wilcox","SCT",0.25,0.05,0.05,86,3635,TRUE,FALSE,2,8965,0.0772189030811906,1.1100207829643e-16,15.954668889824,"Weakly structured"
"HLA-DRA",0.5196,0.001105360721269,0.0172624239223258,0.942,0.873,"CaseStudy1_CRLM","TLS","Rest","wilcox","SCT",0.25,0.05,0.05,86,3635,TRUE,FALSE,2,8965,0.366570868986576,0,332.092630062185,"Spatially structured"
"RPL36A",-0.5185,0.000195377416352422,0.00447043323118675,0.919,0.951,"CaseStudy1_CRLM","TLS","Rest","wilcox","SCT",0.25,0.05,0.05,86,3635,TRUE,FALSE,2,8965,0.393121945144934,0,381.749576407749,"Spatially structured"
"PLIN2",0.5156,0.00486792453420183,0.0483824206752987,0.616,0.503,"CaseStudy1_CRLM","TLS","Rest","wilcox","SCT",0.25,0.05,0.05,86,3635,TRUE,FALSE,2,8965,0.175592113474495,5.17172742764086e-78,77.2863643723823,"Weakly structured"
"YWHAZ",-0.5139,0.000557975961019456,0.0102715697957688,0.698,0.788,"CaseStudy1_CRLM","TLS","Rest","wilcox","SCT",0.25,0.05,0.05,86,3635,TRUE,FALSE,2,8965,0.29751363533309,5.56342081337958e-220,219.254658089076,"Weakly structured"
"SNRPD2",-0.5106,0.00201933506055071,0.0263512937668663,0.558,0.666,"CaseStudy1_CRLM","TLS","Rest","wilcox","SCT",0.25,0.05,0.05,86,3635,TRUE,FALSE,2,8965,0.153936705975846,1.92811659801027e-60,59.7148667067707,"Weakly structured"
"CHCHD10",-0.5101,8.6845392187784e-06,0.000442368716456525,0.779,0.883,"CaseStudy1_CRLM","TLS","Rest","wilcox","SCT",0.25,0.05,0.05,86,3635,TRUE,FALSE,2,8965,0.0842052396780767,1.76231712075988e-19,18.753915939622,"Weakly structured"
"C1S",0.5088,2.63251068197307e-07,2.45838106915506e-05,1,0.828,"CaseStudy1_CRLM","TLS","Rest","wilcox","SCT",0.25,0.05,0.05,86,3635,TRUE,FALSE,2,8965,0.521748647151254,0,671.105214265296,"Spatially structured"
"RPL30",-0.5063,2.48677519194831e-05,0.000985027490676937,1,0.998,"CaseStudy1_CRLM","TLS","Rest","wilcox","SCT",0.25,0.05,0.05,86,3635,TRUE,FALSE,2,8965,0.45403589016561,0,508.706732970278,"Spatially structured"
"PPIB",-0.5054,0.00429413638198444,0.0443513049130075,0.651,0.713,"CaseStudy1_CRLM","TLS","Rest","wilcox","SCT",0.25,0.05,0.05,86,3635,TRUE,FALSE,2,8965,0.151464294446834,1.3998649889418e-58,57.8539138481682,"Weakly structured"
"IGFBP7",0.5021,0.000600207305661558,0.0108266770528287,0.988,0.891,"CaseStudy1_CRLM","TLS","Rest","wilcox","SCT",0.25,0.05,0.05,86,3635,TRUE,FALSE,2,8965,0.424534440089946,0,444.908871061368,"Spatially structured"
"CYBA",-0.4993,0.000657628576804377,0.0116976987917683,0.663,0.773,"CaseStudy1_CRLM","TLS","Rest","wilcox","SCT",0.25,0.05,0.05,86,3635,TRUE,FALSE,2,8965,0.168051307097042,1.23073053649568e-71,70.909837023692,"Weakly structured"
"OST4",-0.4989,0.000228029351838607,0.00508528144087839,0.64,0.766,"CaseStudy1_CRLM","TLS","Rest","wilcox","SCT",0.25,0.05,0.05,86,3635,TRUE,FALSE,2,8965,0.086159237114866,2.64212293929928e-20,19.5780469783123,"Weakly structured"
"RPS7",-0.4986,0.000536787215403562,0.00994276319440689,0.919,0.953,"CaseStudy1_CRLM","TLS","Rest","wilcox","SCT",0.25,0.05,0.05,86,3635,TRUE,FALSE,2,8965,0.379925244112915,0,356.66959242357,"Spatially structured"
"CRP",0.497,3.8242525849475e-06,0.00023009680821513,0.942,0.771,"CaseStudy1_CRLM","TLS","Rest","wilcox","SCT",0.25,0.05,0.05,86,3635,TRUE,FALSE,2,8965,0.599389657722005,0,885.097828617902,"Spatially structured"
"RPLP1",-0.4967,3.32918646021556e-08,4.3891406787989e-06,1,1,"CaseStudy1_CRLM","TLS","Rest","wilcox","SCT",0.25,0.05,0.05,86,3635,TRUE,FALSE,2,8965,0.497225782740201,0,609.828397956288,"Spatially structured"
"UBL5",-0.4951,0.00419279644660988,0.043472269113447,0.453,0.598,"CaseStudy1_CRLM","TLS","Rest","wilcox","SCT",0.25,0.05,0.05,86,3635,TRUE,FALSE,2,8965,0.0753622825154524,5.61300092474436e-16,15.2508048862301,"Weakly structured"
"RPLP2",-0.495,1.8958131640316e-06,0.000129740190958346,1,0.994,"CaseStudy1_CRLM","TLS","Rest","wilcox","SCT",0.25,0.05,0.05,86,3635,TRUE,FALSE,2,8965,0.437432972289084,0,472.341676254529,"Spatially structured"
"CD302",0.4888,0.00408487225994587,0.0427314816924326,0.419,0.264,"CaseStudy1_CRLM","TLS","Rest","wilcox","SCT",0.25,0.05,0.05,86,3635,TRUE,FALSE,2,8965,0.156768970462479,1.22216499074513e-62,61.9128701609238,"Weakly structured"
"HSPB1",-0.4861,8.37598852775636e-06,0.000434047593119632,0.953,0.976,"CaseStudy1_CRLM","TLS","Rest","wilcox","SCT",0.25,0.05,0.05,86,3635,TRUE,FALSE,2,8965,0.346717313086817,5.33030609495505e-298,297.273247850723,"Spatially structured"
"FGA",0.4835,7.64610007750925e-07,6.120293499542e-05,1,0.888,"CaseStudy1_CRLM","TLS","Rest","wilcox","SCT",0.25,0.05,0.05,86,3635,TRUE,FALSE,2,8965,0.781889145490052,0,1504.79316867106,"Spatially structured"
"RPS6",-0.4827,0.000154511033812905,0.00371205471386242,0.988,0.999,"CaseStudy1_CRLM","TLS","Rest","wilcox","SCT",0.25,0.05,0.05,86,3635,TRUE,FALSE,2,8965,0.550778242624941,0,747.811391220911,"Spatially structured"
"RPL23",-0.4813,4.9167798824301e-05,0.00160433677658586,0.965,0.968,"CaseStudy1_CRLM","TLS","Rest","wilcox","SCT",0.25,0.05,0.05,86,3635,TRUE,FALSE,2,8965,0.330523061284639,5.05991632112969e-271,270.295856665289,"Spatially structured"
"KNG1",0.4774,2.49415772876369e-05,0.000985027490676937,0.919,0.706,"CaseStudy1_CRLM","TLS","Rest","wilcox","SCT",0.25,0.05,0.05,86,3635,TRUE,FALSE,2,8965,0.62418911592689,0,959.586336358191,"Spatially structured"
"HSP90B1",-0.4694,0.000333582269662841,0.00678132663838405,0.826,0.885,"CaseStudy1_CRLM","TLS","Rest","wilcox","SCT",0.25,0.05,0.05,86,3635,TRUE,FALSE,2,8965,0.0585408324583604,2.37750186614806e-10,9.62387913350412,"Weakly structured"
"TMSB10",-0.468,7.56966781254288e-07,6.11370017472494e-05,1,0.999,"CaseStudy1_CRLM","TLS","Rest","wilcox","SCT",0.25,0.05,0.05,86,3635,TRUE,FALSE,2,8965,0.598264985270396,0,882.105502973107,"Spatially structured"
"ATP5MC3",-0.4659,0.000916518636905962,0.0149392537815672,0.779,0.854,"CaseStudy1_CRLM","TLS","Rest","wilcox","SCT",0.25,0.05,0.05,86,3635,TRUE,FALSE,2,8965,0.12830482267338,1.251307177855e-42,41.9026360641903,"Weakly structured"
"APOC3",0.463,1.74697701834901e-07,1.75973583926953e-05,1,0.92,"CaseStudy1_CRLM","TLS","Rest","wilcox","SCT",0.25,0.05,0.05,86,3635,TRUE,FALSE,2,8965,0.829621291938851,0,1693.7974248995,"Spatially structured"
"RPL35A",-0.4626,0.000128187123028992,0.00327898225761328,0.988,0.981,"CaseStudy1_CRLM","TLS","Rest","wilcox","SCT",0.25,0.05,0.05,86,3635,TRUE,FALSE,2,8965,0.387145880208347,0,370.31177643837,"Spatially structured"
"RPS15A",-0.4592,0.000231864464025639,0.00514521019799468,0.988,0.972,"CaseStudy1_CRLM","TLS","Rest","wilcox","SCT",0.25,0.05,0.05,86,3635,TRUE,FALSE,2,8965,0.311169241860282,1.73156622006943e-240,239.761560895128,"Spatially structured"
"SERPINA3",0.4586,3.69569976340212e-06,0.000225387403938095,0.988,0.847,"CaseStudy1_CRLM","TLS","Rest","wilcox","SCT",0.25,0.05,0.05,86,3635,TRUE,FALSE,2,8965,0.707984592979438,0,1234.17701277271,"Spatially structured"
"ITIH1",0.4578,0.000971942549510263,0.0155875938396413,0.709,0.527,"CaseStudy1_CRLM","TLS","Rest","wilcox","SCT",0.25,0.05,0.05,86,3635,TRUE,FALSE,2,8965,0.410177025369843,0,415.386932975407,"Spatially structured"
"PTGES3",-0.4565,0.00385684174075529,0.0409190369300251,0.698,0.762,"CaseStudy1_CRLM","TLS","Rest","wilcox","SCT",0.25,0.05,0.05,86,3635,TRUE,FALSE,2,8965,0.106000934226116,9.8361051188165e-30,29.0071768385874,"Weakly structured"
"RPS2",-0.4564,7.5682449862535e-07,6.11370017472494e-05,1,0.999,"CaseStudy1_CRLM","TLS","Rest","wilcox","SCT",0.25,0.05,0.05,86,3635,TRUE,FALSE,2,8965,0.525818410537732,0,681.77991603283,"Spatially structured"
"RPSA",-0.4562,3.34779441563382e-05,0.0012186676623011,0.977,0.964,"CaseStudy1_CRLM","TLS","Rest","wilcox","SCT",0.25,0.05,0.05,86,3635,TRUE,FALSE,2,8965,0.367063234445304,0,333.009136844055,"Spatially structured"
"ATP5F1D",-0.454,0.00480681432737672,0.0479344721300693,0.663,0.73,"CaseStudy1_CRLM","TLS","Rest","wilcox","SCT",0.25,0.05,0.05,86,3635,TRUE,FALSE,2,8965,0.0887052044915202,2.08784944185752e-21,20.6803008222062,"Weakly structured"
"SSR4",-0.4534,0.000304280696677171,0.00637354309745523,0.698,0.826,"CaseStudy1_CRLM","TLS","Rest","wilcox","SCT",0.25,0.05,0.05,86,3635,TRUE,FALSE,2,8965,0.126926846446491,9.13899318303969e-42,41.0391016466223,"Weakly structured"
"RPS20",-0.4516,0.000156354468352028,0.00372797289568067,0.942,0.961,"CaseStudy1_CRLM","TLS","Rest","wilcox","SCT",0.25,0.05,0.05,86,3635,TRUE,FALSE,2,8965,0.282456473149047,1.52950192786673e-198,197.815449971271,"Weakly structured"
"RPS24",-0.4473,0.00153711531795367,0.0217333303165708,0.977,0.986,"CaseStudy1_CRLM","TLS","Rest","wilcox","SCT",0.25,0.05,0.05,86,3635,TRUE,FALSE,2,8965,0.45141570048691,0,502.909499145534,"Spatially structured"
"SLC38A2",0.446,0.000327667604755004,0.00672205967191902,0.86,0.653,"CaseStudy1_CRLM","TLS","Rest","wilcox","SCT",0.25,0.05,0.05,86,3635,TRUE,FALSE,2,8965,0.0868999364960582,1.27196618896412e-20,19.895524432824,"Weakly structured"
"RPL23A",-0.4448,0.000599391851101792,0.0108266770528287,0.977,0.958,"CaseStudy1_CRLM","TLS","Rest","wilcox","SCT",0.25,0.05,0.05,86,3635,TRUE,FALSE,2,8965,0.3233984234587,1.50239922909745e-259,258.823214647921,"Spatially structured"
"NDUFA13",-0.4366,0.002699381922724,0.0319682416607935,0.686,0.783,"CaseStudy1_CRLM","TLS","Rest","wilcox","SCT",0.25,0.05,0.05,86,3635,TRUE,FALSE,2,8965,0.0395819533367651,1.24453639294448e-05,4.90499239915673,"Weakly structured"
"NNMT",0.436,4.81352030422623e-05,0.00159236935525418,0.988,0.804,"CaseStudy1_CRLM","TLS","Rest","wilcox","SCT",0.25,0.05,0.05,86,3635,TRUE,FALSE,2,8965,0.656924032048212,0,1062.78748800077,"Spatially structured"
"P4HB",-0.4321,4.96826382998791e-05,0.00161378569695078,0.942,0.949,"CaseStudy1_CRLM","TLS","Rest","wilcox","SCT",0.25,0.05,0.05,86,3635,TRUE,FALSE,2,8965,0.062998901375503,1.03547595275036e-11,10.9848599824384,"Weakly structured"
"CES1",0.4304,1.58027429888516e-05,0.000674626623309784,0.93,0.673,"CaseStudy1_CRLM","TLS","Rest","wilcox","SCT",0.25,0.05,0.05,86,3635,TRUE,FALSE,2,8965,0.576079361918215,0,817.735046635413,"Spatially structured"
"FGL1",0.4286,0.000194983264117988,0.00447043323118675,0.942,0.751,"CaseStudy1_CRLM","TLS","Rest","wilcox","SCT",0.25,0.05,0.05,86,3635,TRUE,FALSE,2,8965,0.586047104246015,0,846.193090757742,"Spatially structured"
"RPL29",-0.4285,8.56920331689483e-06,0.000438988044205498,1,0.994,"CaseStudy1_CRLM","TLS","Rest","wilcox","SCT",0.25,0.05,0.05,86,3635,TRUE,FALSE,2,8965,0.393457724010207,0,382.436926626748,"Spatially structured"
"RPL35",-0.4264,7.36534827198044e-06,0.000388413807401792,1,0.995,"CaseStudy1_CRLM","TLS","Rest","wilcox","SCT",0.25,0.05,0.05,86,3635,TRUE,FALSE,2,8965,0.335839675445477,9.50129445291878e-280,279.022217222557,"Spatially structured"
"FGB",0.4222,1.79569744581993e-06,0.000123834058475197,1,0.919,"CaseStudy1_CRLM","TLS","Rest","wilcox","SCT",0.25,0.05,0.05,86,3635,TRUE,FALSE,2,8965,0.80599969978914,0,1598.84140670541,"Spatially structured"
"SAT1",-0.4215,4.02304363350373e-05,0.00137658725856339,0.942,0.973,"CaseStudy1_CRLM","TLS","Rest","wilcox","SCT",0.25,0.05,0.05,86,3635,TRUE,FALSE,2,8965,0.190996571188223,6.21496782860799e-92,91.2065611151147,"Weakly structured"
"C1R",0.4176,0.000119066985488591,0.00309137002025869,0.919,0.737,"CaseStudy1_CRLM","TLS","Rest","wilcox","SCT",0.25,0.05,0.05,86,3635,TRUE,FALSE,2,8965,0.456472330646531,0,514.023227805672,"Spatially structured"
"ATP5MD",-0.4139,0.00331537288549359,0.0368306293908922,0.698,0.826,"CaseStudy1_CRLM","TLS","Rest","wilcox","SCT",0.25,0.05,0.05,86,3635,TRUE,FALSE,2,8965,0.162587448484204,3.40827906175352e-67,66.4674648534541,"Weakly structured"
"TOMM7",-0.4038,0.00485644939912411,0.0483219410245811,0.767,0.823,"CaseStudy1_CRLM","TLS","Rest","wilcox","SCT",0.25,0.05,0.05,86,3635,TRUE,FALSE,2,8965,0.125984635096359,3.52850968096227e-41,40.4524086866803,"Weakly structured"
"PLG",0.4013,0.000111661164738219,0.00293560804069835,0.942,0.703,"CaseStudy1_CRLM","TLS","Rest","wilcox","SCT",0.25,0.05,0.05,86,3635,TRUE,FALSE,2,8965,0.559954097422031,0,772.68400187291,"Spatially structured"
"RPL8",-0.401,5.38891632813117e-05,0.00171927526269381,1,0.998,"CaseStudy1_CRLM","TLS","Rest","wilcox","SCT",0.25,0.05,0.05,86,3635,TRUE,FALSE,2,8965,0.437650466712559,0,472.805549295667,"Spatially structured"
"FABP1",0.3995,2.86094851760179e-05,0.00108679675679237,0.977,0.974,"CaseStudy1_CRLM","TLS","Rest","wilcox","SCT",0.25,0.05,0.05,86,3635,TRUE,FALSE,2,8965,0.496042940917033,0,606.999446854907,"Spatially structured"
"COX6C",-0.3988,0.00179618676252451,0.0242512263946268,0.802,0.851,"CaseStudy1_CRLM","TLS","Rest","wilcox","SCT",0.25,0.05,0.05,86,3635,TRUE,FALSE,2,8965,0.1931388968189,6.05068565722602e-94,93.2181954087728,"Weakly structured"
"DUSP1",0.3974,9.03823262685317e-05,0.0025805017675076,0.953,0.794,"CaseStudy1_CRLM","TLS","Rest","wilcox","SCT",0.25,0.05,0.05,86,3635,TRUE,FALSE,2,8965,0.462183265240914,0,526.936516382201,"Spatially structured"
"HSP90AA1",-0.3959,9.01209850797395e-05,0.0025805017675076,0.977,0.982,"CaseStudy1_CRLM","TLS","Rest","wilcox","SCT",0.25,0.05,0.05,86,3635,TRUE,FALSE,2,8965,0.127489322549237,4.00573886486112e-42,41.3973173658878,"Weakly structured"
"A1BG",0.3953,0.00013488062197094,0.00338126758524106,0.895,0.722,"CaseStudy1_CRLM","TLS","Rest","wilcox","SCT",0.25,0.05,0.05,86,3635,TRUE,FALSE,2,8965,0.605275153562787,0,902.470321702574,"Spatially structured"
"RBP4",0.3953,6.64453690825062e-06,0.000354573055848016,1,0.883,"CaseStudy1_CRLM","TLS","Rest","wilcox","SCT",0.25,0.05,0.05,86,3635,TRUE,FALSE,2,8965,0.778996310448071,0,1493.74225591297,"Spatially structured"
"MT1E",0.3927,0.00175785597310553,0.023841420270637,0.895,0.763,"CaseStudy1_CRLM","TLS","Rest","wilcox","SCT",0.25,0.05,0.05,86,3635,TRUE,FALSE,2,8965,0.520606758653273,0,668.163849247779,"Spatially structured"
"RPS15",-0.3906,1.20220100873941e-05,0.000541594575042654,1,0.996,"CaseStudy1_CRLM","TLS","Rest","wilcox","SCT",0.25,0.05,0.05,86,3635,TRUE,FALSE,2,8965,0.390470757670098,0,376.700379235511,"Spatially structured"
"UQCR11",-0.3879,3.51703783409717e-05,0.00125618502719845,0.802,0.917,"CaseStudy1_CRLM","TLS","Rest","wilcox","SCT",0.25,0.05,0.05,86,3635,TRUE,FALSE,2,8965,0.0770903534682115,1.23458817489475e-16,15.9084778870988,"Weakly structured"
"OAZ1",-0.3846,0.00127630842023845,0.0191020116651715,0.884,0.917,"CaseStudy1_CRLM","TLS","Rest","wilcox","SCT",0.25,0.05,0.05,86,3635,TRUE,FALSE,2,8965,0.178226591682309,2.57066343692059e-80,79.5899547794661,"Weakly structured"
"H3F3B",-0.3843,0.00115857863221886,0.0178464904430276,0.872,0.889,"CaseStudy1_CRLM","TLS","Rest","wilcox","SCT",0.25,0.05,0.05,86,3635,TRUE,FALSE,2,8965,0.0888646091283627,1.76724079098005e-21,20.7527042727517,"Weakly structured"
"RPL37A",-0.3835,5.56730613301814e-05,0.00175125963096518,1,0.999,"CaseStudy1_CRLM","TLS","Rest","wilcox","SCT",0.25,0.05,0.05,86,3635,TRUE,FALSE,2,8965,0.468367937888892,0,541.261323431694,"Spatially structured"
"RACK1",-0.3799,4.17279159235027e-05,0.00142239835077643,0.988,0.984,"CaseStudy1_CRLM","TLS","Rest","wilcox","SCT",0.25,0.05,0.05,86,3635,TRUE,FALSE,2,8965,0.238623128038614,2.53831350144593e-142,141.595454740185,"Weakly structured"
"HPD",0.3764,2.31030165254953e-05,0.000928782704713299,0.872,0.596,"CaseStudy1_CRLM","TLS","Rest","wilcox","SCT",0.25,0.05,0.05,86,3635,TRUE,FALSE,2,8965,0.526894576310158,0,684.346371277875,"Spatially structured"
"SOD2",0.3748,0.00306625076930933,0.0348844392726627,0.93,0.84,"CaseStudy1_CRLM","TLS","Rest","wilcox","SCT",0.25,0.05,0.05,86,3635,TRUE,FALSE,2,8965,0.336451421809251,1.09677571606367e-280,279.959882173915,"Spatially structured"
"RPL27A",-0.3614,3.68668257531323e-05,0.0012860353808437,1,0.995,"CaseStudy1_CRLM","TLS","Rest","wilcox","SCT",0.25,0.05,0.05,86,3635,TRUE,FALSE,2,8965,0.332925228943579,6.0541958522699e-275,274.217943533795,"Spatially structured"
"CYB5A",0.3568,0.000257827023660546,0.00562389116086811,0.884,0.655,"CaseStudy1_CRLM","TLS","Rest","wilcox","SCT",0.25,0.05,0.05,86,3635,TRUE,FALSE,2,8965,0.396449776317184,0,388.130362861329,"Spatially structured"
"HPX",0.3565,0.00190237739731947,0.0251175454594537,0.872,0.702,"CaseStudy1_CRLM","TLS","Rest","wilcox","SCT",0.25,0.05,0.05,86,3635,TRUE,FALSE,2,8965,0.55393861150368,0,756.209032898611,"Spatially structured"
"PFN1",-0.3559,0.000229828065048886,0.00511267643464829,0.93,0.968,"CaseStudy1_CRLM","TLS","Rest","wilcox","SCT",0.25,0.05,0.05,86,3635,TRUE,FALSE,2,8965,0.154359591800671,8.852001143809e-61,60.0529585386275,"Weakly structured"
"SERPIND1",0.3541,0.0039231489501045,0.04142641971459,0.628,0.46,"CaseStudy1_CRLM","TLS","Rest","wilcox","SCT",0.25,0.05,0.05,86,3635,TRUE,FALSE,2,8965,0.324042130567964,1.57510139247642e-260,259.802691484556,"Spatially structured"
"APOH",0.3539,1.22057360064847e-05,0.000545449573411626,0.988,0.853,"CaseStudy1_CRLM","TLS","Rest","wilcox","SCT",0.25,0.05,0.05,86,3635,TRUE,FALSE,2,8965,0.732682510730652,0,1321.55814382558,"Spatially structured"
"RPS3",-0.3409,0.000150343075664908,0.00366256976449974,0.953,0.983,"CaseStudy1_CRLM","TLS","Rest","wilcox","SCT",0.25,0.05,0.05,86,3635,TRUE,FALSE,2,8965,0.392486805951405,0,380.564812425138,"Spatially structured"
"APOC2",0.3368,5.81274900724228e-05,0.00179694120172162,0.988,0.823,"CaseStudy1_CRLM","TLS","Rest","wilcox","SCT",0.25,0.05,0.05,86,3635,TRUE,FALSE,2,8965,0.713233893649542,0,1252.46040571651,"Spatially structured"
"ALB",0.3365,9.10059523206685e-07,6.97323386798968e-05,1,1,"CaseStudy1_CRLM","TLS","Rest","wilcox","SCT",0.25,0.05,0.05,86,3635,TRUE,FALSE,2,8965,0.864773619592028,0,1840.03517249366,"Spatially structured"
"HLA-C",0.3324,0.00439879649404224,0.0450688120789585,0.953,0.869,"CaseStudy1_CRLM","TLS","Rest","wilcox","SCT",0.25,0.05,0.05,86,3635,TRUE,FALSE,2,8965,0.0832263751941885,4.46604729923061e-19,18.3500766816931,"Weakly structured"
"RPS3A",-0.3311,0.000592908494596935,0.0107382316243667,1,0.996,"CaseStudy1_CRLM","TLS","Rest","wilcox","SCT",0.25,0.05,0.05,86,3635,TRUE,FALSE,2,8965,0.43893822836538,0,475.593282201707,"Spatially structured"
"SAA4",0.3309,0.000290880354147787,0.006213197940637,0.872,0.635,"CaseStudy1_CRLM","TLS","Rest","wilcox","SCT",0.25,0.05,0.05,86,3635,TRUE,FALSE,2,8965,0.535088721931004,0,705.730492192244,"Spatially structured"
"TTR",0.3304,3.35762311866561e-05,0.0012186676623011,1,0.854,"CaseStudy1_CRLM","TLS","Rest","wilcox","SCT",0.25,0.05,0.05,86,3635,TRUE,FALSE,2,8965,0.727867572736245,0,1304.32294568664,"Spatially structured"
"EEF1A1",-0.3301,0.00214662092906504,0.0272910653947243,1,1,"CaseStudy1_CRLM","TLS","Rest","wilcox","SCT",0.25,0.05,0.05,86,3635,TRUE,FALSE,2,8965,0.580864423354128,0,831.70342452755,"Spatially structured"
"GC",0.3174,0.0020928323813486,0.0268164956204105,0.942,0.728,"CaseStudy1_CRLM","TLS","Rest","wilcox","SCT",0.25,0.05,0.05,86,3635,TRUE,FALSE,2,8965,0.61065141039854,0,918.52505308235,"Spatially structured"
"RPL7",-0.314,0.00130648815823469,0.0194239906112338,1,0.998,"CaseStudy1_CRLM","TLS","Rest","wilcox","SCT",0.25,0.05,0.05,86,3635,TRUE,FALSE,2,8965,0.412823264404029,0,420.866470117094,"Spatially structured"
"RPL39",-0.3107,0.0024800321348569,0.0304568329986193,1,0.998,"CaseStudy1_CRLM","TLS","Rest","wilcox","SCT",0.25,0.05,0.05,86,3635,TRUE,FALSE,2,8965,0.41354301855564,0,422.328551951393,"Spatially structured"
"RPS19",-0.3089,0.000372489379529697,0.00733926876370052,1,0.998,"CaseStudy1_CRLM","TLS","Rest","wilcox","SCT",0.25,0.05,0.05,86,3635,TRUE,FALSE,2,8965,0.449136953963193,0,497.880470067122,"Spatially structured"
"HAMP",0.3011,0.00019014457036769,0.00439341771481016,0.988,0.853,"CaseStudy1_CRLM","TLS","Rest","wilcox","SCT",0.25,0.05,0.05,86,3635,TRUE,FALSE,2,8965,0.68940728132274,0,1170.36880438892,"Spatially structured"
"TMSB4X",-0.2993,0.00245066529878068,0.0301788659389681,0.942,0.983,"CaseStudy1_CRLM","TLS","Rest","wilcox","SCT",0.25,0.05,0.05,86,3635,TRUE,FALSE,2,8965,0.319414027452325,2.735751414835e-253,252.562923367504,"Spatially structured"
"RPL19",-0.2991,4.84247424240149e-05,0.00159605814643858,1,0.996,"CaseStudy1_CRLM","TLS","Rest","wilcox","SCT",0.25,0.05,0.05,86,3635,TRUE,FALSE,2,8965,0.26532118146937,1.78716112215822e-175,174.747836291753,"Weakly structured"
"RPL21",-0.2934,0.000205970206175358,0.00466293661202546,1,0.995,"CaseStudy1_CRLM","TLS","Rest","wilcox","SCT",0.25,0.05,0.05,86,3635,TRUE,FALSE,2,8965,0.283566387340773,4.13932733039735e-200,199.383070229032,"Weakly structured"
"RARRES2",0.2865,0.00490836633709621,0.0485236111100424,0.907,0.719,"CaseStudy1_CRLM","TLS","Rest","wilcox","SCT",0.25,0.05,0.05,86,3635,TRUE,FALSE,2,8965,0.417622842043382,0,430.523394059171,"Spatially structured"
"RPS17",-0.2806,0.00208756423225289,0.0268164956204105,0.988,0.992,"CaseStudy1_CRLM","TLS","Rest","wilcox","SCT",0.25,0.05,0.05,86,3635,TRUE,FALSE,2,8965,0.321519141501283,1.37609655123881e-256,255.861351093572,"Spatially structured"
"RPL18",-0.2758,0.00342011664834313,0.0375291869674371,0.988,0.989,"CaseStudy1_CRLM","TLS","Rest","wilcox","SCT",0.25,0.05,0.05,86,3635,TRUE,FALSE,2,8965,0.300950045138268,4.2141142225578e-225,224.37529369712,"Spatially structured"
"APOA2",0.2614,5.44157913231975e-05,0.00172992045820023,1,0.898,"CaseStudy1_CRLM","TLS","Rest","wilcox","SCT",0.25,0.05,0.05,86,3635,TRUE,FALSE,2,8965,0.805756076370579,0,1597.89295991948,"Spatially structured"
"RPL31",-0.2589,0.00417914448059854,0.0434137083065654,1,0.978,"CaseStudy1_CRLM","TLS","Rest","wilcox","SCT",0.25,0.05,0.05,86,3635,TRUE,FALSE,2,8965,0.280397656393628,1.03712898865284e-195,194.984167226662,"Weakly structured"
"FAU",-0.2519,0.00182520790486686,0.0244588772303908,0.977,0.966,"CaseStudy1_CRLM","TLS","Rest","wilcox","SCT",0.25,0.05,0.05,86,3635,TRUE,FALSE,2,8965,0.174580999120629,3.66899684285108e-77,76.4354526619516,"Weakly structured"
"RPL41",-0.2515,0.000711163294422489,0.012476671104692,1,1,"CaseStudy1_CRLM","TLS","Rest","wilcox","SCT",0.25,0.05,0.05,86,3635,TRUE,FALSE,2,8965,0.392818570165769,0,381.210056803149,"Spatially structured"
"RPL36",-0.2503,0.00370383607910286,0.0400541501196106,1,0.998,"CaseStudy1_CRLM","TLS","Rest","wilcox","SCT",0.25,0.05,0.05,86,3635,TRUE,FALSE,2,8965,0.399979441653424,0,395.159990038946,"Spatially structured"
