"gene","avg_log2FC","p_val","p_val_adj","pct_roi","pct_rest","sample","roi","reference","test","expression_assay","logfc_cutoff","fdr_cutoff","min_pct","n_spots_roi","n_spots_rest","passes_selected_filters","complete_gene_table","analysis_format_version","n_genes_tested"
"PDZD3",6.5785,5.36269319930849e-15,3.50787168899766e-12,0.069,0.001,"HCC-1L_normalized","ROI 1","Rest","wilcox","Spatial",0.25,0.05,0.05,29,2762,TRUE,FALSE,2,2160
"AC141928.1",6.5447,2.00638905564889e-11,3.04331418209004e-09,0.069,0.002,"HCC-1L_normalized","ROI 1","Rest","wilcox","Spatial",0.25,0.05,0.05,29,2762,TRUE,FALSE,2,2160
"WNT7B",6.5294,6.67892485482215e-18,1.74754068826422e-14,0.103,0.003,"HCC-1L_normalized","ROI 1","Rest","wilcox","Spatial",0.25,0.05,0.05,29,2762,TRUE,FALSE,2,2160
"CCDC78",6.2275,3.69372300402442e-14,1.54634019840478e-11,0.103,0.004,"HCC-1L_normalized","ROI 1","Rest","wilcox","Spatial",0.25,0.05,0.05,29,2762,TRUE,FALSE,2,2160
"AP001059.3",6.1004,2.12647041279881e-05,0.000496777663847151,0.069,0.006,"HCC-1L_normalized","ROI 1","Rest","wilcox","Spatial",0.25,0.05,0.05,29,2762,TRUE,FALSE,2,2160
"AC006273.1",5.879,6.23086698795691e-13,1.71611194463045e-10,0.069,0.002,"HCC-1L_normalized","ROI 1","Rest","wilcox","Spatial",0.25,0.05,0.05,29,2762,TRUE,FALSE,2,2160
"AC138894.1",5.8519,5.32078555279137e-06,0.000154258563976494,0.069,0.005,"HCC-1L_normalized","ROI 1","Rest","wilcox","Spatial",0.25,0.05,0.05,29,2762,TRUE,FALSE,2,2160
"FXYD3",5.7659,2.86056183329449e-07,1.18804127568492e-05,0.069,0.004,"HCC-1L_normalized","ROI 1","Rest","wilcox","Spatial",0.25,0.05,0.05,29,2762,TRUE,FALSE,2,2160
"AC011139.1",5.5316,1.15739761973039e-27,1.21133234880983e-23,0.241,0.011,"HCC-1L_normalized","ROI 1","Rest","wilcox","Spatial",0.25,0.05,0.05,29,2762,TRUE,FALSE,2,2160
"LINC01806",5.4703,2.86056183329449e-07,1.18804127568492e-05,0.069,0.004,"HCC-1L_normalized","ROI 1","Rest","wilcox","Spatial",0.25,0.05,0.05,29,2762,TRUE,FALSE,2,2160
"CKMT2",5.3556,2.06570616694659e-12,4.41217974352307e-10,0.103,0.005,"HCC-1L_normalized","ROI 1","Rest","wilcox","Spatial",0.25,0.05,0.05,29,2762,TRUE,FALSE,2,2160
"RALYL",5.2923,3.87256378206028e-05,0.000808987076707444,0.069,0.006,"HCC-1L_normalized","ROI 1","Rest","wilcox","Spatial",0.25,0.05,0.05,29,2762,TRUE,FALSE,2,2160
"PRDM8",5.2251,0.000105831745825936,0.00179519457344287,0.069,0.007,"HCC-1L_normalized","ROI 1","Rest","wilcox","Spatial",0.25,0.05,0.05,29,2762,TRUE,FALSE,2,2160
"CELF2",5.2208,0.000746894960089323,0.00816823683625377,0.276,0.105,"HCC-1L_normalized","ROI 1","Rest","wilcox","Spatial",0.25,0.05,0.05,29,2762,TRUE,FALSE,2,2160
"AC025754.2",5.205,0.00743899641535934,0.0397836159852585,0.069,0.013,"HCC-1L_normalized","ROI 1","Rest","wilcox","Spatial",0.25,0.05,0.05,29,2762,TRUE,FALSE,2,2160
"C9orf116",5.1727,0.000511220344480935,0.00616409231029662,0.069,0.008,"HCC-1L_normalized","ROI 1","Rest","wilcox","Spatial",0.25,0.05,0.05,29,2762,TRUE,FALSE,2,2160
"SMPD3",5.1636,8.33038575553944e-07,3.04845515096069e-05,0.138,0.017,"HCC-1L_normalized","ROI 1","Rest","wilcox","Spatial",0.25,0.05,0.05,29,2762,TRUE,FALSE,2,2160
"AC087071.1",5.0535,3.10553030910236e-09,2.27290071434023e-07,0.069,0.003,"HCC-1L_normalized","ROI 1","Rest","wilcox","Spatial",0.25,0.05,0.05,29,2762,TRUE,FALSE,2,2160
"WNT6",5.0417,0.000106506662804499,0.0018037196325435,0.069,0.007,"HCC-1L_normalized","ROI 1","Rest","wilcox","Spatial",0.25,0.05,0.05,29,2762,TRUE,FALSE,2,2160
"AC111182.1",4.9639,3.59586061610005e-10,3.30125238667571e-08,0.138,0.011,"HCC-1L_normalized","ROI 1","Rest","wilcox","Spatial",0.25,0.05,0.05,29,2762,TRUE,FALSE,2,2160
"FAM129C",4.9566,1.54640083645607e-10,1.60243872815339e-08,0.172,0.016,"HCC-1L_normalized","ROI 1","Rest","wilcox","Spatial",0.25,0.05,0.05,29,2762,TRUE,FALSE,2,2160
"AC004069.1",4.9237,0.000249417545651633,0.00349451677749665,0.069,0.008,"HCC-1L_normalized","ROI 1","Rest","wilcox","Spatial",0.25,0.05,0.05,29,2762,TRUE,FALSE,2,2160
"MUC5B",4.8895,0.000511220344480935,0.00616409231029662,0.069,0.008,"HCC-1L_normalized","ROI 1","Rest","wilcox","Spatial",0.25,0.05,0.05,29,2762,TRUE,FALSE,2,2160
"TEX22",4.8837,2.19084094438176e-05,0.000509540918308878,0.069,0.006,"HCC-1L_normalized","ROI 1","Rest","wilcox","Spatial",0.25,0.05,0.05,29,2762,TRUE,FALSE,2,2160
"AC107959.1",4.88,0.00157760198836766,0.0135894505434205,0.069,0.01,"HCC-1L_normalized","ROI 1","Rest","wilcox","Spatial",0.25,0.05,0.05,29,2762,TRUE,FALSE,2,2160
"NTNG2",4.8651,0.00157047559739282,0.0135615491768262,0.069,0.01,"HCC-1L_normalized","ROI 1","Rest","wilcox","Spatial",0.25,0.05,0.05,29,2762,TRUE,FALSE,2,2160
"LINC00921",4.8504,5.07112004087661e-05,0.00101088293494223,0.103,0.014,"HCC-1L_normalized","ROI 1","Rest","wilcox","Spatial",0.25,0.05,0.05,29,2762,TRUE,FALSE,2,2160
"PTX3",4.8452,0.000361331374553316,0.00468031456197401,0.069,0.008,"HCC-1L_normalized","ROI 1","Rest","wilcox","Spatial",0.25,0.05,0.05,29,2762,TRUE,FALSE,2,2160
"TNFRSF17",4.8205,2.30282945704312e-06,7.55530191141484e-05,0.069,0.005,"HCC-1L_normalized","ROI 1","Rest","wilcox","Spatial",0.25,0.05,0.05,29,2762,TRUE,FALSE,2,2160
"CXCR5",4.811,6.694076475001e-05,0.00126241736515875,0.069,0.007,"HCC-1L_normalized","ROI 1","Rest","wilcox","Spatial",0.25,0.05,0.05,29,2762,TRUE,FALSE,2,2160
"AC010542.2",4.8096,3.84577051389748e-05,0.000804996683969021,0.103,0.013,"HCC-1L_normalized","ROI 1","Rest","wilcox","Spatial",0.25,0.05,0.05,29,2762,TRUE,FALSE,2,2160
"AC139749.1",4.7908,9.12222504701587e-07,3.31504192159959e-05,0.069,0.004,"HCC-1L_normalized","ROI 1","Rest","wilcox","Spatial",0.25,0.05,0.05,29,2762,TRUE,FALSE,2,2160
"TESMIN",4.7724,0.000220300544694909,0.00318022827693368,0.138,0.027,"HCC-1L_normalized","ROI 1","Rest","wilcox","Spatial",0.25,0.05,0.05,29,2762,TRUE,FALSE,2,2160
"SHISA8",4.7457,2.36582662981214e-06,7.68967127565649e-05,0.069,0.005,"HCC-1L_normalized","ROI 1","Rest","wilcox","Spatial",0.25,0.05,0.05,29,2762,TRUE,FALSE,2,2160
"KCNJ16",4.7265,4.43621047938259e-09,3.09529192514788e-07,0.103,0.007,"HCC-1L_normalized","ROI 1","Rest","wilcox","Spatial",0.25,0.05,0.05,29,2762,TRUE,FALSE,2,2160
"GPR174",4.7113,1.47684831217551e-13,5.52024801258176e-11,0.241,0.024,"HCC-1L_normalized","ROI 1","Rest","wilcox","Spatial",0.25,0.05,0.05,29,2762,TRUE,FALSE,2,2160
"CCL28",4.7104,0.000935256697685798,0.0093938547005562,0.069,0.009,"HCC-1L_normalized","ROI 1","Rest","wilcox","Spatial",0.25,0.05,0.05,29,2762,TRUE,FALSE,2,2160
"LAIR2",4.6841,0.00252379322778679,0.0186935739009318,0.069,0.01,"HCC-1L_normalized","ROI 1","Rest","wilcox","Spatial",0.25,0.05,0.05,29,2762,TRUE,FALSE,2,2160
"WNT10B",4.6821,5.56370222233198e-07,2.16467313973705e-05,0.103,0.009,"HCC-1L_normalized","ROI 1","Rest","wilcox","Spatial",0.25,0.05,0.05,29,2762,TRUE,FALSE,2,2160
"AC100830.3",4.6747,0.000365344844023281,0.00470898908564982,0.069,0.008,"HCC-1L_normalized","ROI 1","Rest","wilcox","Spatial",0.25,0.05,0.05,29,2762,TRUE,FALSE,2,2160
"TTC16",4.6685,6.78407944346237e-05,0.00127701754415966,0.069,0.007,"HCC-1L_normalized","ROI 1","Rest","wilcox","Spatial",0.25,0.05,0.05,29,2762,TRUE,FALSE,2,2160
"FAM171A2",4.6505,2.17415894732328e-05,0.000506787250393885,0.103,0.013,"HCC-1L_normalized","ROI 1","Rest","wilcox","Spatial",0.25,0.05,0.05,29,2762,TRUE,FALSE,2,2160
"NMUR1",4.6381,1.0518538288153e-07,5.17338403512355e-06,0.138,0.015,"HCC-1L_normalized","ROI 1","Rest","wilcox","Spatial",0.25,0.05,0.05,29,2762,TRUE,FALSE,2,2160
"LEFTY1",4.6307,1.10043459427584e-18,3.83904948789698e-15,0.207,0.012,"HCC-1L_normalized","ROI 1","Rest","wilcox","Spatial",0.25,0.05,0.05,29,2762,TRUE,FALSE,2,2160
"FAM153A",4.6123,0.00452890946626015,0.0280636864854226,0.069,0.012,"HCC-1L_normalized","ROI 1","Rest","wilcox","Spatial",0.25,0.05,0.05,29,2762,TRUE,FALSE,2,2160
"AL035587.1",4.5973,0.00375986748323786,0.0247742868354202,0.069,0.011,"HCC-1L_normalized","ROI 1","Rest","wilcox","Spatial",0.25,0.05,0.05,29,2762,TRUE,FALSE,2,2160
"BLK",4.5948,6.65550751641954e-09,4.32649327123273e-07,0.207,0.028,"HCC-1L_normalized","ROI 1","Rest","wilcox","Spatial",0.25,0.05,0.05,29,2762,TRUE,FALSE,2,2160
"SLC6A19",4.5554,6.64168787604478e-17,9.93027218724066e-14,0.207,0.014,"HCC-1L_normalized","ROI 1","Rest","wilcox","Spatial",0.25,0.05,0.05,29,2762,TRUE,FALSE,2,2160
"AC012645.3",4.4966,0.000255244222243927,0.00354295229443626,0.069,0.008,"HCC-1L_normalized","ROI 1","Rest","wilcox","Spatial",0.25,0.05,0.05,29,2762,TRUE,FALSE,2,2160
"SIRPB1",4.4745,6.82950916019798e-05,0.00127866981879485,0.069,0.007,"HCC-1L_normalized","ROI 1","Rest","wilcox","Spatial",0.25,0.05,0.05,29,2762,TRUE,FALSE,2,2160
"FCMR",4.4657,3.21904780187191e-09,2.3396218259994e-07,0.241,0.036,"HCC-1L_normalized","ROI 1","Rest","wilcox","Spatial",0.25,0.05,0.05,29,2762,TRUE,FALSE,2,2160
"MS4A1",4.4608,8.1516126665118e-11,9.4794197964125e-09,0.31,0.051,"HCC-1L_normalized","ROI 1","Rest","wilcox","Spatial",0.25,0.05,0.05,29,2762,TRUE,FALSE,2,2160
"SBK1",4.4441,0.00743899641535934,0.0397836159852585,0.069,0.013,"HCC-1L_normalized","ROI 1","Rest","wilcox","Spatial",0.25,0.05,0.05,29,2762,TRUE,FALSE,2,2160
"ACOT11",4.4342,0.00378963566902711,0.024866662640776,0.069,0.011,"HCC-1L_normalized","ROI 1","Rest","wilcox","Spatial",0.25,0.05,0.05,29,2762,TRUE,FALSE,2,2160
"C3orf70",4.4129,0.00749107491466326,0.0398382063297082,0.069,0.013,"HCC-1L_normalized","ROI 1","Rest","wilcox","Spatial",0.25,0.05,0.05,29,2762,TRUE,FALSE,2,2160
"ZNF829",4.4003,0.0100271664961834,0.0490164990887694,0.069,0.013,"HCC-1L_normalized","ROI 1","Rest","wilcox","Spatial",0.25,0.05,0.05,29,2762,TRUE,FALSE,2,2160
"ICOS",4.3984,0.00153106791225122,0.01333124523263,0.103,0.02,"HCC-1L_normalized","ROI 1","Rest","wilcox","Spatial",0.25,0.05,0.05,29,2762,TRUE,FALSE,2,2160
"B3GALT5",4.3948,1.17931115227317e-05,0.000297413747462433,0.069,0.005,"HCC-1L_normalized","ROI 1","Rest","wilcox","Spatial",0.25,0.05,0.05,29,2762,TRUE,FALSE,2,2160
"SLC5A2",4.3329,0.00124022907039132,0.0113761940847638,0.069,0.009,"HCC-1L_normalized","ROI 1","Rest","wilcox","Spatial",0.25,0.05,0.05,29,2762,TRUE,FALSE,2,2160
"BICDL2",4.3242,5.79687912216533e-07,2.23051973869788e-05,0.103,0.009,"HCC-1L_normalized","ROI 1","Rest","wilcox","Spatial",0.25,0.05,0.05,29,2762,TRUE,FALSE,2,2160
"LYPD6B",4.3161,0.000171430567924845,0.00262308819283834,0.103,0.016,"HCC-1L_normalized","ROI 1","Rest","wilcox","Spatial",0.25,0.05,0.05,29,2762,TRUE,FALSE,2,2160
"PRSS22",4.2935,7.57943010391483e-09,4.8369704553398e-07,0.138,0.013,"HCC-1L_normalized","ROI 1","Rest","wilcox","Spatial",0.25,0.05,0.05,29,2762,TRUE,FALSE,2,2160
"ITK",4.2601,2.84710470169278e-05,0.000628645523373768,0.172,0.034,"HCC-1L_normalized","ROI 1","Rest","wilcox","Spatial",0.25,0.05,0.05,29,2762,TRUE,FALSE,2,2160
"SPIB",4.2088,6.65646511923944e-07,2.51503840931263e-05,0.172,0.025,"HCC-1L_normalized","ROI 1","Rest","wilcox","Spatial",0.25,0.05,0.05,29,2762,TRUE,FALSE,2,2160
"ESRP1",4.1905,0.000522147579766576,0.00625262765427572,0.069,0.008,"HCC-1L_normalized","ROI 1","Rest","wilcox","Spatial",0.25,0.05,0.05,29,2762,TRUE,FALSE,2,2160
"LRCH2",4.167,0.00204602789701658,0.016119346018941,0.069,0.01,"HCC-1L_normalized","ROI 1","Rest","wilcox","Spatial",0.25,0.05,0.05,29,2762,TRUE,FALSE,2,2160
"CTRL",4.1608,0.00094442736201292,0.00943165722407178,0.069,0.009,"HCC-1L_normalized","ROI 1","Rest","wilcox","Spatial",0.25,0.05,0.05,29,2762,TRUE,FALSE,2,2160
"PAX5",4.1432,0.0064918486247504,0.0364504762374666,0.069,0.012,"HCC-1L_normalized","ROI 1","Rest","wilcox","Spatial",0.25,0.05,0.05,29,2762,TRUE,FALSE,2,2160
"BIK",4.1268,0.0064918486247504,0.0364504762374666,0.069,0.012,"HCC-1L_normalized","ROI 1","Rest","wilcox","Spatial",0.25,0.05,0.05,29,2762,TRUE,FALSE,2,2160
"KCNJ15",4.1124,2.06792379233412e-08,1.21589271969488e-06,0.172,0.021,"HCC-1L_normalized","ROI 1","Rest","wilcox","Spatial",0.25,0.05,0.05,29,2762,TRUE,FALSE,2,2160
"SYT13",4.1102,2.9229482824348e-06,9.17918258601592e-05,0.138,0.018,"HCC-1L_normalized","ROI 1","Rest","wilcox","Spatial",0.25,0.05,0.05,29,2762,TRUE,FALSE,2,2160
"SMIM22",4.1055,3.70129120801161e-05,0.000779430860825945,0.138,0.023,"HCC-1L_normalized","ROI 1","Rest","wilcox","Spatial",0.25,0.05,0.05,29,2762,TRUE,FALSE,2,2160
"PARP15",4.0908,0.00322699470592054,0.022146705962075,0.138,0.037,"HCC-1L_normalized","ROI 1","Rest","wilcox","Spatial",0.25,0.05,0.05,29,2762,TRUE,FALSE,2,2160
"KIF21B",4.0764,0.000132667068256016,0.00213614390210378,0.172,0.039,"HCC-1L_normalized","ROI 1","Rest","wilcox","Spatial",0.25,0.05,0.05,29,2762,TRUE,FALSE,2,2160
"LOXL1-AS1",4.0638,0.00746499493587648,0.0398092748132322,0.069,0.013,"HCC-1L_normalized","ROI 1","Rest","wilcox","Spatial",0.25,0.05,0.05,29,2762,TRUE,FALSE,2,2160
"SLC34A2",4.057,5.87265110492071e-06,0.000167932148809017,0.103,0.011,"HCC-1L_normalized","ROI 1","Rest","wilcox","Spatial",0.25,0.05,0.05,29,2762,TRUE,FALSE,2,2160
"CYTIP",4.0178,0.000109085998852216,0.00184136580288624,0.241,0.07,"HCC-1L_normalized","ROI 1","Rest","wilcox","Spatial",0.25,0.05,0.05,29,2762,TRUE,FALSE,2,2160
"DNAJC22",-4.0003,5.25176027379185e-08,2.86275640757841e-06,0,0.56,"HCC-1L_normalized","ROI 1","Rest","wilcox","Spatial",0.25,0.05,0.05,29,2762,TRUE,FALSE,2,2160
"RAB33A",3.9973,0.0075962138085503,0.0402337923685665,0.069,0.013,"HCC-1L_normalized","ROI 1","Rest","wilcox","Spatial",0.25,0.05,0.05,29,2762,TRUE,FALSE,2,2160
"C19orf33",3.9857,2.81733167996789e-09,2.07649249032e-07,0.241,0.036,"HCC-1L_normalized","ROI 1","Rest","wilcox","Spatial",0.25,0.05,0.05,29,2762,TRUE,FALSE,2,2160
"ARHGEF10",3.9772,0.00653856245831168,0.0366145503952327,0.069,0.012,"HCC-1L_normalized","ROI 1","Rest","wilcox","Spatial",0.25,0.05,0.05,29,2762,TRUE,FALSE,2,2160
"DPEP2",3.9747,6.23178318883949e-05,0.00118585168826171,0.207,0.05,"HCC-1L_normalized","ROI 1","Rest","wilcox","Spatial",0.25,0.05,0.05,29,2762,TRUE,FALSE,2,2160
"CCDC154",3.957,0.00756980579750311,0.0401345427946644,0.069,0.013,"HCC-1L_normalized","ROI 1","Rest","wilcox","Spatial",0.25,0.05,0.05,29,2762,TRUE,FALSE,2,2160
"ALKAL2",3.9338,2.17022845814358e-12,4.54272220858613e-10,0.241,0.026,"HCC-1L_normalized","ROI 1","Rest","wilcox","Spatial",0.25,0.05,0.05,29,2762,TRUE,FALSE,2,2160
"MIAT",3.9189,0.00745948321819939,0.0398092748132322,0.103,0.026,"HCC-1L_normalized","ROI 1","Rest","wilcox","Spatial",0.25,0.05,0.05,29,2762,TRUE,FALSE,2,2160
"SAMSN1",3.9167,0.00023031507137407,0.00330202402328907,0.241,0.075,"HCC-1L_normalized","ROI 1","Rest","wilcox","Spatial",0.25,0.05,0.05,29,2762,TRUE,FALSE,2,2160
"TIGIT",3.9002,0.00747802735360352,0.0398092748132322,0.103,0.026,"HCC-1L_normalized","ROI 1","Rest","wilcox","Spatial",0.25,0.05,0.05,29,2762,TRUE,FALSE,2,2160
"RAB25",3.8992,3.09195147542706e-06,9.54583013033025e-05,0.138,0.018,"HCC-1L_normalized","ROI 1","Rest","wilcox","Spatial",0.25,0.05,0.05,29,2762,TRUE,FALSE,2,2160
"OBSCN",3.8743,9.15849416409814e-08,4.60830768853131e-06,0.276,0.056,"HCC-1L_normalized","ROI 1","Rest","wilcox","Spatial",0.25,0.05,0.05,29,2762,TRUE,FALSE,2,2160
"CCR7",3.8683,0.000652150566259622,0.00741086626110012,0.172,0.045,"HCC-1L_normalized","ROI 1","Rest","wilcox","Spatial",0.25,0.05,0.05,29,2762,TRUE,FALSE,2,2160
"IL21R",3.8585,2.68310444288534e-05,0.000599462553902767,0.172,0.033,"HCC-1L_normalized","ROI 1","Rest","wilcox","Spatial",0.25,0.05,0.05,29,2762,TRUE,FALSE,2,2160
"CD79A",3.8464,6.1269843849625e-11,7.54411983211971e-09,0.379,0.075,"HCC-1L_normalized","ROI 1","Rest","wilcox","Spatial",0.25,0.05,0.05,29,2762,TRUE,FALSE,2,2160
"BCL11B",3.8407,7.90615317241862e-06,0.000214924153513074,0.207,0.043,"HCC-1L_normalized","ROI 1","Rest","wilcox","Spatial",0.25,0.05,0.05,29,2762,TRUE,FALSE,2,2160
"AL645608.8",3.7891,3.23437387737197e-10,3.02240687505135e-08,0.276,0.042,"HCC-1L_normalized","ROI 1","Rest","wilcox","Spatial",0.25,0.05,0.05,29,2762,TRUE,FALSE,2,2160
"MIR29B2CHG",3.7889,0.00270710446578093,0.0195651803112492,0.138,0.036,"HCC-1L_normalized","ROI 1","Rest","wilcox","Spatial",0.25,0.05,0.05,29,2762,TRUE,FALSE,2,2160
"LINC00926",3.7832,0.000387020360345789,0.00492768259291852,0.241,0.079,"HCC-1L_normalized","ROI 1","Rest","wilcox","Spatial",0.25,0.05,0.05,29,2762,TRUE,FALSE,2,2160
"HSH2D",3.7832,0.00921038055587632,0.0459903830619282,0.103,0.026,"HCC-1L_normalized","ROI 1","Rest","wilcox","Spatial",0.25,0.05,0.05,29,2762,TRUE,FALSE,2,2160
"AL356488.2",3.761,0.00042524396675377,0.00533645486336326,0.138,0.029,"HCC-1L_normalized","ROI 1","Rest","wilcox","Spatial",0.25,0.05,0.05,29,2762,TRUE,FALSE,2,2160
"HUNK",3.76,0.00161368261945321,0.0138246732121113,0.069,0.01,"HCC-1L_normalized","ROI 1","Rest","wilcox","Spatial",0.25,0.05,0.05,29,2762,TRUE,FALSE,2,2160
"LY6H",3.7509,0.000699849257378484,0.00780044319994781,0.103,0.018,"HCC-1L_normalized","ROI 1","Rest","wilcox","Spatial",0.25,0.05,0.05,29,2762,TRUE,FALSE,2,2160
"GABRP",3.7506,0.00047201818814224,0.00579149162613914,0.103,0.017,"HCC-1L_normalized","ROI 1","Rest","wilcox","Spatial",0.25,0.05,0.05,29,2762,TRUE,FALSE,2,2160
"SPNS3",3.7443,6.01562281784935e-05,0.00115522033782773,0.172,0.036,"HCC-1L_normalized","ROI 1","Rest","wilcox","Spatial",0.25,0.05,0.05,29,2762,TRUE,FALSE,2,2160
"POC1B-AS1",3.7374,0.00819014869664637,0.0424681506790924,0.103,0.026,"HCC-1L_normalized","ROI 1","Rest","wilcox","Spatial",0.25,0.05,0.05,29,2762,TRUE,FALSE,2,2160
"CHST4",3.7011,3.93942961410456e-06,0.000119507450264401,0.138,0.019,"HCC-1L_normalized","ROI 1","Rest","wilcox","Spatial",0.25,0.05,0.05,29,2762,TRUE,FALSE,2,2160
"WNT10A",3.6786,3.32416297923071e-05,0.000718815903731996,0.138,0.022,"HCC-1L_normalized","ROI 1","Rest","wilcox","Spatial",0.25,0.05,0.05,29,2762,TRUE,FALSE,2,2160
"ANO9",3.6775,2.41627995497645e-08,1.39717049772284e-06,0.31,0.065,"HCC-1L_normalized","ROI 1","Rest","wilcox","Spatial",0.25,0.05,0.05,29,2762,TRUE,FALSE,2,2160
"NCR3",3.6768,0.000713481238198023,0.00789354613000054,0.138,0.031,"HCC-1L_normalized","ROI 1","Rest","wilcox","Spatial",0.25,0.05,0.05,29,2762,TRUE,FALSE,2,2160
"RFTN2",3.6695,0.00043927192720154,0.005473119035823,0.138,0.029,"HCC-1L_normalized","ROI 1","Rest","wilcox","Spatial",0.25,0.05,0.05,29,2762,TRUE,FALSE,2,2160
"TAGAP",3.6543,5.05661764750178e-05,0.00101088293494223,0.207,0.049,"HCC-1L_normalized","ROI 1","Rest","wilcox","Spatial",0.25,0.05,0.05,29,2762,TRUE,FALSE,2,2160
"CTTNBP2",3.646,0.000682543482753896,0.00764828703479901,0.103,0.018,"HCC-1L_normalized","ROI 1","Rest","wilcox","Spatial",0.25,0.05,0.05,29,2762,TRUE,FALSE,2,2160
"RIPOR2",3.6434,9.00983047993657e-06,0.000236926848751297,0.276,0.074,"HCC-1L_normalized","ROI 1","Rest","wilcox","Spatial",0.25,0.05,0.05,29,2762,TRUE,FALSE,2,2160
"JCHAIN",3.6421,9.17614095945699e-19,3.83904948789698e-15,0.793,0.211,"HCC-1L_normalized","ROI 1","Rest","wilcox","Spatial",0.25,0.05,0.05,29,2762,TRUE,FALSE,2,2160
"IL7R",3.6358,3.75882549723956e-10,3.42085805687906e-08,0.621,0.242,"HCC-1L_normalized","ROI 1","Rest","wilcox","Spatial",0.25,0.05,0.05,29,2762,TRUE,FALSE,2,2160
"SLC5A1",3.6345,0.000116843304607969,0.00193837217292913,0.103,0.015,"HCC-1L_normalized","ROI 1","Rest","wilcox","Spatial",0.25,0.05,0.05,29,2762,TRUE,FALSE,2,2160
"VPREB3",3.6209,2.00024199042274e-06,6.6458833878617e-05,0.207,0.038,"HCC-1L_normalized","ROI 1","Rest","wilcox","Spatial",0.25,0.05,0.05,29,2762,TRUE,FALSE,2,2160
"RHOH",3.6142,0.000374382035160762,0.00480181664214771,0.241,0.079,"HCC-1L_normalized","ROI 1","Rest","wilcox","Spatial",0.25,0.05,0.05,29,2762,TRUE,FALSE,2,2160
"LSP1",3.6133,8.23290956679862e-06,0.000222650210661794,0.586,0.353,"HCC-1L_normalized","ROI 1","Rest","wilcox","Spatial",0.25,0.05,0.05,29,2762,TRUE,FALSE,2,2160
"RAB36",3.5921,0.000163226102270383,0.0025271070804169,0.138,0.026,"HCC-1L_normalized","ROI 1","Rest","wilcox","Spatial",0.25,0.05,0.05,29,2762,TRUE,FALSE,2,2160
"SCML4",3.5883,0.00943832901003265,0.0469271028118773,0.138,0.043,"HCC-1L_normalized","ROI 1","Rest","wilcox","Spatial",0.25,0.05,0.05,29,2762,TRUE,FALSE,2,2160
"F11",-3.5824,8.32029967237925e-07,3.04845515096069e-05,0,0.495,"HCC-1L_normalized","ROI 1","Rest","wilcox","Spatial",0.25,0.05,0.05,29,2762,TRUE,FALSE,2,2160
"MATK",3.5464,5.93607845748273e-08,3.18599985312894e-06,0.379,0.102,"HCC-1L_normalized","ROI 1","Rest","wilcox","Spatial",0.25,0.05,0.05,29,2762,TRUE,FALSE,2,2160
"TMEM125",3.5413,0.000663252901430939,0.00749633354900238,0.103,0.018,"HCC-1L_normalized","ROI 1","Rest","wilcox","Spatial",0.25,0.05,0.05,29,2762,TRUE,FALSE,2,2160
"MMRN1",3.5373,1.10990452621991e-05,0.000283085289014349,0.241,0.058,"HCC-1L_normalized","ROI 1","Rest","wilcox","Spatial",0.25,0.05,0.05,29,2762,TRUE,FALSE,2,2160
"SLC25A14",3.5358,0.00812942473519647,0.0423085824358857,0.207,0.085,"HCC-1L_normalized","ROI 1","Rest","wilcox","Spatial",0.25,0.05,0.05,29,2762,TRUE,FALSE,2,2160
"ZAP70",3.5276,6.52123391457256e-13,1.75003164486965e-10,0.586,0.165,"HCC-1L_normalized","ROI 1","Rest","wilcox","Spatial",0.25,0.05,0.05,29,2762,TRUE,FALSE,2,2160
"BEND5",3.5093,0.00772289126849778,0.0407398084758557,0.103,0.026,"HCC-1L_normalized","ROI 1","Rest","wilcox","Spatial",0.25,0.05,0.05,29,2762,TRUE,FALSE,2,2160
"DENND1C",3.5004,0.000868812098313643,0.00899405283971373,0.207,0.065,"HCC-1L_normalized","ROI 1","Rest","wilcox","Spatial",0.25,0.05,0.05,29,2762,TRUE,FALSE,2,2160
"PRKCB",3.4942,0.0023571773740932,0.0179266994794724,0.172,0.052,"HCC-1L_normalized","ROI 1","Rest","wilcox","Spatial",0.25,0.05,0.05,29,2762,TRUE,FALSE,2,2160
"MAML2",3.4927,0.000170059368605392,0.00260591705977164,0.207,0.055,"HCC-1L_normalized","ROI 1","Rest","wilcox","Spatial",0.25,0.05,0.05,29,2762,TRUE,FALSE,2,2160
"FGF1",3.4822,0.00532595679172214,0.0315815658822458,0.103,0.024,"HCC-1L_normalized","ROI 1","Rest","wilcox","Spatial",0.25,0.05,0.05,29,2762,TRUE,FALSE,2,2160
"PKHD1",3.4797,2.95252901322415e-05,0.000647823242188763,0.138,0.022,"HCC-1L_normalized","ROI 1","Rest","wilcox","Spatial",0.25,0.05,0.05,29,2762,TRUE,FALSE,2,2160
"CARMIL2",3.4569,0.00562797369183407,0.032814692288989,0.138,0.04,"HCC-1L_normalized","ROI 1","Rest","wilcox","Spatial",0.25,0.05,0.05,29,2762,TRUE,FALSE,2,2160
"CYS1",3.4376,0.000448965891402272,0.00557668733549677,0.172,0.043,"HCC-1L_normalized","ROI 1","Rest","wilcox","Spatial",0.25,0.05,0.05,29,2762,TRUE,FALSE,2,2160
"BATF",3.4302,0.00491546831656203,0.0297199834784161,0.172,0.057,"HCC-1L_normalized","ROI 1","Rest","wilcox","Spatial",0.25,0.05,0.05,29,2762,TRUE,FALSE,2,2160
"WNK2",3.3979,7.92430101858881e-07,2.93059132369436e-05,0.276,0.062,"HCC-1L_normalized","ROI 1","Rest","wilcox","Spatial",0.25,0.05,0.05,29,2762,TRUE,FALSE,2,2160
"BHMT2",-3.3939,7.60408656815051e-08,3.92041231636765e-06,0.034,0.585,"HCC-1L_normalized","ROI 1","Rest","wilcox","Spatial",0.25,0.05,0.05,29,2762,TRUE,FALSE,2,2160
"RCN2",-3.3872,5.82564712342884e-05,0.00112758154452422,0,0.376,"HCC-1L_normalized","ROI 1","Rest","wilcox","Spatial",0.25,0.05,0.05,29,2762,TRUE,FALSE,2,2160
"C2orf40",3.3669,0.00579889544480393,0.0334755872726519,0.103,0.025,"HCC-1L_normalized","ROI 1","Rest","wilcox","Spatial",0.25,0.05,0.05,29,2762,TRUE,FALSE,2,2160
"GOLGA8A",3.3661,0.00017916601305792,0.00270194739576972,0.276,0.093,"HCC-1L_normalized","ROI 1","Rest","wilcox","Spatial",0.25,0.05,0.05,29,2762,TRUE,FALSE,2,2160
"CCL21",3.3639,1.48959176905065e-15,1.41727885953491e-12,0.966,0.868,"HCC-1L_normalized","ROI 1","Rest","wilcox","Spatial",0.25,0.05,0.05,29,2762,TRUE,FALSE,2,2160
"TTYH1",3.3579,0.00339459635418946,0.0230251752708664,0.138,0.037,"HCC-1L_normalized","ROI 1","Rest","wilcox","Spatial",0.25,0.05,0.05,29,2762,TRUE,FALSE,2,2160
"COL10A1",3.3532,0.00302905410436199,0.0211912301178159,0.103,0.022,"HCC-1L_normalized","ROI 1","Rest","wilcox","Spatial",0.25,0.05,0.05,29,2762,TRUE,FALSE,2,2160
"ITIH5",3.3478,9.17726979871581e-10,7.74591175107739e-08,0.276,0.043,"HCC-1L_normalized","ROI 1","Rest","wilcox","Spatial",0.25,0.05,0.05,29,2762,TRUE,FALSE,2,2160
"AMDHD1",-3.3292,4.31927755869853e-06,0.000128790766180453,0,0.451,"HCC-1L_normalized","ROI 1","Rest","wilcox","Spatial",0.25,0.05,0.05,29,2762,TRUE,FALSE,2,2160
"ADM5",3.3251,0.00340904304919454,0.0230932327203042,0.103,0.022,"HCC-1L_normalized","ROI 1","Rest","wilcox","Spatial",0.25,0.05,0.05,29,2762,TRUE,FALSE,2,2160
"IGHD",3.3238,0.00116993533685249,0.010915435431628,0.138,0.032,"HCC-1L_normalized","ROI 1","Rest","wilcox","Spatial",0.25,0.05,0.05,29,2762,TRUE,FALSE,2,2160
"CD69",3.3194,0.000994455231419766,0.0097754462514604,0.241,0.085,"HCC-1L_normalized","ROI 1","Rest","wilcox","Spatial",0.25,0.05,0.05,29,2762,TRUE,FALSE,2,2160
"FOXF1",3.2942,0.000574746047355523,0.00673604941951053,0.207,0.062,"HCC-1L_normalized","ROI 1","Rest","wilcox","Spatial",0.25,0.05,0.05,29,2762,TRUE,FALSE,2,2160
"CD2",3.2922,3.13268560757304e-12,6.30513222478066e-10,0.621,0.197,"HCC-1L_normalized","ROI 1","Rest","wilcox","Spatial",0.25,0.05,0.05,29,2762,TRUE,FALSE,2,2160
"CD27",3.2843,0.00104567767723028,0.0101240171784386,0.241,0.084,"HCC-1L_normalized","ROI 1","Rest","wilcox","Spatial",0.25,0.05,0.05,29,2762,TRUE,FALSE,2,2160
"SCGB3A1",3.2843,0.00554110506290235,0.0324528290925215,0.138,0.039,"HCC-1L_normalized","ROI 1","Rest","wilcox","Spatial",0.25,0.05,0.05,29,2762,TRUE,FALSE,2,2160
"NR4A2",3.2754,2.4135113315583e-05,0.000549126295567155,0.31,0.098,"HCC-1L_normalized","ROI 1","Rest","wilcox","Spatial",0.25,0.05,0.05,29,2762,TRUE,FALSE,2,2160
"PRKG1",3.2455,0.000760411850812723,0.00826424759149113,0.172,0.046,"HCC-1L_normalized","ROI 1","Rest","wilcox","Spatial",0.25,0.05,0.05,29,2762,TRUE,FALSE,2,2160
"VTCN1",3.2371,0.00136817762774881,0.012217872911279,0.069,0.009,"HCC-1L_normalized","ROI 1","Rest","wilcox","Spatial",0.25,0.05,0.05,29,2762,TRUE,FALSE,2,2160
"ARHGEF19",3.2309,0.00833177197393734,0.0428963132648027,0.172,0.062,"HCC-1L_normalized","ROI 1","Rest","wilcox","Spatial",0.25,0.05,0.05,29,2762,TRUE,FALSE,2,2160
"TBC1D10C",3.1995,1.46336250700296e-12,3.48080727233931e-10,0.69,0.243,"HCC-1L_normalized","ROI 1","Rest","wilcox","Spatial",0.25,0.05,0.05,29,2762,TRUE,FALSE,2,2160
"DUSP2",3.1911,7.66101638575951e-10,6.68168312444658e-08,0.448,0.113,"HCC-1L_normalized","ROI 1","Rest","wilcox","Spatial",0.25,0.05,0.05,29,2762,TRUE,FALSE,2,2160
"PROM1",3.1848,3.7954608566454e-06,0.000115811350803646,0.138,0.018,"HCC-1L_normalized","ROI 1","Rest","wilcox","Spatial",0.25,0.05,0.05,29,2762,TRUE,FALSE,2,2160
"TRBC1",3.1695,1.83924464163663e-09,1.41540694260066e-07,0.655,0.291,"HCC-1L_normalized","ROI 1","Rest","wilcox","Spatial",0.25,0.05,0.05,29,2762,TRUE,FALSE,2,2160
"CFTR",3.1665,8.25507104821028e-08,4.19405697041596e-06,0.379,0.102,"HCC-1L_normalized","ROI 1","Rest","wilcox","Spatial",0.25,0.05,0.05,29,2762,TRUE,FALSE,2,2160
"ACAP1",3.1487,3.43271728807719e-09,2.47771166462178e-07,0.552,0.196,"HCC-1L_normalized","ROI 1","Rest","wilcox","Spatial",0.25,0.05,0.05,29,2762,TRUE,FALSE,2,2160
"PTPN7",3.1484,0.0097678520975717,0.0479954648137021,0.207,0.087,"HCC-1L_normalized","ROI 1","Rest","wilcox","Spatial",0.25,0.05,0.05,29,2762,TRUE,FALSE,2,2160
"GABRB3",-3.1472,1.60674654811529e-05,0.00038747026204089,0,0.415,"HCC-1L_normalized","ROI 1","Rest","wilcox","Spatial",0.25,0.05,0.05,29,2762,TRUE,FALSE,2,2160
"ANXA3",3.1459,1.29861758266426e-05,0.000323603133813433,0.172,0.031,"HCC-1L_normalized","ROI 1","Rest","wilcox","Spatial",0.25,0.05,0.05,29,2762,TRUE,FALSE,2,2160
"TCF7",3.1451,0.00570348533751304,0.033107419602003,0.276,0.133,"HCC-1L_normalized","ROI 1","Rest","wilcox","Spatial",0.25,0.05,0.05,29,2762,TRUE,FALSE,2,2160
"CSGALNACT1",3.1406,0.00536013226463099,0.0317302852271651,0.172,0.058,"HCC-1L_normalized","ROI 1","Rest","wilcox","Spatial",0.25,0.05,0.05,29,2762,TRUE,FALSE,2,2160
"LY9",3.1365,0.00265582773927765,0.0193027035550555,0.138,0.036,"HCC-1L_normalized","ROI 1","Rest","wilcox","Spatial",0.25,0.05,0.05,29,2762,TRUE,FALSE,2,2160
"HIF3A",3.1293,0.000143178788692685,0.00226703358919461,0.138,0.025,"HCC-1L_normalized","ROI 1","Rest","wilcox","Spatial",0.25,0.05,0.05,29,2762,TRUE,FALSE,2,2160
"IGHA2",3.1281,1.44189138218231e-07,6.73842954025186e-06,0.724,0.426,"HCC-1L_normalized","ROI 1","Rest","wilcox","Spatial",0.25,0.05,0.05,29,2762,TRUE,FALSE,2,2160
"MRPL35",-3.1167,1.70984333746454e-05,0.000408566675111961,0,0.413,"HCC-1L_normalized","ROI 1","Rest","wilcox","Spatial",0.25,0.05,0.05,29,2762,TRUE,FALSE,2,2160
"SYTL1",3.1164,1.58492103449901e-05,0.000383976470996912,0.345,0.118,"HCC-1L_normalized","ROI 1","Rest","wilcox","Spatial",0.25,0.05,0.05,29,2762,TRUE,FALSE,2,2160
"EXOC1",3.112,0.00107610738591522,0.0103420935729924,0.31,0.138,"HCC-1L_normalized","ROI 1","Rest","wilcox","Spatial",0.25,0.05,0.05,29,2762,TRUE,FALSE,2,2160
"RHOF",3.0985,0.000251398841858203,0.00351287086633905,0.31,0.119,"HCC-1L_normalized","ROI 1","Rest","wilcox","Spatial",0.25,0.05,0.05,29,2762,TRUE,FALSE,2,2160
"TMC6",3.0958,2.24977078977873e-09,1.70623920911769e-07,0.69,0.336,"HCC-1L_normalized","ROI 1","Rest","wilcox","Spatial",0.25,0.05,0.05,29,2762,TRUE,FALSE,2,2160
"XCL2",3.0938,0.00100389006583134,0.00981928951158559,0.138,0.031,"HCC-1L_normalized","ROI 1","Rest","wilcox","Spatial",0.25,0.05,0.05,29,2762,TRUE,FALSE,2,2160
"POLR3GL",-3.0915,1.70984330860304e-05,0.000408566675111961,0,0.413,"HCC-1L_normalized","ROI 1","Rest","wilcox","Spatial",0.25,0.05,0.05,29,2762,TRUE,FALSE,2,2160
"CTAG2",-3.0883,2.65989990197899e-05,0.000597328594887799,0,0.4,"HCC-1L_normalized","ROI 1","Rest","wilcox","Spatial",0.25,0.05,0.05,29,2762,TRUE,FALSE,2,2160
"CD226",3.0846,0.0013695753111478,0.0122199277122531,0.207,0.067,"HCC-1L_normalized","ROI 1","Rest","wilcox","Spatial",0.25,0.05,0.05,29,2762,TRUE,FALSE,2,2160
"IGHM",3.0832,1.78946347080756e-17,3.12142078091199e-14,0.793,0.239,"HCC-1L_normalized","ROI 1","Rest","wilcox","Spatial",0.25,0.05,0.05,29,2762,TRUE,FALSE,2,2160
"CEACAM21",3.0795,0.00564336619594147,0.0328495387134168,0.103,0.024,"HCC-1L_normalized","ROI 1","Rest","wilcox","Spatial",0.25,0.05,0.05,29,2762,TRUE,FALSE,2,2160
"RASAL3",3.0644,1.0573012971744e-05,0.00027322754015376,0.483,0.226,"HCC-1L_normalized","ROI 1","Rest","wilcox","Spatial",0.25,0.05,0.05,29,2762,TRUE,FALSE,2,2160
"ARHGAP45",3.0631,4.30774485205715e-16,5.63560720270376e-13,0.862,0.35,"HCC-1L_normalized","ROI 1","Rest","wilcox","Spatial",0.25,0.05,0.05,29,2762,TRUE,FALSE,2,2160
"MMP7",3.0567,2.0315611773973e-09,1.55199410822191e-07,0.414,0.099,"HCC-1L_normalized","ROI 1","Rest","wilcox","Spatial",0.25,0.05,0.05,29,2762,TRUE,FALSE,2,2160
"PDZK1IP1",3.0566,1.73411576163049e-09,1.36460568129509e-07,0.414,0.1,"HCC-1L_normalized","ROI 1","Rest","wilcox","Spatial",0.25,0.05,0.05,29,2762,TRUE,FALSE,2,2160
"RARG",3.0565,2.45919520628886e-05,0.000558306660065492,0.345,0.121,"HCC-1L_normalized","ROI 1","Rest","wilcox","Spatial",0.25,0.05,0.05,29,2762,TRUE,FALSE,2,2160
"CARD11",3.0516,0.00272796963997975,0.0196496422932058,0.207,0.072,"HCC-1L_normalized","ROI 1","Rest","wilcox","Spatial",0.25,0.05,0.05,29,2762,TRUE,FALSE,2,2160
"LCK",3.0303,2.48397016346e-05,0.000562710643523212,0.414,0.176,"HCC-1L_normalized","ROI 1","Rest","wilcox","Spatial",0.25,0.05,0.05,29,2762,TRUE,FALSE,2,2160
"TMEM107",3.0292,0.00201995782720755,0.0160036931260819,0.276,0.118,"HCC-1L_normalized","ROI 1","Rest","wilcox","Spatial",0.25,0.05,0.05,29,2762,TRUE,FALSE,2,2160
"YIPF1",-3.0284,2.59609333033845e-05,0.000586840449143028,0,0.4,"HCC-1L_normalized","ROI 1","Rest","wilcox","Spatial",0.25,0.05,0.05,29,2762,TRUE,FALSE,2,2160
"LTB",3.0224,4.008167435103e-10,3.61633451515414e-08,0.759,0.441,"HCC-1L_normalized","ROI 1","Rest","wilcox","Spatial",0.25,0.05,0.05,29,2762,TRUE,FALSE,2,2160
"TRBC2",3.0163,4.28676445057021e-11,5.67914895438833e-09,0.759,0.406,"HCC-1L_normalized","ROI 1","Rest","wilcox","Spatial",0.25,0.05,0.05,29,2762,TRUE,FALSE,2,2160
"SCTR",3.0055,2.63779944429555e-05,0.000594982952241319,0.207,0.046,"HCC-1L_normalized","ROI 1","Rest","wilcox","Spatial",0.25,0.05,0.05,29,2762,TRUE,FALSE,2,2160
"SFRP5",3.0032,3.01980211075648e-13,1.05350829637258e-10,0.448,0.082,"HCC-1L_normalized","ROI 1","Rest","wilcox","Spatial",0.25,0.05,0.05,29,2762,TRUE,FALSE,2,2160
"SAP25",2.9901,4.96613579518622e-07,1.95396906888793e-05,0.414,0.134,"HCC-1L_normalized","ROI 1","Rest","wilcox","Spatial",0.25,0.05,0.05,29,2762,TRUE,FALSE,2,2160
"ITGB4",2.9847,9.71811312877045e-05,0.00169516286676186,0.31,0.11,"HCC-1L_normalized","ROI 1","Rest","wilcox","Spatial",0.25,0.05,0.05,29,2762,TRUE,FALSE,2,2160
"DHRSX",-2.9757,7.42489841051505e-05,0.00136811596416286,0,0.368,"HCC-1L_normalized","ROI 1","Rest","wilcox","Spatial",0.25,0.05,0.05,29,2762,TRUE,FALSE,2,2160
"SPOCK2",2.9621,7.05554737234171e-05,0.0013110018652146,0.379,0.155,"HCC-1L_normalized","ROI 1","Rest","wilcox","Spatial",0.25,0.05,0.05,29,2762,TRUE,FALSE,2,2160
"FLRT2",2.9583,0.00154400349764137,0.0134215453540819,0.241,0.089,"HCC-1L_normalized","ROI 1","Rest","wilcox","Spatial",0.25,0.05,0.05,29,2762,TRUE,FALSE,2,2160
"GDF15",-2.9434,7.27321643230949e-07,2.7186243993054e-05,0.034,0.55,"HCC-1L_normalized","ROI 1","Rest","wilcox","Spatial",0.25,0.05,0.05,29,2762,TRUE,FALSE,2,2160
"LINC01485",-2.9423,7.55899815501969e-06,0.000207100719084911,0.034,0.478,"HCC-1L_normalized","ROI 1","Rest","wilcox","Spatial",0.25,0.05,0.05,29,2762,TRUE,FALSE,2,2160
"PRAM1",2.9395,0.00280845503610005,0.0200828376027044,0.172,0.053,"HCC-1L_normalized","ROI 1","Rest","wilcox","Spatial",0.25,0.05,0.05,29,2762,TRUE,FALSE,2,2160
"MRPL3",-2.9382,5.12383513460287e-05,0.00101564504770367,0,0.38,"HCC-1L_normalized","ROI 1","Rest","wilcox","Spatial",0.25,0.05,0.05,29,2762,TRUE,FALSE,2,2160
"EXTL3",-2.9231,0.00062193420490285,0.00716868214593968,0,0.297,"HCC-1L_normalized","ROI 1","Rest","wilcox","Spatial",0.25,0.05,0.05,29,2762,TRUE,FALSE,2,2160
"CHD3",2.9034,1.27202264983162e-09,1.02407608101059e-07,0.69,0.329,"HCC-1L_normalized","ROI 1","Rest","wilcox","Spatial",0.25,0.05,0.05,29,2762,TRUE,FALSE,2,2160
"EFS",2.9024,0.000448277947688994,0.00557668733549677,0.172,0.042,"HCC-1L_normalized","ROI 1","Rest","wilcox","Spatial",0.25,0.05,0.05,29,2762,TRUE,FALSE,2,2160
"ZNF683",2.895,0.00312970775815923,0.0216637046275757,0.138,0.036,"HCC-1L_normalized","ROI 1","Rest","wilcox","Spatial",0.25,0.05,0.05,29,2762,TRUE,FALSE,2,2160
"TBX1",2.8944,0.00902643424500824,0.0452797278532819,0.103,0.026,"HCC-1L_normalized","ROI 1","Rest","wilcox","Spatial",0.25,0.05,0.05,29,2762,TRUE,FALSE,2,2160
"EMB",2.8931,0.00091822167907449,0.00930310560812547,0.276,0.108,"HCC-1L_normalized","ROI 1","Rest","wilcox","Spatial",0.25,0.05,0.05,29,2762,TRUE,FALSE,2,2160
"MAP4K1",2.8713,0.000561447342494151,0.00661723861097273,0.31,0.129,"HCC-1L_normalized","ROI 1","Rest","wilcox","Spatial",0.25,0.05,0.05,29,2762,TRUE,FALSE,2,2160
"TFF3",2.8709,0.00016260956844202,0.00252503226011006,0.379,0.165,"HCC-1L_normalized","ROI 1","Rest","wilcox","Spatial",0.25,0.05,0.05,29,2762,TRUE,FALSE,2,2160
"FGD3",2.8656,0.000128729910137547,0.00208881742558072,0.379,0.164,"HCC-1L_normalized","ROI 1","Rest","wilcox","Spatial",0.25,0.05,0.05,29,2762,TRUE,FALSE,2,2160
"CD52",2.8628,1.24190580834804e-12,3.04623289821327e-10,0.897,0.613,"HCC-1L_normalized","ROI 1","Rest","wilcox","Spatial",0.25,0.05,0.05,29,2762,TRUE,FALSE,2,2160
"IGHA1",2.8597,8.81300212691203e-10,7.5604000213329e-08,0.897,0.786,"HCC-1L_normalized","ROI 1","Rest","wilcox","Spatial",0.25,0.05,0.05,29,2762,TRUE,FALSE,2,2160
"CDKN1C",2.8583,7.66548563967919e-06,0.000209041043583862,0.345,0.108,"HCC-1L_normalized","ROI 1","Rest","wilcox","Spatial",0.25,0.05,0.05,29,2762,TRUE,FALSE,2,2160
"LAT",2.8512,0.000160394687284435,0.00249433996600134,0.379,0.168,"HCC-1L_normalized","ROI 1","Rest","wilcox","Spatial",0.25,0.05,0.05,29,2762,TRUE,FALSE,2,2160
"MUC6",2.8494,8.92625243793378e-08,4.51314773021328e-06,0.276,0.053,"HCC-1L_normalized","ROI 1","Rest","wilcox","Spatial",0.25,0.05,0.05,29,2762,TRUE,FALSE,2,2160
"MANEAL",-2.849,4.94677922901366e-05,0.000995634450208787,0,0.381,"HCC-1L_normalized","ROI 1","Rest","wilcox","Spatial",0.25,0.05,0.05,29,2762,TRUE,FALSE,2,2160
"UBIAD1",-2.8306,9.64852556528004e-05,0.00169148188553134,0,0.36,"HCC-1L_normalized","ROI 1","Rest","wilcox","Spatial",0.25,0.05,0.05,29,2762,TRUE,FALSE,2,2160
"MUT",-2.8263,3.03430570077913e-08,1.71676795941594e-06,0.034,0.632,"HCC-1L_normalized","ROI 1","Rest","wilcox","Spatial",0.25,0.05,0.05,29,2762,TRUE,FALSE,2,2160
"CHRDL2",-2.8193,6.69445478371014e-05,0.00126241736515875,0,0.371,"HCC-1L_normalized","ROI 1","Rest","wilcox","Spatial",0.25,0.05,0.05,29,2762,TRUE,FALSE,2,2160
"STON1",2.8013,0.00320545079098425,0.0220277399727125,0.172,0.053,"HCC-1L_normalized","ROI 1","Rest","wilcox","Spatial",0.25,0.05,0.05,29,2762,TRUE,FALSE,2,2160
"CTC1",2.7975,0.00466138796375644,0.0287145888338287,0.31,0.16,"HCC-1L_normalized","ROI 1","Rest","wilcox","Spatial",0.25,0.05,0.05,29,2762,TRUE,FALSE,2,2160
"RASGRP2",2.7932,1.10363704914859e-07,5.39510369759578e-06,0.483,0.172,"HCC-1L_normalized","ROI 1","Rest","wilcox","Spatial",0.25,0.05,0.05,29,2762,TRUE,FALSE,2,2160
"LGALS2",2.7887,0.00208337434368054,0.0163452742735836,0.31,0.144,"HCC-1L_normalized","ROI 1","Rest","wilcox","Spatial",0.25,0.05,0.05,29,2762,TRUE,FALSE,2,2160
"LGR6",2.7848,0.00327386109154577,0.0223802940457988,0.138,0.037,"HCC-1L_normalized","ROI 1","Rest","wilcox","Spatial",0.25,0.05,0.05,29,2762,TRUE,FALSE,2,2160
"MRPL48",-2.782,0.000172042357321803,0.00262830282032728,0,0.341,"HCC-1L_normalized","ROI 1","Rest","wilcox","Spatial",0.25,0.05,0.05,29,2762,TRUE,FALSE,2,2160
"SPINT1-AS1",2.7678,0.001371248895415,0.0122244386196026,0.172,0.048,"HCC-1L_normalized","ROI 1","Rest","wilcox","Spatial",0.25,0.05,0.05,29,2762,TRUE,FALSE,2,2160
"ZC3H7A",2.7598,0.000864600877632159,0.0089686416828184,0.414,0.236,"HCC-1L_normalized","ROI 1","Rest","wilcox","Spatial",0.25,0.05,0.05,29,2762,TRUE,FALSE,2,2160
"DGKA",2.7573,0.00499943138202672,0.0301405811315044,0.241,0.102,"HCC-1L_normalized","ROI 1","Rest","wilcox","Spatial",0.25,0.05,0.05,29,2762,TRUE,FALSE,2,2160
"IGLC2",2.7522,6.71605510722073e-14,2.70347049046816e-11,0.966,0.845,"HCC-1L_normalized","ROI 1","Rest","wilcox","Spatial",0.25,0.05,0.05,29,2762,TRUE,FALSE,2,2160
"FYB1",2.7376,0.00269217654712965,0.019499183212636,0.345,0.181,"HCC-1L_normalized","ROI 1","Rest","wilcox","Spatial",0.25,0.05,0.05,29,2762,TRUE,FALSE,2,2160
"ETNPPL",-2.7254,1.27373546717162e-05,0.000318160272062486,0.034,0.463,"HCC-1L_normalized","ROI 1","Rest","wilcox","Spatial",0.25,0.05,0.05,29,2762,TRUE,FALSE,2,2160
"CD79B",2.722,1.47169013073865e-06,5.00087951568529e-05,0.414,0.141,"HCC-1L_normalized","ROI 1","Rest","wilcox","Spatial",0.25,0.05,0.05,29,2762,TRUE,FALSE,2,2160
"THBS1",2.7215,2.99396050252077e-06,9.35366884160669e-05,0.724,0.512,"HCC-1L_normalized","ROI 1","Rest","wilcox","Spatial",0.25,0.05,0.05,29,2762,TRUE,FALSE,2,2160
"GZMA",2.718,5.08049325224166e-05,0.00101088293494223,0.414,0.18,"HCC-1L_normalized","ROI 1","Rest","wilcox","Spatial",0.25,0.05,0.05,29,2762,TRUE,FALSE,2,2160
"LXN",2.7139,0.00187544185537763,0.0152040081009933,0.276,0.116,"HCC-1L_normalized","ROI 1","Rest","wilcox","Spatial",0.25,0.05,0.05,29,2762,TRUE,FALSE,2,2160
"KRT19",2.7014,3.13460077383674e-15,2.34333797849823e-12,0.621,0.139,"HCC-1L_normalized","ROI 1","Rest","wilcox","Spatial",0.25,0.05,0.05,29,2762,TRUE,FALSE,2,2160
"CCL19",2.6977,5.18581159972357e-11,6.53912098827793e-09,0.862,0.601,"HCC-1L_normalized","ROI 1","Rest","wilcox","Spatial",0.25,0.05,0.05,29,2762,TRUE,FALSE,2,2160
"LIMD2",2.6947,5.82980407733309e-10,5.12728819103933e-08,0.759,0.438,"HCC-1L_normalized","ROI 1","Rest","wilcox","Spatial",0.25,0.05,0.05,29,2762,TRUE,FALSE,2,2160
"ITGB7",2.6851,0.00271804150155048,0.0196051153378548,0.31,0.15,"HCC-1L_normalized","ROI 1","Rest","wilcox","Spatial",0.25,0.05,0.05,29,2762,TRUE,FALSE,2,2160
"CORO1A",2.6827,3.09397020440312e-14,1.40789096344709e-11,0.931,0.577,"HCC-1L_normalized","ROI 1","Rest","wilcox","Spatial",0.25,0.05,0.05,29,2762,TRUE,FALSE,2,2160
"CKS2",-2.6792,0.000141131748887166,0.00223800739977739,0,0.348,"HCC-1L_normalized","ROI 1","Rest","wilcox","Spatial",0.25,0.05,0.05,29,2762,TRUE,FALSE,2,2160
"APOC2",-2.6785,3.52284623902651e-13,1.14136488600578e-10,0.379,0.931,"HCC-1L_normalized","ROI 1","Rest","wilcox","Spatial",0.25,0.05,0.05,29,2762,TRUE,FALSE,2,2160
"SLC2A3",2.6673,0.00294789445374232,0.0208042234341653,0.31,0.151,"HCC-1L_normalized","ROI 1","Rest","wilcox","Spatial",0.25,0.05,0.05,29,2762,TRUE,FALSE,2,2160
"PYGL",-2.6667,6.12058061106625e-08,3.23525235734441e-06,0.103,0.656,"HCC-1L_normalized","ROI 1","Rest","wilcox","Spatial",0.25,0.05,0.05,29,2762,TRUE,FALSE,2,2160
"SFI1",2.6491,0.00173467899069561,0.0144558115466586,0.414,0.244,"HCC-1L_normalized","ROI 1","Rest","wilcox","Spatial",0.25,0.05,0.05,29,2762,TRUE,FALSE,2,2160
"VSIG2",2.6462,0.000417539559049367,0.0052632587231465,0.241,0.078,"HCC-1L_normalized","ROI 1","Rest","wilcox","Spatial",0.25,0.05,0.05,29,2762,TRUE,FALSE,2,2160
"FXYD2",2.6434,6.10533294145062e-09,4.0080704086178e-07,0.552,0.188,"HCC-1L_normalized","ROI 1","Rest","wilcox","Spatial",0.25,0.05,0.05,29,2762,TRUE,FALSE,2,2160
"GZMM",2.6381,0.0102232582385993,0.0496178879484765,0.207,0.086,"HCC-1L_normalized","ROI 1","Rest","wilcox","Spatial",0.25,0.05,0.05,29,2762,TRUE,FALSE,2,2160
"STMN3",2.6295,0.00069882541051782,0.00780044319994781,0.379,0.189,"HCC-1L_normalized","ROI 1","Rest","wilcox","Spatial",0.25,0.05,0.05,29,2762,TRUE,FALSE,2,2160
"SERPINA12",-2.6285,0.000185703917045751,0.0027884895205177,0,0.339,"HCC-1L_normalized","ROI 1","Rest","wilcox","Spatial",0.25,0.05,0.05,29,2762,TRUE,FALSE,2,2160
"PDZD4",2.628,0.00376291338096708,0.0247742868354202,0.207,0.075,"HCC-1L_normalized","ROI 1","Rest","wilcox","Spatial",0.25,0.05,0.05,29,2762,TRUE,FALSE,2,2160
"SYT12",-2.6221,0.000193962925440565,0.00287537673889654,0,0.337,"HCC-1L_normalized","ROI 1","Rest","wilcox","Spatial",0.25,0.05,0.05,29,2762,TRUE,FALSE,2,2160
"RAC2",2.6127,5.09636548343e-05,0.00101211690985917,0.483,0.249,"HCC-1L_normalized","ROI 1","Rest","wilcox","Spatial",0.25,0.05,0.05,29,2762,TRUE,FALSE,2,2160
"ABCC2",-2.5932,1.07249004065319e-05,0.000276469969593013,0.034,0.479,"HCC-1L_normalized","ROI 1","Rest","wilcox","Spatial",0.25,0.05,0.05,29,2762,TRUE,FALSE,2,2160
"MYCL",-2.5916,0.000327648737081931,0.00432976222512561,0,0.319,"HCC-1L_normalized","ROI 1","Rest","wilcox","Spatial",0.25,0.05,0.05,29,2762,TRUE,FALSE,2,2160
"MYO7A",-2.5914,0.000314110014421369,0.00419856374321079,0,0.321,"HCC-1L_normalized","ROI 1","Rest","wilcox","Spatial",0.25,0.05,0.05,29,2762,TRUE,FALSE,2,2160
"ARHGAP4",2.5826,7.50827164264121e-06,0.000206250842550874,0.621,0.386,"HCC-1L_normalized","ROI 1","Rest","wilcox","Spatial",0.25,0.05,0.05,29,2762,TRUE,FALSE,2,2160
"TEDC1",2.5773,0.0032525392512263,0.0222781909707686,0.276,0.122,"HCC-1L_normalized","ROI 1","Rest","wilcox","Spatial",0.25,0.05,0.05,29,2762,TRUE,FALSE,2,2160
"TMEM159",2.5708,8.85150236507048e-05,0.00157016650428522,0.276,0.084,"HCC-1L_normalized","ROI 1","Rest","wilcox","Spatial",0.25,0.05,0.05,29,2762,TRUE,FALSE,2,2160
"MARCH9",2.568,0.00201725201293757,0.0159985797067864,0.379,0.21,"HCC-1L_normalized","ROI 1","Rest","wilcox","Spatial",0.25,0.05,0.05,29,2762,TRUE,FALSE,2,2160
"ITGAL",2.5636,4.97322913268646e-05,0.000999036777403004,0.483,0.247,"HCC-1L_normalized","ROI 1","Rest","wilcox","Spatial",0.25,0.05,0.05,29,2762,TRUE,FALSE,2,2160
"LINC02532",-2.5622,0.000324213499706937,0.00429521327586431,0,0.32,"HCC-1L_normalized","ROI 1","Rest","wilcox","Spatial",0.25,0.05,0.05,29,2762,TRUE,FALSE,2,2160
"ATP2A3",2.5563,7.25077523274001e-09,4.65562046538999e-07,0.655,0.287,"HCC-1L_normalized","ROI 1","Rest","wilcox","Spatial",0.25,0.05,0.05,29,2762,TRUE,FALSE,2,2160
"PRICKLE1",2.5555,0.00181683466040295,0.0148589073095465,0.207,0.068,"HCC-1L_normalized","ROI 1","Rest","wilcox","Spatial",0.25,0.05,0.05,29,2762,TRUE,FALSE,2,2160
"MZB1",2.5545,1.33315471859557e-07,6.37114031270377e-06,0.448,0.14,"HCC-1L_normalized","ROI 1","Rest","wilcox","Spatial",0.25,0.05,0.05,29,2762,TRUE,FALSE,2,2160
"AC020916.1",2.5525,0.000116865358409926,0.00193837217292913,0.379,0.16,"HCC-1L_normalized","ROI 1","Rest","wilcox","Spatial",0.25,0.05,0.05,29,2762,TRUE,FALSE,2,2160
"ATL2",-2.5514,0.00034173514177172,0.0044819549044403,0,0.318,"HCC-1L_normalized","ROI 1","Rest","wilcox","Spatial",0.25,0.05,0.05,29,2762,TRUE,FALSE,2,2160
"CD44",2.5485,1.38874108091071e-05,0.000343606717560555,0.552,0.306,"HCC-1L_normalized","ROI 1","Rest","wilcox","Spatial",0.25,0.05,0.05,29,2762,TRUE,FALSE,2,2160
"FHOD1",2.5376,0.00712821625183406,0.0386548763169406,0.379,0.236,"HCC-1L_normalized","ROI 1","Rest","wilcox","Spatial",0.25,0.05,0.05,29,2762,TRUE,FALSE,2,2160
"SPP1",2.5197,3.45916039759307e-09,2.47969676172665e-07,0.517,0.158,"HCC-1L_normalized","ROI 1","Rest","wilcox","Spatial",0.25,0.05,0.05,29,2762,TRUE,FALSE,2,2160
"ARHGAP9",2.518,0.00447307513645677,0.0278718711402669,0.31,0.158,"HCC-1L_normalized","ROI 1","Rest","wilcox","Spatial",0.25,0.05,0.05,29,2762,TRUE,FALSE,2,2160
"RABIF",-2.5067,0.000341735143678899,0.0044819549044403,0,0.318,"HCC-1L_normalized","ROI 1","Rest","wilcox","Spatial",0.25,0.05,0.05,29,2762,TRUE,FALSE,2,2160
"RITA1",-2.5007,0.000815988481200284,0.00870850389821214,0,0.287,"HCC-1L_normalized","ROI 1","Rest","wilcox","Spatial",0.25,0.05,0.05,29,2762,TRUE,FALSE,2,2160
"CD48",2.4936,0.000208673602594316,0.00303330267326682,0.379,0.169,"HCC-1L_normalized","ROI 1","Rest","wilcox","Spatial",0.25,0.05,0.05,29,2762,TRUE,FALSE,2,2160
"ETS1",2.4874,0.00141400705972789,0.0125239463693474,0.483,0.336,"HCC-1L_normalized","ROI 1","Rest","wilcox","Spatial",0.25,0.05,0.05,29,2762,TRUE,FALSE,2,2160
"PTGIR",2.485,4.15429787540658e-05,0.000854201995363561,0.414,0.174,"HCC-1L_normalized","ROI 1","Rest","wilcox","Spatial",0.25,0.05,0.05,29,2762,TRUE,FALSE,2,2160
"ARL4C",2.4823,0.000126364220691124,0.00206322610569938,0.483,0.275,"HCC-1L_normalized","ROI 1","Rest","wilcox","Spatial",0.25,0.05,0.05,29,2762,TRUE,FALSE,2,2160
"IMPACT",-2.4793,0.000723611913093604,0.00797191819203964,0,0.291,"HCC-1L_normalized","ROI 1","Rest","wilcox","Spatial",0.25,0.05,0.05,29,2762,TRUE,FALSE,2,2160
"SLC30A7",-2.4762,0.000394567702641288,0.00499944984968974,0.034,0.364,"HCC-1L_normalized","ROI 1","Rest","wilcox","Spatial",0.25,0.05,0.05,29,2762,TRUE,FALSE,2,2160
"GABBR1",2.4724,0.00378290928201512,0.0248380982092662,0.241,0.097,"HCC-1L_normalized","ROI 1","Rest","wilcox","Spatial",0.25,0.05,0.05,29,2762,TRUE,FALSE,2,2160
"TUBE1",-2.4696,0.000832421967384904,0.00878238740992984,0,0.286,"HCC-1L_normalized","ROI 1","Rest","wilcox","Spatial",0.25,0.05,0.05,29,2762,TRUE,FALSE,2,2160
"ISG20",2.4594,5.36604202848957e-05,0.00105367722082874,0.552,0.35,"HCC-1L_normalized","ROI 1","Rest","wilcox","Spatial",0.25,0.05,0.05,29,2762,TRUE,FALSE,2,2160
"IFI16",2.4588,0.000624728992197128,0.0071771829114546,0.483,0.299,"HCC-1L_normalized","ROI 1","Rest","wilcox","Spatial",0.25,0.05,0.05,29,2762,TRUE,FALSE,2,2160
"HCST",2.4568,4.66832004885821e-08,2.57557097270543e-06,0.69,0.375,"HCC-1L_normalized","ROI 1","Rest","wilcox","Spatial",0.25,0.05,0.05,29,2762,TRUE,FALSE,2,2160
"NFX1",-2.4555,0.00115272797531071,0.0108590917998217,0,0.274,"HCC-1L_normalized","ROI 1","Rest","wilcox","Spatial",0.25,0.05,0.05,29,2762,TRUE,FALSE,2,2160
"SLC39A4",-2.4314,0.000901315665296975,0.00919412263838121,0,0.283,"HCC-1L_normalized","ROI 1","Rest","wilcox","Spatial",0.25,0.05,0.05,29,2762,TRUE,FALSE,2,2160
"METTL13",-2.4305,0.000674360308705197,0.00758909138807376,0,0.294,"HCC-1L_normalized","ROI 1","Rest","wilcox","Spatial",0.25,0.05,0.05,29,2762,TRUE,FALSE,2,2160
"ST7",-2.4216,0.000591139191949355,0.00690498078453343,0,0.299,"HCC-1L_normalized","ROI 1","Rest","wilcox","Spatial",0.25,0.05,0.05,29,2762,TRUE,FALSE,2,2160
"GRAP",2.4174,0.00256099007168295,0.0189155413480831,0.31,0.148,"HCC-1L_normalized","ROI 1","Rest","wilcox","Spatial",0.25,0.05,0.05,29,2762,TRUE,FALSE,2,2160
"IGHG2",2.4078,1.26046528287242e-09,1.02263795740642e-07,0.828,0.442,"HCC-1L_normalized","ROI 1","Rest","wilcox","Spatial",0.25,0.05,0.05,29,2762,TRUE,FALSE,2,2160
"KLF4",2.4075,0.000208573685659708,0.00303330267326682,0.448,0.227,"HCC-1L_normalized","ROI 1","Rest","wilcox","Spatial",0.25,0.05,0.05,29,2762,TRUE,FALSE,2,2160
"NBEAL2",2.4038,0.00368413186982349,0.0244503006655502,0.483,0.363,"HCC-1L_normalized","ROI 1","Rest","wilcox","Spatial",0.25,0.05,0.05,29,2762,TRUE,FALSE,2,2160
"PITPNM1",2.4027,0.00110768418937997,0.0105757834926673,0.379,0.199,"HCC-1L_normalized","ROI 1","Rest","wilcox","Spatial",0.25,0.05,0.05,29,2762,TRUE,FALSE,2,2160
"BPIFB2",-2.4023,0.000866225804521411,0.00897615769318919,0,0.285,"HCC-1L_normalized","ROI 1","Rest","wilcox","Spatial",0.25,0.05,0.05,29,2762,TRUE,FALSE,2,2160
"PSMD7",2.3965,0.00375080513858245,0.0247515300002547,0.172,0.543,"HCC-1L_normalized","ROI 1","Rest","wilcox","Spatial",0.25,0.05,0.05,29,2762,TRUE,FALSE,2,2160
"ORM1",-2.394,3.31010241417114e-14,1.44348049444646e-11,0.828,0.982,"HCC-1L_normalized","ROI 1","Rest","wilcox","Spatial",0.25,0.05,0.05,29,2762,TRUE,FALSE,2,2160
"STK17B",2.3882,0.00510588630055992,0.0306411731775574,0.345,0.189,"HCC-1L_normalized","ROI 1","Rest","wilcox","Spatial",0.25,0.05,0.05,29,2762,TRUE,FALSE,2,2160
"MFSD2A",-2.3873,0.00116636792000283,0.010915435431628,0.034,0.323,"HCC-1L_normalized","ROI 1","Rest","wilcox","Spatial",0.25,0.05,0.05,29,2762,TRUE,FALSE,2,2160
"SPART",2.3864,0.00093441893305388,0.0093938547005562,0.276,0.105,"HCC-1L_normalized","ROI 1","Rest","wilcox","Spatial",0.25,0.05,0.05,29,2762,TRUE,FALSE,2,2160
"LINC01089",2.3768,0.00995355527683451,0.0487021549917485,0.345,0.207,"HCC-1L_normalized","ROI 1","Rest","wilcox","Spatial",0.25,0.05,0.05,29,2762,TRUE,FALSE,2,2160
"AQP1",2.3744,1.56386409776749e-06,5.29689373696911e-05,0.69,0.501,"HCC-1L_normalized","ROI 1","Rest","wilcox","Spatial",0.25,0.05,0.05,29,2762,TRUE,FALSE,2,2160
"SERPINB8",-2.3691,0.00075325281619921,0.00821202497327181,0,0.29,"HCC-1L_normalized","ROI 1","Rest","wilcox","Spatial",0.25,0.05,0.05,29,2762,TRUE,FALSE,2,2160
"SRD5A2",-2.3672,0.00882569994429517,0.0444726892715422,0,0.194,"HCC-1L_normalized","ROI 1","Rest","wilcox","Spatial",0.25,0.05,0.05,29,2762,TRUE,FALSE,2,2160
"MRPL45",-2.3568,0.0012221748310657,0.0112401421633863,0,0.272,"HCC-1L_normalized","ROI 1","Rest","wilcox","Spatial",0.25,0.05,0.05,29,2762,TRUE,FALSE,2,2160
"WDR12",-2.3563,0.00110850702192395,0.0105757834926673,0,0.276,"HCC-1L_normalized","ROI 1","Rest","wilcox","Spatial",0.25,0.05,0.05,29,2762,TRUE,FALSE,2,2160
"ALS2",-2.3524,0.000556076827254186,0.00656873597521706,0,0.301,"HCC-1L_normalized","ROI 1","Rest","wilcox","Spatial",0.25,0.05,0.05,29,2762,TRUE,FALSE,2,2160
"ISM1",-2.3471,0.00305960181197069,0.0213235275676032,0,0.237,"HCC-1L_normalized","ROI 1","Rest","wilcox","Spatial",0.25,0.05,0.05,29,2762,TRUE,FALSE,2,2160
"SMURF1",-2.3458,0.000985208332071539,0.00973383415080257,0,0.28,"HCC-1L_normalized","ROI 1","Rest","wilcox","Spatial",0.25,0.05,0.05,29,2762,TRUE,FALSE,2,2160
"TINF2",-2.3413,0.00115272797234721,0.0108590917998217,0,0.274,"HCC-1L_normalized","ROI 1","Rest","wilcox","Spatial",0.25,0.05,0.05,29,2762,TRUE,FALSE,2,2160
"PTPRC",2.3406,4.39844657035408e-05,0.000897351692111615,0.517,0.279,"HCC-1L_normalized","ROI 1","Rest","wilcox","Spatial",0.25,0.05,0.05,29,2762,TRUE,FALSE,2,2160
"FAM136A",2.3338,0.00306018903177336,0.0213235275676032,0.172,0.546,"HCC-1L_normalized","ROI 1","Rest","wilcox","Spatial",0.25,0.05,0.05,29,2762,TRUE,FALSE,2,2160
"CXCR4",2.3312,7.90218188013239e-05,0.00141859752242651,0.552,0.349,"HCC-1L_normalized","ROI 1","Rest","wilcox","Spatial",0.25,0.05,0.05,29,2762,TRUE,FALSE,2,2160
"SRPK1",-2.3289,0.00083242196300911,0.00878238740992984,0,0.286,"HCC-1L_normalized","ROI 1","Rest","wilcox","Spatial",0.25,0.05,0.05,29,2762,TRUE,FALSE,2,2160
"PIGF",-2.31,0.000937737122578517,0.00940973799128165,0,0.282,"HCC-1L_normalized","ROI 1","Rest","wilcox","Spatial",0.25,0.05,0.05,29,2762,TRUE,FALSE,2,2160
"CCL5",2.3045,5.62429903987655e-09,3.74929386951261e-07,0.724,0.38,"HCC-1L_normalized","ROI 1","Rest","wilcox","Spatial",0.25,0.05,0.05,29,2762,TRUE,FALSE,2,2160
"NHLRC3",-2.3003,0.00102480028917859,0.00994027787446072,0,0.279,"HCC-1L_normalized","ROI 1","Rest","wilcox","Spatial",0.25,0.05,0.05,29,2762,TRUE,FALSE,2,2160
"CLDN4",2.2951,0.00114232318873967,0.0107902116365969,0.379,0.19,"HCC-1L_normalized","ROI 1","Rest","wilcox","Spatial",0.25,0.05,0.05,29,2762,TRUE,FALSE,2,2160
"ELFN1",-2.2917,0.00297626358726715,0.0209405763216406,0,0.238,"HCC-1L_normalized","ROI 1","Rest","wilcox","Spatial",0.25,0.05,0.05,29,2762,TRUE,FALSE,2,2160
"KIF12",2.2881,0.00862975316716183,0.043801647258737,0.448,0.328,"HCC-1L_normalized","ROI 1","Rest","wilcox","Spatial",0.25,0.05,0.05,29,2762,TRUE,FALSE,2,2160
"MTMR6",-2.2852,0.00152647127322,0.0133133737555798,0,0.264,"HCC-1L_normalized","ROI 1","Rest","wilcox","Spatial",0.25,0.05,0.05,29,2762,TRUE,FALSE,2,2160
"ORMDL2",-2.2847,5.2797671546115e-06,0.000153494564000455,0.034,0.509,"HCC-1L_normalized","ROI 1","Rest","wilcox","Spatial",0.25,0.05,0.05,29,2762,TRUE,FALSE,2,2160
"KLHL12",-2.2813,0.00100482123704454,0.00981928951158559,0,0.28,"HCC-1L_normalized","ROI 1","Rest","wilcox","Spatial",0.25,0.05,0.05,29,2762,TRUE,FALSE,2,2160
"PEX26",-2.2722,0.00151188202034487,0.0132379574213306,0,0.264,"HCC-1L_normalized","ROI 1","Rest","wilcox","Spatial",0.25,0.05,0.05,29,2762,TRUE,FALSE,2,2160
"RRAD",2.2719,5.91560163802974e-06,0.000168240996585922,0.414,0.147,"HCC-1L_normalized","ROI 1","Rest","wilcox","Spatial",0.25,0.05,0.05,29,2762,TRUE,FALSE,2,2160
"RRAGD",-2.2684,0.000901315672365672,0.00919412263838121,0,0.283,"HCC-1L_normalized","ROI 1","Rest","wilcox","Spatial",0.25,0.05,0.05,29,2762,TRUE,FALSE,2,2160
"GYPC",2.265,2.05466471766677e-07,8.99754014020939e-06,0.724,0.473,"HCC-1L_normalized","ROI 1","Rest","wilcox","Spatial",0.25,0.05,0.05,29,2762,TRUE,FALSE,2,2160
"KANK3",2.2623,0.0102932445749486,0.0498976830576246,0.31,0.172,"HCC-1L_normalized","ROI 1","Rest","wilcox","Spatial",0.25,0.05,0.05,29,2762,TRUE,FALSE,2,2160
"ALKBH2",-2.259,0.0016480336712961,0.0140230247185244,0,0.261,"HCC-1L_normalized","ROI 1","Rest","wilcox","Spatial",0.25,0.05,0.05,29,2762,TRUE,FALSE,2,2160
"GALNT11",-2.2564,0.00101476458995551,0.00987037750787585,0,0.279,"HCC-1L_normalized","ROI 1","Rest","wilcox","Spatial",0.25,0.05,0.05,29,2762,TRUE,FALSE,2,2160
"CORO7",2.2563,0.000135876374182346,0.00217443751099761,0.517,0.308,"HCC-1L_normalized","ROI 1","Rest","wilcox","Spatial",0.25,0.05,0.05,29,2762,TRUE,FALSE,2,2160
"PSMD5",-2.2506,0.00135980457888587,0.0121846872625167,0,0.268,"HCC-1L_normalized","ROI 1","Rest","wilcox","Spatial",0.25,0.05,0.05,29,2762,TRUE,FALSE,2,2160
"ALG14",-2.2487,0.000232435293350185,0.00331245714157302,0.034,0.381,"HCC-1L_normalized","ROI 1","Rest","wilcox","Spatial",0.25,0.05,0.05,29,2762,TRUE,FALSE,2,2160
"NR4A1",2.2438,8.32286903367523e-10,7.19893779392107e-08,0.828,0.544,"HCC-1L_normalized","ROI 1","Rest","wilcox","Spatial",0.25,0.05,0.05,29,2762,TRUE,FALSE,2,2160
"VNN2",-2.2262,0.000928504374516094,0.00935701525476177,0,0.282,"HCC-1L_normalized","ROI 1","Rest","wilcox","Spatial",0.25,0.05,0.05,29,2762,TRUE,FALSE,2,2160
"SP140L",-2.2241,0.00191890458743369,0.015460550740632,0,0.255,"HCC-1L_normalized","ROI 1","Rest","wilcox","Spatial",0.25,0.05,0.05,29,2762,TRUE,FALSE,2,2160
"U91324.1",-2.2236,0.00145482339037222,0.0128274486972499,0,0.266,"HCC-1L_normalized","ROI 1","Rest","wilcox","Spatial",0.25,0.05,0.05,29,2762,TRUE,FALSE,2,2160
"NBEAL1",-2.2157,0.00332294664927118,0.0226419008016095,0,0.234,"HCC-1L_normalized","ROI 1","Rest","wilcox","Spatial",0.25,0.05,0.05,29,2762,TRUE,FALSE,2,2160
"UGT2B11",-2.2154,0.000252541558057583,0.00351476056732801,0.034,0.377,"HCC-1L_normalized","ROI 1","Rest","wilcox","Spatial",0.25,0.05,0.05,29,2762,TRUE,FALSE,2,2160
"OXER1",-2.2133,0.00344668862603199,0.0232579259574796,0,0.232,"HCC-1L_normalized","ROI 1","Rest","wilcox","Spatial",0.25,0.05,0.05,29,2762,TRUE,FALSE,2,2160
"MLIP",-2.2101,0.00137301254028586,0.0122297440396866,0,0.268,"HCC-1L_normalized","ROI 1","Rest","wilcox","Spatial",0.25,0.05,0.05,29,2762,TRUE,FALSE,2,2160
"IFI27L2",2.2066,2.22151287761342e-10,2.1934296016134e-08,0.828,0.479,"HCC-1L_normalized","ROI 1","Rest","wilcox","Spatial",0.25,0.05,0.05,29,2762,TRUE,FALSE,2,2160
"USP14",-2.2054,2.66532059824768e-05,0.000597328594887799,0.034,0.461,"HCC-1L_normalized","ROI 1","Rest","wilcox","Spatial",0.25,0.05,0.05,29,2762,TRUE,FALSE,2,2160
"FILIP1L",2.1973,0.00368153491207578,0.0244485687752444,0.31,0.149,"HCC-1L_normalized","ROI 1","Rest","wilcox","Spatial",0.25,0.05,0.05,29,2762,TRUE,FALSE,2,2160
"ECD",-2.1967,0.00201177371294851,0.0159751317752042,0,0.253,"HCC-1L_normalized","ROI 1","Rest","wilcox","Spatial",0.25,0.05,0.05,29,2762,TRUE,FALSE,2,2160
"PI3",-2.1956,0.0013208926669632,0.0119485416183551,0,0.269,"HCC-1L_normalized","ROI 1","Rest","wilcox","Spatial",0.25,0.05,0.05,29,2762,TRUE,FALSE,2,2160
"LARP6",-2.1945,0.00114152006883689,0.0107902116365969,0,0.275,"HCC-1L_normalized","ROI 1","Rest","wilcox","Spatial",0.25,0.05,0.05,29,2762,TRUE,FALSE,2,2160
"SPINT1",2.1933,0.00640232986851789,0.0361222557433467,0.31,0.16,"HCC-1L_normalized","ROI 1","Rest","wilcox","Spatial",0.25,0.05,0.05,29,2762,TRUE,FALSE,2,2160
"DCAF5",-2.1929,0.000127040171758061,0.00206498611157191,0.034,0.408,"HCC-1L_normalized","ROI 1","Rest","wilcox","Spatial",0.25,0.05,0.05,29,2762,TRUE,FALSE,2,2160
"GALNS",-2.1909,0.00188289581299791,0.0152408256603528,0,0.256,"HCC-1L_normalized","ROI 1","Rest","wilcox","Spatial",0.25,0.05,0.05,29,2762,TRUE,FALSE,2,2160
"TCF4",2.1883,0.00814493095317914,0.0423471670918891,0.379,0.242,"HCC-1L_normalized","ROI 1","Rest","wilcox","Spatial",0.25,0.05,0.05,29,2762,TRUE,FALSE,2,2160
"NPC1",-2.1849,0.0012461834103228,0.0114108097746618,0,0.272,"HCC-1L_normalized","ROI 1","Rest","wilcox","Spatial",0.25,0.05,0.05,29,2762,TRUE,FALSE,2,2160
"INMT",2.1743,1.60935079165851e-09,1.27602010496197e-07,0.862,0.697,"HCC-1L_normalized","ROI 1","Rest","wilcox","Spatial",0.25,0.05,0.05,29,2762,TRUE,FALSE,2,2160
"NCF1",2.1668,0.000827456482301874,0.00878238740992984,0.517,0.34,"HCC-1L_normalized","ROI 1","Rest","wilcox","Spatial",0.25,0.05,0.05,29,2762,TRUE,FALSE,2,2160
"PIR",-2.1589,0.00314512591293339,0.0217416696200534,0,0.236,"HCC-1L_normalized","ROI 1","Rest","wilcox","Spatial",0.25,0.05,0.05,29,2762,TRUE,FALSE,2,2160
"ARHGEF1",2.1538,1.16460826019828e-05,0.00029441521862887,0.69,0.589,"HCC-1L_normalized","ROI 1","Rest","wilcox","Spatial",0.25,0.05,0.05,29,2762,TRUE,FALSE,2,2160
"FLYWCH1",2.1473,0.00107462388899773,0.0103373286969211,0.483,0.312,"HCC-1L_normalized","ROI 1","Rest","wilcox","Spatial",0.25,0.05,0.05,29,2762,TRUE,FALSE,2,2160
"DIS3",-2.1444,0.00240455912804445,0.0181558614196608,0,0.247,"HCC-1L_normalized","ROI 1","Rest","wilcox","Spatial",0.25,0.05,0.05,29,2762,TRUE,FALSE,2,2160
"RND1",-2.1397,0.00152647128861989,0.0133133737555798,0,0.264,"HCC-1L_normalized","ROI 1","Rest","wilcox","Spatial",0.25,0.05,0.05,29,2762,TRUE,FALSE,2,2160
"PRSS8",2.12,0.000422934916403608,0.00531384974199299,0.31,0.119,"HCC-1L_normalized","ROI 1","Rest","wilcox","Spatial",0.25,0.05,0.05,29,2762,TRUE,FALSE,2,2160
"GINM1",-2.1155,0.000973243808802138,0.00964580464291967,0.034,0.332,"HCC-1L_normalized","ROI 1","Rest","wilcox","Spatial",0.25,0.05,0.05,29,2762,TRUE,FALSE,2,2160
"TMOD1",-2.1138,0.00206950228371468,0.0162730359889991,0,0.252,"HCC-1L_normalized","ROI 1","Rest","wilcox","Spatial",0.25,0.05,0.05,29,2762,TRUE,FALSE,2,2160
"ORM2",-2.1101,1.1455222020142e-13,4.44038346899283e-11,0.621,0.958,"HCC-1L_normalized","ROI 1","Rest","wilcox","Spatial",0.25,0.05,0.05,29,2762,TRUE,FALSE,2,2160
"TIE1",-2.104,0.00526442660272197,0.0313403987178465,0,0.215,"HCC-1L_normalized","ROI 1","Rest","wilcox","Spatial",0.25,0.05,0.05,29,2762,TRUE,FALSE,2,2160
"TOMM34",-2.1022,0.00181277220648084,0.0148562478421407,0,0.257,"HCC-1L_normalized","ROI 1","Rest","wilcox","Spatial",0.25,0.05,0.05,29,2762,TRUE,FALSE,2,2160
"CMTM8",-2.1,4.27673642381089e-06,0.000127886638318871,0.034,0.517,"HCC-1L_normalized","ROI 1","Rest","wilcox","Spatial",0.25,0.05,0.05,29,2762,TRUE,FALSE,2,2160
"CLK3",2.0971,6.65304309372702e-05,0.00125914555187969,0.586,0.404,"HCC-1L_normalized","ROI 1","Rest","wilcox","Spatial",0.25,0.05,0.05,29,2762,TRUE,FALSE,2,2160
"PRADC1",-2.0964,6.77021002632387e-06,0.000190989267211605,0.103,0.579,"HCC-1L_normalized","ROI 1","Rest","wilcox","Spatial",0.25,0.05,0.05,29,2762,TRUE,FALSE,2,2160
"RBM47",-2.0953,1.45592138963715e-05,0.000356854174799589,0.069,0.526,"HCC-1L_normalized","ROI 1","Rest","wilcox","Spatial",0.25,0.05,0.05,29,2762,TRUE,FALSE,2,2160
"SAA2",-2.0941,1.50858802558527e-07,6.92494836656817e-06,0.621,0.912,"HCC-1L_normalized","ROI 1","Rest","wilcox","Spatial",0.25,0.05,0.05,29,2762,TRUE,FALSE,2,2160
"CCDC88B",2.0924,0.000108458995959214,0.00183381559242186,0.483,0.271,"HCC-1L_normalized","ROI 1","Rest","wilcox","Spatial",0.25,0.05,0.05,29,2762,TRUE,FALSE,2,2160
"SLC6A12",-2.0898,0.000686306397085042,0.00767409671267032,0.034,0.351,"HCC-1L_normalized","ROI 1","Rest","wilcox","Spatial",0.25,0.05,0.05,29,2762,TRUE,FALSE,2,2160
"PFKFB1",-2.082,0.000613639581622307,0.00711223904901336,0.034,0.349,"HCC-1L_normalized","ROI 1","Rest","wilcox","Spatial",0.25,0.05,0.05,29,2762,TRUE,FALSE,2,2160
"DNALI1",-2.0819,0.00347829278435547,0.0234245103951539,0,0.232,"HCC-1L_normalized","ROI 1","Rest","wilcox","Spatial",0.25,0.05,0.05,29,2762,TRUE,FALSE,2,2160
"DDX19B",-2.0805,0.00460427787447327,0.0284297181322934,0,0.221,"HCC-1L_normalized","ROI 1","Rest","wilcox","Spatial",0.25,0.05,0.05,29,2762,TRUE,FALSE,2,2160
"NPAS2",-2.0777,0.00123412432227648,0.0113301273306541,0,0.272,"HCC-1L_normalized","ROI 1","Rest","wilcox","Spatial",0.25,0.05,0.05,29,2762,TRUE,FALSE,2,2160
"ATM",2.0701,0.00766855445078225,0.0404939913632124,0.414,0.286,"HCC-1L_normalized","ROI 1","Rest","wilcox","Spatial",0.25,0.05,0.05,29,2762,TRUE,FALSE,2,2160
"CPN1",-2.0572,6.80697496178968e-05,0.00127866981879485,0.034,0.433,"HCC-1L_normalized","ROI 1","Rest","wilcox","Spatial",0.25,0.05,0.05,29,2762,TRUE,FALSE,2,2160
"GPT",-2.0536,4.26282152715943e-06,0.000127835788261463,0.103,0.606,"HCC-1L_normalized","ROI 1","Rest","wilcox","Spatial",0.25,0.05,0.05,29,2762,TRUE,FALSE,2,2160
"PUS3",-2.0497,0.00216918363829415,0.0168292631270472,0,0.251,"HCC-1L_normalized","ROI 1","Rest","wilcox","Spatial",0.25,0.05,0.05,29,2762,TRUE,FALSE,2,2160
"WIPF1",2.049,7.62601600274006e-05,0.00139034154010407,0.552,0.343,"HCC-1L_normalized","ROI 1","Rest","wilcox","Spatial",0.25,0.05,0.05,29,2762,TRUE,FALSE,2,2160
"VSIR",2.0462,1.85590843370666e-05,0.000439644208580312,0.655,0.474,"HCC-1L_normalized","ROI 1","Rest","wilcox","Spatial",0.25,0.05,0.05,29,2762,TRUE,FALSE,2,2160
"SEC11A",2.0434,0.000924152619675594,0.00934753937773451,0.759,0.725,"HCC-1L_normalized","ROI 1","Rest","wilcox","Spatial",0.25,0.05,0.05,29,2762,TRUE,FALSE,2,2160
"OARD1",-2.0414,0.000837759726668424,0.00881205356714746,0.034,0.338,"HCC-1L_normalized","ROI 1","Rest","wilcox","Spatial",0.25,0.05,0.05,29,2762,TRUE,FALSE,2,2160
"GPN3",-2.0396,0.00326265075270773,0.0223182371096988,0,0.235,"HCC-1L_normalized","ROI 1","Rest","wilcox","Spatial",0.25,0.05,0.05,29,2762,TRUE,FALSE,2,2160
"TMEM11",-2.0309,0.00326265073707992,0.0223182371096988,0,0.235,"HCC-1L_normalized","ROI 1","Rest","wilcox","Spatial",0.25,0.05,0.05,29,2762,TRUE,FALSE,2,2160
"MIR4458HG",-2.0264,8.67358647888439e-07,3.16298801700362e-05,0.034,0.56,"HCC-1L_normalized","ROI 1","Rest","wilcox","Spatial",0.25,0.05,0.05,29,2762,TRUE,FALSE,2,2160
"CCL16",-2.0252,3.03460799247038e-08,1.71676795941594e-06,0.172,0.766,"HCC-1L_normalized","ROI 1","Rest","wilcox","Spatial",0.25,0.05,0.05,29,2762,TRUE,FALSE,2,2160
"RIPK4",-2.0235,0.00384436516548836,0.0251155594277078,0,0.228,"HCC-1L_normalized","ROI 1","Rest","wilcox","Spatial",0.25,0.05,0.05,29,2762,TRUE,FALSE,2,2160
"SNX7",-2.0226,0.00273884651354872,0.0197008712101725,0,0.241,"HCC-1L_normalized","ROI 1","Rest","wilcox","Spatial",0.25,0.05,0.05,29,2762,TRUE,FALSE,2,2160
"ATXN3",-2.0202,0.00409582480831759,0.0262664843405955,0,0.226,"HCC-1L_normalized","ROI 1","Rest","wilcox","Spatial",0.25,0.05,0.05,29,2762,TRUE,FALSE,2,2160
"PQLC2",-2.0198,0.00091174606235597,0.00926644088245924,0.034,0.336,"HCC-1L_normalized","ROI 1","Rest","wilcox","Spatial",0.25,0.05,0.05,29,2762,TRUE,FALSE,2,2160
"PIGBOS1",-2.0181,0.00176179581601592,0.0145762490200969,0,0.259,"HCC-1L_normalized","ROI 1","Rest","wilcox","Spatial",0.25,0.05,0.05,29,2762,TRUE,FALSE,2,2160
"CLDN5",2.0119,2.74220552527766e-06,8.77673487081223e-05,0.69,0.423,"HCC-1L_normalized","ROI 1","Rest","wilcox","Spatial",0.25,0.05,0.05,29,2762,TRUE,FALSE,2,2160
"UGT2B17",-2.0114,4.40199334997919e-06,0.000130884268184324,0.103,0.605,"HCC-1L_normalized","ROI 1","Rest","wilcox","Spatial",0.25,0.05,0.05,29,2762,TRUE,FALSE,2,2160
"VAMP7",-2.0071,7.63850932122911e-05,0.00139034154010407,0.034,0.43,"HCC-1L_normalized","ROI 1","Rest","wilcox","Spatial",0.25,0.05,0.05,29,2762,TRUE,FALSE,2,2160
"ABTB2",-2.0054,0.00311637172855674,0.0215999645768707,0,0.236,"HCC-1L_normalized","ROI 1","Rest","wilcox","Spatial",0.25,0.05,0.05,29,2762,TRUE,FALSE,2,2160
"PROSER2",-2.0007,0.000286708230262493,0.00392246841559118,0.034,0.383,"HCC-1L_normalized","ROI 1","Rest","wilcox","Spatial",0.25,0.05,0.05,29,2762,TRUE,FALSE,2,2160
"KIAA0232",-2.0001,3.01723707964962e-05,0.000658902748915675,0.034,0.46,"HCC-1L_normalized","ROI 1","Rest","wilcox","Spatial",0.25,0.05,0.05,29,2762,TRUE,FALSE,2,2160
"PPARA",-1.9957,3.16225485088911e-05,0.000688069839280777,0.034,0.458,"HCC-1L_normalized","ROI 1","Rest","wilcox","Spatial",0.25,0.05,0.05,29,2762,TRUE,FALSE,2,2160
"TOP2A",-1.9896,0.00374109590956388,0.0247186299762646,0,0.229,"HCC-1L_normalized","ROI 1","Rest","wilcox","Spatial",0.25,0.05,0.05,29,2762,TRUE,FALSE,2,2160
"MBIP",-1.9868,0.00417045707526429,0.0265984178852627,0,0.225,"HCC-1L_normalized","ROI 1","Rest","wilcox","Spatial",0.25,0.05,0.05,29,2762,TRUE,FALSE,2,2160
"ALDH6A1",-1.9866,3.29797745825571e-07,1.34830594055095e-05,0.138,0.716,"HCC-1L_normalized","ROI 1","Rest","wilcox","Spatial",0.25,0.05,0.05,29,2762,TRUE,FALSE,2,2160
"SGK2",-1.9843,7.40426314781324e-06,0.000204237059320719,0.034,0.503,"HCC-1L_normalized","ROI 1","Rest","wilcox","Spatial",0.25,0.05,0.05,29,2762,TRUE,FALSE,2,2160
"EHBP1L1",1.9809,0.000406358221821912,0.00513021127815215,0.621,0.534,"HCC-1L_normalized","ROI 1","Rest","wilcox","Spatial",0.25,0.05,0.05,29,2762,TRUE,FALSE,2,2160
"TTC23",-1.9728,0.00297626359443978,0.0209405763216406,0,0.238,"HCC-1L_normalized","ROI 1","Rest","wilcox","Spatial",0.25,0.05,0.05,29,2762,TRUE,FALSE,2,2160
"CCDC82",-1.9725,0.00354231864351015,0.0237653250072269,0,0.231,"HCC-1L_normalized","ROI 1","Rest","wilcox","Spatial",0.25,0.05,0.05,29,2762,TRUE,FALSE,2,2160
"MED6",-1.969,0.00305960182668999,0.0213235275676032,0,0.237,"HCC-1L_normalized","ROI 1","Rest","wilcox","Spatial",0.25,0.05,0.05,29,2762,TRUE,FALSE,2,2160
"PPFIA3",-1.9669,0.00692031398450268,0.0378910544943318,0,0.204,"HCC-1L_normalized","ROI 1","Rest","wilcox","Spatial",0.25,0.05,0.05,29,2762,TRUE,FALSE,2,2160
"TRIM4",-1.9634,0.0037752261625558,0.0248032121891456,0,0.229,"HCC-1L_normalized","ROI 1","Rest","wilcox","Spatial",0.25,0.05,0.05,29,2762,TRUE,FALSE,2,2160
"IGHG4",1.9615,1.6333271147842e-14,8.14019123015784e-12,1,0.978,"HCC-1L_normalized","ROI 1","Rest","wilcox","Spatial",0.25,0.05,0.05,29,2762,TRUE,FALSE,2,2160
"FXN",-1.9607,0.0068002046441957,0.0376167770246678,0,0.205,"HCC-1L_normalized","ROI 1","Rest","wilcox","Spatial",0.25,0.05,0.05,29,2762,TRUE,FALSE,2,2160
"FAM98B",-1.9604,0.00354231865194668,0.0237653250072269,0,0.231,"HCC-1L_normalized","ROI 1","Rest","wilcox","Spatial",0.25,0.05,0.05,29,2762,TRUE,FALSE,2,2160
"MAGEH1",-1.9584,0.00440208541259835,0.0276378083196764,0,0.223,"HCC-1L_normalized","ROI 1","Rest","wilcox","Spatial",0.25,0.05,0.05,29,2762,TRUE,FALSE,2,2160
"PANX2",-1.9539,0.00823620792909117,0.0426522277020624,0,0.197,"HCC-1L_normalized","ROI 1","Rest","wilcox","Spatial",0.25,0.05,0.05,29,2762,TRUE,FALSE,2,2160
"KDM7A",-1.9489,0.00218965297720345,0.0169629223237686,0,0.25,"HCC-1L_normalized","ROI 1","Rest","wilcox","Spatial",0.25,0.05,0.05,29,2762,TRUE,FALSE,2,2160
"RCC1",-1.9479,0.00384436520190979,0.0251155594277078,0,0.228,"HCC-1L_normalized","ROI 1","Rest","wilcox","Spatial",0.25,0.05,0.05,29,2762,TRUE,FALSE,2,2160
"C7",1.9478,1.93346643579311e-12,4.30545951425759e-10,0.966,0.887,"HCC-1L_normalized","ROI 1","Rest","wilcox","Spatial",0.25,0.05,0.05,29,2762,TRUE,FALSE,2,2160
"VPS50",-1.9432,0.00317412886201273,0.0218843429972498,0,0.236,"HCC-1L_normalized","ROI 1","Rest","wilcox","Spatial",0.25,0.05,0.05,29,2762,TRUE,FALSE,2,2160
"SLC30A10",-1.9406,0.00417045706544073,0.0265984178852627,0,0.225,"HCC-1L_normalized","ROI 1","Rest","wilcox","Spatial",0.25,0.05,0.05,29,2762,TRUE,FALSE,2,2160
"NUP107",-1.9405,0.00413298278341123,0.0264076909714175,0,0.225,"HCC-1L_normalized","ROI 1","Rest","wilcox","Spatial",0.25,0.05,0.05,29,2762,TRUE,FALSE,2,2160
"HLA-DMB",1.938,0.00664511804795403,0.0369935135584505,0.517,0.448,"HCC-1L_normalized","ROI 1","Rest","wilcox","Spatial",0.25,0.05,0.05,29,2762,TRUE,FALSE,2,2160
"CYBA",1.9379,2.54876933130645e-10,2.4699462797642e-08,0.897,0.812,"HCC-1L_normalized","ROI 1","Rest","wilcox","Spatial",0.25,0.05,0.05,29,2762,TRUE,FALSE,2,2160
"IGHG1",1.9316,9.91461851511037e-11,1.12789562368636e-08,0.931,0.782,"HCC-1L_normalized","ROI 1","Rest","wilcox","Spatial",0.25,0.05,0.05,29,2762,TRUE,FALSE,2,2160
"THOC3",-1.9316,0.00281593650033157,0.020117127244007,0,0.24,"HCC-1L_normalized","ROI 1","Rest","wilcox","Spatial",0.25,0.05,0.05,29,2762,TRUE,FALSE,2,2160
"WNK3",-1.9282,0.00338428695256682,0.0229701344004957,0,0.233,"HCC-1L_normalized","ROI 1","Rest","wilcox","Spatial",0.25,0.05,0.05,29,2762,TRUE,FALSE,2,2160
"TCF20",-1.9277,0.00468756978122078,0.028757389157994,0,0.22,"HCC-1L_normalized","ROI 1","Rest","wilcox","Spatial",0.25,0.05,0.05,29,2762,TRUE,FALSE,2,2160
"RCCD1",-1.9272,0.0037072553843552,0.0245725996533639,0,0.23,"HCC-1L_normalized","ROI 1","Rest","wilcox","Spatial",0.25,0.05,0.05,29,2762,TRUE,FALSE,2,2160
"MICAL1",1.9241,0.00819122579689306,0.0424681506790924,0.448,0.316,"HCC-1L_normalized","ROI 1","Rest","wilcox","Spatial",0.25,0.05,0.05,29,2762,TRUE,FALSE,2,2160
"PRPS1",-1.9235,1.8567049511991e-05,0.000439644208580312,0.069,0.529,"HCC-1L_normalized","ROI 1","Rest","wilcox","Spatial",0.25,0.05,0.05,29,2762,TRUE,FALSE,2,2160
"PFDN6",-1.9229,1.73738306536785e-05,0.000414201621005464,0.103,0.555,"HCC-1L_normalized","ROI 1","Rest","wilcox","Spatial",0.25,0.05,0.05,29,2762,TRUE,FALSE,2,2160
"CYP8B1",-1.9224,4.51820864851019e-07,1.80486914943922e-05,0.138,0.689,"HCC-1L_normalized","ROI 1","Rest","wilcox","Spatial",0.25,0.05,0.05,29,2762,TRUE,FALSE,2,2160
"PDGFRA",1.9211,0.00360322061812099,0.0240783085998934,0.414,0.25,"HCC-1L_normalized","ROI 1","Rest","wilcox","Spatial",0.25,0.05,0.05,29,2762,TRUE,FALSE,2,2160
"SLCO1B1",-1.9171,0.00110181622311294,0.0105504195709973,0.034,0.334,"HCC-1L_normalized","ROI 1","Rest","wilcox","Spatial",0.25,0.05,0.05,29,2762,TRUE,FALSE,2,2160
"SNCG",1.9152,0.00653528898226448,0.0366145503952327,0.276,0.126,"HCC-1L_normalized","ROI 1","Rest","wilcox","Spatial",0.25,0.05,0.05,29,2762,TRUE,FALSE,2,2160
"NFATC2",-1.9117,0.00428480239175129,0.0271293054035505,0,0.224,"HCC-1L_normalized","ROI 1","Rest","wilcox","Spatial",0.25,0.05,0.05,29,2762,TRUE,FALSE,2,2160
"NEPRO",-1.9114,0.00503509265738712,0.0302857930314832,0,0.217,"HCC-1L_normalized","ROI 1","Rest","wilcox","Spatial",0.25,0.05,0.05,29,2762,TRUE,FALSE,2,2160
"EPPK1",-1.9109,0.00279001645219706,0.0200002138278729,0,0.241,"HCC-1L_normalized","ROI 1","Rest","wilcox","Spatial",0.25,0.05,0.05,29,2762,TRUE,FALSE,2,2160
"CSTF2T",-1.9089,0.00468756983599635,0.028757389157994,0,0.22,"HCC-1L_normalized","ROI 1","Rest","wilcox","Spatial",0.25,0.05,0.05,29,2762,TRUE,FALSE,2,2160
"FGGY",-1.9082,3.62169091038309e-07,1.46349872849689e-05,0.207,0.734,"HCC-1L_normalized","ROI 1","Rest","wilcox","Spatial",0.25,0.05,0.05,29,2762,TRUE,FALSE,2,2160
"LDHD",-1.9057,0.000168032997924269,0.00258242783594038,0.103,0.486,"HCC-1L_normalized","ROI 1","Rest","wilcox","Spatial",0.25,0.05,0.05,29,2762,TRUE,FALSE,2,2160
"TGDS",-1.9046,0.00436266033007627,0.0274834866907507,0,0.223,"HCC-1L_normalized","ROI 1","Rest","wilcox","Spatial",0.25,0.05,0.05,29,2762,TRUE,FALSE,2,2160
"EHD1",1.9004,0.000301539681023614,0.00407740865838908,0.586,0.459,"HCC-1L_normalized","ROI 1","Rest","wilcox","Spatial",0.25,0.05,0.05,29,2762,TRUE,FALSE,2,2160
"KLF2",1.8998,2.93268166415901e-07,1.20366456067012e-05,0.793,0.575,"HCC-1L_normalized","ROI 1","Rest","wilcox","Spatial",0.25,0.05,0.05,29,2762,TRUE,FALSE,2,2160
"ITGB2",1.8988,1.75142496502462e-08,1.04150077749703e-06,0.828,0.57,"HCC-1L_normalized","ROI 1","Rest","wilcox","Spatial",0.25,0.05,0.05,29,2762,TRUE,FALSE,2,2160
"LRCH4",1.8944,0.000196584250435991,0.00289781797896208,0.552,0.374,"HCC-1L_normalized","ROI 1","Rest","wilcox","Spatial",0.25,0.05,0.05,29,2762,TRUE,FALSE,2,2160
"CNOT6",-1.8898,0.00402244742219422,0.0259389616270393,0,0.226,"HCC-1L_normalized","ROI 1","Rest","wilcox","Spatial",0.25,0.05,0.05,29,2762,TRUE,FALSE,2,2160
"MRPS28",-1.8883,3.17822497424126e-05,0.00069011001204168,0.034,0.46,"HCC-1L_normalized","ROI 1","Rest","wilcox","Spatial",0.25,0.05,0.05,29,2762,TRUE,FALSE,2,2160
"QSOX1",1.8845,7.80916770438417e-08,4.00640927421984e-06,0.897,0.838,"HCC-1L_normalized","ROI 1","Rest","wilcox","Spatial",0.25,0.05,0.05,29,2762,TRUE,FALSE,2,2160
"RAD23B",-1.8837,1.84001000567122e-07,8.26504065208367e-06,0.138,0.727,"HCC-1L_normalized","ROI 1","Rest","wilcox","Spatial",0.25,0.05,0.05,29,2762,TRUE,FALSE,2,2160
"ADGRV1",-1.8806,2.65301748407391e-05,0.000597128623404677,0.069,0.521,"HCC-1L_normalized","ROI 1","Rest","wilcox","Spatial",0.25,0.05,0.05,29,2762,TRUE,FALSE,2,2160
"MRPS15",1.8798,0.00117018140209122,0.010915435431628,0.207,0.646,"HCC-1L_normalized","ROI 1","Rest","wilcox","Spatial",0.25,0.05,0.05,29,2762,TRUE,FALSE,2,2160
"MBNL1",1.8797,0.00444150412426242,0.0277355502175003,0.552,0.499,"HCC-1L_normalized","ROI 1","Rest","wilcox","Spatial",0.25,0.05,0.05,29,2762,TRUE,FALSE,2,2160
"MFAP4",1.8779,5.24472530201246e-09,3.54137387166854e-07,0.862,0.602,"HCC-1L_normalized","ROI 1","Rest","wilcox","Spatial",0.25,0.05,0.05,29,2762,TRUE,FALSE,2,2160
"ZNF710-AS1",-1.8776,0.00357474473894878,0.023960982126095,0,0.231,"HCC-1L_normalized","ROI 1","Rest","wilcox","Spatial",0.25,0.05,0.05,29,2762,TRUE,FALSE,2,2160
"GABPA",-1.876,0.00788679738718072,0.0413957981214812,0,0.199,"HCC-1L_normalized","ROI 1","Rest","wilcox","Spatial",0.25,0.05,0.05,29,2762,TRUE,FALSE,2,2160
"CCND3",1.8747,0.000859592013059503,0.00895907645286771,0.586,0.492,"HCC-1L_normalized","ROI 1","Rest","wilcox","Spatial",0.25,0.05,0.05,29,2762,TRUE,FALSE,2,2160
"SLC17A9",-1.8732,6.13850760701244e-07,2.34473067937928e-05,0.138,0.684,"HCC-1L_normalized","ROI 1","Rest","wilcox","Spatial",0.25,0.05,0.05,29,2762,TRUE,FALSE,2,2160
"DPT",1.8726,2.79573672545943e-07,1.17510765335977e-05,0.69,0.356,"HCC-1L_normalized","ROI 1","Rest","wilcox","Spatial",0.25,0.05,0.05,29,2762,TRUE,FALSE,2,2160
"RNF43",-1.8706,0.00809473240489021,0.0421503421838835,0,0.198,"HCC-1L_normalized","ROI 1","Rest","wilcox","Spatial",0.25,0.05,0.05,29,2762,TRUE,FALSE,2,2160
"DPH5",-1.8694,0.00662370810268933,0.0368939483782579,0,0.206,"HCC-1L_normalized","ROI 1","Rest","wilcox","Spatial",0.25,0.05,0.05,29,2762,TRUE,FALSE,2,2160
"WDR5",-1.8688,0.000700593981268005,0.00780044319994781,0.034,0.352,"HCC-1L_normalized","ROI 1","Rest","wilcox","Spatial",0.25,0.05,0.05,29,2762,TRUE,FALSE,2,2160
"BBS4",-1.8683,0.00440208546425574,0.0276378083196764,0,0.223,"HCC-1L_normalized","ROI 1","Rest","wilcox","Spatial",0.25,0.05,0.05,29,2762,TRUE,FALSE,2,2160
"GSTP1",1.8637,2.72579373114408e-11,3.80375429202052e-09,0.931,0.737,"HCC-1L_normalized","ROI 1","Rest","wilcox","Spatial",0.25,0.05,0.05,29,2762,TRUE,FALSE,2,2160
"AC011043.1",-1.8636,0.0034153540497411,0.0231210190715332,0,0.233,"HCC-1L_normalized","ROI 1","Rest","wilcox","Spatial",0.25,0.05,0.05,29,2762,TRUE,FALSE,2,2160
"LDHB",1.8561,3.41182974796344e-05,0.000728738982493578,0.586,0.35,"HCC-1L_normalized","ROI 1","Rest","wilcox","Spatial",0.25,0.05,0.05,29,2762,TRUE,FALSE,2,2160
"IGKC",1.8555,6.20328977813036e-11,7.54925939743167e-09,0.966,0.986,"HCC-1L_normalized","ROI 1","Rest","wilcox","Spatial",0.25,0.05,0.05,29,2762,TRUE,FALSE,2,2160
"C1orf115",-1.8545,5.69198938608098e-06,0.000163660332183306,0.069,0.557,"HCC-1L_normalized","ROI 1","Rest","wilcox","Spatial",0.25,0.05,0.05,29,2762,TRUE,FALSE,2,2160
"POMGNT2",-1.8529,0.00692031395298439,0.0378910544943318,0,0.204,"HCC-1L_normalized","ROI 1","Rest","wilcox","Spatial",0.25,0.05,0.05,29,2762,TRUE,FALSE,2,2160
"NR2F2",1.8437,0.00136589453030384,0.012217872911279,0.586,0.517,"HCC-1L_normalized","ROI 1","Rest","wilcox","Spatial",0.25,0.05,0.05,29,2762,TRUE,FALSE,2,2160
"PIPOX",-1.8433,1.02148055441661e-08,6.47928211062077e-07,0.31,0.883,"HCC-1L_normalized","ROI 1","Rest","wilcox","Spatial",0.25,0.05,0.05,29,2762,TRUE,FALSE,2,2160
"C4BPB",-1.8424,2.36544705226038e-10,2.31371671485581e-08,0.345,0.883,"HCC-1L_normalized","ROI 1","Rest","wilcox","Spatial",0.25,0.05,0.05,29,2762,TRUE,FALSE,2,2160
"UNC93B1",1.8405,1.13422762759474e-06,4.04607338012283e-05,0.724,0.495,"HCC-1L_normalized","ROI 1","Rest","wilcox","Spatial",0.25,0.05,0.05,29,2762,TRUE,FALSE,2,2160
"RAD1",-1.8396,0.00540669724765476,0.031915675913116,0,0.214,"HCC-1L_normalized","ROI 1","Rest","wilcox","Spatial",0.25,0.05,0.05,29,2762,TRUE,FALSE,2,2160
"SLC17A2",-1.8383,0.000392384057773747,0.00497780793776975,0.034,0.375,"HCC-1L_normalized","ROI 1","Rest","wilcox","Spatial",0.25,0.05,0.05,29,2762,TRUE,FALSE,2,2160
"TRIM55",-1.8371,0.00424636424919653,0.0269511511413529,0,0.224,"HCC-1L_normalized","ROI 1","Rest","wilcox","Spatial",0.25,0.05,0.05,29,2762,TRUE,FALSE,2,2160
"AC103591.3",1.8331,0.00397263309557193,0.0256968961546699,0.345,0.179,"HCC-1L_normalized","ROI 1","Rest","wilcox","Spatial",0.25,0.05,0.05,29,2762,TRUE,FALSE,2,2160
"ERMP1",-1.8326,0.00710422162387154,0.0385647217403732,0,0.203,"HCC-1L_normalized","ROI 1","Rest","wilcox","Spatial",0.25,0.05,0.05,29,2762,TRUE,FALSE,2,2160
"SLC30A1",-1.8313,5.77509039201846e-07,2.23051973869788e-05,0.103,0.671,"HCC-1L_normalized","ROI 1","Rest","wilcox","Spatial",0.25,0.05,0.05,29,2762,TRUE,FALSE,2,2160
"LMTK2",-1.831,0.00617385848497996,0.0350790460932683,0,0.209,"HCC-1L_normalized","ROI 1","Rest","wilcox","Spatial",0.25,0.05,0.05,29,2762,TRUE,FALSE,2,2160
"RMND1",-1.8289,0.00722936790731555,0.039015329318971,0,0.202,"HCC-1L_normalized","ROI 1","Rest","wilcox","Spatial",0.25,0.05,0.05,29,2762,TRUE,FALSE,2,2160
"BPGM",-1.8285,0.00367370228469185,0.0244120432454507,0,0.23,"HCC-1L_normalized","ROI 1","Rest","wilcox","Spatial",0.25,0.05,0.05,29,2762,TRUE,FALSE,2,2160
"DNHD1",-1.8168,0.00472974421045072,0.0289313284082859,0,0.22,"HCC-1L_normalized","ROI 1","Rest","wilcox","Spatial",0.25,0.05,0.05,29,2762,TRUE,FALSE,2,2160
"ATG14",-1.8165,0.0050350926690981,0.0302857930314832,0,0.217,"HCC-1L_normalized","ROI 1","Rest","wilcox","Spatial",0.25,0.05,0.05,29,2762,TRUE,FALSE,2,2160
"APOF",-1.816,2.72248242313581e-05,0.000603675869502954,0.103,0.562,"HCC-1L_normalized","ROI 1","Rest","wilcox","Spatial",0.25,0.05,0.05,29,2762,TRUE,FALSE,2,2160
"TTI1",-1.8142,0.00508019523441435,0.0305219996115847,0,0.217,"HCC-1L_normalized","ROI 1","Rest","wilcox","Spatial",0.25,0.05,0.05,29,2762,TRUE,FALSE,2,2160
"SMOC1",-1.8129,1.48648915181897e-05,0.000362647912888983,0.069,0.538,"HCC-1L_normalized","ROI 1","Rest","wilcox","Spatial",0.25,0.05,0.05,29,2762,TRUE,FALSE,2,2160
"CPLX1",-1.8125,0.001783156785409,0.014718074854961,0.034,0.323,"HCC-1L_normalized","ROI 1","Rest","wilcox","Spatial",0.25,0.05,0.05,29,2762,TRUE,FALSE,2,2160
"ANGPTL3",-1.8121,3.59880004186803e-13,1.14136488600578e-10,0.586,0.952,"HCC-1L_normalized","ROI 1","Rest","wilcox","Spatial",0.25,0.05,0.05,29,2762,TRUE,FALSE,2,2160
"U2AF2",-1.8121,0.000310928781849043,0.00416668454651995,0.034,0.384,"HCC-1L_normalized","ROI 1","Rest","wilcox","Spatial",0.25,0.05,0.05,29,2762,TRUE,FALSE,2,2160
"IGSF9",-1.8106,0.00380964848088897,0.0249510519405407,0,0.228,"HCC-1L_normalized","ROI 1","Rest","wilcox","Spatial",0.25,0.05,0.05,29,2762,TRUE,FALSE,2,2160
"YPEL3",1.8076,0.000662395395206646,0.00749633354900238,0.621,0.493,"HCC-1L_normalized","ROI 1","Rest","wilcox","Spatial",0.25,0.05,0.05,29,2762,TRUE,FALSE,2,2160
"NR1I2",-1.8071,0.00462313982188143,0.0285125405868067,0.034,0.275,"HCC-1L_normalized","ROI 1","Rest","wilcox","Spatial",0.25,0.05,0.05,29,2762,TRUE,FALSE,2,2160
"CHCHD1",-1.8049,1.69289217661232e-06,5.70455584042237e-05,0.138,0.68,"HCC-1L_normalized","ROI 1","Rest","wilcox","Spatial",0.25,0.05,0.05,29,2762,TRUE,FALSE,2,2160
"DHRS11",-1.8039,0.00686001232845279,0.0378012488623372,0,0.205,"HCC-1L_normalized","ROI 1","Rest","wilcox","Spatial",0.25,0.05,0.05,29,2762,TRUE,FALSE,2,2160
"CYP4F11",-1.8032,2.18948091719834e-06,7.22874046668701e-05,0.069,0.595,"HCC-1L_normalized","ROI 1","Rest","wilcox","Spatial",0.25,0.05,0.05,29,2762,TRUE,FALSE,2,2160
"RBKS",-1.7985,0.000244843236217068,0.00344889543774944,0.034,0.393,"HCC-1L_normalized","ROI 1","Rest","wilcox","Spatial",0.25,0.05,0.05,29,2762,TRUE,FALSE,2,2160
"RDH13",-1.7969,0.00692031396874354,0.0378910544943318,0,0.204,"HCC-1L_normalized","ROI 1","Rest","wilcox","Spatial",0.25,0.05,0.05,29,2762,TRUE,FALSE,2,2160
"RTL10",-1.7965,0.00628354887529883,0.0355286993673028,0,0.208,"HCC-1L_normalized","ROI 1","Rest","wilcox","Spatial",0.25,0.05,0.05,29,2762,TRUE,FALSE,2,2160
"PNPT1",-1.7956,0.00545491770242343,0.0321278383081394,0,0.214,"HCC-1L_normalized","ROI 1","Rest","wilcox","Spatial",0.25,0.05,0.05,29,2762,TRUE,FALSE,2,2160
"ADAMTSL2",1.7908,5.44020858717918e-10,4.82518839605231e-08,0.931,0.753,"HCC-1L_normalized","ROI 1","Rest","wilcox","Spatial",0.25,0.05,0.05,29,2762,TRUE,FALSE,2,2160
"TM4SF20",-1.7844,0.000260749204186954,0.00361457108744458,0.034,0.392,"HCC-1L_normalized","ROI 1","Rest","wilcox","Spatial",0.25,0.05,0.05,29,2762,TRUE,FALSE,2,2160
"ZFP36L2",1.784,4.37085037540615e-11,5.71816500362509e-09,0.931,0.796,"HCC-1L_normalized","ROI 1","Rest","wilcox","Spatial",0.25,0.05,0.05,29,2762,TRUE,FALSE,2,2160
"LINC00844",-1.7831,0.000215171222955499,0.00311908866960146,0.069,0.449,"HCC-1L_normalized","ROI 1","Rest","wilcox","Spatial",0.25,0.05,0.05,29,2762,TRUE,FALSE,2,2160
"NSUN5",1.7778,5.45036282019597e-06,0.000157578721757378,0.69,0.531,"HCC-1L_normalized","ROI 1","Rest","wilcox","Spatial",0.25,0.05,0.05,29,2762,TRUE,FALSE,2,2160
"DKK3",1.7765,0.00471680375899541,0.028869045696869,0.448,0.299,"HCC-1L_normalized","ROI 1","Rest","wilcox","Spatial",0.25,0.05,0.05,29,2762,TRUE,FALSE,2,2160
"CSRNP1",1.776,0.00247006369097257,0.0183997769321843,0.517,0.378,"HCC-1L_normalized","ROI 1","Rest","wilcox","Spatial",0.25,0.05,0.05,29,2762,TRUE,FALSE,2,2160
"MTFMT",-1.7694,0.00601269050595924,0.034335282070286,0,0.21,"HCC-1L_normalized","ROI 1","Rest","wilcox","Spatial",0.25,0.05,0.05,29,2762,TRUE,FALSE,2,2160
"TSPY2",-1.7677,0.00409582479865807,0.0262664843405955,0,0.226,"HCC-1L_normalized","ROI 1","Rest","wilcox","Spatial",0.25,0.05,0.05,29,2762,TRUE,FALSE,2,2160
"KCTD12",1.7668,0.00207794055172121,0.0163271214822179,0.483,0.315,"HCC-1L_normalized","ROI 1","Rest","wilcox","Spatial",0.25,0.05,0.05,29,2762,TRUE,FALSE,2,2160
"SLC2A13",-1.7661,0.00452237683766761,0.0280438177048068,0,0.222,"HCC-1L_normalized","ROI 1","Rest","wilcox","Spatial",0.25,0.05,0.05,29,2762,TRUE,FALSE,2,2160
"TRMT1L",-1.7647,0.00874990151199007,0.044154517466002,0,0.194,"HCC-1L_normalized","ROI 1","Rest","wilcox","Spatial",0.25,0.05,0.05,29,2762,TRUE,FALSE,2,2160
"MAPRE1",-1.763,0.00443735080597812,0.0277355502175003,0.069,0.333,"HCC-1L_normalized","ROI 1","Rest","wilcox","Spatial",0.25,0.05,0.05,29,2762,TRUE,FALSE,2,2160
"AGMO",-1.7554,0.000173494598088498,0.00264307782182564,0.034,0.406,"HCC-1L_normalized","ROI 1","Rest","wilcox","Spatial",0.25,0.05,0.05,29,2762,TRUE,FALSE,2,2160
"DEPDC7",-1.7517,0.00513582040304202,0.0307678857116415,0.034,0.271,"HCC-1L_normalized","ROI 1","Rest","wilcox","Spatial",0.25,0.05,0.05,29,2762,TRUE,FALSE,2,2160
"ADGRE5",1.7491,0.000172273622658562,0.00262830282032728,0.621,0.422,"HCC-1L_normalized","ROI 1","Rest","wilcox","Spatial",0.25,0.05,0.05,29,2762,TRUE,FALSE,2,2160
"SHMT1",-1.7485,2.44516070550675e-09,1.8279322817024e-07,0.414,0.87,"HCC-1L_normalized","ROI 1","Rest","wilcox","Spatial",0.25,0.05,0.05,29,2762,TRUE,FALSE,2,2160
"ZNF195",-1.7471,0.00729271524609843,0.0392823251495966,0,0.202,"HCC-1L_normalized","ROI 1","Rest","wilcox","Spatial",0.25,0.05,0.05,29,2762,TRUE,FALSE,2,2160
"H2AFY2",-1.7471,0.00374109591844097,0.0247186299762646,0,0.229,"HCC-1L_normalized","ROI 1","Rest","wilcox","Spatial",0.25,0.05,0.05,29,2762,TRUE,FALSE,2,2160
"C6orf203",-1.7469,0.00674088729760259,0.0373874544020714,0,0.205,"HCC-1L_normalized","ROI 1","Rest","wilcox","Spatial",0.25,0.05,0.05,29,2762,TRUE,FALSE,2,2160
"LTBP4",1.745,5.41426690841217e-07,2.11439244266574e-05,0.828,0.696,"HCC-1L_normalized","ROI 1","Rest","wilcox","Spatial",0.25,0.05,0.05,29,2762,TRUE,FALSE,2,2160
"CYP3A7",-1.7408,1.44864002155233e-07,6.73842954025186e-06,0.379,0.851,"HCC-1L_normalized","ROI 1","Rest","wilcox","Spatial",0.25,0.05,0.05,29,2762,TRUE,FALSE,2,2160
"TRIM21",-1.7393,0.00560201333165344,0.0327362766773227,0,0.213,"HCC-1L_normalized","ROI 1","Rest","wilcox","Spatial",0.25,0.05,0.05,29,2762,TRUE,FALSE,2,2160
"DNAJC30",-1.7382,0.000811688810151908,0.00870223188450915,0.034,0.349,"HCC-1L_normalized","ROI 1","Rest","wilcox","Spatial",0.25,0.05,0.05,29,2762,TRUE,FALSE,2,2160
"IQGAP2",-1.7348,1.1365809036462e-06,4.04607338012283e-05,0.138,0.694,"HCC-1L_normalized","ROI 1","Rest","wilcox","Spatial",0.25,0.05,0.05,29,2762,TRUE,FALSE,2,2160
"CDAN1",-1.7304,0.00716653800879555,0.0388023729800648,0,0.203,"HCC-1L_normalized","ROI 1","Rest","wilcox","Spatial",0.25,0.05,0.05,29,2762,TRUE,FALSE,2,2160
"ZNF516",-1.73,0.0072927151964483,0.0392823251495966,0,0.202,"HCC-1L_normalized","ROI 1","Rest","wilcox","Spatial",0.25,0.05,0.05,29,2762,TRUE,FALSE,2,2160
"TUBGCP3",-1.7278,0.00680020467520271,0.0376167770246678,0,0.205,"HCC-1L_normalized","ROI 1","Rest","wilcox","Spatial",0.25,0.05,0.05,29,2762,TRUE,FALSE,2,2160
"IGHG3",1.7247,7.80399685591476e-07,2.89633443595758e-05,0.897,0.869,"HCC-1L_normalized","ROI 1","Rest","wilcox","Spatial",0.25,0.05,0.05,29,2762,TRUE,FALSE,2,2160
"DOCK4",-1.7211,0.00650844488661099,0.0365240665862041,0,0.207,"HCC-1L_normalized","ROI 1","Rest","wilcox","Spatial",0.25,0.05,0.05,29,2762,TRUE,FALSE,2,2160
"BET1L",-1.7209,0.000100832953726227,0.0017385793965382,0.069,0.476,"HCC-1L_normalized","ROI 1","Rest","wilcox","Spatial",0.25,0.05,0.05,29,2762,TRUE,FALSE,2,2160
"PRR5",1.72,0.00802556132120219,0.0419361781569952,0.414,0.264,"HCC-1L_normalized","ROI 1","Rest","wilcox","Spatial",0.25,0.05,0.05,29,2762,TRUE,FALSE,2,2160
"PRKD2",1.7185,0.000952271333278392,0.00949187788008728,0.586,0.489,"HCC-1L_normalized","ROI 1","Rest","wilcox","Spatial",0.25,0.05,0.05,29,2762,TRUE,FALSE,2,2160
"HSBP1L1",-1.7183,6.44807819397278e-05,0.00122478378181704,0.069,0.495,"HCC-1L_normalized","ROI 1","Rest","wilcox","Spatial",0.25,0.05,0.05,29,2762,TRUE,FALSE,2,2160
"MRPL49",-1.7178,0.000189510260396814,0.00282537661725506,0.034,0.403,"HCC-1L_normalized","ROI 1","Rest","wilcox","Spatial",0.25,0.05,0.05,29,2762,TRUE,FALSE,2,2160
"MTHFS",-1.7149,4.8119107924501e-07,1.90763099824935e-05,0.207,0.763,"HCC-1L_normalized","ROI 1","Rest","wilcox","Spatial",0.25,0.05,0.05,29,2762,TRUE,FALSE,2,2160
"PHF13",-1.7133,0.00852616338991152,0.043469373371895,0,0.196,"HCC-1L_normalized","ROI 1","Rest","wilcox","Spatial",0.25,0.05,0.05,29,2762,TRUE,FALSE,2,2160
"MRPL15",-1.7127,1.58133102936842e-05,0.000383976470996912,0.069,0.542,"HCC-1L_normalized","ROI 1","Rest","wilcox","Spatial",0.25,0.05,0.05,29,2762,TRUE,FALSE,2,2160
"C15orf61",-1.7098,0.00156398434574178,0.0135278183161434,0.069,0.378,"HCC-1L_normalized","ROI 1","Rest","wilcox","Spatial",0.25,0.05,0.05,29,2762,TRUE,FALSE,2,2160
"IGF1",-1.7093,0.00015068889922354,0.00237159401394521,0.069,0.463,"HCC-1L_normalized","ROI 1","Rest","wilcox","Spatial",0.25,0.05,0.05,29,2762,TRUE,FALSE,2,2160
"BICRA",-1.708,0.00570213789247326,0.033107419602003,0,0.212,"HCC-1L_normalized","ROI 1","Rest","wilcox","Spatial",0.25,0.05,0.05,29,2762,TRUE,FALSE,2,2160
"USP10",-1.7049,0.00115451289998105,0.010866125909354,0.034,0.339,"HCC-1L_normalized","ROI 1","Rest","wilcox","Spatial",0.25,0.05,0.05,29,2762,TRUE,FALSE,2,2160
"IAH1",-1.6987,5.01497243210756e-05,0.00100549236541068,0.069,0.503,"HCC-1L_normalized","ROI 1","Rest","wilcox","Spatial",0.25,0.05,0.05,29,2762,TRUE,FALSE,2,2160
"PON3",-1.6979,2.50279157925311e-07,1.07353347001898e-05,0.172,0.781,"HCC-1L_normalized","ROI 1","Rest","wilcox","Spatial",0.25,0.05,0.05,29,2762,TRUE,FALSE,2,2160
"DECR1",-1.6951,1.70108343771688e-07,7.6739393358383e-06,0.241,0.806,"HCC-1L_normalized","ROI 1","Rest","wilcox","Spatial",0.25,0.05,0.05,29,2762,TRUE,FALSE,2,2160
"EBNA1BP2",-1.691,9.31962669122541e-06,0.000243239932544552,0.103,0.585,"HCC-1L_normalized","ROI 1","Rest","wilcox","Spatial",0.25,0.05,0.05,29,2762,TRUE,FALSE,2,2160
"DEPP1",1.6867,1.1083004920534e-07,5.39510369759578e-06,0.828,0.689,"HCC-1L_normalized","ROI 1","Rest","wilcox","Spatial",0.25,0.05,0.05,29,2762,TRUE,FALSE,2,2160
"SLC44A2",1.6848,0.000197407186729593,0.0029058560004387,0.586,0.411,"HCC-1L_normalized","ROI 1","Rest","wilcox","Spatial",0.25,0.05,0.05,29,2762,TRUE,FALSE,2,2160
"IFT43",-1.6838,1.23733213066316e-05,0.000309806652620112,0.034,0.488,"HCC-1L_normalized","ROI 1","Rest","wilcox","Spatial",0.25,0.05,0.05,29,2762,TRUE,FALSE,2,2160
"RALGAPA1",-1.682,0.00897915387277505,0.0451589739804222,0,0.193,"HCC-1L_normalized","ROI 1","Rest","wilcox","Spatial",0.25,0.05,0.05,29,2762,TRUE,FALSE,2,2160
"UNC93A",-1.6803,0.00083177420103312,0.00878238740992984,0.034,0.349,"HCC-1L_normalized","ROI 1","Rest","wilcox","Spatial",0.25,0.05,0.05,29,2762,TRUE,FALSE,2,2160
"AUH",-1.6783,0.00324850102936307,0.0222651026675271,0.034,0.29,"HCC-1L_normalized","ROI 1","Rest","wilcox","Spatial",0.25,0.05,0.05,29,2762,TRUE,FALSE,2,2160
"UNC5CL",-1.6779,0.00440196226242881,0.0276378083196764,0.034,0.287,"HCC-1L_normalized","ROI 1","Rest","wilcox","Spatial",0.25,0.05,0.05,29,2762,TRUE,FALSE,2,2160
"GLTPD2",-1.6774,0.000830903418535812,0.00878238740992984,0.069,0.394,"HCC-1L_normalized","ROI 1","Rest","wilcox","Spatial",0.25,0.05,0.05,29,2762,TRUE,FALSE,2,2160
"PHLDB3",-1.6763,7.6028232517018e-05,0.00139034154010407,0.069,0.486,"HCC-1L_normalized","ROI 1","Rest","wilcox","Spatial",0.25,0.05,0.05,29,2762,TRUE,FALSE,2,2160
"ANXA4",1.6752,5.10725547490474e-06,0.000149308759218863,0.793,0.772,"HCC-1L_normalized","ROI 1","Rest","wilcox","Spatial",0.25,0.05,0.05,29,2762,TRUE,FALSE,2,2160
"LAPTM5",1.6747,7.96211566794923e-06,0.000215884721711805,0.793,0.808,"HCC-1L_normalized","ROI 1","Rest","wilcox","Spatial",0.25,0.05,0.05,29,2762,TRUE,FALSE,2,2160
"TMEM189",-1.6719,0.000563991423912238,0.00663974605474183,0.069,0.412,"HCC-1L_normalized","ROI 1","Rest","wilcox","Spatial",0.25,0.05,0.05,29,2762,TRUE,FALSE,2,2160
"MICALL2",1.6685,0.000899768221070656,0.00919412263838121,0.586,0.446,"HCC-1L_normalized","ROI 1","Rest","wilcox","Spatial",0.25,0.05,0.05,29,2762,TRUE,FALSE,2,2160
"ACSS3",-1.6657,0.000658059113349047,0.0074698987855869,0.069,0.409,"HCC-1L_normalized","ROI 1","Rest","wilcox","Spatial",0.25,0.05,0.05,29,2762,TRUE,FALSE,2,2160
"DDX18",-1.6653,0.000188149206310572,0.00281712388161151,0.034,0.403,"HCC-1L_normalized","ROI 1","Rest","wilcox","Spatial",0.25,0.05,0.05,29,2762,TRUE,FALSE,2,2160
"TINAGL1",1.6648,2.06739051379191e-05,0.000484056132379108,0.655,0.428,"HCC-1L_normalized","ROI 1","Rest","wilcox","Spatial",0.25,0.05,0.05,29,2762,TRUE,FALSE,2,2160
"LDAH",-1.6645,0.00874990145312264,0.044154517466002,0,0.194,"HCC-1L_normalized","ROI 1","Rest","wilcox","Spatial",0.25,0.05,0.05,29,2762,TRUE,FALSE,2,2160
"SLC25A37",-1.6644,0.00502676667875816,0.030270506363569,0.034,0.273,"HCC-1L_normalized","ROI 1","Rest","wilcox","Spatial",0.25,0.05,0.05,29,2762,TRUE,FALSE,2,2160
"CLGN",-1.6638,0.00517154063358841,0.0308939561569314,0,0.216,"HCC-1L_normalized","ROI 1","Rest","wilcox","Spatial",0.25,0.05,0.05,29,2762,TRUE,FALSE,2,2160
"JADE2",1.6623,0.00517162346521534,0.0308939561569314,0.379,0.231,"HCC-1L_normalized","ROI 1","Rest","wilcox","Spatial",0.25,0.05,0.05,29,2762,TRUE,FALSE,2,2160
"SMC6",-1.6622,0.000483939464582967,0.00588943073991317,0.034,0.37,"HCC-1L_normalized","ROI 1","Rest","wilcox","Spatial",0.25,0.05,0.05,29,2762,TRUE,FALSE,2,2160
"SIPA1",1.6622,0.00018842219266229,0.00281718095486219,0.655,0.541,"HCC-1L_normalized","ROI 1","Rest","wilcox","Spatial",0.25,0.05,0.05,29,2762,TRUE,FALSE,2,2160
"CUX2",-1.6592,0.000767831587526057,0.00830178243290053,0.034,0.356,"HCC-1L_normalized","ROI 1","Rest","wilcox","Spatial",0.25,0.05,0.05,29,2762,TRUE,FALSE,2,2160
"EGFL7",1.6584,2.90405912345935e-06,9.15478397172456e-05,0.793,0.715,"HCC-1L_normalized","ROI 1","Rest","wilcox","Spatial",0.25,0.05,0.05,29,2762,TRUE,FALSE,2,2160
"ARID5A",1.6578,0.000912832080051163,0.00926644088245924,0.621,0.548,"HCC-1L_normalized","ROI 1","Rest","wilcox","Spatial",0.25,0.05,0.05,29,2762,TRUE,FALSE,2,2160
"LAMC3",1.6575,9.7438153173834e-08,4.85613195770165e-06,0.828,0.731,"HCC-1L_normalized","ROI 1","Rest","wilcox","Spatial",0.25,0.05,0.05,29,2762,TRUE,FALSE,2,2160
"EVL",1.6531,0.000996865946856181,0.00977898174629744,0.655,0.668,"HCC-1L_normalized","ROI 1","Rest","wilcox","Spatial",0.25,0.05,0.05,29,2762,TRUE,FALSE,2,2160
"PLS1",-1.6527,0.00970129031891441,0.0477356391526837,0,0.19,"HCC-1L_normalized","ROI 1","Rest","wilcox","Spatial",0.25,0.05,0.05,29,2762,TRUE,FALSE,2,2160
"NDUFAF6",-1.6514,0.000632702747742868,0.00724493102612348,0.034,0.36,"HCC-1L_normalized","ROI 1","Rest","wilcox","Spatial",0.25,0.05,0.05,29,2762,TRUE,FALSE,2,2160
"MTMR1",-1.6512,0.00874990147274513,0.044154517466002,0,0.194,"HCC-1L_normalized","ROI 1","Rest","wilcox","Spatial",0.25,0.05,0.05,29,2762,TRUE,FALSE,2,2160
"KRT7",1.6467,0.00467002529517574,0.0287487138539983,0.552,0.484,"HCC-1L_normalized","ROI 1","Rest","wilcox","Spatial",0.25,0.05,0.05,29,2762,TRUE,FALSE,2,2160
"WIPI1",-1.6413,0.00897915391298095,0.0451589739804222,0,0.193,"HCC-1L_normalized","ROI 1","Rest","wilcox","Spatial",0.25,0.05,0.05,29,2762,TRUE,FALSE,2,2160
"EIF1AY",-1.6346,0.000116822488518751,0.00193837217292913,0.069,0.476,"HCC-1L_normalized","ROI 1","Rest","wilcox","Spatial",0.25,0.05,0.05,29,2762,TRUE,FALSE,2,2160
"PRKAA2",-1.6336,0.00795554444835582,0.0416521901933427,0,0.198,"HCC-1L_normalized","ROI 1","Rest","wilcox","Spatial",0.25,0.05,0.05,29,2762,TRUE,FALSE,2,2160
"FXYD5",1.6312,0.000671488481152704,0.00756490682857287,0.655,0.604,"HCC-1L_normalized","ROI 1","Rest","wilcox","Spatial",0.25,0.05,0.05,29,2762,TRUE,FALSE,2,2160
"VIM",1.6308,5.44833725028235e-11,6.78836876922084e-09,0.931,0.942,"HCC-1L_normalized","ROI 1","Rest","wilcox","Spatial",0.25,0.05,0.05,29,2762,TRUE,FALSE,2,2160
"SLC22A3",-1.6294,0.000459673309641812,0.00564664420036526,0.034,0.371,"HCC-1L_normalized","ROI 1","Rest","wilcox","Spatial",0.25,0.05,0.05,29,2762,TRUE,FALSE,2,2160
"TP53RK",-1.6289,0.0102127074605474,0.0496178879484765,0,0.188,"HCC-1L_normalized","ROI 1","Rest","wilcox","Spatial",0.25,0.05,0.05,29,2762,TRUE,FALSE,2,2160
"KRT23",-1.6248,0.000178276006497144,0.00270019780607685,0.138,0.539,"HCC-1L_normalized","ROI 1","Rest","wilcox","Spatial",0.25,0.05,0.05,29,2762,TRUE,FALSE,2,2160
"NTAN1",-1.6245,0.00092971784074303,0.00935701525476177,0.069,0.391,"HCC-1L_normalized","ROI 1","Rest","wilcox","Spatial",0.25,0.05,0.05,29,2762,TRUE,FALSE,2,2160
"HGD",-1.6234,1.58359909803643e-07,7.17486933335466e-06,0.31,0.843,"HCC-1L_normalized","ROI 1","Rest","wilcox","Spatial",0.25,0.05,0.05,29,2762,TRUE,FALSE,2,2160
"MOCS1",-1.623,0.00111172332275653,0.010596809012723,0.034,0.339,"HCC-1L_normalized","ROI 1","Rest","wilcox","Spatial",0.25,0.05,0.05,29,2762,TRUE,FALSE,2,2160
"NBPF12",-1.6199,0.00580394124269065,0.0334862453395812,0,0.211,"HCC-1L_normalized","ROI 1","Rest","wilcox","Spatial",0.25,0.05,0.05,29,2762,TRUE,FALSE,2,2160
"MCUR1",-1.619,0.000156280106630313,0.00244123521789978,0.034,0.41,"HCC-1L_normalized","ROI 1","Rest","wilcox","Spatial",0.25,0.05,0.05,29,2762,TRUE,FALSE,2,2160
"SESTD1",-1.6189,0.00945471611298068,0.0469638617824079,0,0.191,"HCC-1L_normalized","ROI 1","Rest","wilcox","Spatial",0.25,0.05,0.05,29,2762,TRUE,FALSE,2,2160
"PTTG1",-1.6169,0.0101257451161296,0.0494060831633622,0,0.188,"HCC-1L_normalized","ROI 1","Rest","wilcox","Spatial",0.25,0.05,0.05,29,2762,TRUE,FALSE,2,2160
"SLC15A1",-1.6163,0.000131586603958533,0.0021220113975809,0.069,0.469,"HCC-1L_normalized","ROI 1","Rest","wilcox","Spatial",0.25,0.05,0.05,29,2762,TRUE,FALSE,2,2160
"ITFG1",-1.6148,0.000319582236192954,0.00424959966653978,0.069,0.437,"HCC-1L_normalized","ROI 1","Rest","wilcox","Spatial",0.25,0.05,0.05,29,2762,TRUE,FALSE,2,2160
"S100A4",1.6132,0.000302224447030341,0.00408139491950909,0.69,0.607,"HCC-1L_normalized","ROI 1","Rest","wilcox","Spatial",0.25,0.05,0.05,29,2762,TRUE,FALSE,2,2160
"GSDME",-1.6078,0.0101257450711383,0.0494060831633622,0,0.188,"HCC-1L_normalized","ROI 1","Rest","wilcox","Spatial",0.25,0.05,0.05,29,2762,TRUE,FALSE,2,2160
"FUCA1",-1.6067,9.75304358519695e-06,0.000253918791449431,0.103,0.614,"HCC-1L_normalized","ROI 1","Rest","wilcox","Spatial",0.25,0.05,0.05,29,2762,TRUE,FALSE,2,2160
"VNN1",-1.6052,1.11167641682493e-05,0.000283085289014349,0.138,0.618,"HCC-1L_normalized","ROI 1","Rest","wilcox","Spatial",0.25,0.05,0.05,29,2762,TRUE,FALSE,2,2160
"SEPT9",1.6025,0.00681672604475528,0.0376882486975218,0.586,0.58,"HCC-1L_normalized","ROI 1","Rest","wilcox","Spatial",0.25,0.05,0.05,29,2762,TRUE,FALSE,2,2160
"CAVIN1",1.5988,7.29104897769711e-06,0.000203488316268208,0.724,0.523,"HCC-1L_normalized","ROI 1","Rest","wilcox","Spatial",0.25,0.05,0.05,29,2762,TRUE,FALSE,2,2160
"SCAMP1",-1.5932,0.00978481771659484,0.0480041780478364,0,0.19,"HCC-1L_normalized","ROI 1","Rest","wilcox","Spatial",0.25,0.05,0.05,29,2762,TRUE,FALSE,2,2160
"PRKAB1",-1.5929,0.000735683336668047,0.00806247309064689,0.034,0.354,"HCC-1L_normalized","ROI 1","Rest","wilcox","Spatial",0.25,0.05,0.05,29,2762,TRUE,FALSE,2,2160
"ABCC6",-1.5924,5.34207186093817e-07,2.09401213844865e-05,0.276,0.804,"HCC-1L_normalized","ROI 1","Rest","wilcox","Spatial",0.25,0.05,0.05,29,2762,TRUE,FALSE,2,2160
"MRC2",1.5924,0.0015519612377349,0.0134639390535433,0.517,0.36,"HCC-1L_normalized","ROI 1","Rest","wilcox","Spatial",0.25,0.05,0.05,29,2762,TRUE,FALSE,2,2160
"EIF2B4",-1.5912,0.000432100861457805,0.00539662006684653,0.069,0.436,"HCC-1L_normalized","ROI 1","Rest","wilcox","Spatial",0.25,0.05,0.05,29,2762,TRUE,FALSE,2,2160
"DNAJC19",-1.5894,8.62335895503389e-06,0.000228486265375658,0.069,0.564,"HCC-1L_normalized","ROI 1","Rest","wilcox","Spatial",0.25,0.05,0.05,29,2762,TRUE,FALSE,2,2160
"PPP3CB",-1.5888,0.00120450421114118,0.0111363437047735,0.034,0.336,"HCC-1L_normalized","ROI 1","Rest","wilcox","Spatial",0.25,0.05,0.05,29,2762,TRUE,FALSE,2,2160
"NUBP1",-1.5883,0.00691116570771034,0.0378910544943318,0.034,0.26,"HCC-1L_normalized","ROI 1","Rest","wilcox","Spatial",0.25,0.05,0.05,29,2762,TRUE,FALSE,2,2160
"NT5E",-1.5882,9.68023932370901e-05,0.00169367663732291,0.069,0.482,"HCC-1L_normalized","ROI 1","Rest","wilcox","Spatial",0.25,0.05,0.05,29,2762,TRUE,FALSE,2,2160
"FAM96A",-1.5862,2.72179897158404e-06,8.73814356950878e-05,0.345,0.789,"HCC-1L_normalized","ROI 1","Rest","wilcox","Spatial",0.25,0.05,0.05,29,2762,TRUE,FALSE,2,2160
"NUMA1",1.5831,0.000315338126297058,0.00420424054754778,0.655,0.669,"HCC-1L_normalized","ROI 1","Rest","wilcox","Spatial",0.25,0.05,0.05,29,2762,TRUE,FALSE,2,2160
"ANG",-1.5829,4.75964247622035e-11,6.0754830940301e-09,0.517,0.956,"HCC-1L_normalized","ROI 1","Rest","wilcox","Spatial",0.25,0.05,0.05,29,2762,TRUE,FALSE,2,2160
"SLC29A1",-1.5824,3.99545651679523e-05,0.000831340912619858,0.103,0.57,"HCC-1L_normalized","ROI 1","Rest","wilcox","Spatial",0.25,0.05,0.05,29,2762,TRUE,FALSE,2,2160
"DNAJB9",-1.5814,1.30745779527649e-06,4.53107724680919e-05,0.138,0.685,"HCC-1L_normalized","ROI 1","Rest","wilcox","Spatial",0.25,0.05,0.05,29,2762,TRUE,FALSE,2,2160
"CSTF3",-1.5807,0.00105049011361529,0.0101424626652192,0.034,0.341,"HCC-1L_normalized","ROI 1","Rest","wilcox","Spatial",0.25,0.05,0.05,29,2762,TRUE,FALSE,2,2160
"SLC17A5",-1.5773,0.000996959060127973,0.00977898174629744,0.069,0.392,"HCC-1L_normalized","ROI 1","Rest","wilcox","Spatial",0.25,0.05,0.05,29,2762,TRUE,FALSE,2,2160
"SLC39A11",-1.5759,0.00479527615137306,0.0292126660071423,0.034,0.276,"HCC-1L_normalized","ROI 1","Rest","wilcox","Spatial",0.25,0.05,0.05,29,2762,TRUE,FALSE,2,2160
"BAALC",-1.5746,0.000287104408099929,0.0039227607508797,0.034,0.39,"HCC-1L_normalized","ROI 1","Rest","wilcox","Spatial",0.25,0.05,0.05,29,2762,TRUE,FALSE,2,2160
"HES4",1.5724,0.000301522670771975,0.00407740865838908,0.586,0.393,"HCC-1L_normalized","ROI 1","Rest","wilcox","Spatial",0.25,0.05,0.05,29,2762,TRUE,FALSE,2,2160
"PKD1",1.5718,0.00171237148252529,0.0143718363561424,0.552,0.43,"HCC-1L_normalized","ROI 1","Rest","wilcox","Spatial",0.25,0.05,0.05,29,2762,TRUE,FALSE,2,2160
"CDKN2AIPNL",-1.5702,0.00467933208954708,0.0287487138539983,0.034,0.277,"HCC-1L_normalized","ROI 1","Rest","wilcox","Spatial",0.25,0.05,0.05,29,2762,TRUE,FALSE,2,2160
"INF2",1.5696,0.000542135041702107,0.00642580446937062,0.655,0.639,"HCC-1L_normalized","ROI 1","Rest","wilcox","Spatial",0.25,0.05,0.05,29,2762,TRUE,FALSE,2,2160
"AOX1",-1.5681,4.69666260253518e-10,4.20130519642164e-08,0.517,0.917,"HCC-1L_normalized","ROI 1","Rest","wilcox","Spatial",0.25,0.05,0.05,29,2762,TRUE,FALSE,2,2160
"ALAD",-1.5654,7.41544836058409e-06,0.000204237059320719,0.207,0.715,"HCC-1L_normalized","ROI 1","Rest","wilcox","Spatial",0.25,0.05,0.05,29,2762,TRUE,FALSE,2,2160
"NMRK1",-1.5648,3.01768139628314e-05,0.000658902748915675,0.069,0.517,"HCC-1L_normalized","ROI 1","Rest","wilcox","Spatial",0.25,0.05,0.05,29,2762,TRUE,FALSE,2,2160
"PON1",-1.563,1.57611947649476e-09,1.25921117870184e-07,0.517,0.926,"HCC-1L_normalized","ROI 1","Rest","wilcox","Spatial",0.25,0.05,0.05,29,2762,TRUE,FALSE,2,2160
"CIRBP",1.5622,1.14580862985408e-10,1.27574820426093e-08,0.931,0.903,"HCC-1L_normalized","ROI 1","Rest","wilcox","Spatial",0.25,0.05,0.05,29,2762,TRUE,FALSE,2,2160
"IRX3",-1.5617,0.00656583881450671,0.0366887715070087,0,0.206,"HCC-1L_normalized","ROI 1","Rest","wilcox","Spatial",0.25,0.05,0.05,29,2762,TRUE,FALSE,2,2160
"ID3",1.5617,3.19026641587211e-06,9.79159187933066e-05,0.828,0.784,"HCC-1L_normalized","ROI 1","Rest","wilcox","Spatial",0.25,0.05,0.05,29,2762,TRUE,FALSE,2,2160
"DCN",1.5594,6.18485096392668e-12,1.09712966421113e-09,0.966,0.968,"HCC-1L_normalized","ROI 1","Rest","wilcox","Spatial",0.25,0.05,0.05,29,2762,TRUE,FALSE,2,2160
"UFD1",-1.5592,1.41969032576158e-05,0.000349611269398133,0.103,0.584,"HCC-1L_normalized","ROI 1","Rest","wilcox","Spatial",0.25,0.05,0.05,29,2762,TRUE,FALSE,2,2160
"NABP2",-1.5581,0.00764406736752226,0.040405459125499,0.034,0.256,"HCC-1L_normalized","ROI 1","Rest","wilcox","Spatial",0.25,0.05,0.05,29,2762,TRUE,FALSE,2,2160
"C12orf57",1.5545,1.13021936578069e-07,5.47633142697256e-06,0.966,0.921,"HCC-1L_normalized","ROI 1","Rest","wilcox","Spatial",0.25,0.05,0.05,29,2762,TRUE,FALSE,2,2160
"CHCHD3",-1.5525,0.0008841256358829,0.00908769002972885,0.034,0.349,"HCC-1L_normalized","ROI 1","Rest","wilcox","Spatial",0.25,0.05,0.05,29,2762,TRUE,FALSE,2,2160
"COL16A1",1.5499,0.00163501075726278,0.0139348718123064,0.483,0.293,"HCC-1L_normalized","ROI 1","Rest","wilcox","Spatial",0.25,0.05,0.05,29,2762,TRUE,FALSE,2,2160
"PPARGC1A",-1.5476,0.00150800950879102,0.0132184485083809,0.034,0.327,"HCC-1L_normalized","ROI 1","Rest","wilcox","Spatial",0.25,0.05,0.05,29,2762,TRUE,FALSE,2,2160
"CENPW",-1.5455,0.00802485475878005,0.0419361781569952,0,0.198,"HCC-1L_normalized","ROI 1","Rest","wilcox","Spatial",0.25,0.05,0.05,29,2762,TRUE,FALSE,2,2160
"SLCO4C1",-1.5454,0.00823620792909117,0.0426522277020624,0,0.197,"HCC-1L_normalized","ROI 1","Rest","wilcox","Spatial",0.25,0.05,0.05,29,2762,TRUE,FALSE,2,2160
"PEX10",-1.5446,0.00357963867536412,0.0239696086860914,0.034,0.292,"HCC-1L_normalized","ROI 1","Rest","wilcox","Spatial",0.25,0.05,0.05,29,2762,TRUE,FALSE,2,2160
"CYP4F2",-1.5445,4.56551329177664e-06,0.00013536164904174,0.172,0.69,"HCC-1L_normalized","ROI 1","Rest","wilcox","Spatial",0.25,0.05,0.05,29,2762,TRUE,FALSE,2,2160
"PRKAB2",-1.5435,3.35305171584172e-05,0.000720596288665286,0.069,0.522,"HCC-1L_normalized","ROI 1","Rest","wilcox","Spatial",0.25,0.05,0.05,29,2762,TRUE,FALSE,2,2160
"MARCH2",-1.5415,0.000492015289819783,0.00597381905249866,0.069,0.415,"HCC-1L_normalized","ROI 1","Rest","wilcox","Spatial",0.25,0.05,0.05,29,2762,TRUE,FALSE,2,2160
"UAP1",-1.5407,4.1512640638805e-05,0.000854201995363561,0.138,0.606,"HCC-1L_normalized","ROI 1","Rest","wilcox","Spatial",0.25,0.05,0.05,29,2762,TRUE,FALSE,2,2160
"TMEM56",-1.5396,2.78568770839693e-06,8.88872181587873e-05,0.138,0.679,"HCC-1L_normalized","ROI 1","Rest","wilcox","Spatial",0.25,0.05,0.05,29,2762,TRUE,FALSE,2,2160
"COX7A2L",-1.5383,6.01216768186241e-07,2.30488450396967e-05,0.069,0.635,"HCC-1L_normalized","ROI 1","Rest","wilcox","Spatial",0.25,0.05,0.05,29,2762,TRUE,FALSE,2,2160
"PLAC9",1.5358,0.000720922375195883,0.00795343822694193,0.655,0.563,"HCC-1L_normalized","ROI 1","Rest","wilcox","Spatial",0.25,0.05,0.05,29,2762,TRUE,FALSE,2,2160
"MMAB",-1.5358,1.69512408405442e-06,5.70455584042237e-05,0.172,0.746,"HCC-1L_normalized","ROI 1","Rest","wilcox","Spatial",0.25,0.05,0.05,29,2762,TRUE,FALSE,2,2160
"NOL10",-1.5343,0.00961843424409152,0.0473947894532306,0,0.19,"HCC-1L_normalized","ROI 1","Rest","wilcox","Spatial",0.25,0.05,0.05,29,2762,TRUE,FALSE,2,2160
"TIMM9",-1.5293,0.00056593101630453,0.0066550944007227,0.034,0.366,"HCC-1L_normalized","ROI 1","Rest","wilcox","Spatial",0.25,0.05,0.05,29,2762,TRUE,FALSE,2,2160
"GSTA2",-1.5282,7.44638213219003e-05,0.00136966318797014,0.31,0.771,"HCC-1L_normalized","ROI 1","Rest","wilcox","Spatial",0.25,0.05,0.05,29,2762,TRUE,FALSE,2,2160
"EI24",1.5274,0.0040030093924613,0.0258295291624538,0.31,0.74,"HCC-1L_normalized","ROI 1","Rest","wilcox","Spatial",0.25,0.05,0.05,29,2762,TRUE,FALSE,2,2160
"PCCA",-1.5269,0.000290261037945191,0.00396071971725472,0.069,0.45,"HCC-1L_normalized","ROI 1","Rest","wilcox","Spatial",0.25,0.05,0.05,29,2762,TRUE,FALSE,2,2160
"HLA-DRA",1.5256,1.03024429360881e-11,1.73911883498545e-09,1,0.97,"HCC-1L_normalized","ROI 1","Rest","wilcox","Spatial",0.25,0.05,0.05,29,2762,TRUE,FALSE,2,2160
"MFGE8",1.5254,0.00264082674481184,0.0192337457976345,0.586,0.49,"HCC-1L_normalized","ROI 1","Rest","wilcox","Spatial",0.25,0.05,0.05,29,2762,TRUE,FALSE,2,2160
"CDH12",-1.5253,0.0071665380250779,0.0388023729800648,0,0.203,"HCC-1L_normalized","ROI 1","Rest","wilcox","Spatial",0.25,0.05,0.05,29,2762,TRUE,FALSE,2,2160
"PDCD4",1.5244,0.00689268514496436,0.037862149244617,0.552,0.493,"HCC-1L_normalized","ROI 1","Rest","wilcox","Spatial",0.25,0.05,0.05,29,2762,TRUE,FALSE,2,2160
"HAT1",-1.522,0.00124902958016437,0.0114168939615723,0.034,0.335,"HCC-1L_normalized","ROI 1","Rest","wilcox","Spatial",0.25,0.05,0.05,29,2762,TRUE,FALSE,2,2160
"ZBTB20",1.5208,0.00411378650915298,0.0263560813931044,0.483,0.342,"HCC-1L_normalized","ROI 1","Rest","wilcox","Spatial",0.25,0.05,0.05,29,2762,TRUE,FALSE,2,2160
"EMC2",-1.5207,0.0012044142290565,0.0111363437047735,0.069,0.387,"HCC-1L_normalized","ROI 1","Rest","wilcox","Spatial",0.25,0.05,0.05,29,2762,TRUE,FALSE,2,2160
"TFAM",-1.5172,0.00762686641446758,0.0403553002496551,0.034,0.257,"HCC-1L_normalized","ROI 1","Rest","wilcox","Spatial",0.25,0.05,0.05,29,2762,TRUE,FALSE,2,2160
"TTC38",-1.5155,2.35865055922053e-06,7.68967127565649e-05,0.241,0.794,"HCC-1L_normalized","ROI 1","Rest","wilcox","Spatial",0.25,0.05,0.05,29,2762,TRUE,FALSE,2,2160
"SPINK1",-1.5151,0.00024469979094271,0.00344889543774944,0.966,0.995,"HCC-1L_normalized","ROI 1","Rest","wilcox","Spatial",0.25,0.05,0.05,29,2762,TRUE,FALSE,2,2160
"TMEM63A",1.5143,0.00471189063814465,0.028855849864729,0.586,0.552,"HCC-1L_normalized","ROI 1","Rest","wilcox","Spatial",0.25,0.05,0.05,29,2762,TRUE,FALSE,2,2160
"FLNA",1.5075,3.8899314698676e-11,5.21949009790183e-09,0.966,0.898,"HCC-1L_normalized","ROI 1","Rest","wilcox","Spatial",0.25,0.05,0.05,29,2762,TRUE,FALSE,2,2160
"CFHR1",-1.5067,4.89466858379191e-12,9.08248749406617e-10,0.931,0.98,"HCC-1L_normalized","ROI 1","Rest","wilcox","Spatial",0.25,0.05,0.05,29,2762,TRUE,FALSE,2,2160
"SC5D",-1.5057,8.54588602276118e-06,0.00022745961683557,0.172,0.716,"HCC-1L_normalized","ROI 1","Rest","wilcox","Spatial",0.25,0.05,0.05,29,2762,TRUE,FALSE,2,2160
"FAM160B2",1.5042,0.00418574835800473,0.0266530979324659,0.517,0.412,"HCC-1L_normalized","ROI 1","Rest","wilcox","Spatial",0.25,0.05,0.05,29,2762,TRUE,FALSE,2,2160
"LINC01595",-1.5036,0.00668205635646866,0.0371398841353165,0,0.206,"HCC-1L_normalized","ROI 1","Rest","wilcox","Spatial",0.25,0.05,0.05,29,2762,TRUE,FALSE,2,2160
"IL1RN",-1.5034,0.000390598681198323,0.00496117208424958,0.069,0.433,"HCC-1L_normalized","ROI 1","Rest","wilcox","Spatial",0.25,0.05,0.05,29,2762,TRUE,FALSE,2,2160
"GORAB",-1.4986,0.0101257450711383,0.0494060831633622,0,0.188,"HCC-1L_normalized","ROI 1","Rest","wilcox","Spatial",0.25,0.05,0.05,29,2762,TRUE,FALSE,2,2160
"HLA-E",1.4976,1.20602245062206e-11,2.00352872511277e-09,1,0.973,"HCC-1L_normalized","ROI 1","Rest","wilcox","Spatial",0.25,0.05,0.05,29,2762,TRUE,FALSE,2,2160
"TAT",-1.4955,5.75744602558235e-05,0.00112211229243473,0.241,0.705,"HCC-1L_normalized","ROI 1","Rest","wilcox","Spatial",0.25,0.05,0.05,29,2762,TRUE,FALSE,2,2160
"RBP1",1.4946,0.000137314231287023,0.00219156627227179,0.724,0.609,"HCC-1L_normalized","ROI 1","Rest","wilcox","Spatial",0.25,0.05,0.05,29,2762,TRUE,FALSE,2,2160
"TUBA1C",-1.4942,6.32868941009766e-07,2.40858412240299e-05,0.103,0.698,"HCC-1L_normalized","ROI 1","Rest","wilcox","Spatial",0.25,0.05,0.05,29,2762,TRUE,FALSE,2,2160
"MACO1",-1.4888,0.00015361630168402,0.00241338159308271,0.103,0.505,"HCC-1L_normalized","ROI 1","Rest","wilcox","Spatial",0.25,0.05,0.05,29,2762,TRUE,FALSE,2,2160
"PI4K2B",-1.4843,0.000949900566244892,0.0094772729516864,0.069,0.393,"HCC-1L_normalized","ROI 1","Rest","wilcox","Spatial",0.25,0.05,0.05,29,2762,TRUE,FALSE,2,2160
"AL513548.1",-1.4786,0.0103003725698996,0.0499091200539671,0,0.188,"HCC-1L_normalized","ROI 1","Rest","wilcox","Spatial",0.25,0.05,0.05,29,2762,TRUE,FALSE,2,2160
"PER1",1.4785,2.33252881561456e-05,0.000536883004485186,0.759,0.672,"HCC-1L_normalized","ROI 1","Rest","wilcox","Spatial",0.25,0.05,0.05,29,2762,TRUE,FALSE,2,2160
"MOGAT2",-1.4777,0.00950510003046304,0.0470811939586462,0.034,0.252,"HCC-1L_normalized","ROI 1","Rest","wilcox","Spatial",0.25,0.05,0.05,29,2762,TRUE,FALSE,2,2160
"MARCKS",1.4771,5.79911580642413e-05,0.00112603981502848,0.724,0.665,"HCC-1L_normalized","ROI 1","Rest","wilcox","Spatial",0.25,0.05,0.05,29,2762,TRUE,FALSE,2,2160
"PTGDS",1.4768,1.62963304729478e-08,9.85880894392321e-07,0.931,0.86,"HCC-1L_normalized","ROI 1","Rest","wilcox","Spatial",0.25,0.05,0.05,29,2762,TRUE,FALSE,2,2160
"ITIH1",-1.4756,3.8822899631874e-15,2.70880311698129e-12,0.793,0.987,"HCC-1L_normalized","ROI 1","Rest","wilcox","Spatial",0.25,0.05,0.05,29,2762,TRUE,FALSE,2,2160
"CFHR3",-1.4746,7.12521312094782e-09,4.60323953850864e-07,0.586,0.933,"HCC-1L_normalized","ROI 1","Rest","wilcox","Spatial",0.25,0.05,0.05,29,2762,TRUE,FALSE,2,2160
"ISLR",1.4744,0.000985524004720845,0.00973383415080257,0.586,0.43,"HCC-1L_normalized","ROI 1","Rest","wilcox","Spatial",0.25,0.05,0.05,29,2762,TRUE,FALSE,2,2160
"AHCY",-1.4727,9.27439421215355e-07,3.35867854063665e-05,0.241,0.802,"HCC-1L_normalized","ROI 1","Rest","wilcox","Spatial",0.25,0.05,0.05,29,2762,TRUE,FALSE,2,2160
"HSD17B12",-1.471,9.77436201843532e-05,0.00169665584365157,0.138,0.577,"HCC-1L_normalized","ROI 1","Rest","wilcox","Spatial",0.25,0.05,0.05,29,2762,TRUE,FALSE,2,2160
"HYOU1",-1.4701,0.000118248787255098,0.00195203755112279,0.172,0.61,"HCC-1L_normalized","ROI 1","Rest","wilcox","Spatial",0.25,0.05,0.05,29,2762,TRUE,FALSE,2,2160
"HACL1",-1.4685,0.00136760725335506,0.012217872911279,0.034,0.332,"HCC-1L_normalized","ROI 1","Rest","wilcox","Spatial",0.25,0.05,0.05,29,2762,TRUE,FALSE,2,2160
"PSMB2",-1.4675,4.62801715116386e-06,0.000136441767617129,0.276,0.77,"HCC-1L_normalized","ROI 1","Rest","wilcox","Spatial",0.25,0.05,0.05,29,2762,TRUE,FALSE,2,2160
"AIMP2",-1.4654,0.00174278667143944,0.0144992093030884,0.034,0.323,"HCC-1L_normalized","ROI 1","Rest","wilcox","Spatial",0.25,0.05,0.05,29,2762,TRUE,FALSE,2,2160
"IGLC3",1.4648,1.74615915440342e-08,1.04150077749703e-06,0.897,0.685,"HCC-1L_normalized","ROI 1","Rest","wilcox","Spatial",0.25,0.05,0.05,29,2762,TRUE,FALSE,2,2160
"LRRC59",-1.4639,2.34020978181163e-05,0.000537119201237731,0.103,0.583,"HCC-1L_normalized","ROI 1","Rest","wilcox","Spatial",0.25,0.05,0.05,29,2762,TRUE,FALSE,2,2160
"GNMT",-1.4609,0.000178262694307086,0.00270019780607685,0.207,0.629,"HCC-1L_normalized","ROI 1","Rest","wilcox","Spatial",0.25,0.05,0.05,29,2762,TRUE,FALSE,2,2160
"SLC2A2",-1.4606,1.38610382759315e-07,6.59407393617724e-06,0.379,0.916,"HCC-1L_normalized","ROI 1","Rest","wilcox","Spatial",0.25,0.05,0.05,29,2762,TRUE,FALSE,2,2160
"F9",-1.455,1.85878156021615e-07,8.31367855094965e-06,0.379,0.866,"HCC-1L_normalized","ROI 1","Rest","wilcox","Spatial",0.25,0.05,0.05,29,2762,TRUE,FALSE,2,2160
"MTSS1",-1.4523,4.29136534913992e-05,0.000877215424689422,0.172,0.636,"HCC-1L_normalized","ROI 1","Rest","wilcox","Spatial",0.25,0.05,0.05,29,2762,TRUE,FALSE,2,2160
"SLC1A1",-1.4508,0.000755405460954137,0.00821837167811434,0.069,0.41,"HCC-1L_normalized","ROI 1","Rest","wilcox","Spatial",0.25,0.05,0.05,29,2762,TRUE,FALSE,2,2160
"ADIRF",1.4492,2.29406602575775e-08,1.33387194586559e-06,0.966,0.878,"HCC-1L_normalized","ROI 1","Rest","wilcox","Spatial",0.25,0.05,0.05,29,2762,TRUE,FALSE,2,2160
"SHD",-1.4485,0.00051662491998937,0.0062149384052974,0.034,0.369,"HCC-1L_normalized","ROI 1","Rest","wilcox","Spatial",0.25,0.05,0.05,29,2762,TRUE,FALSE,2,2160
"CDH1",-1.4475,0.00082036066863075,0.00873437920436361,0.103,0.448,"HCC-1L_normalized","ROI 1","Rest","wilcox","Spatial",0.25,0.05,0.05,29,2762,TRUE,FALSE,2,2160
"AKR1D1",-1.4453,0.00328756714210143,0.022444669086258,0.034,0.298,"HCC-1L_normalized","ROI 1","Rest","wilcox","Spatial",0.25,0.05,0.05,29,2762,TRUE,FALSE,2,2160
"PACSIN2",-1.4432,6.62309216405439e-05,0.00125574787298901,0.138,0.581,"HCC-1L_normalized","ROI 1","Rest","wilcox","Spatial",0.25,0.05,0.05,29,2762,TRUE,FALSE,2,2160
"SLC22A1",-1.4417,8.80079379320739e-05,0.00156382186485074,0.414,0.858,"HCC-1L_normalized","ROI 1","Rest","wilcox","Spatial",0.25,0.05,0.05,29,2762,TRUE,FALSE,2,2160
"B3GAT3",1.4417,0.00838999740234949,0.0430439768691126,0.586,0.549,"HCC-1L_normalized","ROI 1","Rest","wilcox","Spatial",0.25,0.05,0.05,29,2762,TRUE,FALSE,2,2160
"TGFBR2",1.4404,0.000148307563540002,0.00233858036972258,0.69,0.608,"HCC-1L_normalized","ROI 1","Rest","wilcox","Spatial",0.25,0.05,0.05,29,2762,TRUE,FALSE,2,2160
"OTC",-1.4379,0.000163203123254781,0.0025271070804169,0.103,0.513,"HCC-1L_normalized","ROI 1","Rest","wilcox","Spatial",0.25,0.05,0.05,29,2762,TRUE,FALSE,2,2160
"UBA5",-1.4352,0.000593670327790831,0.00692681566405667,0.034,0.364,"HCC-1L_normalized","ROI 1","Rest","wilcox","Spatial",0.25,0.05,0.05,29,2762,TRUE,FALSE,2,2160
"HSD11B1",-1.4349,0.000299751292626582,0.00407428185536338,0.379,0.795,"HCC-1L_normalized","ROI 1","Rest","wilcox","Spatial",0.25,0.05,0.05,29,2762,TRUE,FALSE,2,2160
"ATP11C",-1.4325,0.00114105719577565,0.0107902116365969,0.034,0.34,"HCC-1L_normalized","ROI 1","Rest","wilcox","Spatial",0.25,0.05,0.05,29,2762,TRUE,FALSE,2,2160
"RRM2B",-1.432,0.00251002930413596,0.0186444050369673,0.034,0.308,"HCC-1L_normalized","ROI 1","Rest","wilcox","Spatial",0.25,0.05,0.05,29,2762,TRUE,FALSE,2,2160
"S100A6",1.4312,1.21701343967542e-10,1.3267981937128e-08,1,0.951,"HCC-1L_normalized","ROI 1","Rest","wilcox","Spatial",0.25,0.05,0.05,29,2762,TRUE,FALSE,2,2160
"NAA38",1.4312,0.00407706223997872,0.0262104013535733,0.759,0.895,"HCC-1L_normalized","ROI 1","Rest","wilcox","Spatial",0.25,0.05,0.05,29,2762,TRUE,FALSE,2,2160
"C8B",-1.4301,6.43336422649903e-11,7.65204966651742e-09,0.724,0.961,"HCC-1L_normalized","ROI 1","Rest","wilcox","Spatial",0.25,0.05,0.05,29,2762,TRUE,FALSE,2,2160
"CEACAM1",-1.4301,8.38182745952213e-06,0.000224933862029125,0.103,0.592,"HCC-1L_normalized","ROI 1","Rest","wilcox","Spatial",0.25,0.05,0.05,29,2762,TRUE,FALSE,2,2160
"ESPN",-1.427,3.55866653427978e-05,0.000754716468649541,0.103,0.556,"HCC-1L_normalized","ROI 1","Rest","wilcox","Spatial",0.25,0.05,0.05,29,2762,TRUE,FALSE,2,2160
"PEX11A",-1.424,0.000884803758866204,0.00908769002972885,0.034,0.349,"HCC-1L_normalized","ROI 1","Rest","wilcox","Spatial",0.25,0.05,0.05,29,2762,TRUE,FALSE,2,2160
"CLSTN1",1.4226,0.00420333779528332,0.0267266909875062,0.586,0.558,"HCC-1L_normalized","ROI 1","Rest","wilcox","Spatial",0.25,0.05,0.05,29,2762,TRUE,FALSE,2,2160
"HMGCS2",-1.4213,6.454718477763e-11,7.65204966651742e-09,0.828,0.972,"HCC-1L_normalized","ROI 1","Rest","wilcox","Spatial",0.25,0.05,0.05,29,2762,TRUE,FALSE,2,2160
"STRADB",-1.4203,0.000129437691313077,0.00209380970213703,0.103,0.515,"HCC-1L_normalized","ROI 1","Rest","wilcox","Spatial",0.25,0.05,0.05,29,2762,TRUE,FALSE,2,2160
"ATRN",-1.4193,4.0896818995931e-05,0.000847576450715671,0.172,0.659,"HCC-1L_normalized","ROI 1","Rest","wilcox","Spatial",0.25,0.05,0.05,29,2762,TRUE,FALSE,2,2160
"FOSB",1.4188,0.000553314456549091,0.0065434905110088,0.655,0.496,"HCC-1L_normalized","ROI 1","Rest","wilcox","Spatial",0.25,0.05,0.05,29,2762,TRUE,FALSE,2,2160
"HNRNPDL",1.4186,1.40079215345381e-06,4.77929376779653e-05,0.793,0.729,"HCC-1L_normalized","ROI 1","Rest","wilcox","Spatial",0.25,0.05,0.05,29,2762,TRUE,FALSE,2,2160
"RRAS",1.4186,0.000277058668404762,0.00380626727645583,0.69,0.6,"HCC-1L_normalized","ROI 1","Rest","wilcox","Spatial",0.25,0.05,0.05,29,2762,TRUE,FALSE,2,2160
"TMEM135",-1.4185,0.00308291065432975,0.0214088655024346,0.034,0.3,"HCC-1L_normalized","ROI 1","Rest","wilcox","Spatial",0.25,0.05,0.05,29,2762,TRUE,FALSE,2,2160
"GCSH",-1.4168,1.16306287961155e-05,0.00029441521862887,0.207,0.736,"HCC-1L_normalized","ROI 1","Rest","wilcox","Spatial",0.25,0.05,0.05,29,2762,TRUE,FALSE,2,2160
"TTR",-1.4143,1.87555117365132e-13,6.7687995115292e-11,0.966,0.993,"HCC-1L_normalized","ROI 1","Rest","wilcox","Spatial",0.25,0.05,0.05,29,2762,TRUE,FALSE,2,2160
"CCL20",-1.4139,0.00122121412943303,0.0112401421633863,0.138,0.483,"HCC-1L_normalized","ROI 1","Rest","wilcox","Spatial",0.25,0.05,0.05,29,2762,TRUE,FALSE,2,2160
"TXNIP",1.411,4.59437932555688e-06,0.000135832694975363,0.862,0.858,"HCC-1L_normalized","ROI 1","Rest","wilcox","Spatial",0.25,0.05,0.05,29,2762,TRUE,FALSE,2,2160
"DPP7",1.4071,0.00263822260249812,0.0192337457976345,0.69,0.712,"HCC-1L_normalized","ROI 1","Rest","wilcox","Spatial",0.25,0.05,0.05,29,2762,TRUE,FALSE,2,2160
"RPL18A",1.4071,1.53361325377364e-14,8.02539815699748e-12,1,0.99,"HCC-1L_normalized","ROI 1","Rest","wilcox","Spatial",0.25,0.05,0.05,29,2762,TRUE,FALSE,2,2160
"DDC",-1.407,0.00561857167661449,0.0327964144826811,0.034,0.275,"HCC-1L_normalized","ROI 1","Rest","wilcox","Spatial",0.25,0.05,0.05,29,2762,TRUE,FALSE,2,2160
"ACO1",-1.4061,9.89454063001743e-05,0.00171167375592996,0.103,0.523,"HCC-1L_normalized","ROI 1","Rest","wilcox","Spatial",0.25,0.05,0.05,29,2762,TRUE,FALSE,2,2160
"FGL1",-1.4056,1.42491610842961e-11,2.29433415243451e-09,0.828,0.985,"HCC-1L_normalized","ROI 1","Rest","wilcox","Spatial",0.25,0.05,0.05,29,2762,TRUE,FALSE,2,2160
"LRRC8D",-1.4049,0.00133502992605057,0.0120244605904004,0.034,0.334,"HCC-1L_normalized","ROI 1","Rest","wilcox","Spatial",0.25,0.05,0.05,29,2762,TRUE,FALSE,2,2160
"PCSK6",-1.4042,1.90253994011267e-06,6.36165591476652e-05,0.31,0.818,"HCC-1L_normalized","ROI 1","Rest","wilcox","Spatial",0.25,0.05,0.05,29,2762,TRUE,FALSE,2,2160
"MAF1",1.4023,0.00516914968457666,0.0308939561569314,0.621,0.61,"HCC-1L_normalized","ROI 1","Rest","wilcox","Spatial",0.25,0.05,0.05,29,2762,TRUE,FALSE,2,2160
"ZSCAN31",-1.4005,0.0072045366575968,0.0389275584194157,0.034,0.26,"HCC-1L_normalized","ROI 1","Rest","wilcox","Spatial",0.25,0.05,0.05,29,2762,TRUE,FALSE,2,2160
"ABHD14A",-1.3995,0.00132862051911105,0.0119770390637522,0.034,0.334,"HCC-1L_normalized","ROI 1","Rest","wilcox","Spatial",0.25,0.05,0.05,29,2762,TRUE,FALSE,2,2160
"LUM",1.3995,2.24092310867489e-05,0.000518882771136979,0.793,0.787,"HCC-1L_normalized","ROI 1","Rest","wilcox","Spatial",0.25,0.05,0.05,29,2762,TRUE,FALSE,2,2160
"HMOX1",-1.3992,0.00105031071971065,0.0101424626652192,0.069,0.399,"HCC-1L_normalized","ROI 1","Rest","wilcox","Spatial",0.25,0.05,0.05,29,2762,TRUE,FALSE,2,2160
"CYP2J2",-1.3991,0.000101336243605384,0.00174234183534805,0.103,0.536,"HCC-1L_normalized","ROI 1","Rest","wilcox","Spatial",0.25,0.05,0.05,29,2762,TRUE,FALSE,2,2160
"LACTB2",-1.3974,7.00221675432034e-05,0.00130866429554851,0.103,0.549,"HCC-1L_normalized","ROI 1","Rest","wilcox","Spatial",0.25,0.05,0.05,29,2762,TRUE,FALSE,2,2160
"TM9SF4",-1.3969,0.000192794183166838,0.00286210485251649,0.069,0.465,"HCC-1L_normalized","ROI 1","Rest","wilcox","Spatial",0.25,0.05,0.05,29,2762,TRUE,FALSE,2,2160
"CDIP1",-1.3947,0.00191212003053166,0.015417756733085,0.034,0.32,"HCC-1L_normalized","ROI 1","Rest","wilcox","Spatial",0.25,0.05,0.05,29,2762,TRUE,FALSE,2,2160
"SF3B4",-1.3937,0.000956513985272507,0.00951604122610462,0.034,0.347,"HCC-1L_normalized","ROI 1","Rest","wilcox","Spatial",0.25,0.05,0.05,29,2762,TRUE,FALSE,2,2160
"FAF2",-1.3929,0.000643644849722151,0.00733012730924051,0.034,0.361,"HCC-1L_normalized","ROI 1","Rest","wilcox","Spatial",0.25,0.05,0.05,29,2762,TRUE,FALSE,2,2160
"ASAP3",-1.3913,0.00957789407222294,0.0473287249102386,0.034,0.248,"HCC-1L_normalized","ROI 1","Rest","wilcox","Spatial",0.25,0.05,0.05,29,2762,TRUE,FALSE,2,2160
"TEX2",-1.3911,0.0025644090021107,0.0189244958539946,0.034,0.308,"HCC-1L_normalized","ROI 1","Rest","wilcox","Spatial",0.25,0.05,0.05,29,2762,TRUE,FALSE,2,2160
"CXCL12",1.3894,1.76949640922525e-09,1.37181847547789e-07,0.931,0.786,"HCC-1L_normalized","ROI 1","Rest","wilcox","Spatial",0.25,0.05,0.05,29,2762,TRUE,FALSE,2,2160
"FADS1",-1.3878,0.000156864055419354,0.00244670522208489,0.172,0.595,"HCC-1L_normalized","ROI 1","Rest","wilcox","Spatial",0.25,0.05,0.05,29,2762,TRUE,FALSE,2,2160
"RALY",1.3873,0.000282430732522086,0.00386900529656564,0.724,0.734,"HCC-1L_normalized","ROI 1","Rest","wilcox","Spatial",0.25,0.05,0.05,29,2762,TRUE,FALSE,2,2160
"AFM",-1.3863,4.03264070940574e-07,1.62329298710156e-05,0.345,0.89,"HCC-1L_normalized","ROI 1","Rest","wilcox","Spatial",0.25,0.05,0.05,29,2762,TRUE,FALSE,2,2160
"PRELP",1.3847,0.0087855265499671,0.0443129257214244,0.517,0.411,"HCC-1L_normalized","ROI 1","Rest","wilcox","Spatial",0.25,0.05,0.05,29,2762,TRUE,FALSE,2,2160
"HP",-1.3844,4.66079570010268e-13,1.39371107992213e-10,1,0.993,"HCC-1L_normalized","ROI 1","Rest","wilcox","Spatial",0.25,0.05,0.05,29,2762,TRUE,FALSE,2,2160
"ATP6V1H",-1.3813,0.00193740935777534,0.0155736761432233,0.034,0.319,"HCC-1L_normalized","ROI 1","Rest","wilcox","Spatial",0.25,0.05,0.05,29,2762,TRUE,FALSE,2,2160
"HSCB",-1.3798,0.00171684412076233,0.0143723753312387,0.034,0.324,"HCC-1L_normalized","ROI 1","Rest","wilcox","Spatial",0.25,0.05,0.05,29,2762,TRUE,FALSE,2,2160
"MLX",-1.3794,0.000676802792774527,0.00760023393688648,0.069,0.407,"HCC-1L_normalized","ROI 1","Rest","wilcox","Spatial",0.25,0.05,0.05,29,2762,TRUE,FALSE,2,2160
"LAP3",-1.3774,2.61542656481126e-06,8.42247828532759e-05,0.172,0.753,"HCC-1L_normalized","ROI 1","Rest","wilcox","Spatial",0.25,0.05,0.05,29,2762,TRUE,FALSE,2,2160
"ADAMTS1",1.3759,6.12809700264389e-05,0.00117428103721113,0.655,0.429,"HCC-1L_normalized","ROI 1","Rest","wilcox","Spatial",0.25,0.05,0.05,29,2762,TRUE,FALSE,2,2160
"GLRX",-1.3705,0.00011405220040228,0.00190682161247646,0.138,0.581,"HCC-1L_normalized","ROI 1","Rest","wilcox","Spatial",0.25,0.05,0.05,29,2762,TRUE,FALSE,2,2160
"SLC20A2",-1.3691,0.000449182822838122,0.00557668733549677,0.069,0.433,"HCC-1L_normalized","ROI 1","Rest","wilcox","Spatial",0.25,0.05,0.05,29,2762,TRUE,FALSE,2,2160
"GGCX",-1.3661,9.41945572367842e-07,3.39944908979373e-05,0.379,0.836,"HCC-1L_normalized","ROI 1","Rest","wilcox","Spatial",0.25,0.05,0.05,29,2762,TRUE,FALSE,2,2160
"AKR1B10",-1.3654,1.82960887778569e-06,6.13739952400804e-05,0.828,0.95,"HCC-1L_normalized","ROI 1","Rest","wilcox","Spatial",0.25,0.05,0.05,29,2762,TRUE,FALSE,2,2160
"CFHR4",-1.3631,0.000915557052859227,0.00928509701087662,0.069,0.405,"HCC-1L_normalized","ROI 1","Rest","wilcox","Spatial",0.25,0.05,0.05,29,2762,TRUE,FALSE,2,2160
"MGST2",-1.362,4.89799737833454e-06,0.00014359227048081,0.207,0.77,"HCC-1L_normalized","ROI 1","Rest","wilcox","Spatial",0.25,0.05,0.05,29,2762,TRUE,FALSE,2,2160
"INTS11",1.3616,0.00245859397712203,0.0183573073915852,0.69,0.713,"HCC-1L_normalized","ROI 1","Rest","wilcox","Spatial",0.25,0.05,0.05,29,2762,TRUE,FALSE,2,2160
"MLXIPL",-1.361,1.58048518896576e-07,7.17486933335466e-06,0.414,0.899,"HCC-1L_normalized","ROI 1","Rest","wilcox","Spatial",0.25,0.05,0.05,29,2762,TRUE,FALSE,2,2160
"RNASEH2C",1.3565,0.000174380292681718,0.00265270951047509,0.724,0.685,"HCC-1L_normalized","ROI 1","Rest","wilcox","Spatial",0.25,0.05,0.05,29,2762,TRUE,FALSE,2,2160
"SIGIRR",1.355,0.000623087233305448,0.00717407148930123,0.759,0.715,"HCC-1L_normalized","ROI 1","Rest","wilcox","Spatial",0.25,0.05,0.05,29,2762,TRUE,FALSE,2,2160
"HMGB3",-1.3543,0.000520522338717938,0.00624030560941803,0.069,0.426,"HCC-1L_normalized","ROI 1","Rest","wilcox","Spatial",0.25,0.05,0.05,29,2762,TRUE,FALSE,2,2160
"CYP4A11",-1.3538,1.17012159344673e-06,4.15135342271645e-05,0.172,0.766,"HCC-1L_normalized","ROI 1","Rest","wilcox","Spatial",0.25,0.05,0.05,29,2762,TRUE,FALSE,2,2160
"RPL13",1.3517,1.10533054376351e-15,1.2853766078921e-12,1,0.989,"HCC-1L_normalized","ROI 1","Rest","wilcox","Spatial",0.25,0.05,0.05,29,2762,TRUE,FALSE,2,2160
"ARL6IP5",1.3471,0.000941898602363885,0.00942317707149807,0.621,0.535,"HCC-1L_normalized","ROI 1","Rest","wilcox","Spatial",0.25,0.05,0.05,29,2762,TRUE,FALSE,2,2160
"CIDEB",-1.3439,8.12915769036101e-05,0.00145684528060477,0.172,0.636,"HCC-1L_normalized","ROI 1","Rest","wilcox","Spatial",0.25,0.05,0.05,29,2762,TRUE,FALSE,2,2160
"TMEM250",-1.3406,0.00334747621835517,0.0227645783634212,0.069,0.346,"HCC-1L_normalized","ROI 1","Rest","wilcox","Spatial",0.25,0.05,0.05,29,2762,TRUE,FALSE,2,2160
"C19orf12",-1.34,6.82365885664929e-05,0.00127866981879485,0.138,0.612,"HCC-1L_normalized","ROI 1","Rest","wilcox","Spatial",0.25,0.05,0.05,29,2762,TRUE,FALSE,2,2160
"FBLN5",1.339,0.00945918408535408,0.0469638617824079,0.552,0.464,"HCC-1L_normalized","ROI 1","Rest","wilcox","Spatial",0.25,0.05,0.05,29,2762,TRUE,FALSE,2,2160
"PLA2G2A",-1.3379,0.000320851264501411,0.00425605745788564,0.138,0.545,"HCC-1L_normalized","ROI 1","Rest","wilcox","Spatial",0.25,0.05,0.05,29,2762,TRUE,FALSE,2,2160
"XDH",-1.3377,5.2233498594266e-05,0.00103146376658036,0.172,0.658,"HCC-1L_normalized","ROI 1","Rest","wilcox","Spatial",0.25,0.05,0.05,29,2762,TRUE,FALSE,2,2160
"PEBP1",-1.3345,4.94651048310502e-12,9.08248749406617e-10,0.862,0.978,"HCC-1L_normalized","ROI 1","Rest","wilcox","Spatial",0.25,0.05,0.05,29,2762,TRUE,FALSE,2,2160
"JUNB",1.3309,2.88653112572764e-06,9.12701956551827e-05,0.862,0.883,"HCC-1L_normalized","ROI 1","Rest","wilcox","Spatial",0.25,0.05,0.05,29,2762,TRUE,FALSE,2,2160
"SERPINA7",-1.3276,6.64809197097177e-08,3.47894652840953e-06,0.655,0.921,"HCC-1L_normalized","ROI 1","Rest","wilcox","Spatial",0.25,0.05,0.05,29,2762,TRUE,FALSE,2,2160
"SLC13A5",-1.3274,2.51599772509554e-06,8.15245578664084e-05,0.276,0.852,"HCC-1L_normalized","ROI 1","Rest","wilcox","Spatial",0.25,0.05,0.05,29,2762,TRUE,FALSE,2,2160
"EIF4B",1.3273,0.000855783499097251,0.00892984057981239,0.724,0.808,"HCC-1L_normalized","ROI 1","Rest","wilcox","Spatial",0.25,0.05,0.05,29,2762,TRUE,FALSE,2,2160
"SELENOM",1.3271,1.44691882701092e-07,6.73842954025186e-06,0.897,0.764,"HCC-1L_normalized","ROI 1","Rest","wilcox","Spatial",0.25,0.05,0.05,29,2762,TRUE,FALSE,2,2160
"CPB2",-1.3264,5.55186335419178e-08,3.01066330906586e-06,0.448,0.905,"HCC-1L_normalized","ROI 1","Rest","wilcox","Spatial",0.25,0.05,0.05,29,2762,TRUE,FALSE,2,2160
"AVPI1",-1.3238,0.00526701386519276,0.0313403987178465,0.069,0.327,"HCC-1L_normalized","ROI 1","Rest","wilcox","Spatial",0.25,0.05,0.05,29,2762,TRUE,FALSE,2,2160
"TBC1D14",-1.3186,0.00196460028535337,0.0157438794689957,0.069,0.369,"HCC-1L_normalized","ROI 1","Rest","wilcox","Spatial",0.25,0.05,0.05,29,2762,TRUE,FALSE,2,2160
"SNHG7",1.3173,0.00576651153679059,0.0333438175381494,0.586,0.567,"HCC-1L_normalized","ROI 1","Rest","wilcox","Spatial",0.25,0.05,0.05,29,2762,TRUE,FALSE,2,2160
"TAF13",-1.3171,0.000154331186480639,0.0024143949143593,0.069,0.471,"HCC-1L_normalized","ROI 1","Rest","wilcox","Spatial",0.25,0.05,0.05,29,2762,TRUE,FALSE,2,2160
"MTOR",-1.3164,0.000350571510772884,0.0045635341190908,0.172,0.564,"HCC-1L_normalized","ROI 1","Rest","wilcox","Spatial",0.25,0.05,0.05,29,2762,TRUE,FALSE,2,2160
"MYORG",-1.3148,0.00224059068568686,0.0172553510790277,0.034,0.315,"HCC-1L_normalized","ROI 1","Rest","wilcox","Spatial",0.25,0.05,0.05,29,2762,TRUE,FALSE,2,2160
"NAP1L1",1.3139,6.40227522135207e-07,2.42776132125619e-05,0.862,0.765,"HCC-1L_normalized","ROI 1","Rest","wilcox","Spatial",0.25,0.05,0.05,29,2762,TRUE,FALSE,2,2160
"LIPG",-1.3133,0.000139896876471895,0.00222516825099522,0.103,0.537,"HCC-1L_normalized","ROI 1","Rest","wilcox","Spatial",0.25,0.05,0.05,29,2762,TRUE,FALSE,2,2160
"AEBP1",1.3132,7.90150998795314e-08,4.03400992848378e-06,0.897,0.934,"HCC-1L_normalized","ROI 1","Rest","wilcox","Spatial",0.25,0.05,0.05,29,2762,TRUE,FALSE,2,2160
"SAR1B",-1.3124,8.86166534618099e-06,0.000234207549275581,0.31,0.766,"HCC-1L_normalized","ROI 1","Rest","wilcox","Spatial",0.25,0.05,0.05,29,2762,TRUE,FALSE,2,2160
"ELOB",1.3107,9.88804361901854e-08,4.90465708609706e-06,1,0.981,"HCC-1L_normalized","ROI 1","Rest","wilcox","Spatial",0.25,0.05,0.05,29,2762,TRUE,FALSE,2,2160
"PITPNM2",-1.3105,0.00123086295771526,0.0113101068616751,0.034,0.337,"HCC-1L_normalized","ROI 1","Rest","wilcox","Spatial",0.25,0.05,0.05,29,2762,TRUE,FALSE,2,2160
"MANEA",-1.3085,0.00297922015506621,0.0209405763216406,0.034,0.304,"HCC-1L_normalized","ROI 1","Rest","wilcox","Spatial",0.25,0.05,0.05,29,2762,TRUE,FALSE,2,2160
"TMEM184B",-1.3068,0.00203473570935919,0.016096405090063,0.034,0.318,"HCC-1L_normalized","ROI 1","Rest","wilcox","Spatial",0.25,0.05,0.05,29,2762,TRUE,FALSE,2,2160
"MTTP",-1.3059,4.66102010966273e-05,0.000941742016751547,0.207,0.723,"HCC-1L_normalized","ROI 1","Rest","wilcox","Spatial",0.25,0.05,0.05,29,2762,TRUE,FALSE,2,2160
"HADH",-1.3043,1.4135349112085e-05,0.000348916424073305,0.207,0.739,"HCC-1L_normalized","ROI 1","Rest","wilcox","Spatial",0.25,0.05,0.05,29,2762,TRUE,FALSE,2,2160
"KIF3B",-1.3041,0.00096126243584453,0.00954513534492301,0.069,0.406,"HCC-1L_normalized","ROI 1","Rest","wilcox","Spatial",0.25,0.05,0.05,29,2762,TRUE,FALSE,2,2160
"TTC39C",-1.3035,7.15188751161228e-06,0.000200674677470601,0.31,0.778,"HCC-1L_normalized","ROI 1","Rest","wilcox","Spatial",0.25,0.05,0.05,29,2762,TRUE,FALSE,2,2160
"PPP1R1A",-1.303,2.53218951072835e-07,1.08171001711359e-05,0.414,0.905,"HCC-1L_normalized","ROI 1","Rest","wilcox","Spatial",0.25,0.05,0.05,29,2762,TRUE,FALSE,2,2160
"LSR",-1.2998,2.80698726738114e-08,1.60535129729022e-06,0.483,0.903,"HCC-1L_normalized","ROI 1","Rest","wilcox","Spatial",0.25,0.05,0.05,29,2762,TRUE,FALSE,2,2160
"HSPA5",-1.2997,7.45600124368761e-08,3.86309450576409e-06,0.69,0.953,"HCC-1L_normalized","ROI 1","Rest","wilcox","Spatial",0.25,0.05,0.05,29,2762,TRUE,FALSE,2,2160
"TRIP12",-1.298,7.62687957511991e-05,0.00139034154010407,0.103,0.554,"HCC-1L_normalized","ROI 1","Rest","wilcox","Spatial",0.25,0.05,0.05,29,2762,TRUE,FALSE,2,2160
"SYNGR2",1.2979,0.000862873006155724,0.00896805251482205,0.69,0.739,"HCC-1L_normalized","ROI 1","Rest","wilcox","Spatial",0.25,0.05,0.05,29,2762,TRUE,FALSE,2,2160
"CFI",-1.2976,2.61218899845165e-07,1.10684899019413e-05,0.483,0.875,"HCC-1L_normalized","ROI 1","Rest","wilcox","Spatial",0.25,0.05,0.05,29,2762,TRUE,FALSE,2,2160
"ARNT",-1.2956,0.00150576251052382,0.0132098159556935,0.069,0.379,"HCC-1L_normalized","ROI 1","Rest","wilcox","Spatial",0.25,0.05,0.05,29,2762,TRUE,FALSE,2,2160
"TP53",-1.295,0.00299098792023699,0.0209950902570089,0.034,0.303,"HCC-1L_normalized","ROI 1","Rest","wilcox","Spatial",0.25,0.05,0.05,29,2762,TRUE,FALSE,2,2160
"MARC1",-1.2941,5.42538700327451e-05,0.00106333521303878,0.069,0.486,"HCC-1L_normalized","ROI 1","Rest","wilcox","Spatial",0.25,0.05,0.05,29,2762,TRUE,FALSE,2,2160
"SELENOW",1.2939,0.000377203438591158,0.00483208223781526,0.793,0.806,"HCC-1L_normalized","ROI 1","Rest","wilcox","Spatial",0.25,0.05,0.05,29,2762,TRUE,FALSE,2,2160
"SIRT5",-1.2934,0.00174593891252346,0.0145024887100057,0.069,0.38,"HCC-1L_normalized","ROI 1","Rest","wilcox","Spatial",0.25,0.05,0.05,29,2762,TRUE,FALSE,2,2160
"SIPA1L2",-1.2911,0.00223637668227399,0.0172482817661603,0.034,0.315,"HCC-1L_normalized","ROI 1","Rest","wilcox","Spatial",0.25,0.05,0.05,29,2762,TRUE,FALSE,2,2160
"TMEM192",-1.2876,0.00758689808555764,0.0402047976523779,0.034,0.262,"HCC-1L_normalized","ROI 1","Rest","wilcox","Spatial",0.25,0.05,0.05,29,2762,TRUE,FALSE,2,2160
"NOP53",1.2871,4.8063533547939e-09,3.33134398750152e-07,0.931,0.933,"HCC-1L_normalized","ROI 1","Rest","wilcox","Spatial",0.25,0.05,0.05,29,2762,TRUE,FALSE,2,2160
"SLC22A23",-1.2864,0.000347647569696977,0.00453675743696828,0.069,0.445,"HCC-1L_normalized","ROI 1","Rest","wilcox","Spatial",0.25,0.05,0.05,29,2762,TRUE,FALSE,2,2160
"AC027644.3",-1.2853,0.00565936658970909,0.0329060726266085,0.034,0.276,"HCC-1L_normalized","ROI 1","Rest","wilcox","Spatial",0.25,0.05,0.05,29,2762,TRUE,FALSE,2,2160
"TNXB",1.2848,0.000246275819001037,0.00346441226030222,0.759,0.65,"HCC-1L_normalized","ROI 1","Rest","wilcox","Spatial",0.25,0.05,0.05,29,2762,TRUE,FALSE,2,2160
"JKAMP",-1.2841,0.000307404853650603,0.00412474256193233,0.034,0.388,"HCC-1L_normalized","ROI 1","Rest","wilcox","Spatial",0.25,0.05,0.05,29,2762,TRUE,FALSE,2,2160
"HLA-F",1.2824,0.00134285335026457,0.0120741436115713,0.69,0.694,"HCC-1L_normalized","ROI 1","Rest","wilcox","Spatial",0.25,0.05,0.05,29,2762,TRUE,FALSE,2,2160
"MCRIP1",1.2803,0.000849678504121398,0.00888385137276179,0.69,0.692,"HCC-1L_normalized","ROI 1","Rest","wilcox","Spatial",0.25,0.05,0.05,29,2762,TRUE,FALSE,2,2160
"FNDC4",-1.2784,4.57568388943906e-05,0.000927137674270289,0.138,0.616,"HCC-1L_normalized","ROI 1","Rest","wilcox","Spatial",0.25,0.05,0.05,29,2762,TRUE,FALSE,2,2160
"AKIP1",-1.2779,0.00344970177448401,0.02326325951788,0.034,0.297,"HCC-1L_normalized","ROI 1","Rest","wilcox","Spatial",0.25,0.05,0.05,29,2762,TRUE,FALSE,2,2160
"DMGDH",-1.2774,0.00143131114403125,0.0126307777684916,0.069,0.387,"HCC-1L_normalized","ROI 1","Rest","wilcox","Spatial",0.25,0.05,0.05,29,2762,TRUE,FALSE,2,2160
"UGT2B4",-1.2766,4.87695765846706e-08,2.67236852636211e-06,0.759,0.963,"HCC-1L_normalized","ROI 1","Rest","wilcox","Spatial",0.25,0.05,0.05,29,2762,TRUE,FALSE,2,2160
"TSPO",1.2763,1.49585557367111e-07,6.92494836656817e-06,0.862,0.684,"HCC-1L_normalized","ROI 1","Rest","wilcox","Spatial",0.25,0.05,0.05,29,2762,TRUE,FALSE,2,2160
"AKAP8L",1.2758,0.00397125345265949,0.0256968961546699,0.621,0.586,"HCC-1L_normalized","ROI 1","Rest","wilcox","Spatial",0.25,0.05,0.05,29,2762,TRUE,FALSE,2,2160
"CSTA",-1.2754,0.00509257255102614,0.0305788091331266,0.034,0.28,"HCC-1L_normalized","ROI 1","Rest","wilcox","Spatial",0.25,0.05,0.05,29,2762,TRUE,FALSE,2,2160
"INSIG1",-1.2739,5.3452083038589e-05,0.00105155921255991,0.345,0.814,"HCC-1L_normalized","ROI 1","Rest","wilcox","Spatial",0.25,0.05,0.05,29,2762,TRUE,FALSE,2,2160
"RRM1",-1.2732,0.00116787199193765,0.010915435431628,0.034,0.34,"HCC-1L_normalized","ROI 1","Rest","wilcox","Spatial",0.25,0.05,0.05,29,2762,TRUE,FALSE,2,2160
"UBXN2B",-1.2712,0.000478967216447056,0.00584932425593336,0.034,0.373,"HCC-1L_normalized","ROI 1","Rest","wilcox","Spatial",0.25,0.05,0.05,29,2762,TRUE,FALSE,2,2160
"ESRP2",-1.2711,0.00162979998156921,0.0139079953374799,0.069,0.382,"HCC-1L_normalized","ROI 1","Rest","wilcox","Spatial",0.25,0.05,0.05,29,2762,TRUE,FALSE,2,2160
"ACSL1",-1.271,4.41747135672599e-07,1.77138908886951e-05,0.483,0.919,"HCC-1L_normalized","ROI 1","Rest","wilcox","Spatial",0.25,0.05,0.05,29,2762,TRUE,FALSE,2,2160
"PNMA6A",-1.2694,0.000111860419065413,0.00187918321980516,0.069,0.481,"HCC-1L_normalized","ROI 1","Rest","wilcox","Spatial",0.25,0.05,0.05,29,2762,TRUE,FALSE,2,2160
"AADAC",-1.2691,1.93862705715797e-07,8.56104252329758e-06,0.448,0.867,"HCC-1L_normalized","ROI 1","Rest","wilcox","Spatial",0.25,0.05,0.05,29,2762,TRUE,FALSE,2,2160
"ANKRD39",-1.267,0.00744591168807919,0.0398002613521128,0.034,0.265,"HCC-1L_normalized","ROI 1","Rest","wilcox","Spatial",0.25,0.05,0.05,29,2762,TRUE,FALSE,2,2160
"MSMO1",-1.2669,7.31547051289115e-06,0.000203626899967869,0.31,0.839,"HCC-1L_normalized","ROI 1","Rest","wilcox","Spatial",0.25,0.05,0.05,29,2762,TRUE,FALSE,2,2160
"RTKN",-1.2653,0.000101384117879511,0.00174234183534805,0.138,0.595,"HCC-1L_normalized","ROI 1","Rest","wilcox","Spatial",0.25,0.05,0.05,29,2762,TRUE,FALSE,2,2160
"UNC13B",-1.2624,0.0068660590566886,0.0378012488623372,0.034,0.267,"HCC-1L_normalized","ROI 1","Rest","wilcox","Spatial",0.25,0.05,0.05,29,2762,TRUE,FALSE,2,2160
"SAMD4A",-1.2604,0.0037922008179782,0.0248679033589974,0.034,0.293,"HCC-1L_normalized","ROI 1","Rest","wilcox","Spatial",0.25,0.05,0.05,29,2762,TRUE,FALSE,2,2160
"SMLR1",-1.2591,0.000101952846778128,0.00174789584390658,0.276,0.707,"HCC-1L_normalized","ROI 1","Rest","wilcox","Spatial",0.25,0.05,0.05,29,2762,TRUE,FALSE,2,2160
"SEPSECS",-1.2584,0.00154542639072409,0.0134227656475671,0.103,0.428,"HCC-1L_normalized","ROI 1","Rest","wilcox","Spatial",0.25,0.05,0.05,29,2762,TRUE,FALSE,2,2160
"LINC01018",-1.2576,0.00210069170020937,0.0164195962168718,0.034,0.317,"HCC-1L_normalized","ROI 1","Rest","wilcox","Spatial",0.25,0.05,0.05,29,2762,TRUE,FALSE,2,2160
"DHRS3",-1.2575,2.83756688239797e-07,1.18791899964709e-05,0.483,0.899,"HCC-1L_normalized","ROI 1","Rest","wilcox","Spatial",0.25,0.05,0.05,29,2762,TRUE,FALSE,2,2160
"FAAP20",1.2532,0.00132524338542623,0.0119568941998888,0.69,0.659,"HCC-1L_normalized","ROI 1","Rest","wilcox","Spatial",0.25,0.05,0.05,29,2762,TRUE,FALSE,2,2160
"EHHADH",-1.2514,6.87478310403892e-07,2.57890609200256e-05,0.207,0.819,"HCC-1L_normalized","ROI 1","Rest","wilcox","Spatial",0.25,0.05,0.05,29,2762,TRUE,FALSE,2,2160
"AQP9",-1.2497,9.59774466415859e-05,0.00168540261166248,0.379,0.838,"HCC-1L_normalized","ROI 1","Rest","wilcox","Spatial",0.25,0.05,0.05,29,2762,TRUE,FALSE,2,2160
"SRRM2",1.2496,1.97456449812781e-05,0.000465445766608235,0.793,0.758,"HCC-1L_normalized","ROI 1","Rest","wilcox","Spatial",0.25,0.05,0.05,29,2762,TRUE,FALSE,2,2160
"SLC22A10",-1.2446,0.00221642201618995,0.0171322546687179,0.069,0.372,"HCC-1L_normalized","ROI 1","Rest","wilcox","Spatial",0.25,0.05,0.05,29,2762,TRUE,FALSE,2,2160
"SERPINB6",1.2432,0.00111608321708325,0.0106190244999939,0.69,0.692,"HCC-1L_normalized","ROI 1","Rest","wilcox","Spatial",0.25,0.05,0.05,29,2762,TRUE,FALSE,2,2160
"CKAP4",-1.2424,0.000194732399021926,0.00287862893808401,0.069,0.465,"HCC-1L_normalized","ROI 1","Rest","wilcox","Spatial",0.25,0.05,0.05,29,2762,TRUE,FALSE,2,2160
"SERPINA5",-1.2382,2.90510654074762e-07,1.19704114391593e-05,0.552,0.913,"HCC-1L_normalized","ROI 1","Rest","wilcox","Spatial",0.25,0.05,0.05,29,2762,TRUE,FALSE,2,2160
"ACSL4",-1.2369,0.000117443439895446,0.00194180575346878,0.31,0.702,"HCC-1L_normalized","ROI 1","Rest","wilcox","Spatial",0.25,0.05,0.05,29,2762,TRUE,FALSE,2,2160
"AGT",-1.2365,4.76007656898976e-11,6.0754830940301e-09,0.966,0.985,"HCC-1L_normalized","ROI 1","Rest","wilcox","Spatial",0.25,0.05,0.05,29,2762,TRUE,FALSE,2,2160
"HMGCS1",-1.2364,1.44328489664311e-05,0.000354587317564949,0.414,0.853,"HCC-1L_normalized","ROI 1","Rest","wilcox","Spatial",0.25,0.05,0.05,29,2762,TRUE,FALSE,2,2160
"TPRG1L",-1.236,7.7646961543558e-05,0.00140355820168438,0.172,0.654,"HCC-1L_normalized","ROI 1","Rest","wilcox","Spatial",0.25,0.05,0.05,29,2762,TRUE,FALSE,2,2160
"CRP",-1.2352,0.000153805228605596,0.00241338159308271,0.966,0.988,"HCC-1L_normalized","ROI 1","Rest","wilcox","Spatial",0.25,0.05,0.05,29,2762,TRUE,FALSE,2,2160
"NME3",1.2343,0.0012898288253062,0.0116877476066275,0.724,0.793,"HCC-1L_normalized","ROI 1","Rest","wilcox","Spatial",0.25,0.05,0.05,29,2762,TRUE,FALSE,2,2160
"CGN",-1.2342,0.000814448979960915,0.0087073840139397,0.103,0.455,"HCC-1L_normalized","ROI 1","Rest","wilcox","Spatial",0.25,0.05,0.05,29,2762,TRUE,FALSE,2,2160
"LPIN3",-1.2341,0.00923218677845279,0.04607728508502,0.034,0.254,"HCC-1L_normalized","ROI 1","Rest","wilcox","Spatial",0.25,0.05,0.05,29,2762,TRUE,FALSE,2,2160
"SERPINF1",-1.2334,1.65682331944564e-12,3.85340285807068e-10,0.862,0.978,"HCC-1L_normalized","ROI 1","Rest","wilcox","Spatial",0.25,0.05,0.05,29,2762,TRUE,FALSE,2,2160
"TGFBI",-1.2332,1.07527720554422e-05,0.000276507401307759,0.379,0.822,"HCC-1L_normalized","ROI 1","Rest","wilcox","Spatial",0.25,0.05,0.05,29,2762,TRUE,FALSE,2,2160
"FAU",1.2328,9.03809657280618e-15,5.25515104061053e-12,1,0.989,"HCC-1L_normalized","ROI 1","Rest","wilcox","Spatial",0.25,0.05,0.05,29,2762,TRUE,FALSE,2,2160
"LYZ",1.2322,0.00843482239389465,0.0431892618270555,0.621,0.647,"HCC-1L_normalized","ROI 1","Rest","wilcox","Spatial",0.25,0.05,0.05,29,2762,TRUE,FALSE,2,2160
"RFFL",-1.232,0.00244361862953518,0.0183224793252632,0.069,0.368,"HCC-1L_normalized","ROI 1","Rest","wilcox","Spatial",0.25,0.05,0.05,29,2762,TRUE,FALSE,2,2160
"CFH",-1.2299,2.10240739673635e-10,2.11574959752333e-08,0.931,0.989,"HCC-1L_normalized","ROI 1","Rest","wilcox","Spatial",0.25,0.05,0.05,29,2762,TRUE,FALSE,2,2160
"PLG",-1.2291,1.18224489636819e-10,1.30246053530415e-08,0.897,0.982,"HCC-1L_normalized","ROI 1","Rest","wilcox","Spatial",0.25,0.05,0.05,29,2762,TRUE,FALSE,2,2160
"AGMAT",-1.2287,0.000971715733575522,0.00963978850009613,0.069,0.404,"HCC-1L_normalized","ROI 1","Rest","wilcox","Spatial",0.25,0.05,0.05,29,2762,TRUE,FALSE,2,2160
"UGT2B15",-1.2253,6.12268186835825e-06,0.000173658505241836,0.379,0.873,"HCC-1L_normalized","ROI 1","Rest","wilcox","Spatial",0.25,0.05,0.05,29,2762,TRUE,FALSE,2,2160
"RSU1",-1.2234,0.00174817207196245,0.0145024887100057,0.034,0.324,"HCC-1L_normalized","ROI 1","Rest","wilcox","Spatial",0.25,0.05,0.05,29,2762,TRUE,FALSE,2,2160
"NDUFA1",-1.2232,7.4540876559347e-07,2.7763160643065e-05,0.69,0.921,"HCC-1L_normalized","ROI 1","Rest","wilcox","Spatial",0.25,0.05,0.05,29,2762,TRUE,FALSE,2,2160
"ELL2",-1.2217,4.27648238903159e-05,0.000875883848994219,0.172,0.646,"HCC-1L_normalized","ROI 1","Rest","wilcox","Spatial",0.25,0.05,0.05,29,2762,TRUE,FALSE,2,2160
"FGA",-1.2205,2.38465214534113e-12,4.89368026532161e-10,0.966,0.992,"HCC-1L_normalized","ROI 1","Rest","wilcox","Spatial",0.25,0.05,0.05,29,2762,TRUE,FALSE,2,2160
"CYP2A7",-1.2202,0.00400298341437679,0.0258295291624538,0.724,0.963,"HCC-1L_normalized","ROI 1","Rest","wilcox","Spatial",0.25,0.05,0.05,29,2762,TRUE,FALSE,2,2160
"DGAT2",-1.2201,1.08522677368093e-05,0.000278381946405504,0.31,0.816,"HCC-1L_normalized","ROI 1","Rest","wilcox","Spatial",0.25,0.05,0.05,29,2762,TRUE,FALSE,2,2160
"SERPINA10",-1.2188,2.9293397513179e-06,9.17918258601592e-05,0.345,0.829,"HCC-1L_normalized","ROI 1","Rest","wilcox","Spatial",0.25,0.05,0.05,29,2762,TRUE,FALSE,2,2160
"RNF128",-1.2186,0.00045556966749283,0.00562927053126324,0.138,0.541,"HCC-1L_normalized","ROI 1","Rest","wilcox","Spatial",0.25,0.05,0.05,29,2762,TRUE,FALSE,2,2160
"APOM",-1.2181,1.12758838471718e-06,4.04155480631851e-05,0.517,0.937,"HCC-1L_normalized","ROI 1","Rest","wilcox","Spatial",0.25,0.05,0.05,29,2762,TRUE,FALSE,2,2160
"APOA2",-1.2174,7.3924121452692e-15,4.55111679484632e-12,1,0.997,"HCC-1L_normalized","ROI 1","Rest","wilcox","Spatial",0.25,0.05,0.05,29,2762,TRUE,FALSE,2,2160
"ITPKC",-1.2168,0.00038756201456876,0.00492858328611986,0.069,0.442,"HCC-1L_normalized","ROI 1","Rest","wilcox","Spatial",0.25,0.05,0.05,29,2762,TRUE,FALSE,2,2160
"DOLPP1",-1.2167,0.00529932957979608,0.0314771755857808,0.034,0.279,"HCC-1L_normalized","ROI 1","Rest","wilcox","Spatial",0.25,0.05,0.05,29,2762,TRUE,FALSE,2,2160
"PEPD",-1.2149,8.28824085196239e-06,0.000223568888548037,0.276,0.766,"HCC-1L_normalized","ROI 1","Rest","wilcox","Spatial",0.25,0.05,0.05,29,2762,TRUE,FALSE,2,2160
"SPP2",-1.2141,1.39663964676095e-06,4.77929376779653e-05,0.448,0.861,"HCC-1L_normalized","ROI 1","Rest","wilcox","Spatial",0.25,0.05,0.05,29,2762,TRUE,FALSE,2,2160
"GOPC",-1.2141,0.00491053826344036,0.0297199834784161,0.034,0.283,"HCC-1L_normalized","ROI 1","Rest","wilcox","Spatial",0.25,0.05,0.05,29,2762,TRUE,FALSE,2,2160
"SMYD3",-1.2126,0.00187145824995022,0.0151834744526969,0.034,0.322,"HCC-1L_normalized","ROI 1","Rest","wilcox","Spatial",0.25,0.05,0.05,29,2762,TRUE,FALSE,2,2160
"AHNAK",1.2093,5.60975095371548e-05,0.00109543629074471,0.862,0.85,"HCC-1L_normalized","ROI 1","Rest","wilcox","Spatial",0.25,0.05,0.05,29,2762,TRUE,FALSE,2,2160
"TMEM14B",-1.2084,0.00101868030268753,0.00989926466845652,0.172,0.577,"HCC-1L_normalized","ROI 1","Rest","wilcox","Spatial",0.25,0.05,0.05,29,2762,TRUE,FALSE,2,2160
"APMAP",-1.2051,5.8924035727599e-06,0.000168037863194837,0.655,0.899,"HCC-1L_normalized","ROI 1","Rest","wilcox","Spatial",0.25,0.05,0.05,29,2762,TRUE,FALSE,2,2160
"RPL23",1.203,9.76338981712075e-10,8.17469102607886e-08,1,0.983,"HCC-1L_normalized","ROI 1","Rest","wilcox","Spatial",0.25,0.05,0.05,29,2762,TRUE,FALSE,2,2160
"MAPK8",-1.2027,0.00210963060278086,0.0164648724002271,0.034,0.317,"HCC-1L_normalized","ROI 1","Rest","wilcox","Spatial",0.25,0.05,0.05,29,2762,TRUE,FALSE,2,2160
"SMARCB1",-1.2022,0.000252475856072426,0.00351476056732801,0.069,0.458,"HCC-1L_normalized","ROI 1","Rest","wilcox","Spatial",0.25,0.05,0.05,29,2762,TRUE,FALSE,2,2160
"SZT2",-1.2007,0.00475568377747351,0.0290390819224258,0.034,0.284,"HCC-1L_normalized","ROI 1","Rest","wilcox","Spatial",0.25,0.05,0.05,29,2762,TRUE,FALSE,2,2160
"MANF",-1.1999,8.90829618548743e-06,0.000234846921605318,0.345,0.783,"HCC-1L_normalized","ROI 1","Rest","wilcox","Spatial",0.25,0.05,0.05,29,2762,TRUE,FALSE,2,2160
"APOH",-1.1986,1.95182695325496e-15,1.61908436519532e-12,0.966,0.991,"HCC-1L_normalized","ROI 1","Rest","wilcox","Spatial",0.25,0.05,0.05,29,2762,TRUE,FALSE,2,2160
"CAPN2",1.1984,0.0085782582229042,0.0435614025040832,0.621,0.622,"HCC-1L_normalized","ROI 1","Rest","wilcox","Spatial",0.25,0.05,0.05,29,2762,TRUE,FALSE,2,2160
"PPCS",-1.1971,3.54643524988285e-05,0.00075441039279012,0.138,0.634,"HCC-1L_normalized","ROI 1","Rest","wilcox","Spatial",0.25,0.05,0.05,29,2762,TRUE,FALSE,2,2160
"ENG",1.1969,8.56287875341246e-06,0.00022745961683557,0.862,0.923,"HCC-1L_normalized","ROI 1","Rest","wilcox","Spatial",0.25,0.05,0.05,29,2762,TRUE,FALSE,2,2160
"POFUT1",-1.1958,0.000233536397015398,0.00331640696222951,0.138,0.562,"HCC-1L_normalized","ROI 1","Rest","wilcox","Spatial",0.25,0.05,0.05,29,2762,TRUE,FALSE,2,2160
"RNF187",-1.1943,3.39528717290069e-05,0.000726688661586475,0.172,0.665,"HCC-1L_normalized","ROI 1","Rest","wilcox","Spatial",0.25,0.05,0.05,29,2762,TRUE,FALSE,2,2160
"ADK",-1.1921,5.96561715598305e-05,0.0011477233300463,0.103,0.55,"HCC-1L_normalized","ROI 1","Rest","wilcox","Spatial",0.25,0.05,0.05,29,2762,TRUE,FALSE,2,2160
"CCNH",-1.188,0.00199334572736843,0.0158769835484308,0.034,0.32,"HCC-1L_normalized","ROI 1","Rest","wilcox","Spatial",0.25,0.05,0.05,29,2762,TRUE,FALSE,2,2160
"LIMS2",1.1867,0.00357606096703233,0.023960982126095,0.655,0.631,"HCC-1L_normalized","ROI 1","Rest","wilcox","Spatial",0.25,0.05,0.05,29,2762,TRUE,FALSE,2,2160
"MRPL40",-1.1856,7.07269879625508e-05,0.0013110018652146,0.172,0.662,"HCC-1L_normalized","ROI 1","Rest","wilcox","Spatial",0.25,0.05,0.05,29,2762,TRUE,FALSE,2,2160
"UPB1",-1.1846,8.52667085066589e-06,0.00022745961683557,0.379,0.854,"HCC-1L_normalized","ROI 1","Rest","wilcox","Spatial",0.25,0.05,0.05,29,2762,TRUE,FALSE,2,2160
"COPRS",-1.1841,1.52947869778373e-05,0.000372268001186152,0.103,0.612,"HCC-1L_normalized","ROI 1","Rest","wilcox","Spatial",0.25,0.05,0.05,29,2762,TRUE,FALSE,2,2160
"STARD3NL",-1.1837,0.0102214890253835,0.0496178879484765,0.034,0.25,"HCC-1L_normalized","ROI 1","Rest","wilcox","Spatial",0.25,0.05,0.05,29,2762,TRUE,FALSE,2,2160
"FN1",-1.1831,1.85141043311751e-12,4.21236121587127e-10,0.931,0.991,"HCC-1L_normalized","ROI 1","Rest","wilcox","Spatial",0.25,0.05,0.05,29,2762,TRUE,FALSE,2,2160
"TMEM176B",-1.183,5.07848654055232e-12,9.1640414023139e-10,0.793,0.988,"HCC-1L_normalized","ROI 1","Rest","wilcox","Spatial",0.25,0.05,0.05,29,2762,TRUE,FALSE,2,2160
"GNAI2",1.1823,0.000109257420561089,0.00184136580288624,0.759,0.798,"HCC-1L_normalized","ROI 1","Rest","wilcox","Spatial",0.25,0.05,0.05,29,2762,TRUE,FALSE,2,2160
"ATG4A",-1.1818,0.00783905317019437,0.0412584816196459,0.034,0.262,"HCC-1L_normalized","ROI 1","Rest","wilcox","Spatial",0.25,0.05,0.05,29,2762,TRUE,FALSE,2,2160
"AES",1.1812,3.91474459404984e-08,2.17934664475137e-06,0.931,0.906,"HCC-1L_normalized","ROI 1","Rest","wilcox","Spatial",0.25,0.05,0.05,29,2762,TRUE,FALSE,2,2160
"GABARAP",-1.1808,0.00611510907407846,0.0348208550431475,0.034,0.273,"HCC-1L_normalized","ROI 1","Rest","wilcox","Spatial",0.25,0.05,0.05,29,2762,TRUE,FALSE,2,2160
"C4BPA",-1.1806,1.01814149565365e-09,8.45703880437387e-08,0.793,0.978,"HCC-1L_normalized","ROI 1","Rest","wilcox","Spatial",0.25,0.05,0.05,29,2762,TRUE,FALSE,2,2160
"TEX264",1.1805,0.00270929389695802,0.0195651803112492,0.69,0.698,"HCC-1L_normalized","ROI 1","Rest","wilcox","Spatial",0.25,0.05,0.05,29,2762,TRUE,FALSE,2,2160
"LBP",-1.1792,3.69842937680504e-06,0.000113180590227022,0.586,0.9,"HCC-1L_normalized","ROI 1","Rest","wilcox","Spatial",0.25,0.05,0.05,29,2762,TRUE,FALSE,2,2160
"GNG11",1.1778,0.00467703687564694,0.0287487138539983,0.586,0.504,"HCC-1L_normalized","ROI 1","Rest","wilcox","Spatial",0.25,0.05,0.05,29,2762,TRUE,FALSE,2,2160
"ERP44",-1.1777,0.000254827397281202,0.00354186393086994,0.172,0.637,"HCC-1L_normalized","ROI 1","Rest","wilcox","Spatial",0.25,0.05,0.05,29,2762,TRUE,FALSE,2,2160
"TMEM187",-1.1777,0.00834072209954839,0.0428963132648027,0.034,0.26,"HCC-1L_normalized","ROI 1","Rest","wilcox","Spatial",0.25,0.05,0.05,29,2762,TRUE,FALSE,2,2160
"SLC45A4",-1.1725,0.00481874916100703,0.0293215283250579,0.034,0.283,"HCC-1L_normalized","ROI 1","Rest","wilcox","Spatial",0.25,0.05,0.05,29,2762,TRUE,FALSE,2,2160
"FAM99A",-1.172,0.000839065771078936,0.00881693008043388,0.103,0.472,"HCC-1L_normalized","ROI 1","Rest","wilcox","Spatial",0.25,0.05,0.05,29,2762,TRUE,FALSE,2,2160
"MTHFD1",-1.1682,9.75105953981431e-05,0.00169665584365157,0.345,0.778,"HCC-1L_normalized","ROI 1","Rest","wilcox","Spatial",0.25,0.05,0.05,29,2762,TRUE,FALSE,2,2160
"CCL15",-1.1678,3.37140453783954e-05,0.000723055735512883,0.103,0.581,"HCC-1L_normalized","ROI 1","Rest","wilcox","Spatial",0.25,0.05,0.05,29,2762,TRUE,FALSE,2,2160
"HSD17B13",-1.1642,5.06907034009891e-05,0.00101088293494223,0.379,0.835,"HCC-1L_normalized","ROI 1","Rest","wilcox","Spatial",0.25,0.05,0.05,29,2762,TRUE,FALSE,2,2160
"ZFYVE19",-1.1638,0.00163050040998086,0.0139079953374799,0.103,0.429,"HCC-1L_normalized","ROI 1","Rest","wilcox","Spatial",0.25,0.05,0.05,29,2762,TRUE,FALSE,2,2160
"STARD5",-1.1633,0.000641986336565681,0.00732266700252528,0.034,0.362,"HCC-1L_normalized","ROI 1","Rest","wilcox","Spatial",0.25,0.05,0.05,29,2762,TRUE,FALSE,2,2160
"TSKU",-1.1628,0.000202059664062418,0.00296184375921186,0.414,0.854,"HCC-1L_normalized","ROI 1","Rest","wilcox","Spatial",0.25,0.05,0.05,29,2762,TRUE,FALSE,2,2160
"KDR",-1.1625,0.00578711470912846,0.0334260168574716,0.034,0.276,"HCC-1L_normalized","ROI 1","Rest","wilcox","Spatial",0.25,0.05,0.05,29,2762,TRUE,FALSE,2,2160
"FST",-1.1624,0.000266412400605253,0.00367845934661554,0.069,0.458,"HCC-1L_normalized","ROI 1","Rest","wilcox","Spatial",0.25,0.05,0.05,29,2762,TRUE,FALSE,2,2160
"SERPINA6",-1.1623,3.19149951065677e-08,1.79581902572762e-06,0.655,0.941,"HCC-1L_normalized","ROI 1","Rest","wilcox","Spatial",0.25,0.05,0.05,29,2762,TRUE,FALSE,2,2160
"PAPSS2",-1.1619,0.000224066387603889,0.00322569300228652,0.138,0.574,"HCC-1L_normalized","ROI 1","Rest","wilcox","Spatial",0.25,0.05,0.05,29,2762,TRUE,FALSE,2,2160
"ACOT4",-1.1606,0.00809499214500342,0.0421503421838835,0.034,0.26,"HCC-1L_normalized","ROI 1","Rest","wilcox","Spatial",0.25,0.05,0.05,29,2762,TRUE,FALSE,2,2160
"PLEC",1.1578,0.000452317104824289,0.00560894646811731,0.759,0.797,"HCC-1L_normalized","ROI 1","Rest","wilcox","Spatial",0.25,0.05,0.05,29,2762,TRUE,FALSE,2,2160
"AP003716.1",-1.1578,0.00198957993633364,0.0158590583500898,0.034,0.32,"HCC-1L_normalized","ROI 1","Rest","wilcox","Spatial",0.25,0.05,0.05,29,2762,TRUE,FALSE,2,2160
"WDR77",-1.1555,0.00208911722660201,0.0163657940820484,0.034,0.318,"HCC-1L_normalized","ROI 1","Rest","wilcox","Spatial",0.25,0.05,0.05,29,2762,TRUE,FALSE,2,2160
"CERS2",-1.1553,2.01565068053825e-07,8.86378152206444e-06,0.586,0.924,"HCC-1L_normalized","ROI 1","Rest","wilcox","Spatial",0.25,0.05,0.05,29,2762,TRUE,FALSE,2,2160
"PPP2R1B",-1.1519,7.38513224159628e-05,0.00136318860741705,0.172,0.638,"HCC-1L_normalized","ROI 1","Rest","wilcox","Spatial",0.25,0.05,0.05,29,2762,TRUE,FALSE,2,2160
"PKP2",-1.1518,0.00386508511547391,0.0252318181569758,0.034,0.294,"HCC-1L_normalized","ROI 1","Rest","wilcox","Spatial",0.25,0.05,0.05,29,2762,TRUE,FALSE,2,2160
"ERG28",-1.1517,2.40344131589358e-05,0.000548026510068457,0.241,0.769,"HCC-1L_normalized","ROI 1","Rest","wilcox","Spatial",0.25,0.05,0.05,29,2762,TRUE,FALSE,2,2160
"SERPINE2",-1.1514,0.00951421972836778,0.0470811939586462,0.069,0.311,"HCC-1L_normalized","ROI 1","Rest","wilcox","Spatial",0.25,0.05,0.05,29,2762,TRUE,FALSE,2,2160
"HLA-DPA1",1.1504,6.00434527422209e-08,3.20619783877594e-06,0.931,0.875,"HCC-1L_normalized","ROI 1","Rest","wilcox","Spatial",0.25,0.05,0.05,29,2762,TRUE,FALSE,2,2160
"GGT5",1.1504,2.6911991887855e-05,0.000599462553902767,0.862,0.833,"HCC-1L_normalized","ROI 1","Rest","wilcox","Spatial",0.25,0.05,0.05,29,2762,TRUE,FALSE,2,2160
"FSTL3",1.1502,0.00845258179358064,0.0432590322990782,0.552,0.422,"HCC-1L_normalized","ROI 1","Rest","wilcox","Spatial",0.25,0.05,0.05,29,2762,TRUE,FALSE,2,2160
"UBAC1",-1.1501,0.000212263348882685,0.00308120417393368,0.069,0.466,"HCC-1L_normalized","ROI 1","Rest","wilcox","Spatial",0.25,0.05,0.05,29,2762,TRUE,FALSE,2,2160
"TSFM",-1.1485,0.00092932104159609,0.00935701525476177,0.069,0.409,"HCC-1L_normalized","ROI 1","Rest","wilcox","Spatial",0.25,0.05,0.05,29,2762,TRUE,FALSE,2,2160
"CP",-1.1481,1.88235784258094e-08,1.1130371288391e-06,0.655,0.959,"HCC-1L_normalized","ROI 1","Rest","wilcox","Spatial",0.25,0.05,0.05,29,2762,TRUE,FALSE,2,2160
"CCNI",1.1481,0.0024474322660728,0.0183224793252632,0.655,0.592,"HCC-1L_normalized","ROI 1","Rest","wilcox","Spatial",0.25,0.05,0.05,29,2762,TRUE,FALSE,2,2160
"ACACA",-1.1476,0.00246837085628006,0.0183997769321843,0.034,0.311,"HCC-1L_normalized","ROI 1","Rest","wilcox","Spatial",0.25,0.05,0.05,29,2762,TRUE,FALSE,2,2160
"SUCLG1",-1.1472,5.901375721829e-05,0.00113745484907297,0.31,0.793,"HCC-1L_normalized","ROI 1","Rest","wilcox","Spatial",0.25,0.05,0.05,29,2762,TRUE,FALSE,2,2160
"PAICS",-1.1471,0.000488292950600427,0.00593550989661332,0.138,0.526,"HCC-1L_normalized","ROI 1","Rest","wilcox","Spatial",0.25,0.05,0.05,29,2762,TRUE,FALSE,2,2160
"ARFGEF2",-1.1459,0.000727530209281758,0.00800665738206402,0.069,0.42,"HCC-1L_normalized","ROI 1","Rest","wilcox","Spatial",0.25,0.05,0.05,29,2762,TRUE,FALSE,2,2160
"FBLN1",1.1436,0.00813570235399043,0.0423202091634512,0.552,0.463,"HCC-1L_normalized","ROI 1","Rest","wilcox","Spatial",0.25,0.05,0.05,29,2762,TRUE,FALSE,2,2160
"SERPINA1",-1.1429,2.41987819097118e-14,1.15120205212293e-11,0.966,0.996,"HCC-1L_normalized","ROI 1","Rest","wilcox","Spatial",0.25,0.05,0.05,29,2762,TRUE,FALSE,2,2160
"MTIF2",-1.1415,0.000941300026165142,0.00942317707149807,0.034,0.348,"HCC-1L_normalized","ROI 1","Rest","wilcox","Spatial",0.25,0.05,0.05,29,2762,TRUE,FALSE,2,2160
"SPOUT1",-1.1414,0.000985845996546027,0.00973383415080257,0.034,0.347,"HCC-1L_normalized","ROI 1","Rest","wilcox","Spatial",0.25,0.05,0.05,29,2762,TRUE,FALSE,2,2160
"HTRA1",-1.1397,1.14235477750167e-05,0.000290191385954672,0.483,0.846,"HCC-1L_normalized","ROI 1","Rest","wilcox","Spatial",0.25,0.05,0.05,29,2762,TRUE,FALSE,2,2160
"CFHR2",-1.1394,0.000364546999297806,0.00470449925357686,0.241,0.682,"HCC-1L_normalized","ROI 1","Rest","wilcox","Spatial",0.25,0.05,0.05,29,2762,TRUE,FALSE,2,2160
"HNRNPA2B1",1.1386,0.00531701200591518,0.0315520425439891,0.931,0.92,"HCC-1L_normalized","ROI 1","Rest","wilcox","Spatial",0.25,0.05,0.05,29,2762,TRUE,FALSE,2,2160
"SLC47A1",-1.1364,2.20843925122229e-05,0.00051249501559407,0.138,0.646,"HCC-1L_normalized","ROI 1","Rest","wilcox","Spatial",0.25,0.05,0.05,29,2762,TRUE,FALSE,2,2160
"CMBL",-1.1357,0.000755034065988325,0.00821837167811434,0.345,0.767,"HCC-1L_normalized","ROI 1","Rest","wilcox","Spatial",0.25,0.05,0.05,29,2762,TRUE,FALSE,2,2160
"SLC25A4",-1.1351,0.000846098373923677,0.00885526558148521,0.138,0.525,"HCC-1L_normalized","ROI 1","Rest","wilcox","Spatial",0.25,0.05,0.05,29,2762,TRUE,FALSE,2,2160
"F2",-1.1341,3.38688348034877e-13,1.14136488600578e-10,0.966,0.988,"HCC-1L_normalized","ROI 1","Rest","wilcox","Spatial",0.25,0.05,0.05,29,2762,TRUE,FALSE,2,2160
"ORMDL3",-1.1335,0.000133919652062635,0.0021496979731404,0.241,0.719,"HCC-1L_normalized","ROI 1","Rest","wilcox","Spatial",0.25,0.05,0.05,29,2762,TRUE,FALSE,2,2160
"SLC25A44",-1.1327,9.25505500158295e-05,0.0016279563974213,0.069,0.49,"HCC-1L_normalized","ROI 1","Rest","wilcox","Spatial",0.25,0.05,0.05,29,2762,TRUE,FALSE,2,2160
"ADH4",-1.1319,0.00121018161637734,0.0111789592206577,0.69,0.956,"HCC-1L_normalized","ROI 1","Rest","wilcox","Spatial",0.25,0.05,0.05,29,2762,TRUE,FALSE,2,2160
"MT1G",-1.1318,2.88669346939953e-07,1.19415548817136e-05,0.966,0.99,"HCC-1L_normalized","ROI 1","Rest","wilcox","Spatial",0.25,0.05,0.05,29,2762,TRUE,FALSE,2,2160
"ERMAP",-1.1315,0.0061835376860275,0.0350842059656766,0.034,0.273,"HCC-1L_normalized","ROI 1","Rest","wilcox","Spatial",0.25,0.05,0.05,29,2762,TRUE,FALSE,2,2160
"GSTA1",-1.131,1.91326964725705e-11,2.98869852659587e-09,0.966,0.984,"HCC-1L_normalized","ROI 1","Rest","wilcox","Spatial",0.25,0.05,0.05,29,2762,TRUE,FALSE,2,2160
"HABP2",-1.1307,1.1751741550292e-08,7.32105518246168e-07,0.724,0.922,"HCC-1L_normalized","ROI 1","Rest","wilcox","Spatial",0.25,0.05,0.05,29,2762,TRUE,FALSE,2,2160
"ALDOB",-1.1297,1.36402531199332e-08,8.34847304989594e-07,0.966,0.988,"HCC-1L_normalized","ROI 1","Rest","wilcox","Spatial",0.25,0.05,0.05,29,2762,TRUE,FALSE,2,2160
"NBDY",-1.1296,0.00804863504245761,0.0420344383005795,0.034,0.262,"HCC-1L_normalized","ROI 1","Rest","wilcox","Spatial",0.25,0.05,0.05,29,2762,TRUE,FALSE,2,2160
"ZHX3",-1.1292,0.00427580196876648,0.0270887066616889,0.034,0.289,"HCC-1L_normalized","ROI 1","Rest","wilcox","Spatial",0.25,0.05,0.05,29,2762,TRUE,FALSE,2,2160
"MT1X",-1.1268,1.05286718849734e-07,5.17338403512355e-06,0.793,0.972,"HCC-1L_normalized","ROI 1","Rest","wilcox","Spatial",0.25,0.05,0.05,29,2762,TRUE,FALSE,2,2160
"TMSB4X",1.1256,1.67615576084276e-10,1.70316953329906e-08,1,0.989,"HCC-1L_normalized","ROI 1","Rest","wilcox","Spatial",0.25,0.05,0.05,29,2762,TRUE,FALSE,2,2160
"SLC22A7",-1.1253,2.4470627398126e-08,1.40719552938894e-06,0.862,0.977,"HCC-1L_normalized","ROI 1","Rest","wilcox","Spatial",0.25,0.05,0.05,29,2762,TRUE,FALSE,2,2160
"UBE4B",-1.1241,0.00288460559435289,0.0204541206981689,0.034,0.305,"HCC-1L_normalized","ROI 1","Rest","wilcox","Spatial",0.25,0.05,0.05,29,2762,TRUE,FALSE,2,2160
"ATF5",-1.1227,4.55422926202039e-05,0.000927137674270289,0.276,0.823,"HCC-1L_normalized","ROI 1","Rest","wilcox","Spatial",0.25,0.05,0.05,29,2762,TRUE,FALSE,2,2160
"SAA1",-1.1219,8.22357624389426e-07,3.03056158340132e-05,1,0.984,"HCC-1L_normalized","ROI 1","Rest","wilcox","Spatial",0.25,0.05,0.05,29,2762,TRUE,FALSE,2,2160
"GID8",-1.1216,0.000247304639450654,0.00346955811862003,0.138,0.554,"HCC-1L_normalized","ROI 1","Rest","wilcox","Spatial",0.25,0.05,0.05,29,2762,TRUE,FALSE,2,2160
"DCTN1",-1.1214,0.000659361506989629,0.00747657370764188,0.138,0.538,"HCC-1L_normalized","ROI 1","Rest","wilcox","Spatial",0.25,0.05,0.05,29,2762,TRUE,FALSE,2,2160
"TSPAN6",-1.1196,0.000252328463660494,0.00351476056732801,0.207,0.652,"HCC-1L_normalized","ROI 1","Rest","wilcox","Spatial",0.25,0.05,0.05,29,2762,TRUE,FALSE,2,2160
"STX8",-1.1193,0.00537958007621669,0.0317829726351022,0.034,0.28,"HCC-1L_normalized","ROI 1","Rest","wilcox","Spatial",0.25,0.05,0.05,29,2762,TRUE,FALSE,2,2160
"POP7",-1.1191,0.000560999293579011,0.00661723861097273,0.103,0.469,"HCC-1L_normalized","ROI 1","Rest","wilcox","Spatial",0.25,0.05,0.05,29,2762,TRUE,FALSE,2,2160
"GGH",-1.1191,2.72141333933087e-05,0.000603675869502954,0.552,0.832,"HCC-1L_normalized","ROI 1","Rest","wilcox","Spatial",0.25,0.05,0.05,29,2762,TRUE,FALSE,2,2160
"AP1S1",-1.1189,0.00042941057664176,0.00537784026420282,0.138,0.535,"HCC-1L_normalized","ROI 1","Rest","wilcox","Spatial",0.25,0.05,0.05,29,2762,TRUE,FALSE,2,2160
"FBXO7",-1.1184,0.000218897304895113,0.00316433590197826,0.207,0.66,"HCC-1L_normalized","ROI 1","Rest","wilcox","Spatial",0.25,0.05,0.05,29,2762,TRUE,FALSE,2,2160
"AR",-1.1162,0.000721174553541744,0.00795343822694193,0.138,0.514,"HCC-1L_normalized","ROI 1","Rest","wilcox","Spatial",0.25,0.05,0.05,29,2762,TRUE,FALSE,2,2160
"CFL2",-1.1148,0.000232780026483338,0.00331245714157302,0.172,0.606,"HCC-1L_normalized","ROI 1","Rest","wilcox","Spatial",0.25,0.05,0.05,29,2762,TRUE,FALSE,2,2160
"HDHD3",-1.1144,0.000102909829428844,0.00175546699747708,0.207,0.667,"HCC-1L_normalized","ROI 1","Rest","wilcox","Spatial",0.25,0.05,0.05,29,2762,TRUE,FALSE,2,2160
"LOXL4",-1.114,0.000778137382984337,0.00839586170135472,0.138,0.51,"HCC-1L_normalized","ROI 1","Rest","wilcox","Spatial",0.25,0.05,0.05,29,2762,TRUE,FALSE,2,2160
"TECR",1.1139,3.56229634543162e-05,0.000754716468649541,0.828,0.8,"HCC-1L_normalized","ROI 1","Rest","wilcox","Spatial",0.25,0.05,0.05,29,2762,TRUE,FALSE,2,2160
"CHMP2B",-1.1104,0.000894923484632936,0.00916464695711184,0.069,0.409,"HCC-1L_normalized","ROI 1","Rest","wilcox","Spatial",0.25,0.05,0.05,29,2762,TRUE,FALSE,2,2160
"MT1H",-1.1088,0.00470106548395618,0.0288064118004013,0.276,0.621,"HCC-1L_normalized","ROI 1","Rest","wilcox","Spatial",0.25,0.05,0.05,29,2762,TRUE,FALSE,2,2160
"PAQR9",-1.1084,0.00950222814192323,0.0470811939586462,0.034,0.254,"HCC-1L_normalized","ROI 1","Rest","wilcox","Spatial",0.25,0.05,0.05,29,2762,TRUE,FALSE,2,2160
"TBC1D20",-1.1075,0.00193301173655459,0.0155604654023206,0.069,0.381,"HCC-1L_normalized","ROI 1","Rest","wilcox","Spatial",0.25,0.05,0.05,29,2762,TRUE,FALSE,2,2160
"ELOVL2",-1.106,0.000102041310971424,0.00174789584390658,0.103,0.541,"HCC-1L_normalized","ROI 1","Rest","wilcox","Spatial",0.25,0.05,0.05,29,2762,TRUE,FALSE,2,2160
"CDC42BPB",-1.105,0.000524478352634372,0.00626619913090336,0.103,0.491,"HCC-1L_normalized","ROI 1","Rest","wilcox","Spatial",0.25,0.05,0.05,29,2762,TRUE,FALSE,2,2160
"G0S2",-1.1045,4.18620712176078e-06,0.000125898976253875,0.138,0.693,"HCC-1L_normalized","ROI 1","Rest","wilcox","Spatial",0.25,0.05,0.05,29,2762,TRUE,FALSE,2,2160
"CLPTM1L",-1.1033,0.000371418237540615,0.00477550770773965,0.276,0.704,"HCC-1L_normalized","ROI 1","Rest","wilcox","Spatial",0.25,0.05,0.05,29,2762,TRUE,FALSE,2,2160
"CYB5A",-1.1013,6.50709363959536e-11,7.65204966651742e-09,0.931,0.979,"HCC-1L_normalized","ROI 1","Rest","wilcox","Spatial",0.25,0.05,0.05,29,2762,TRUE,FALSE,2,2160
"BTG1",1.1004,0.00408854211721983,0.0262664843405955,0.69,0.757,"HCC-1L_normalized","ROI 1","Rest","wilcox","Spatial",0.25,0.05,0.05,29,2762,TRUE,FALSE,2,2160
"SPTSSA",-1.1002,4.71609668686748e-06,0.000138647943608863,0.103,0.611,"HCC-1L_normalized","ROI 1","Rest","wilcox","Spatial",0.25,0.05,0.05,29,2762,TRUE,FALSE,2,2160
"SULT2A1",-1.0993,1.54449079688804e-07,7.05879505686911e-06,0.759,0.953,"HCC-1L_normalized","ROI 1","Rest","wilcox","Spatial",0.25,0.05,0.05,29,2762,TRUE,FALSE,2,2160
"PLGLB1",-1.0977,9.10873781367765e-05,0.00160491666595876,0.103,0.527,"HCC-1L_normalized","ROI 1","Rest","wilcox","Spatial",0.25,0.05,0.05,29,2762,TRUE,FALSE,2,2160
"LMF2",1.0973,0.000429569507058433,0.00537784026420282,0.759,0.778,"HCC-1L_normalized","ROI 1","Rest","wilcox","Spatial",0.25,0.05,0.05,29,2762,TRUE,FALSE,2,2160
"PNPLA8",-1.0972,0.00236104856977564,0.0179323180923598,0.034,0.314,"HCC-1L_normalized","ROI 1","Rest","wilcox","Spatial",0.25,0.05,0.05,29,2762,TRUE,FALSE,2,2160
"ABCF2.1",-1.0946,0.000398305140094968,0.00503461545438881,0.034,0.379,"HCC-1L_normalized","ROI 1","Rest","wilcox","Spatial",0.25,0.05,0.05,29,2762,TRUE,FALSE,2,2160
"SMIM7",-1.0939,0.000526391175213049,0.00628188145926998,0.207,0.647,"HCC-1L_normalized","ROI 1","Rest","wilcox","Spatial",0.25,0.05,0.05,29,2762,TRUE,FALSE,2,2160
"GRB2",-1.0924,0.000271090006233709,0.00373319474373947,0.103,0.508,"HCC-1L_normalized","ROI 1","Rest","wilcox","Spatial",0.25,0.05,0.05,29,2762,TRUE,FALSE,2,2160
"ATP6AP2",1.0904,0.00932322675123768,0.0464651862754541,0.621,0.619,"HCC-1L_normalized","ROI 1","Rest","wilcox","Spatial",0.25,0.05,0.05,29,2762,TRUE,FALSE,2,2160
"UBE2V2",-1.09,0.000745437197745532,0.00816082187406353,0.138,0.517,"HCC-1L_normalized","ROI 1","Rest","wilcox","Spatial",0.25,0.05,0.05,29,2762,TRUE,FALSE,2,2160
"MRPS30",-1.0899,0.0023741744378737,0.0179928382815251,0.034,0.313,"HCC-1L_normalized","ROI 1","Rest","wilcox","Spatial",0.25,0.05,0.05,29,2762,TRUE,FALSE,2,2160
"IMPAD1",-1.0891,0.00200792576661091,0.0159566826676916,0.207,0.568,"HCC-1L_normalized","ROI 1","Rest","wilcox","Spatial",0.25,0.05,0.05,29,2762,TRUE,FALSE,2,2160
"MPI",-1.0875,0.00116232809948462,0.0108949872847185,0.069,0.402,"HCC-1L_normalized","ROI 1","Rest","wilcox","Spatial",0.25,0.05,0.05,29,2762,TRUE,FALSE,2,2160
"AKAP1",-1.0873,0.000805638930990613,0.00866741287976794,0.172,0.579,"HCC-1L_normalized","ROI 1","Rest","wilcox","Spatial",0.25,0.05,0.05,29,2762,TRUE,FALSE,2,2160
"TRIM24",-1.0867,0.000707737131905131,0.00785490649259714,0.138,0.533,"HCC-1L_normalized","ROI 1","Rest","wilcox","Spatial",0.25,0.05,0.05,29,2762,TRUE,FALSE,2,2160
"CCT2",-1.0859,0.00117001838921769,0.010915435431628,0.172,0.539,"HCC-1L_normalized","ROI 1","Rest","wilcox","Spatial",0.25,0.05,0.05,29,2762,TRUE,FALSE,2,2160
"NR1I3",-1.085,0.000615081400207121,0.00712106408691121,0.138,0.533,"HCC-1L_normalized","ROI 1","Rest","wilcox","Spatial",0.25,0.05,0.05,29,2762,TRUE,FALSE,2,2160
"SMIM14",-1.0845,2.25708521111571e-05,0.000521471386744747,0.379,0.83,"HCC-1L_normalized","ROI 1","Rest","wilcox","Spatial",0.25,0.05,0.05,29,2762,TRUE,FALSE,2,2160
"C11orf96",1.0842,0.00171930192191008,0.0143723753312387,0.724,0.716,"HCC-1L_normalized","ROI 1","Rest","wilcox","Spatial",0.25,0.05,0.05,29,2762,TRUE,FALSE,2,2160
"HLA-DRB1",1.0841,1.38282344304503e-06,4.76073360358859e-05,0.897,0.922,"HCC-1L_normalized","ROI 1","Rest","wilcox","Spatial",0.25,0.05,0.05,29,2762,TRUE,FALSE,2,2160
"PPP1CB",1.0839,0.000231278727521291,0.00330678027628119,0.759,0.708,"HCC-1L_normalized","ROI 1","Rest","wilcox","Spatial",0.25,0.05,0.05,29,2762,TRUE,FALSE,2,2160
"SLC35D1",-1.0835,3.35196591928596e-05,0.000720596288665286,0.103,0.578,"HCC-1L_normalized","ROI 1","Rest","wilcox","Spatial",0.25,0.05,0.05,29,2762,TRUE,FALSE,2,2160
"NUDT5",-1.0833,7.5849562839448e-05,0.00139034154010407,0.138,0.623,"HCC-1L_normalized","ROI 1","Rest","wilcox","Spatial",0.25,0.05,0.05,29,2762,TRUE,FALSE,2,2160
"RPL36",1.0818,4.07907840850898e-13,1.25563631245456e-10,1,0.989,"HCC-1L_normalized","ROI 1","Rest","wilcox","Spatial",0.25,0.05,0.05,29,2762,TRUE,FALSE,2,2160
"DNAJB1",-1.0817,0.000532753821775077,0.00633613806670222,0.138,0.525,"HCC-1L_normalized","ROI 1","Rest","wilcox","Spatial",0.25,0.05,0.05,29,2762,TRUE,FALSE,2,2160
"APEX1",-1.0816,0.000167857670395323,0.00258242783594038,0.241,0.673,"HCC-1L_normalized","ROI 1","Rest","wilcox","Spatial",0.25,0.05,0.05,29,2762,TRUE,FALSE,2,2160
"PPDPF",1.0815,0.00778583415153676,0.0410098340362274,0.586,0.531,"HCC-1L_normalized","ROI 1","Rest","wilcox","Spatial",0.25,0.05,0.05,29,2762,TRUE,FALSE,2,2160
"MZT2A",1.079,0.00048029756005594,0.00585873457289681,0.759,0.737,"HCC-1L_normalized","ROI 1","Rest","wilcox","Spatial",0.25,0.05,0.05,29,2762,TRUE,FALSE,2,2160
"FURIN",-1.078,2.25132111576502e-06,7.40953672880398e-05,0.552,0.888,"HCC-1L_normalized","ROI 1","Rest","wilcox","Spatial",0.25,0.05,0.05,29,2762,TRUE,FALSE,2,2160
"C18orf32",-1.0776,0.0054172987500295,0.0319422246297514,0.034,0.279,"HCC-1L_normalized","ROI 1","Rest","wilcox","Spatial",0.25,0.05,0.05,29,2762,TRUE,FALSE,2,2160
"RAB11B-AS1",-1.0772,0.000111389840546765,0.00187428628804252,0.069,0.487,"HCC-1L_normalized","ROI 1","Rest","wilcox","Spatial",0.25,0.05,0.05,29,2762,TRUE,FALSE,2,2160
"SLC27A2",-1.077,5.27273910998993e-05,0.00103925588559613,0.241,0.732,"HCC-1L_normalized","ROI 1","Rest","wilcox","Spatial",0.25,0.05,0.05,29,2762,TRUE,FALSE,2,2160
"DOCK7",-1.0769,0.00531796321876522,0.0315520425439891,0.034,0.28,"HCC-1L_normalized","ROI 1","Rest","wilcox","Spatial",0.25,0.05,0.05,29,2762,TRUE,FALSE,2,2160
"FRAT1",-1.0765,0.00789338909147322,0.041409629188651,0.034,0.263,"HCC-1L_normalized","ROI 1","Rest","wilcox","Spatial",0.25,0.05,0.05,29,2762,TRUE,FALSE,2,2160
"KIAA2013",-1.0751,0.000340528045295908,0.00447734487696856,0.207,0.668,"HCC-1L_normalized","ROI 1","Rest","wilcox","Spatial",0.25,0.05,0.05,29,2762,TRUE,FALSE,2,2160
"ACSM5",-1.0726,0.000880096568722269,0.00907425042735371,0.138,0.528,"HCC-1L_normalized","ROI 1","Rest","wilcox","Spatial",0.25,0.05,0.05,29,2762,TRUE,FALSE,2,2160
"CD74",1.0712,1.19341043855688e-08,7.39067079877888e-07,0.931,0.986,"HCC-1L_normalized","ROI 1","Rest","wilcox","Spatial",0.25,0.05,0.05,29,2762,TRUE,FALSE,2,2160
"KPNA2",-1.0702,0.000911029942730342,0.00926644088245924,0.034,0.35,"HCC-1L_normalized","ROI 1","Rest","wilcox","Spatial",0.25,0.05,0.05,29,2762,TRUE,FALSE,2,2160
"ELMOD2",-1.0697,0.00643522786315614,0.0362649714226868,0.034,0.272,"HCC-1L_normalized","ROI 1","Rest","wilcox","Spatial",0.25,0.05,0.05,29,2762,TRUE,FALSE,2,2160
"MRFAP1",-1.0689,3.42453738240236e-05,0.000729963508028984,0.414,0.856,"HCC-1L_normalized","ROI 1","Rest","wilcox","Spatial",0.25,0.05,0.05,29,2762,TRUE,FALSE,2,2160
"KBTBD2",-1.0686,0.00412256338237992,0.0263733180684525,0.034,0.291,"HCC-1L_normalized","ROI 1","Rest","wilcox","Spatial",0.25,0.05,0.05,29,2762,TRUE,FALSE,2,2160
"SEMA4G",-1.0684,0.00113874399988778,0.0107856060659054,0.069,0.403,"HCC-1L_normalized","ROI 1","Rest","wilcox","Spatial",0.25,0.05,0.05,29,2762,TRUE,FALSE,2,2160
"PTTG1IP",1.0681,0.00240635153482869,0.0181558614196608,0.69,0.706,"HCC-1L_normalized","ROI 1","Rest","wilcox","Spatial",0.25,0.05,0.05,29,2762,TRUE,FALSE,2,2160
"PLEKHA3",-1.0678,0.00369479025645803,0.0245054973536691,0.034,0.295,"HCC-1L_normalized","ROI 1","Rest","wilcox","Spatial",0.25,0.05,0.05,29,2762,TRUE,FALSE,2,2160
"TUBB2A",-1.0662,7.0572944980674e-05,0.0013110018652146,0.448,0.789,"HCC-1L_normalized","ROI 1","Rest","wilcox","Spatial",0.25,0.05,0.05,29,2762,TRUE,FALSE,2,2160
"SLC41A2",-1.0648,0.00224967633929142,0.0172998622828979,0.103,0.429,"HCC-1L_normalized","ROI 1","Rest","wilcox","Spatial",0.25,0.05,0.05,29,2762,TRUE,FALSE,2,2160
"RAPH1",-1.0634,0.000130514504821068,0.00210797038187855,0.138,0.598,"HCC-1L_normalized","ROI 1","Rest","wilcox","Spatial",0.25,0.05,0.05,29,2762,TRUE,FALSE,2,2160
"CD81",1.0616,3.59283101743396e-07,1.45746393133581e-05,0.931,0.986,"HCC-1L_normalized","ROI 1","Rest","wilcox","Spatial",0.25,0.05,0.05,29,2762,TRUE,FALSE,2,2160
"HNF4A",-1.057,5.15432051347209e-05,0.0010197564932703,0.345,0.819,"HCC-1L_normalized","ROI 1","Rest","wilcox","Spatial",0.25,0.05,0.05,29,2762,TRUE,FALSE,2,2160
"BST2",1.0556,0.00121690649548767,0.0112212717020035,0.724,0.646,"HCC-1L_normalized","ROI 1","Rest","wilcox","Spatial",0.25,0.05,0.05,29,2762,TRUE,FALSE,2,2160
"HNRNPA1",1.0555,1.22282722934902e-06,4.29466771220365e-05,0.931,0.9,"HCC-1L_normalized","ROI 1","Rest","wilcox","Spatial",0.25,0.05,0.05,29,2762,TRUE,FALSE,2,2160
"JAGN1",-1.055,0.000351216509525132,0.00456625091762737,0.103,0.497,"HCC-1L_normalized","ROI 1","Rest","wilcox","Spatial",0.25,0.05,0.05,29,2762,TRUE,FALSE,2,2160
"SLC25A20",-1.0547,0.000497978837627399,0.00603921959977794,0.103,0.494,"HCC-1L_normalized","ROI 1","Rest","wilcox","Spatial",0.25,0.05,0.05,29,2762,TRUE,FALSE,2,2160
"ABCD3",-1.0545,7.30181214316722e-05,0.00135019021007753,0.207,0.71,"HCC-1L_normalized","ROI 1","Rest","wilcox","Spatial",0.25,0.05,0.05,29,2762,TRUE,FALSE,2,2160
"TPGS2",-1.0544,0.000880894174870186,0.00907425042735371,0.138,0.504,"HCC-1L_normalized","ROI 1","Rest","wilcox","Spatial",0.25,0.05,0.05,29,2762,TRUE,FALSE,2,2160
"AC015917.2",-1.0542,0.000190216205117853,0.002831867429251,0.069,0.47,"HCC-1L_normalized","ROI 1","Rest","wilcox","Spatial",0.25,0.05,0.05,29,2762,TRUE,FALSE,2,2160
"ATOX1",-1.0541,1.21873123027722e-06,4.29466771220365e-05,0.552,0.929,"HCC-1L_normalized","ROI 1","Rest","wilcox","Spatial",0.25,0.05,0.05,29,2762,TRUE,FALSE,2,2160
"CGNL1",-1.0529,0.000765261209647948,0.00829413606306193,0.138,0.532,"HCC-1L_normalized","ROI 1","Rest","wilcox","Spatial",0.25,0.05,0.05,29,2762,TRUE,FALSE,2,2160
"GLDC",-1.0528,0.00157478308056466,0.0135875348072462,0.103,0.444,"HCC-1L_normalized","ROI 1","Rest","wilcox","Spatial",0.25,0.05,0.05,29,2762,TRUE,FALSE,2,2160
"FOS",1.0526,5.21063018659771e-09,3.54137387166854e-07,0.966,0.97,"HCC-1L_normalized","ROI 1","Rest","wilcox","Spatial",0.25,0.05,0.05,29,2762,TRUE,FALSE,2,2160
"SLC38A4",-1.0521,7.07735576004442e-05,0.0013110018652146,0.345,0.803,"HCC-1L_normalized","ROI 1","Rest","wilcox","Spatial",0.25,0.05,0.05,29,2762,TRUE,FALSE,2,2160
"H1FX",1.052,2.56074017731779e-06,8.27182305426174e-05,0.862,0.886,"HCC-1L_normalized","ROI 1","Rest","wilcox","Spatial",0.25,0.05,0.05,29,2762,TRUE,FALSE,2,2160
"G6PC",-1.0517,0.000512043232636109,0.00616690963494766,0.345,0.793,"HCC-1L_normalized","ROI 1","Rest","wilcox","Spatial",0.25,0.05,0.05,29,2762,TRUE,FALSE,2,2160
"TPM3",1.0514,0.00743116510488443,0.0397823907865578,0.69,0.734,"HCC-1L_normalized","ROI 1","Rest","wilcox","Spatial",0.25,0.05,0.05,29,2762,TRUE,FALSE,2,2160
"MIR122HG",-1.0514,3.61369128901765e-05,0.000762518004654409,0.138,0.623,"HCC-1L_normalized","ROI 1","Rest","wilcox","Spatial",0.25,0.05,0.05,29,2762,TRUE,FALSE,2,2160
"LRRC8A",-1.0512,0.000349105690710255,0.00455011227767562,0.069,0.445,"HCC-1L_normalized","ROI 1","Rest","wilcox","Spatial",0.25,0.05,0.05,29,2762,TRUE,FALSE,2,2160
"PDRG1",-1.0509,0.00240782874550824,0.0181558614196608,0.069,0.371,"HCC-1L_normalized","ROI 1","Rest","wilcox","Spatial",0.25,0.05,0.05,29,2762,TRUE,FALSE,2,2160
"PCK1",-1.0501,3.77198059430522e-05,0.000792721865461816,0.586,0.91,"HCC-1L_normalized","ROI 1","Rest","wilcox","Spatial",0.25,0.05,0.05,29,2762,TRUE,FALSE,2,2160
"CYP4F22",-1.0483,0.000828904838355581,0.00878238740992984,0.103,0.475,"HCC-1L_normalized","ROI 1","Rest","wilcox","Spatial",0.25,0.05,0.05,29,2762,TRUE,FALSE,2,2160
"SYAP1",-1.0476,0.000942677851505684,0.00942317707149807,0.069,0.408,"HCC-1L_normalized","ROI 1","Rest","wilcox","Spatial",0.25,0.05,0.05,29,2762,TRUE,FALSE,2,2160
"KNG1",-1.0456,1.23187669958453e-11,2.01450336528933e-09,0.897,0.987,"HCC-1L_normalized","ROI 1","Rest","wilcox","Spatial",0.25,0.05,0.05,29,2762,TRUE,FALSE,2,2160
"PGRMC1",-1.0436,1.41065133625326e-07,6.68048727838307e-06,0.759,0.939,"HCC-1L_normalized","ROI 1","Rest","wilcox","Spatial",0.25,0.05,0.05,29,2762,TRUE,FALSE,2,2160
"C1QA",1.0425,1.354780650099e-06,4.67958227192612e-05,0.931,0.953,"HCC-1L_normalized","ROI 1","Rest","wilcox","Spatial",0.25,0.05,0.05,29,2762,TRUE,FALSE,2,2160
"SSNA1",1.0414,0.00165834138529796,0.0140649926568302,0.69,0.679,"HCC-1L_normalized","ROI 1","Rest","wilcox","Spatial",0.25,0.05,0.05,29,2762,TRUE,FALSE,2,2160
"IDH1",-1.0396,5.81421653471399e-06,0.000166716685622785,0.448,0.855,"HCC-1L_normalized","ROI 1","Rest","wilcox","Spatial",0.25,0.05,0.05,29,2762,TRUE,FALSE,2,2160
"MED8",-1.0395,0.00116278432992839,0.0108949872847185,0.103,0.46,"HCC-1L_normalized","ROI 1","Rest","wilcox","Spatial",0.25,0.05,0.05,29,2762,TRUE,FALSE,2,2160
"FOXA3",-1.037,0.000595436476326432,0.00693505821924092,0.207,0.638,"HCC-1L_normalized","ROI 1","Rest","wilcox","Spatial",0.25,0.05,0.05,29,2762,TRUE,FALSE,2,2160
"PIN4",-1.0369,0.00057334321489621,0.00672714135325531,0.172,0.601,"HCC-1L_normalized","ROI 1","Rest","wilcox","Spatial",0.25,0.05,0.05,29,2762,TRUE,FALSE,2,2160
"DNAJC3",-1.0369,0.000137365514485983,0.00219156627227179,0.207,0.656,"HCC-1L_normalized","ROI 1","Rest","wilcox","Spatial",0.25,0.05,0.05,29,2762,TRUE,FALSE,2,2160
"ELOVL6",-1.0358,0.00228797873522873,0.0174936766633649,0.103,0.42,"HCC-1L_normalized","ROI 1","Rest","wilcox","Spatial",0.25,0.05,0.05,29,2762,TRUE,FALSE,2,2160
"SERPINC1",-1.035,4.14692685207626e-09,2.91286821703558e-07,0.897,0.985,"HCC-1L_normalized","ROI 1","Rest","wilcox","Spatial",0.25,0.05,0.05,29,2762,TRUE,FALSE,2,2160
"LECT2",-1.0345,1.11108046224419e-05,0.000283085289014349,0.414,0.847,"HCC-1L_normalized","ROI 1","Rest","wilcox","Spatial",0.25,0.05,0.05,29,2762,TRUE,FALSE,2,2160
"APCS",-1.034,5.21845324703675e-09,3.54137387166854e-07,0.862,0.974,"HCC-1L_normalized","ROI 1","Rest","wilcox","Spatial",0.25,0.05,0.05,29,2762,TRUE,FALSE,2,2160
"GMPR2",-1.0324,0.00106964228563319,0.0102988741135575,0.069,0.402,"HCC-1L_normalized","ROI 1","Rest","wilcox","Spatial",0.25,0.05,0.05,29,2762,TRUE,FALSE,2,2160
"NR0B2",-1.0308,0.000301124247548286,0.00407740865838908,0.276,0.717,"HCC-1L_normalized","ROI 1","Rest","wilcox","Spatial",0.25,0.05,0.05,29,2762,TRUE,FALSE,2,2160
"NRBP2",-1.0302,0.000311990336384133,0.00417556376035337,0.31,0.739,"HCC-1L_normalized","ROI 1","Rest","wilcox","Spatial",0.25,0.05,0.05,29,2762,TRUE,FALSE,2,2160
"IRGQ",-1.0297,0.00159858116738164,0.0137137299162428,0.069,0.391,"HCC-1L_normalized","ROI 1","Rest","wilcox","Spatial",0.25,0.05,0.05,29,2762,TRUE,FALSE,2,2160
"LGALS4",-1.029,2.92049143065089e-05,0.000642139985571265,0.448,0.87,"HCC-1L_normalized","ROI 1","Rest","wilcox","Spatial",0.25,0.05,0.05,29,2762,TRUE,FALSE,2,2160
"ELOC",-1.0278,0.000177785430069041,0.00270019780607685,0.207,0.641,"HCC-1L_normalized","ROI 1","Rest","wilcox","Spatial",0.25,0.05,0.05,29,2762,TRUE,FALSE,2,2160
"STK16",-1.0278,0.00253257490673391,0.0187453528811012,0.103,0.413,"HCC-1L_normalized","ROI 1","Rest","wilcox","Spatial",0.25,0.05,0.05,29,2762,TRUE,FALSE,2,2160
"SDHD",-1.0277,0.000188010390000075,0.00281712388161151,0.31,0.785,"HCC-1L_normalized","ROI 1","Rest","wilcox","Spatial",0.25,0.05,0.05,29,2762,TRUE,FALSE,2,2160
"MGAT4B",-1.0276,1.75511708145414e-05,0.000417478531238615,0.483,0.881,"HCC-1L_normalized","ROI 1","Rest","wilcox","Spatial",0.25,0.05,0.05,29,2762,TRUE,FALSE,2,2160
"PDIA3",-1.0266,5.16412527111592e-06,0.000150550794115597,0.586,0.931,"HCC-1L_normalized","ROI 1","Rest","wilcox","Spatial",0.25,0.05,0.05,29,2762,TRUE,FALSE,2,2160
"PPM1A",-1.0265,9.69341014481579e-05,0.00169367663732291,0.103,0.552,"HCC-1L_normalized","ROI 1","Rest","wilcox","Spatial",0.25,0.05,0.05,29,2762,TRUE,FALSE,2,2160
"DAO",-1.0263,0.000300161605253544,0.00407456726405135,0.172,0.615,"HCC-1L_normalized","ROI 1","Rest","wilcox","Spatial",0.25,0.05,0.05,29,2762,TRUE,FALSE,2,2160
"ANGPTL8",-1.0247,3.08151886740652e-06,9.54176818528893e-05,0.621,0.9,"HCC-1L_normalized","ROI 1","Rest","wilcox","Spatial",0.25,0.05,0.05,29,2762,TRUE,FALSE,2,2160
"EBP",-1.0247,7.66976502352407e-06,0.000209041043583862,0.448,0.907,"HCC-1L_normalized","ROI 1","Rest","wilcox","Spatial",0.25,0.05,0.05,29,2762,TRUE,FALSE,2,2160
"CPT1A",-1.0231,6.18528360329951e-05,0.00117914714375469,0.069,0.495,"HCC-1L_normalized","ROI 1","Rest","wilcox","Spatial",0.25,0.05,0.05,29,2762,TRUE,FALSE,2,2160
"UBA1",1.0229,0.00246045726837974,0.0183573073915852,0.655,0.696,"HCC-1L_normalized","ROI 1","Rest","wilcox","Spatial",0.25,0.05,0.05,29,2762,TRUE,FALSE,2,2160
"REEP5",-1.0225,2.33405089853583e-05,0.000536883004485186,0.31,0.814,"HCC-1L_normalized","ROI 1","Rest","wilcox","Spatial",0.25,0.05,0.05,29,2762,TRUE,FALSE,2,2160
"SLC35C1",-1.021,0.000138678437504554,0.00220914539866463,0.207,0.667,"HCC-1L_normalized","ROI 1","Rest","wilcox","Spatial",0.25,0.05,0.05,29,2762,TRUE,FALSE,2,2160
"DHCR7",-1.0207,8.51865580935489e-05,0.0015240384906104,0.379,0.858,"HCC-1L_normalized","ROI 1","Rest","wilcox","Spatial",0.25,0.05,0.05,29,2762,TRUE,FALSE,2,2160
"EXOSC5",-1.0189,0.00202920883741611,0.0160648257885,0.103,0.426,"HCC-1L_normalized","ROI 1","Rest","wilcox","Spatial",0.25,0.05,0.05,29,2762,TRUE,FALSE,2,2160
"ZFP36",1.017,1.48602057499215e-05,0.000362647912888983,0.862,0.863,"HCC-1L_normalized","ROI 1","Rest","wilcox","Spatial",0.25,0.05,0.05,29,2762,TRUE,FALSE,2,2160
"TST",-1.0169,3.58652312367095e-09,2.55350687158776e-07,0.793,0.965,"HCC-1L_normalized","ROI 1","Rest","wilcox","Spatial",0.25,0.05,0.05,29,2762,TRUE,FALSE,2,2160
"PIGU",-1.016,0.00802466844963843,0.0419361781569952,0.103,0.384,"HCC-1L_normalized","ROI 1","Rest","wilcox","Spatial",0.25,0.05,0.05,29,2762,TRUE,FALSE,2,2160
"RRP1B",-1.0156,0.00444026042740176,0.0277355502175003,0.034,0.288,"HCC-1L_normalized","ROI 1","Rest","wilcox","Spatial",0.25,0.05,0.05,29,2762,TRUE,FALSE,2,2160
"COPS7A",-1.0155,0.00643801996019034,0.0362649714226868,0.069,0.33,"HCC-1L_normalized","ROI 1","Rest","wilcox","Spatial",0.25,0.05,0.05,29,2762,TRUE,FALSE,2,2160
"RPL34",1.0151,3.6971853029752e-12,7.30089460017706e-10,0.966,0.99,"HCC-1L_normalized","ROI 1","Rest","wilcox","Spatial",0.25,0.05,0.05,29,2762,TRUE,FALSE,2,2160
"DHODH",-1.015,8.53808122680473e-05,0.00152490713514912,0.069,0.473,"HCC-1L_normalized","ROI 1","Rest","wilcox","Spatial",0.25,0.05,0.05,29,2762,TRUE,FALSE,2,2160
"COX6C",-1.0131,1.07724649712398e-06,3.87438551164933e-05,0.828,0.975,"HCC-1L_normalized","ROI 1","Rest","wilcox","Spatial",0.25,0.05,0.05,29,2762,TRUE,FALSE,2,2160
"RBP4",-1.0129,4.29906648385323e-12,8.1807326945469e-10,1,0.992,"HCC-1L_normalized","ROI 1","Rest","wilcox","Spatial",0.25,0.05,0.05,29,2762,TRUE,FALSE,2,2160
"SLC25A6",1.0122,7.79692966427933e-05,0.00140355820168438,0.828,0.876,"HCC-1L_normalized","ROI 1","Rest","wilcox","Spatial",0.25,0.05,0.05,29,2762,TRUE,FALSE,2,2160
"ALDH8A1",-1.0115,0.000192489065117889,0.00286163431182361,0.207,0.69,"HCC-1L_normalized","ROI 1","Rest","wilcox","Spatial",0.25,0.05,0.05,29,2762,TRUE,FALSE,2,2160
"STMP1",-1.0106,0.000147175625692325,0.00232679773186689,0.172,0.609,"HCC-1L_normalized","ROI 1","Rest","wilcox","Spatial",0.25,0.05,0.05,29,2762,TRUE,FALSE,2,2160
"CHTF8",-1.0104,0.000307072949693352,0.00412474256193233,0.069,0.45,"HCC-1L_normalized","ROI 1","Rest","wilcox","Spatial",0.25,0.05,0.05,29,2762,TRUE,FALSE,2,2160
"CUL1",-1.0077,0.000678633994119168,0.00761262956318458,0.103,0.475,"HCC-1L_normalized","ROI 1","Rest","wilcox","Spatial",0.25,0.05,0.05,29,2762,TRUE,FALSE,2,2160
"RPF2",-1.0064,0.00164512612936172,0.0140096745890153,0.034,0.328,"HCC-1L_normalized","ROI 1","Rest","wilcox","Spatial",0.25,0.05,0.05,29,2762,TRUE,FALSE,2,2160
"DPP9",-1.0061,0.000765539407311085,0.00829413606306193,0.241,0.648,"HCC-1L_normalized","ROI 1","Rest","wilcox","Spatial",0.25,0.05,0.05,29,2762,TRUE,FALSE,2,2160
"INTS10",-1.0058,0.00017885180672255,0.00270110102331632,0.103,0.518,"HCC-1L_normalized","ROI 1","Rest","wilcox","Spatial",0.25,0.05,0.05,29,2762,TRUE,FALSE,2,2160
"LRIG1",-1.0026,0.00211156604479568,0.0164676976340027,0.103,0.433,"HCC-1L_normalized","ROI 1","Rest","wilcox","Spatial",0.25,0.05,0.05,29,2762,TRUE,FALSE,2,2160
"PXMP2",-1.0007,7.77898719353959e-05,0.00140355820168438,0.379,0.836,"HCC-1L_normalized","ROI 1","Rest","wilcox","Spatial",0.25,0.05,0.05,29,2762,TRUE,FALSE,2,2160
"TIMM23",-0.9997,0.000474329089936663,0.00580516968257619,0.069,0.435,"HCC-1L_normalized","ROI 1","Rest","wilcox","Spatial",0.25,0.05,0.05,29,2762,TRUE,FALSE,2,2160
"TAGLN",0.9992,1.92803589344876e-07,8.55034900882826e-06,0.931,0.953,"HCC-1L_normalized","ROI 1","Rest","wilcox","Spatial",0.25,0.05,0.05,29,2762,TRUE,FALSE,2,2160
"RNF152",-0.9964,0.00665459240292863,0.0370265625141154,0.034,0.271,"HCC-1L_normalized","ROI 1","Rest","wilcox","Spatial",0.25,0.05,0.05,29,2762,TRUE,FALSE,2,2160
"NIT2",-0.9947,0.000117102890251728,0.00193923868571927,0.172,0.623,"HCC-1L_normalized","ROI 1","Rest","wilcox","Spatial",0.25,0.05,0.05,29,2762,TRUE,FALSE,2,2160
"DIO1",-0.9938,8.65517867878087e-05,0.00154056292605647,0.483,0.831,"HCC-1L_normalized","ROI 1","Rest","wilcox","Spatial",0.25,0.05,0.05,29,2762,TRUE,FALSE,2,2160
"SLPI",-0.9936,0.00295035161188208,0.0208075336724784,0.931,0.942,"HCC-1L_normalized","ROI 1","Rest","wilcox","Spatial",0.25,0.05,0.05,29,2762,TRUE,FALSE,2,2160
"SNRPF",-0.9936,0.000799308636098789,0.00861541110752825,0.241,0.659,"HCC-1L_normalized","ROI 1","Rest","wilcox","Spatial",0.25,0.05,0.05,29,2762,TRUE,FALSE,2,2160
"ACSM2A",-0.9932,0.000398050030385321,0.00503461545438881,0.379,0.827,"HCC-1L_normalized","ROI 1","Rest","wilcox","Spatial",0.25,0.05,0.05,29,2762,TRUE,FALSE,2,2160
"DHRS7",-0.9925,0.000306637880068073,0.00412474256193233,0.621,0.819,"HCC-1L_normalized","ROI 1","Rest","wilcox","Spatial",0.25,0.05,0.05,29,2762,TRUE,FALSE,2,2160
"LIPC",-0.9922,0.000372763340068711,0.00478692161614618,0.276,0.711,"HCC-1L_normalized","ROI 1","Rest","wilcox","Spatial",0.25,0.05,0.05,29,2762,TRUE,FALSE,2,2160
"SSBP1",-0.9914,0.000457885210966353,0.00563791366820453,0.241,0.672,"HCC-1L_normalized","ROI 1","Rest","wilcox","Spatial",0.25,0.05,0.05,29,2762,TRUE,FALSE,2,2160
"BCL2L12",-0.9912,0.00197014425195895,0.0157641664686562,0.103,0.436,"HCC-1L_normalized","ROI 1","Rest","wilcox","Spatial",0.25,0.05,0.05,29,2762,TRUE,FALSE,2,2160
"KIFAP3",-0.9908,0.00745719380065684,0.0398092748132322,0.034,0.266,"HCC-1L_normalized","ROI 1","Rest","wilcox","Spatial",0.25,0.05,0.05,29,2762,TRUE,FALSE,2,2160
"NPIPB15",-0.9906,0.00455807663557729,0.0281943440117919,0.069,0.338,"HCC-1L_normalized","ROI 1","Rest","wilcox","Spatial",0.25,0.05,0.05,29,2762,TRUE,FALSE,2,2160
"ISOC1",-0.9902,0.00109216678472442,0.0104675985063423,0.103,0.451,"HCC-1L_normalized","ROI 1","Rest","wilcox","Spatial",0.25,0.05,0.05,29,2762,TRUE,FALSE,2,2160
"ERICH5",-0.9899,0.00177668799343389,0.014676256147813,0.034,0.325,"HCC-1L_normalized","ROI 1","Rest","wilcox","Spatial",0.25,0.05,0.05,29,2762,TRUE,FALSE,2,2160
"MRPL58",-0.9897,0.00228825180127523,0.0174936766633649,0.069,0.377,"HCC-1L_normalized","ROI 1","Rest","wilcox","Spatial",0.25,0.05,0.05,29,2762,TRUE,FALSE,2,2160
"CD14",-0.9887,1.17293135597272e-07,5.65709657677903e-06,0.724,0.973,"HCC-1L_normalized","ROI 1","Rest","wilcox","Spatial",0.25,0.05,0.05,29,2762,TRUE,FALSE,2,2160
"UGDH",-0.9886,2.6920256099207e-05,0.000599462553902767,0.517,0.867,"HCC-1L_normalized","ROI 1","Rest","wilcox","Spatial",0.25,0.05,0.05,29,2762,TRUE,FALSE,2,2160
"ADH1C",-0.9872,1.95448749140204e-05,0.00046175318476329,0.724,0.964,"HCC-1L_normalized","ROI 1","Rest","wilcox","Spatial",0.25,0.05,0.05,29,2762,TRUE,FALSE,2,2160
"HPN",-0.9863,2.26560432079467e-08,1.32468239225905e-06,0.724,0.959,"HCC-1L_normalized","ROI 1","Rest","wilcox","Spatial",0.25,0.05,0.05,29,2762,TRUE,FALSE,2,2160
"SLC39A14",-0.986,3.02191209133885e-05,0.000658902748915675,0.483,0.861,"HCC-1L_normalized","ROI 1","Rest","wilcox","Spatial",0.25,0.05,0.05,29,2762,TRUE,FALSE,2,2160
"COLEC11",0.9856,5.77986326907215e-05,0.0011243875273998,0.862,0.839,"HCC-1L_normalized","ROI 1","Rest","wilcox","Spatial",0.25,0.05,0.05,29,2762,TRUE,FALSE,2,2160
"HJV",-0.9846,0.000241603001660037,0.00341243861723879,0.207,0.658,"HCC-1L_normalized","ROI 1","Rest","wilcox","Spatial",0.25,0.05,0.05,29,2762,TRUE,FALSE,2,2160
"AC239800.2",-0.9845,0.00552663546995714,0.0324406992869161,0.069,0.337,"HCC-1L_normalized","ROI 1","Rest","wilcox","Spatial",0.25,0.05,0.05,29,2762,TRUE,FALSE,2,2160
"QDPR",-0.9816,0.000617048040009068,0.00712806267851535,0.241,0.686,"HCC-1L_normalized","ROI 1","Rest","wilcox","Spatial",0.25,0.05,0.05,29,2762,TRUE,FALSE,2,2160
"HSDL2",-0.9809,0.00109082238342878,0.0104642961182087,0.207,0.623,"HCC-1L_normalized","ROI 1","Rest","wilcox","Spatial",0.25,0.05,0.05,29,2762,TRUE,FALSE,2,2160
"ABHD13",-0.98,0.0018140917965083,0.0148562478421407,0.034,0.324,"HCC-1L_normalized","ROI 1","Rest","wilcox","Spatial",0.25,0.05,0.05,29,2762,TRUE,FALSE,2,2160
"C2",-0.9791,1.91792604930913e-07,8.54170809875291e-06,0.793,0.968,"HCC-1L_normalized","ROI 1","Rest","wilcox","Spatial",0.25,0.05,0.05,29,2762,TRUE,FALSE,2,2160
"DNPEP",-0.979,0.000595702019787654,0.00693505821924092,0.138,0.539,"HCC-1L_normalized","ROI 1","Rest","wilcox","Spatial",0.25,0.05,0.05,29,2762,TRUE,FALSE,2,2160
"LARGE1",-0.9779,0.00584015249704637,0.0336580594901362,0.034,0.276,"HCC-1L_normalized","ROI 1","Rest","wilcox","Spatial",0.25,0.05,0.05,29,2762,TRUE,FALSE,2,2160
"RDH11",-0.9768,0.000196255382805781,0.00289705054505684,0.345,0.777,"HCC-1L_normalized","ROI 1","Rest","wilcox","Spatial",0.25,0.05,0.05,29,2762,TRUE,FALSE,2,2160
"SOD3",0.9767,0.00572663738877851,0.0331865929739512,0.586,0.509,"HCC-1L_normalized","ROI 1","Rest","wilcox","Spatial",0.25,0.05,0.05,29,2762,TRUE,FALSE,2,2160
"SGCE",-0.9763,0.00159608529416238,0.0137035510161637,0.138,0.495,"HCC-1L_normalized","ROI 1","Rest","wilcox","Spatial",0.25,0.05,0.05,29,2762,TRUE,FALSE,2,2160
"GOLT1A",-0.9757,0.000225007288829806,0.00323478885287465,0.241,0.715,"HCC-1L_normalized","ROI 1","Rest","wilcox","Spatial",0.25,0.05,0.05,29,2762,TRUE,FALSE,2,2160
"SLC35D2",-0.9748,0.000898574170453458,0.0091930374075913,0.069,0.413,"HCC-1L_normalized","ROI 1","Rest","wilcox","Spatial",0.25,0.05,0.05,29,2762,TRUE,FALSE,2,2160
"MCCC1",-0.9739,0.00121817249000606,0.0112230574651439,0.069,0.388,"HCC-1L_normalized","ROI 1","Rest","wilcox","Spatial",0.25,0.05,0.05,29,2762,TRUE,FALSE,2,2160
"RPL21",0.9728,1.10131798820062e-10,1.23939721123739e-08,0.966,0.991,"HCC-1L_normalized","ROI 1","Rest","wilcox","Spatial",0.25,0.05,0.05,29,2762,TRUE,FALSE,2,2160
"SLC46A3",-0.9724,0.000474796985312939,0.00580516968257619,0.138,0.537,"HCC-1L_normalized","ROI 1","Rest","wilcox","Spatial",0.25,0.05,0.05,29,2762,TRUE,FALSE,2,2160
"UQCRQ",-0.9724,5.31439881696381e-13,1.54501383384287e-10,0.966,0.988,"HCC-1L_normalized","ROI 1","Rest","wilcox","Spatial",0.25,0.05,0.05,29,2762,TRUE,FALSE,2,2160
"TAF12",-0.9713,0.00593143059914192,0.0340528538950188,0.034,0.276,"HCC-1L_normalized","ROI 1","Rest","wilcox","Spatial",0.25,0.05,0.05,29,2762,TRUE,FALSE,2,2160
"RNF115",-0.9702,0.00211912438502396,0.0165020504565928,0.069,0.38,"HCC-1L_normalized","ROI 1","Rest","wilcox","Spatial",0.25,0.05,0.05,29,2762,TRUE,FALSE,2,2160
"HEBP2",-0.97,1.02414882309727e-05,0.000265315385706337,0.172,0.701,"HCC-1L_normalized","ROI 1","Rest","wilcox","Spatial",0.25,0.05,0.05,29,2762,TRUE,FALSE,2,2160
"SERPINB1",-0.9694,8.87708842986191e-05,0.00157204073615795,0.138,0.602,"HCC-1L_normalized","ROI 1","Rest","wilcox","Spatial",0.25,0.05,0.05,29,2762,TRUE,FALSE,2,2160
"RPL10",0.9679,6.08385762867789e-13,1.71611194463045e-10,0.966,0.99,"HCC-1L_normalized","ROI 1","Rest","wilcox","Spatial",0.25,0.05,0.05,29,2762,TRUE,FALSE,2,2160
"CRYL1",-0.9674,0.000327113414500412,0.00432815296606993,0.241,0.706,"HCC-1L_normalized","ROI 1","Rest","wilcox","Spatial",0.25,0.05,0.05,29,2762,TRUE,FALSE,2,2160
"BCO2",-0.9662,0.00412628635275425,0.0263810097543836,0.069,0.35,"HCC-1L_normalized","ROI 1","Rest","wilcox","Spatial",0.25,0.05,0.05,29,2762,TRUE,FALSE,2,2160
"MTHFD2L",-0.9662,0.00807082942429299,0.0421083254011219,0.034,0.263,"HCC-1L_normalized","ROI 1","Rest","wilcox","Spatial",0.25,0.05,0.05,29,2762,TRUE,FALSE,2,2160
"TMSB10",0.9662,9.00068617105374e-10,7.6586326395324e-08,0.966,0.988,"HCC-1L_normalized","ROI 1","Rest","wilcox","Spatial",0.25,0.05,0.05,29,2762,TRUE,FALSE,2,2160
"ITIH3",-0.965,3.01796163519806e-10,2.84558436702549e-08,0.862,0.984,"HCC-1L_normalized","ROI 1","Rest","wilcox","Spatial",0.25,0.05,0.05,29,2762,TRUE,FALSE,2,2160
"MAOA",-0.9648,0.00196658977034791,0.0157477647562825,0.172,0.528,"HCC-1L_normalized","ROI 1","Rest","wilcox","Spatial",0.25,0.05,0.05,29,2762,TRUE,FALSE,2,2160
"CFB",-0.9642,1.23227520221344e-06,4.3133753399217e-05,0.724,0.97,"HCC-1L_normalized","ROI 1","Rest","wilcox","Spatial",0.25,0.05,0.05,29,2762,TRUE,FALSE,2,2160
"SLC22A18",-0.9641,0.000329329798679632,0.00434648886882853,0.379,0.833,"HCC-1L_normalized","ROI 1","Rest","wilcox","Spatial",0.25,0.05,0.05,29,2762,TRUE,FALSE,2,2160
"SMIM20",-0.963,0.000232941759621416,0.00331245714157302,0.103,0.513,"HCC-1L_normalized","ROI 1","Rest","wilcox","Spatial",0.25,0.05,0.05,29,2762,TRUE,FALSE,2,2160
"GPC3",-0.9614,0.000200509993550952,0.00294325048037064,0.724,0.913,"HCC-1L_normalized","ROI 1","Rest","wilcox","Spatial",0.25,0.05,0.05,29,2762,TRUE,FALSE,2,2160
"COPG1",-0.9612,0.000675298681688595,0.00759148872454655,0.138,0.533,"HCC-1L_normalized","ROI 1","Rest","wilcox","Spatial",0.25,0.05,0.05,29,2762,TRUE,FALSE,2,2160
"BTBD1",-0.9604,0.00980719860984686,0.0480759440986685,0.034,0.255,"HCC-1L_normalized","ROI 1","Rest","wilcox","Spatial",0.25,0.05,0.05,29,2762,TRUE,FALSE,2,2160
"APOE",-0.9591,1.48499633583388e-15,1.41727885953491e-12,1,0.996,"HCC-1L_normalized","ROI 1","Rest","wilcox","Spatial",0.25,0.05,0.05,29,2762,TRUE,FALSE,2,2160
"FETUB",-0.959,0.000148367797200057,0.00233858036972258,0.207,0.695,"HCC-1L_normalized","ROI 1","Rest","wilcox","Spatial",0.25,0.05,0.05,29,2762,TRUE,FALSE,2,2160
"EEF1A1",0.9562,1.32073184285103e-14,7.27514708804149e-12,0.966,0.992,"HCC-1L_normalized","ROI 1","Rest","wilcox","Spatial",0.25,0.05,0.05,29,2762,TRUE,FALSE,2,2160
"OAF",-0.9562,0.000206180887746852,0.00300960832797567,0.448,0.85,"HCC-1L_normalized","ROI 1","Rest","wilcox","Spatial",0.25,0.05,0.05,29,2762,TRUE,FALSE,2,2160
"HPX",-0.955,2.01020604649484e-12,4.38308676721145e-10,1,0.99,"HCC-1L_normalized","ROI 1","Rest","wilcox","Spatial",0.25,0.05,0.05,29,2762,TRUE,FALSE,2,2160
"SLC6A1",-0.9545,6.17165805457428e-05,0.00117869659122581,0.241,0.732,"HCC-1L_normalized","ROI 1","Rest","wilcox","Spatial",0.25,0.05,0.05,29,2762,TRUE,FALSE,2,2160
"YWHAG",-0.9534,0.000291436034395386,0.0039664103198727,0.172,0.632,"HCC-1L_normalized","ROI 1","Rest","wilcox","Spatial",0.25,0.05,0.05,29,2762,TRUE,FALSE,2,2160
"ADH6",-0.9523,0.000712963189294949,0.00789354613000054,0.379,0.832,"HCC-1L_normalized","ROI 1","Rest","wilcox","Spatial",0.25,0.05,0.05,29,2762,TRUE,FALSE,2,2160
"TMEM259",0.952,0.000159642839727524,0.00248634220325635,0.793,0.883,"HCC-1L_normalized","ROI 1","Rest","wilcox","Spatial",0.25,0.05,0.05,29,2762,TRUE,FALSE,2,2160
"ARMT1",-0.9512,0.00280921787219178,0.0200828376027044,0.069,0.369,"HCC-1L_normalized","ROI 1","Rest","wilcox","Spatial",0.25,0.05,0.05,29,2762,TRUE,FALSE,2,2160
"EMC3",-0.9502,7.75278502489013e-05,0.00140355820168438,0.172,0.655,"HCC-1L_normalized","ROI 1","Rest","wilcox","Spatial",0.25,0.05,0.05,29,2762,TRUE,FALSE,2,2160
"RPL27",0.9499,8.73224871052612e-13,2.28479287510916e-10,0.966,0.986,"HCC-1L_normalized","ROI 1","Rest","wilcox","Spatial",0.25,0.05,0.05,29,2762,TRUE,FALSE,2,2160
"RPL32",0.9497,2.07958524918916e-11,3.10927703114482e-09,0.966,0.989,"HCC-1L_normalized","ROI 1","Rest","wilcox","Spatial",0.25,0.05,0.05,29,2762,TRUE,FALSE,2,2160
"MCCC2",-0.9493,0.00268391865085309,0.0194528342104075,0.207,0.59,"HCC-1L_normalized","ROI 1","Rest","wilcox","Spatial",0.25,0.05,0.05,29,2762,TRUE,FALSE,2,2160
"FGB",-0.9483,3.01638827890724e-11,4.15388417461094e-09,1,0.991,"HCC-1L_normalized","ROI 1","Rest","wilcox","Spatial",0.25,0.05,0.05,29,2762,TRUE,FALSE,2,2160
"TCEA3",-0.948,0.000240364311539534,0.00340413110226355,0.276,0.758,"HCC-1L_normalized","ROI 1","Rest","wilcox","Spatial",0.25,0.05,0.05,29,2762,TRUE,FALSE,2,2160
"ABCD1",-0.9473,0.00553167021768675,0.0324520518488282,0.069,0.33,"HCC-1L_normalized","ROI 1","Rest","wilcox","Spatial",0.25,0.05,0.05,29,2762,TRUE,FALSE,2,2160
"MRPS33",-0.9469,0.00116082683098263,0.0108949872847185,0.172,0.57,"HCC-1L_normalized","ROI 1","Rest","wilcox","Spatial",0.25,0.05,0.05,29,2762,TRUE,FALSE,2,2160
"HAO1",-0.9468,0.000189148424892681,0.00282400487150756,0.448,0.831,"HCC-1L_normalized","ROI 1","Rest","wilcox","Spatial",0.25,0.05,0.05,29,2762,TRUE,FALSE,2,2160
"GORASP2",-0.9447,0.000250363706043572,0.00350308361958827,0.138,0.564,"HCC-1L_normalized","ROI 1","Rest","wilcox","Spatial",0.25,0.05,0.05,29,2762,TRUE,FALSE,2,2160
"ABLIM3",-0.944,0.00205394581435162,0.01616285480677,0.103,0.44,"HCC-1L_normalized","ROI 1","Rest","wilcox","Spatial",0.25,0.05,0.05,29,2762,TRUE,FALSE,2,2160
"ACP1",-0.9438,0.00050791654499161,0.00613840018462146,0.207,0.666,"HCC-1L_normalized","ROI 1","Rest","wilcox","Spatial",0.25,0.05,0.05,29,2762,TRUE,FALSE,2,2160
"ETNK2",-0.943,7.59750249396433e-05,0.00139034154010407,0.172,0.677,"HCC-1L_normalized","ROI 1","Rest","wilcox","Spatial",0.25,0.05,0.05,29,2762,TRUE,FALSE,2,2160
"SUMF1",-0.9415,0.00150248612220046,0.0131921306669044,0.069,0.394,"HCC-1L_normalized","ROI 1","Rest","wilcox","Spatial",0.25,0.05,0.05,29,2762,TRUE,FALSE,2,2160
"PDIA4",-0.941,3.08142076940508e-06,9.54176818528893e-05,0.69,0.936,"HCC-1L_normalized","ROI 1","Rest","wilcox","Spatial",0.25,0.05,0.05,29,2762,TRUE,FALSE,2,2160
"HSD17B2",-0.9407,0.000749795731661293,0.00818306844195222,0.31,0.761,"HCC-1L_normalized","ROI 1","Rest","wilcox","Spatial",0.25,0.05,0.05,29,2762,TRUE,FALSE,2,2160
"CLIC1",0.9404,0.000453600471738741,0.0056172420985188,0.793,0.814,"HCC-1L_normalized","ROI 1","Rest","wilcox","Spatial",0.25,0.05,0.05,29,2762,TRUE,FALSE,2,2160
"APOB",-0.9378,3.0091214432663e-10,2.84558436702549e-08,1,0.986,"HCC-1L_normalized","ROI 1","Rest","wilcox","Spatial",0.25,0.05,0.05,29,2762,TRUE,FALSE,2,2160
"RPL18",0.9377,1.39284299611105e-10,1.47247422194932e-08,0.966,0.99,"HCC-1L_normalized","ROI 1","Rest","wilcox","Spatial",0.25,0.05,0.05,29,2762,TRUE,FALSE,2,2160
"ARHGDIA",0.936,0.00256809961800728,0.0189244958539946,0.759,0.845,"HCC-1L_normalized","ROI 1","Rest","wilcox","Spatial",0.25,0.05,0.05,29,2762,TRUE,FALSE,2,2160
"ANGEL1",-0.9358,0.00214729807985672,0.0166842031950857,0.069,0.379,"HCC-1L_normalized","ROI 1","Rest","wilcox","Spatial",0.25,0.05,0.05,29,2762,TRUE,FALSE,2,2160
"ATG3",-0.9355,0.001265272144619,0.0115409551124992,0.103,0.449,"HCC-1L_normalized","ROI 1","Rest","wilcox","Spatial",0.25,0.05,0.05,29,2762,TRUE,FALSE,2,2160
"AKR7A3",-0.935,0.00287860234023861,0.0204344473902638,0.31,0.682,"HCC-1L_normalized","ROI 1","Rest","wilcox","Spatial",0.25,0.05,0.05,29,2762,TRUE,FALSE,2,2160
"DHRS7B",-0.9341,0.00609604915612697,0.0347501364204928,0.034,0.275,"HCC-1L_normalized","ROI 1","Rest","wilcox","Spatial",0.25,0.05,0.05,29,2762,TRUE,FALSE,2,2160
"ATP9A",-0.9334,0.000500671117159116,0.00605783111235527,0.103,0.5,"HCC-1L_normalized","ROI 1","Rest","wilcox","Spatial",0.25,0.05,0.05,29,2762,TRUE,FALSE,2,2160
"TDO2",-0.9326,2.37243900843304e-05,0.000543324872259522,0.483,0.908,"HCC-1L_normalized","ROI 1","Rest","wilcox","Spatial",0.25,0.05,0.05,29,2762,TRUE,FALSE,2,2160
"INTS7",-0.9323,0.00688936540553304,0.037862149244617,0.034,0.27,"HCC-1L_normalized","ROI 1","Rest","wilcox","Spatial",0.25,0.05,0.05,29,2762,TRUE,FALSE,2,2160
"AP001783.1",-0.9321,0.00290785111831681,0.0205910485820729,0.103,0.425,"HCC-1L_normalized","ROI 1","Rest","wilcox","Spatial",0.25,0.05,0.05,29,2762,TRUE,FALSE,2,2160
"WDR19",-0.9318,0.00851012595811108,0.043469373371895,0.069,0.313,"HCC-1L_normalized","ROI 1","Rest","wilcox","Spatial",0.25,0.05,0.05,29,2762,TRUE,FALSE,2,2160
"C1orf53",-0.9306,0.00180421101466085,0.0148332807171338,0.069,0.375,"HCC-1L_normalized","ROI 1","Rest","wilcox","Spatial",0.25,0.05,0.05,29,2762,TRUE,FALSE,2,2160
"LTBP3",0.9301,0.00157620193765271,0.0135885745300439,0.828,0.877,"HCC-1L_normalized","ROI 1","Rest","wilcox","Spatial",0.25,0.05,0.05,29,2762,TRUE,FALSE,2,2160
"C3",-0.9293,1.25155756376047e-12,3.04623289821327e-10,1,0.993,"HCC-1L_normalized","ROI 1","Rest","wilcox","Spatial",0.25,0.05,0.05,29,2762,TRUE,FALSE,2,2160
"PPP1R12C",0.929,0.00774775063729966,0.0408503567606944,0.655,0.676,"HCC-1L_normalized","ROI 1","Rest","wilcox","Spatial",0.25,0.05,0.05,29,2762,TRUE,FALSE,2,2160
"RAB5C",0.9277,0.00933670208360694,0.0465101970523704,0.621,0.639,"HCC-1L_normalized","ROI 1","Rest","wilcox","Spatial",0.25,0.05,0.05,29,2762,TRUE,FALSE,2,2160
"SLC20A1",-0.9257,0.00411735076225164,0.0263560813931044,0.103,0.411,"HCC-1L_normalized","ROI 1","Rest","wilcox","Spatial",0.25,0.05,0.05,29,2762,TRUE,FALSE,2,2160
"SORD",-0.9245,9.77530550087804e-05,0.00169665584365157,0.414,0.878,"HCC-1L_normalized","ROI 1","Rest","wilcox","Spatial",0.25,0.05,0.05,29,2762,TRUE,FALSE,2,2160
"UBLCP1",-0.9243,0.00900489479210398,0.0452666805447456,0.034,0.259,"HCC-1L_normalized","ROI 1","Rest","wilcox","Spatial",0.25,0.05,0.05,29,2762,TRUE,FALSE,2,2160
"SAA4",-0.9229,1.28977147391365e-06,4.4846339687642e-05,0.862,0.971,"HCC-1L_normalized","ROI 1","Rest","wilcox","Spatial",0.25,0.05,0.05,29,2762,TRUE,FALSE,2,2160
"DHRS1",-0.9226,0.000632057644983761,0.00724493102612348,0.138,0.546,"HCC-1L_normalized","ROI 1","Rest","wilcox","Spatial",0.25,0.05,0.05,29,2762,TRUE,FALSE,2,2160
"APRT",0.9217,0.000217185050080754,0.00314392632661849,0.793,0.867,"HCC-1L_normalized","ROI 1","Rest","wilcox","Spatial",0.25,0.05,0.05,29,2762,TRUE,FALSE,2,2160
"NOL7",-0.9216,0.00263865719146672,0.0192337457976345,0.138,0.467,"HCC-1L_normalized","ROI 1","Rest","wilcox","Spatial",0.25,0.05,0.05,29,2762,TRUE,FALSE,2,2160
"ADH1A",-0.9215,0.00333754404937941,0.0227265686537442,0.862,0.948,"HCC-1L_normalized","ROI 1","Rest","wilcox","Spatial",0.25,0.05,0.05,29,2762,TRUE,FALSE,2,2160
"ACACB",-0.9214,0.00100134285613639,0.00980733218590455,0.172,0.56,"HCC-1L_normalized","ROI 1","Rest","wilcox","Spatial",0.25,0.05,0.05,29,2762,TRUE,FALSE,2,2160
"NUDT9",-0.9212,0.00190671902782268,0.0153962129928757,0.069,0.385,"HCC-1L_normalized","ROI 1","Rest","wilcox","Spatial",0.25,0.05,0.05,29,2762,TRUE,FALSE,2,2160
"ARL4D",-0.921,0.00683810872253801,0.0377665677520226,0.069,0.323,"HCC-1L_normalized","ROI 1","Rest","wilcox","Spatial",0.25,0.05,0.05,29,2762,TRUE,FALSE,2,2160
"FTCD",-0.9209,1.52102108275279e-10,1.59190066520907e-08,0.862,0.984,"HCC-1L_normalized","ROI 1","Rest","wilcox","Spatial",0.25,0.05,0.05,29,2762,TRUE,FALSE,2,2160
"LPGAT1",-0.9208,0.000454059508441325,0.0056172420985188,0.172,0.598,"HCC-1L_normalized","ROI 1","Rest","wilcox","Spatial",0.25,0.05,0.05,29,2762,TRUE,FALSE,2,2160
"RPL7",0.9206,2.65499450318297e-11,3.75502330679905e-09,0.966,0.987,"HCC-1L_normalized","ROI 1","Rest","wilcox","Spatial",0.25,0.05,0.05,29,2762,TRUE,FALSE,2,2160
"UBE2K",-0.9189,9.01148784870842e-05,0.00159045922132516,0.207,0.719,"HCC-1L_normalized","ROI 1","Rest","wilcox","Spatial",0.25,0.05,0.05,29,2762,TRUE,FALSE,2,2160
"GABRE",-0.9185,0.00124596526447816,0.0114108097746618,0.103,0.466,"HCC-1L_normalized","ROI 1","Rest","wilcox","Spatial",0.25,0.05,0.05,29,2762,TRUE,FALSE,2,2160
"HMGN1",0.9182,0.00340235089553369,0.0230628267309945,0.724,0.739,"HCC-1L_normalized","ROI 1","Rest","wilcox","Spatial",0.25,0.05,0.05,29,2762,TRUE,FALSE,2,2160
"DDAH1",-0.9179,0.000520162009410878,0.00624030560941803,0.31,0.732,"HCC-1L_normalized","ROI 1","Rest","wilcox","Spatial",0.25,0.05,0.05,29,2762,TRUE,FALSE,2,2160
"C5",-0.9173,2.84679950643935e-06,9.05611052717151e-05,0.621,0.949,"HCC-1L_normalized","ROI 1","Rest","wilcox","Spatial",0.25,0.05,0.05,29,2762,TRUE,FALSE,2,2160
"SMU1",-0.9171,0.00857131931007825,0.0435614025040832,0.034,0.261,"HCC-1L_normalized","ROI 1","Rest","wilcox","Spatial",0.25,0.05,0.05,29,2762,TRUE,FALSE,2,2160
"AGXT",-0.9159,6.12737689068267e-09,4.0080704086178e-07,0.931,0.987,"HCC-1L_normalized","ROI 1","Rest","wilcox","Spatial",0.25,0.05,0.05,29,2762,TRUE,FALSE,2,2160
"PRAMEF15",-0.9129,0.00688516699585967,0.037862149244617,0.034,0.27,"HCC-1L_normalized","ROI 1","Rest","wilcox","Spatial",0.25,0.05,0.05,29,2762,TRUE,FALSE,2,2160
"NDUFV2",-0.9123,2.38430899973316e-05,0.000544851047842953,0.552,0.927,"HCC-1L_normalized","ROI 1","Rest","wilcox","Spatial",0.25,0.05,0.05,29,2762,TRUE,FALSE,2,2160
"ENDOG",-0.9113,0.00256943518139943,0.0189244958539946,0.103,0.426,"HCC-1L_normalized","ROI 1","Rest","wilcox","Spatial",0.25,0.05,0.05,29,2762,TRUE,FALSE,2,2160
"IFI27",0.91,0.00197189278108499,0.0157661037790951,0.759,0.774,"HCC-1L_normalized","ROI 1","Rest","wilcox","Spatial",0.25,0.05,0.05,29,2762,TRUE,FALSE,2,2160
"EMID1",-0.9087,0.00177164179081573,0.0146461318978495,0.069,0.388,"HCC-1L_normalized","ROI 1","Rest","wilcox","Spatial",0.25,0.05,0.05,29,2762,TRUE,FALSE,2,2160
"LRP10",0.908,0.00225684894159566,0.0173295532081733,0.69,0.675,"HCC-1L_normalized","ROI 1","Rest","wilcox","Spatial",0.25,0.05,0.05,29,2762,TRUE,FALSE,2,2160
"PGM1",-0.9079,0.00112995594689318,0.0107217760110462,0.345,0.79,"HCC-1L_normalized","ROI 1","Rest","wilcox","Spatial",0.25,0.05,0.05,29,2762,TRUE,FALSE,2,2160
"GTF2H5",-0.9074,0.000126874203754051,0.00206498611157191,0.103,0.542,"HCC-1L_normalized","ROI 1","Rest","wilcox","Spatial",0.25,0.05,0.05,29,2762,TRUE,FALSE,2,2160
"EVA1A",-0.907,0.000165010478454265,0.00254719714970846,0.069,0.469,"HCC-1L_normalized","ROI 1","Rest","wilcox","Spatial",0.25,0.05,0.05,29,2762,TRUE,FALSE,2,2160
"ADAMTSL4",-0.9069,0.0016847323116973,0.0142426528067999,0.034,0.327,"HCC-1L_normalized","ROI 1","Rest","wilcox","Spatial",0.25,0.05,0.05,29,2762,TRUE,FALSE,2,2160
"VKORC1L1",-0.9063,0.00211635061632192,0.0164927219288348,0.069,0.381,"HCC-1L_normalized","ROI 1","Rest","wilcox","Spatial",0.25,0.05,0.05,29,2762,TRUE,FALSE,2,2160
"HTATIP2",-0.9062,0.000378667810376093,0.00483899548644224,0.31,0.751,"HCC-1L_normalized","ROI 1","Rest","wilcox","Spatial",0.25,0.05,0.05,29,2762,TRUE,FALSE,2,2160
"C9",-0.906,1.22586669285867e-05,0.000307671961809564,0.69,0.911,"HCC-1L_normalized","ROI 1","Rest","wilcox","Spatial",0.25,0.05,0.05,29,2762,TRUE,FALSE,2,2160
"CYP2C8",-0.9049,0.000118810896054153,0.00195822809150042,0.931,0.977,"HCC-1L_normalized","ROI 1","Rest","wilcox","Spatial",0.25,0.05,0.05,29,2762,TRUE,FALSE,2,2160
"SHH",-0.9037,0.00961201241921254,0.0473947894532306,0.034,0.256,"HCC-1L_normalized","ROI 1","Rest","wilcox","Spatial",0.25,0.05,0.05,29,2762,TRUE,FALSE,2,2160
"DPYS",-0.9034,0.000115221393525064,0.00192329681759699,0.31,0.793,"HCC-1L_normalized","ROI 1","Rest","wilcox","Spatial",0.25,0.05,0.05,29,2762,TRUE,FALSE,2,2160
"CHI3L1",-0.9027,0.00252170840564764,0.0186913598962523,0.483,0.802,"HCC-1L_normalized","ROI 1","Rest","wilcox","Spatial",0.25,0.05,0.05,29,2762,TRUE,FALSE,2,2160
"MAT1A",-0.9018,1.63466236590293e-05,0.000392393952328901,0.724,0.957,"HCC-1L_normalized","ROI 1","Rest","wilcox","Spatial",0.25,0.05,0.05,29,2762,TRUE,FALSE,2,2160
"COA1",-0.9003,0.00599586489544019,0.0343286225359284,0.034,0.276,"HCC-1L_normalized","ROI 1","Rest","wilcox","Spatial",0.25,0.05,0.05,29,2762,TRUE,FALSE,2,2160
"MEGF6",0.9002,4.19464812969828e-05,0.000860807594616122,0.69,0.41,"HCC-1L_normalized","ROI 1","Rest","wilcox","Spatial",0.25,0.05,0.05,29,2762,TRUE,FALSE,2,2160
"ABCA6",-0.8998,0.00486842582063208,0.0295037316958514,0.034,0.285,"HCC-1L_normalized","ROI 1","Rest","wilcox","Spatial",0.25,0.05,0.05,29,2762,TRUE,FALSE,2,2160
"LMO7",-0.8996,0.00102109642408383,0.00991353912287694,0.069,0.409,"HCC-1L_normalized","ROI 1","Rest","wilcox","Spatial",0.25,0.05,0.05,29,2762,TRUE,FALSE,2,2160
"RPL15",0.8989,2.57917356344784e-10,2.47647986376561e-08,0.966,0.986,"HCC-1L_normalized","ROI 1","Rest","wilcox","Spatial",0.25,0.05,0.05,29,2762,TRUE,FALSE,2,2160
"THNSL2",-0.8981,0.00261488458117861,0.0191306069127485,0.069,0.372,"HCC-1L_normalized","ROI 1","Rest","wilcox","Spatial",0.25,0.05,0.05,29,2762,TRUE,FALSE,2,2160
"EIF4A2",0.8972,0.00304398252477208,0.0212672370522461,0.793,0.841,"HCC-1L_normalized","ROI 1","Rest","wilcox","Spatial",0.25,0.05,0.05,29,2762,TRUE,FALSE,2,2160
"ABCG8",-0.8966,0.000123905318584123,0.00203259100987685,0.241,0.74,"HCC-1L_normalized","ROI 1","Rest","wilcox","Spatial",0.25,0.05,0.05,29,2762,TRUE,FALSE,2,2160
"DAB2IP",-0.8964,0.00802581357237354,0.0419361781569952,0.034,0.264,"HCC-1L_normalized","ROI 1","Rest","wilcox","Spatial",0.25,0.05,0.05,29,2762,TRUE,FALSE,2,2160
"MT2A",-0.8955,9.21696208813316e-12,1.58138893794101e-09,0.966,0.99,"HCC-1L_normalized","ROI 1","Rest","wilcox","Spatial",0.25,0.05,0.05,29,2762,TRUE,FALSE,2,2160
"XBP1",-0.8951,2.87078957576042e-05,0.000632540709471758,0.655,0.901,"HCC-1L_normalized","ROI 1","Rest","wilcox","Spatial",0.25,0.05,0.05,29,2762,TRUE,FALSE,2,2160
"SLC51A",-0.8948,0.00049885310273597,0.00604282010791049,0.069,0.433,"HCC-1L_normalized","ROI 1","Rest","wilcox","Spatial",0.25,0.05,0.05,29,2762,TRUE,FALSE,2,2160
"SLC25A17",-0.894,0.00951430586876903,0.0470811939586462,0.069,0.314,"HCC-1L_normalized","ROI 1","Rest","wilcox","Spatial",0.25,0.05,0.05,29,2762,TRUE,FALSE,2,2160
"PHF5A",-0.8932,0.00395404813352803,0.0256718782664419,0.034,0.293,"HCC-1L_normalized","ROI 1","Rest","wilcox","Spatial",0.25,0.05,0.05,29,2762,TRUE,FALSE,2,2160
"PI4KB",-0.8931,0.001791581345746,0.0147527068171343,0.138,0.502,"HCC-1L_normalized","ROI 1","Rest","wilcox","Spatial",0.25,0.05,0.05,29,2762,TRUE,FALSE,2,2160
"EPHA1",-0.8924,0.000586698697722609,0.0068684435910121,0.138,0.547,"HCC-1L_normalized","ROI 1","Rest","wilcox","Spatial",0.25,0.05,0.05,29,2762,TRUE,FALSE,2,2160
"EFEMP1",0.8923,0.00830402544435361,0.0428549952172608,0.69,0.662,"HCC-1L_normalized","ROI 1","Rest","wilcox","Spatial",0.25,0.05,0.05,29,2762,TRUE,FALSE,2,2160
"PRG4",-0.891,8.96590796004957e-05,0.0015850877146939,0.345,0.82,"HCC-1L_normalized","ROI 1","Rest","wilcox","Spatial",0.25,0.05,0.05,29,2762,TRUE,FALSE,2,2160
"MCEE",-0.8898,0.0060067685753096,0.0343347022988478,0.069,0.335,"HCC-1L_normalized","ROI 1","Rest","wilcox","Spatial",0.25,0.05,0.05,29,2762,TRUE,FALSE,2,2160
"FOXN3",-0.8898,0.000831666958712317,0.00878238740992984,0.103,0.478,"HCC-1L_normalized","ROI 1","Rest","wilcox","Spatial",0.25,0.05,0.05,29,2762,TRUE,FALSE,2,2160
"ITIH2",-0.8896,1.95627283251303e-11,3.01093403898256e-09,0.966,0.984,"HCC-1L_normalized","ROI 1","Rest","wilcox","Spatial",0.25,0.05,0.05,29,2762,TRUE,FALSE,2,2160
"RAB5IF",-0.8892,0.0011073073783945,0.0105757834926673,0.31,0.765,"HCC-1L_normalized","ROI 1","Rest","wilcox","Spatial",0.25,0.05,0.05,29,2762,TRUE,FALSE,2,2160
"DCAF12",-0.8863,0.0085135317542076,0.043469373371895,0.034,0.261,"HCC-1L_normalized","ROI 1","Rest","wilcox","Spatial",0.25,0.05,0.05,29,2762,TRUE,FALSE,2,2160
"CYP2D6",-0.8849,2.73851485689134e-07,1.15569743920261e-05,0.862,0.971,"HCC-1L_normalized","ROI 1","Rest","wilcox","Spatial",0.25,0.05,0.05,29,2762,TRUE,FALSE,2,2160
"IFRD1",-0.8843,0.00827842258916481,0.0427798907739554,0.069,0.322,"HCC-1L_normalized","ROI 1","Rest","wilcox","Spatial",0.25,0.05,0.05,29,2762,TRUE,FALSE,2,2160
"HAL",-0.8826,0.00255892829005665,0.0189136606523537,0.207,0.568,"HCC-1L_normalized","ROI 1","Rest","wilcox","Spatial",0.25,0.05,0.05,29,2762,TRUE,FALSE,2,2160
"PCBD1",-0.882,0.000135066434395666,0.00216478606797097,0.483,0.867,"HCC-1L_normalized","ROI 1","Rest","wilcox","Spatial",0.25,0.05,0.05,29,2762,TRUE,FALSE,2,2160
"HLA-DPB1",0.8803,1.01401097934358e-05,0.000263340915876177,0.862,0.85,"HCC-1L_normalized","ROI 1","Rest","wilcox","Spatial",0.25,0.05,0.05,29,2762,TRUE,FALSE,2,2160
"HLA-A",0.8796,6.11125529775788e-08,3.23525235734441e-06,0.966,0.983,"HCC-1L_normalized","ROI 1","Rest","wilcox","Spatial",0.25,0.05,0.05,29,2762,TRUE,FALSE,2,2160
"CFHR5",-0.8792,0.00217587812227099,0.0168686966131024,0.241,0.615,"HCC-1L_normalized","ROI 1","Rest","wilcox","Spatial",0.25,0.05,0.05,29,2762,TRUE,FALSE,2,2160
"GPX3",0.8788,2.23755273156434e-07,9.71710659276034e-06,0.966,0.98,"HCC-1L_normalized","ROI 1","Rest","wilcox","Spatial",0.25,0.05,0.05,29,2762,TRUE,FALSE,2,2160
"RETSAT",-0.8787,0.00190621596984394,0.0153962129928757,0.207,0.602,"HCC-1L_normalized","ROI 1","Rest","wilcox","Spatial",0.25,0.05,0.05,29,2762,TRUE,FALSE,2,2160
"FRK",-0.8775,0.000817484002486994,0.00871261463343063,0.034,0.354,"HCC-1L_normalized","ROI 1","Rest","wilcox","Spatial",0.25,0.05,0.05,29,2762,TRUE,FALSE,2,2160
"ACOT12",-0.8774,0.00190797709265811,0.0153962129928757,0.138,0.492,"HCC-1L_normalized","ROI 1","Rest","wilcox","Spatial",0.25,0.05,0.05,29,2762,TRUE,FALSE,2,2160
"ATG13",-0.8768,0.00132384080887793,0.0119545452163213,0.103,0.442,"HCC-1L_normalized","ROI 1","Rest","wilcox","Spatial",0.25,0.05,0.05,29,2762,TRUE,FALSE,2,2160
"HIGD1A",-0.8755,0.000247135201892242,0.00346955811862003,0.345,0.792,"HCC-1L_normalized","ROI 1","Rest","wilcox","Spatial",0.25,0.05,0.05,29,2762,TRUE,FALSE,2,2160
"C9orf3",-0.8731,0.000204977724945141,0.0030004152017844,0.172,0.622,"HCC-1L_normalized","ROI 1","Rest","wilcox","Spatial",0.25,0.05,0.05,29,2762,TRUE,FALSE,2,2160
"HMGCL",-0.8717,0.000363288599281455,0.00469404750627124,0.448,0.886,"HCC-1L_normalized","ROI 1","Rest","wilcox","Spatial",0.25,0.05,0.05,29,2762,TRUE,FALSE,2,2160
"NR5A2",-0.8701,0.0020888365654899,0.0163657940820484,0.069,0.381,"HCC-1L_normalized","ROI 1","Rest","wilcox","Spatial",0.25,0.05,0.05,29,2762,TRUE,FALSE,2,2160
"ACADSB",-0.8698,0.000381571414533053,0.00487015417622309,0.276,0.734,"HCC-1L_normalized","ROI 1","Rest","wilcox","Spatial",0.25,0.05,0.05,29,2762,TRUE,FALSE,2,2160
"ANGPTL4",-0.8698,0.00134283982646736,0.0120741436115713,0.345,0.776,"HCC-1L_normalized","ROI 1","Rest","wilcox","Spatial",0.25,0.05,0.05,29,2762,TRUE,FALSE,2,2160
"COX6A1",-0.869,1.40191399456672e-06,4.77929376779653e-05,0.724,0.977,"HCC-1L_normalized","ROI 1","Rest","wilcox","Spatial",0.25,0.05,0.05,29,2762,TRUE,FALSE,2,2160
"RPLP2",0.8682,2.23501971703417e-11,3.29460793781403e-09,1,0.989,"HCC-1L_normalized","ROI 1","Rest","wilcox","Spatial",0.25,0.05,0.05,29,2762,TRUE,FALSE,2,2160
"C6",-0.8679,3.81318209460762e-05,0.000799774825694657,0.448,0.886,"HCC-1L_normalized","ROI 1","Rest","wilcox","Spatial",0.25,0.05,0.05,29,2762,TRUE,FALSE,2,2160
"RPL7A",0.8673,2.18796633282092e-10,2.1808814894575e-08,0.966,0.987,"HCC-1L_normalized","ROI 1","Rest","wilcox","Spatial",0.25,0.05,0.05,29,2762,TRUE,FALSE,2,2160
"MYL9",0.8658,9.2234397817285e-06,0.000241936142244538,0.862,0.946,"HCC-1L_normalized","ROI 1","Rest","wilcox","Spatial",0.25,0.05,0.05,29,2762,TRUE,FALSE,2,2160
"DBI",-0.8649,3.03468632145274e-06,9.45268661914416e-05,0.759,0.955,"HCC-1L_normalized","ROI 1","Rest","wilcox","Spatial",0.25,0.05,0.05,29,2762,TRUE,FALSE,2,2160
"TPMT",-0.8647,0.000884741337642835,0.00908769002972885,0.172,0.592,"HCC-1L_normalized","ROI 1","Rest","wilcox","Spatial",0.25,0.05,0.05,29,2762,TRUE,FALSE,2,2160
"PRKDC",-0.8639,0.000977729252127656,0.0096810921029026,0.103,0.47,"HCC-1L_normalized","ROI 1","Rest","wilcox","Spatial",0.25,0.05,0.05,29,2762,TRUE,FALSE,2,2160
"ABCB1",-0.8633,0.000431833525180717,0.00539662006684653,0.138,0.538,"HCC-1L_normalized","ROI 1","Rest","wilcox","Spatial",0.25,0.05,0.05,29,2762,TRUE,FALSE,2,2160
"SULT1C2",-0.8625,0.00614556650999898,0.0349562495074181,0.034,0.275,"HCC-1L_normalized","ROI 1","Rest","wilcox","Spatial",0.25,0.05,0.05,29,2762,TRUE,FALSE,2,2160
"NUP98",-0.8618,0.0017051429177796,0.0143456798854351,0.138,0.487,"HCC-1L_normalized","ROI 1","Rest","wilcox","Spatial",0.25,0.05,0.05,29,2762,TRUE,FALSE,2,2160
"TF",-0.8617,4.1413577759591e-09,2.91286821703558e-07,0.966,0.991,"HCC-1L_normalized","ROI 1","Rest","wilcox","Spatial",0.25,0.05,0.05,29,2762,TRUE,FALSE,2,2160
"PREP",-0.8611,0.00511068604405141,0.030652401224666,0.034,0.283,"HCC-1L_normalized","ROI 1","Rest","wilcox","Spatial",0.25,0.05,0.05,29,2762,TRUE,FALSE,2,2160
"GATM",-0.861,1.50378180883148e-07,6.92494836656817e-06,0.931,0.981,"HCC-1L_normalized","ROI 1","Rest","wilcox","Spatial",0.25,0.05,0.05,29,2762,TRUE,FALSE,2,2160
"AC009403.1",-0.8588,0.00908178671702865,0.0454349807745803,0.034,0.258,"HCC-1L_normalized","ROI 1","Rest","wilcox","Spatial",0.25,0.05,0.05,29,2762,TRUE,FALSE,2,2160
"ERRFI1",-0.8585,5.83937700298232e-05,0.00112758154452422,0.483,0.904,"HCC-1L_normalized","ROI 1","Rest","wilcox","Spatial",0.25,0.05,0.05,29,2762,TRUE,FALSE,2,2160
"AC115619.1",-0.8583,0.00222791794634092,0.0171957147687346,0.172,0.555,"HCC-1L_normalized","ROI 1","Rest","wilcox","Spatial",0.25,0.05,0.05,29,2762,TRUE,FALSE,2,2160
"APOC1",-0.8577,1.71113862761809e-17,3.12142078091199e-14,1,0.997,"HCC-1L_normalized","ROI 1","Rest","wilcox","Spatial",0.25,0.05,0.05,29,2762,TRUE,FALSE,2,2160
"ARV1",-0.8572,0.00778327406691935,0.0410098340362274,0.069,0.324,"HCC-1L_normalized","ROI 1","Rest","wilcox","Spatial",0.25,0.05,0.05,29,2762,TRUE,FALSE,2,2160
"HDGF",-0.8565,3.60013242101916e-05,0.00076119163471488,0.207,0.754,"HCC-1L_normalized","ROI 1","Rest","wilcox","Spatial",0.25,0.05,0.05,29,2762,TRUE,FALSE,2,2160
"FASTKD5",-0.8562,0.00659890867866342,0.0368145939397076,0.034,0.272,"HCC-1L_normalized","ROI 1","Rest","wilcox","Spatial",0.25,0.05,0.05,29,2762,TRUE,FALSE,2,2160
"CGREF1",-0.8558,0.00912181207787549,0.0455916357244722,0.069,0.317,"HCC-1L_normalized","ROI 1","Rest","wilcox","Spatial",0.25,0.05,0.05,29,2762,TRUE,FALSE,2,2160
"FAM168B",-0.8555,0.00361589961990129,0.0241232553171772,0.103,0.416,"HCC-1L_normalized","ROI 1","Rest","wilcox","Spatial",0.25,0.05,0.05,29,2762,TRUE,FALSE,2,2160
"RPL35",0.8554,1.21859328021933e-09,9.9639041177934e-08,0.966,0.989,"HCC-1L_normalized","ROI 1","Rest","wilcox","Spatial",0.25,0.05,0.05,29,2762,TRUE,FALSE,2,2160
"TLE1",-0.8549,0.000354414422022977,0.00459640810519513,0.207,0.656,"HCC-1L_normalized","ROI 1","Rest","wilcox","Spatial",0.25,0.05,0.05,29,2762,TRUE,FALSE,2,2160
"MARVELD2",-0.8549,0.00269507922735307,0.0195067076026814,0.103,0.428,"HCC-1L_normalized","ROI 1","Rest","wilcox","Spatial",0.25,0.05,0.05,29,2762,TRUE,FALSE,2,2160
"FAF1",-0.8531,0.00746718285809011,0.0398092748132322,0.103,0.375,"HCC-1L_normalized","ROI 1","Rest","wilcox","Spatial",0.25,0.05,0.05,29,2762,TRUE,FALSE,2,2160
"EPHX1",-0.8505,9.30672735266459e-08,4.66048844368362e-06,0.931,0.985,"HCC-1L_normalized","ROI 1","Rest","wilcox","Spatial",0.25,0.05,0.05,29,2762,TRUE,FALSE,2,2160
"GADD45G",-0.8492,0.000344731880515401,0.00450604103742713,0.414,0.844,"HCC-1L_normalized","ROI 1","Rest","wilcox","Spatial",0.25,0.05,0.05,29,2762,TRUE,FALSE,2,2160
"GSN",0.8484,0.00313789443097946,0.0217060165992274,0.793,0.842,"HCC-1L_normalized","ROI 1","Rest","wilcox","Spatial",0.25,0.05,0.05,29,2762,TRUE,FALSE,2,2160
"GFPT1",-0.8481,0.000523287287828378,0.00625911400504207,0.138,0.531,"HCC-1L_normalized","ROI 1","Rest","wilcox","Spatial",0.25,0.05,0.05,29,2762,TRUE,FALSE,2,2160
"CHCHD7",-0.8475,0.00267250732251797,0.0193835492983181,0.103,0.436,"HCC-1L_normalized","ROI 1","Rest","wilcox","Spatial",0.25,0.05,0.05,29,2762,TRUE,FALSE,2,2160
"ATP5S",-0.8475,0.00213088795853372,0.0165689995349286,0.034,0.318,"HCC-1L_normalized","ROI 1","Rest","wilcox","Spatial",0.25,0.05,0.05,29,2762,TRUE,FALSE,2,2160
"ACAA2",-0.8474,0.000227407746741226,0.0032648140979337,0.586,0.909,"HCC-1L_normalized","ROI 1","Rest","wilcox","Spatial",0.25,0.05,0.05,29,2762,TRUE,FALSE,2,2160
"GPS1",0.8473,0.00873132979547207,0.0441246246448145,0.69,0.76,"HCC-1L_normalized","ROI 1","Rest","wilcox","Spatial",0.25,0.05,0.05,29,2762,TRUE,FALSE,2,2160
"GLUD1",-0.8472,5.61010750849577e-05,0.00109543629074471,0.414,0.908,"HCC-1L_normalized","ROI 1","Rest","wilcox","Spatial",0.25,0.05,0.05,29,2762,TRUE,FALSE,2,2160
"SLC29A4",-0.8467,0.000435203561730824,0.00542889210616783,0.103,0.505,"HCC-1L_normalized","ROI 1","Rest","wilcox","Spatial",0.25,0.05,0.05,29,2762,TRUE,FALSE,2,2160
"MYO1B",-0.8461,0.0003161142536361,0.00420922618136822,0.31,0.81,"HCC-1L_normalized","ROI 1","Rest","wilcox","Spatial",0.25,0.05,0.05,29,2762,TRUE,FALSE,2,2160
"SIAH2",-0.8438,0.000845642799286816,0.00885526558148521,0.103,0.457,"HCC-1L_normalized","ROI 1","Rest","wilcox","Spatial",0.25,0.05,0.05,29,2762,TRUE,FALSE,2,2160
"ADGRA3",-0.8434,0.00477249635334473,0.0291035532986833,0.345,0.685,"HCC-1L_normalized","ROI 1","Rest","wilcox","Spatial",0.25,0.05,0.05,29,2762,TRUE,FALSE,2,2160
"DDT",-0.8431,5.17290967836085e-09,3.54137387166854e-07,0.931,0.983,"HCC-1L_normalized","ROI 1","Rest","wilcox","Spatial",0.25,0.05,0.05,29,2762,TRUE,FALSE,2,2160
"CTIF",-0.8425,0.00695729480029247,0.0380036781732051,0.138,0.43,"HCC-1L_normalized","ROI 1","Rest","wilcox","Spatial",0.25,0.05,0.05,29,2762,TRUE,FALSE,2,2160
"OGFOD3",-0.8424,0.0017930565845029,0.014753247023119,0.069,0.387,"HCC-1L_normalized","ROI 1","Rest","wilcox","Spatial",0.25,0.05,0.05,29,2762,TRUE,FALSE,2,2160
"AC087482.1",-0.841,0.00212296089014185,0.0165196347035127,0.069,0.378,"HCC-1L_normalized","ROI 1","Rest","wilcox","Spatial",0.25,0.05,0.05,29,2762,TRUE,FALSE,2,2160
"GLYAT",-0.841,0.00817506506749038,0.0424405907720011,0.276,0.588,"HCC-1L_normalized","ROI 1","Rest","wilcox","Spatial",0.25,0.05,0.05,29,2762,TRUE,FALSE,2,2160
"ANPEP",-0.8402,4.07922123568111e-05,0.000847085901838066,0.655,0.935,"HCC-1L_normalized","ROI 1","Rest","wilcox","Spatial",0.25,0.05,0.05,29,2762,TRUE,FALSE,2,2160
"RPL8",0.8398,5.5262175702815e-09,3.70752519811322e-07,1,0.988,"HCC-1L_normalized","ROI 1","Rest","wilcox","Spatial",0.25,0.05,0.05,29,2762,TRUE,FALSE,2,2160
"GLB1",-0.8397,0.000649178369982904,0.00738510958721855,0.207,0.629,"HCC-1L_normalized","ROI 1","Rest","wilcox","Spatial",0.25,0.05,0.05,29,2762,TRUE,FALSE,2,2160
"ALB",-0.8396,1.75316148083041e-09,1.36929761629635e-07,1,1,"HCC-1L_normalized","ROI 1","Rest","wilcox","Spatial",0.25,0.05,0.05,29,2762,TRUE,FALSE,2,2160
"FASN",-0.8396,3.31652453268896e-05,0.000718648980520137,0.552,0.91,"HCC-1L_normalized","ROI 1","Rest","wilcox","Spatial",0.25,0.05,0.05,29,2762,TRUE,FALSE,2,2160
"CAPRIN1",-0.8377,0.000129411490187446,0.00209380970213703,0.103,0.544,"HCC-1L_normalized","ROI 1","Rest","wilcox","Spatial",0.25,0.05,0.05,29,2762,TRUE,FALSE,2,2160
"INHBE",-0.8376,0.000457872240713526,0.00563791366820453,0.207,0.623,"HCC-1L_normalized","ROI 1","Rest","wilcox","Spatial",0.25,0.05,0.05,29,2762,TRUE,FALSE,2,2160
"MKKS",-0.8356,0.00155528969367661,0.0134748857069697,0.138,0.497,"HCC-1L_normalized","ROI 1","Rest","wilcox","Spatial",0.25,0.05,0.05,29,2762,TRUE,FALSE,2,2160
"CRYZ",-0.8352,7.33751922284163e-06,0.000203698875825625,0.138,0.699,"HCC-1L_normalized","ROI 1","Rest","wilcox","Spatial",0.25,0.05,0.05,29,2762,TRUE,FALSE,2,2160
"TMEM106B",-0.8351,0.00244251564975039,0.0183224793252632,0.138,0.489,"HCC-1L_normalized","ROI 1","Rest","wilcox","Spatial",0.25,0.05,0.05,29,2762,TRUE,FALSE,2,2160
"NADK2",-0.8348,0.000749814889722165,0.00818306844195222,0.379,0.84,"HCC-1L_normalized","ROI 1","Rest","wilcox","Spatial",0.25,0.05,0.05,29,2762,TRUE,FALSE,2,2160
"MALAT1",0.8346,1.33578156362434e-05,0.000332073392990316,0.931,0.971,"HCC-1L_normalized","ROI 1","Rest","wilcox","Spatial",0.25,0.05,0.05,29,2762,TRUE,FALSE,2,2160
"DAP3",-0.8333,0.000809940695470291,0.00870223188450915,0.172,0.571,"HCC-1L_normalized","ROI 1","Rest","wilcox","Spatial",0.25,0.05,0.05,29,2762,TRUE,FALSE,2,2160
"IREB2",-0.8328,0.0071248198645887,0.0386548763169406,0.069,0.329,"HCC-1L_normalized","ROI 1","Rest","wilcox","Spatial",0.25,0.05,0.05,29,2762,TRUE,FALSE,2,2160
"RPL9",0.8325,1.6547216356869e-10,1.69787418030383e-08,0.966,0.99,"HCC-1L_normalized","ROI 1","Rest","wilcox","Spatial",0.25,0.05,0.05,29,2762,TRUE,FALSE,2,2160
"CSNK2A1",-0.8323,0.00261503216802251,0.0191306069127485,0.069,0.367,"HCC-1L_normalized","ROI 1","Rest","wilcox","Spatial",0.25,0.05,0.05,29,2762,TRUE,FALSE,2,2160
"YES1",-0.8316,0.00549632517261198,0.0323171568857061,0.138,0.451,"HCC-1L_normalized","ROI 1","Rest","wilcox","Spatial",0.25,0.05,0.05,29,2762,TRUE,FALSE,2,2160
"FAM45A",-0.8309,0.000102680870838712,0.00175546699747708,0.172,0.659,"HCC-1L_normalized","ROI 1","Rest","wilcox","Spatial",0.25,0.05,0.05,29,2762,TRUE,FALSE,2,2160
"DFFA",-0.8303,0.00262741015062394,0.0191894449661062,0.069,0.373,"HCC-1L_normalized","ROI 1","Rest","wilcox","Spatial",0.25,0.05,0.05,29,2762,TRUE,FALSE,2,2160
"DR1",-0.8303,0.00463995507994436,0.0285993933254992,0.138,0.461,"HCC-1L_normalized","ROI 1","Rest","wilcox","Spatial",0.25,0.05,0.05,29,2762,TRUE,FALSE,2,2160
"POP4",-0.8291,0.0023780728748248,0.0180093420462491,0.138,0.479,"HCC-1L_normalized","ROI 1","Rest","wilcox","Spatial",0.25,0.05,0.05,29,2762,TRUE,FALSE,2,2160
"CLNS1A",-0.8286,0.000912195155793749,0.00926644088245924,0.172,0.583,"HCC-1L_normalized","ROI 1","Rest","wilcox","Spatial",0.25,0.05,0.05,29,2762,TRUE,FALSE,2,2160
"NEDD4L",-0.8284,0.00158874258450665,0.0136629251351246,0.138,0.496,"HCC-1L_normalized","ROI 1","Rest","wilcox","Spatial",0.25,0.05,0.05,29,2762,TRUE,FALSE,2,2160
"RAB17",-0.8281,0.00104674937827771,0.010125026795799,0.31,0.771,"HCC-1L_normalized","ROI 1","Rest","wilcox","Spatial",0.25,0.05,0.05,29,2762,TRUE,FALSE,2,2160
"SSRP1",-0.8274,0.00438185574623482,0.0275769706795512,0.138,0.452,"HCC-1L_normalized","ROI 1","Rest","wilcox","Spatial",0.25,0.05,0.05,29,2762,TRUE,FALSE,2,2160
"CLDN1",-0.8273,0.000599490236110166,0.00697086585539299,0.379,0.828,"HCC-1L_normalized","ROI 1","Rest","wilcox","Spatial",0.25,0.05,0.05,29,2762,TRUE,FALSE,2,2160
"BNIP3",-0.8257,0.000627576741242547,0.0072019936116716,0.276,0.745,"HCC-1L_normalized","ROI 1","Rest","wilcox","Spatial",0.25,0.05,0.05,29,2762,TRUE,FALSE,2,2160
"SNHG25",0.8257,4.57987939611828e-05,0.000927137674270289,0.862,0.911,"HCC-1L_normalized","ROI 1","Rest","wilcox","Spatial",0.25,0.05,0.05,29,2762,TRUE,FALSE,2,2160
"F13B",-0.8248,0.000814497319859255,0.0087073840139397,0.241,0.677,"HCC-1L_normalized","ROI 1","Rest","wilcox","Spatial",0.25,0.05,0.05,29,2762,TRUE,FALSE,2,2160
"PITPNA",-0.8242,0.00081626622627041,0.00870850389821214,0.138,0.545,"HCC-1L_normalized","ROI 1","Rest","wilcox","Spatial",0.25,0.05,0.05,29,2762,TRUE,FALSE,2,2160
"GPI",-0.8239,3.34815733647538e-05,0.000720596288665286,0.69,0.902,"HCC-1L_normalized","ROI 1","Rest","wilcox","Spatial",0.25,0.05,0.05,29,2762,TRUE,FALSE,2,2160
"KLF15",-0.8239,0.00224462523747111,0.0172737115701269,0.138,0.478,"HCC-1L_normalized","ROI 1","Rest","wilcox","Spatial",0.25,0.05,0.05,29,2762,TRUE,FALSE,2,2160
"UCHL3",-0.8231,0.00111995595435833,0.0106365326844957,0.069,0.406,"HCC-1L_normalized","ROI 1","Rest","wilcox","Spatial",0.25,0.05,0.05,29,2762,TRUE,FALSE,2,2160
"ELOVL7",-0.823,0.00692219531751981,0.0378910544943318,0.034,0.27,"HCC-1L_normalized","ROI 1","Rest","wilcox","Spatial",0.25,0.05,0.05,29,2762,TRUE,FALSE,2,2160
"NUP153",-0.8198,0.00281998542331641,0.0201323106687787,0.034,0.307,"HCC-1L_normalized","ROI 1","Rest","wilcox","Spatial",0.25,0.05,0.05,29,2762,TRUE,FALSE,2,2160
"SH3GLB1",-0.8197,0.000619864937356948,0.00715270830692152,0.103,0.47,"HCC-1L_normalized","ROI 1","Rest","wilcox","Spatial",0.25,0.05,0.05,29,2762,TRUE,FALSE,2,2160
"GALM",-0.8192,0.00135943647972868,0.0121846872625167,0.172,0.547,"HCC-1L_normalized","ROI 1","Rest","wilcox","Spatial",0.25,0.05,0.05,29,2762,TRUE,FALSE,2,2160
"FBXW5",0.8186,0.00704586662152044,0.0383075532783548,0.759,0.875,"HCC-1L_normalized","ROI 1","Rest","wilcox","Spatial",0.25,0.05,0.05,29,2762,TRUE,FALSE,2,2160
"SLC38A2",0.8179,0.00297132334781967,0.0209405763216406,0.759,0.854,"HCC-1L_normalized","ROI 1","Rest","wilcox","Spatial",0.25,0.05,0.05,29,2762,TRUE,FALSE,2,2160
"CLU",-0.8177,2.43814320693497e-11,3.50110473378161e-09,1,0.99,"HCC-1L_normalized","ROI 1","Rest","wilcox","Spatial",0.25,0.05,0.05,29,2762,TRUE,FALSE,2,2160
"RPL10A",0.8168,2.2980085916563e-07,9.93841236374994e-06,0.966,0.979,"HCC-1L_normalized","ROI 1","Rest","wilcox","Spatial",0.25,0.05,0.05,29,2762,TRUE,FALSE,2,2160
"PGLYRP2",-0.8157,0.00156855635335088,0.0135561608539805,0.621,0.938,"HCC-1L_normalized","ROI 1","Rest","wilcox","Spatial",0.25,0.05,0.05,29,2762,TRUE,FALSE,2,2160
"GNAZ",-0.8146,0.00678086784030775,0.0375693821157549,0.034,0.271,"HCC-1L_normalized","ROI 1","Rest","wilcox","Spatial",0.25,0.05,0.05,29,2762,TRUE,FALSE,2,2160
"YPEL5",-0.8133,0.00173385428143122,0.0144558115466586,0.207,0.599,"HCC-1L_normalized","ROI 1","Rest","wilcox","Spatial",0.25,0.05,0.05,29,2762,TRUE,FALSE,2,2160
"UGT2B10",-0.813,0.000181201544568888,0.00272479219174997,0.345,0.852,"HCC-1L_normalized","ROI 1","Rest","wilcox","Spatial",0.25,0.05,0.05,29,2762,TRUE,FALSE,2,2160
"ABCB4",-0.8124,0.00155273977045927,0.0134639390535433,0.207,0.604,"HCC-1L_normalized","ROI 1","Rest","wilcox","Spatial",0.25,0.05,0.05,29,2762,TRUE,FALSE,2,2160
"TMEM140",-0.8118,0.00141980188940913,0.012550377174456,0.172,0.562,"HCC-1L_normalized","ROI 1","Rest","wilcox","Spatial",0.25,0.05,0.05,29,2762,TRUE,FALSE,2,2160
"MCFD2",-0.8114,0.00139056441249604,0.0123440603402744,0.31,0.698,"HCC-1L_normalized","ROI 1","Rest","wilcox","Spatial",0.25,0.05,0.05,29,2762,TRUE,FALSE,2,2160
"ALDH4A1",-0.8102,0.000767645864013281,0.00830178243290053,0.414,0.883,"HCC-1L_normalized","ROI 1","Rest","wilcox","Spatial",0.25,0.05,0.05,29,2762,TRUE,FALSE,2,2160
"ATF6",-0.8098,0.00405841705456815,0.0261226278555414,0.103,0.412,"HCC-1L_normalized","ROI 1","Rest","wilcox","Spatial",0.25,0.05,0.05,29,2762,TRUE,FALSE,2,2160
"GC",-0.8097,2.44200884355109e-11,3.50110473378161e-09,1,0.991,"HCC-1L_normalized","ROI 1","Rest","wilcox","Spatial",0.25,0.05,0.05,29,2762,TRUE,FALSE,2,2160
"IDI1",-0.8097,0.00128080221383886,0.0116464836698356,0.379,0.778,"HCC-1L_normalized","ROI 1","Rest","wilcox","Spatial",0.25,0.05,0.05,29,2762,TRUE,FALSE,2,2160
"MAPK14",-0.8089,0.00168609276013999,0.0142426528067999,0.138,0.486,"HCC-1L_normalized","ROI 1","Rest","wilcox","Spatial",0.25,0.05,0.05,29,2762,TRUE,FALSE,2,2160
"FARSB",-0.8083,0.00113179027370729,0.0107294538085331,0.034,0.342,"HCC-1L_normalized","ROI 1","Rest","wilcox","Spatial",0.25,0.05,0.05,29,2762,TRUE,FALSE,2,2160
"ACAT1",-0.807,8.46738978448959e-06,0.000226648852901453,0.69,0.956,"HCC-1L_normalized","ROI 1","Rest","wilcox","Spatial",0.25,0.05,0.05,29,2762,TRUE,FALSE,2,2160
"MT1E",-0.806,7.23628342604314e-06,0.000202499845820769,0.897,0.984,"HCC-1L_normalized","ROI 1","Rest","wilcox","Spatial",0.25,0.05,0.05,29,2762,TRUE,FALSE,2,2160
"MGST1",-0.806,2.05714549486506e-05,0.000482737326216541,0.862,0.974,"HCC-1L_normalized","ROI 1","Rest","wilcox","Spatial",0.25,0.05,0.05,29,2762,TRUE,FALSE,2,2160
"AC104461.1",-0.8054,0.00197701568104003,0.0157949970364618,0.207,0.59,"HCC-1L_normalized","ROI 1","Rest","wilcox","Spatial",0.25,0.05,0.05,29,2762,TRUE,FALSE,2,2160
"DENR",-0.803,0.00169232187962391,0.0142644516124715,0.103,0.443,"HCC-1L_normalized","ROI 1","Rest","wilcox","Spatial",0.25,0.05,0.05,29,2762,TRUE,FALSE,2,2160
"C19orf48",-0.8022,0.000343415347993289,0.00449835423291334,0.138,0.551,"HCC-1L_normalized","ROI 1","Rest","wilcox","Spatial",0.25,0.05,0.05,29,2762,TRUE,FALSE,2,2160
"NDUFA10",-0.8004,0.00182004058942522,0.0148700583988481,0.31,0.756,"HCC-1L_normalized","ROI 1","Rest","wilcox","Spatial",0.25,0.05,0.05,29,2762,TRUE,FALSE,2,2160
"SERPIND1",-0.7981,3.55502348611025e-07,1.44773835819571e-05,0.862,0.975,"HCC-1L_normalized","ROI 1","Rest","wilcox","Spatial",0.25,0.05,0.05,29,2762,TRUE,FALSE,2,2160
"CTCF",-0.798,0.00847859499829627,0.0433709556462213,0.034,0.261,"HCC-1L_normalized","ROI 1","Rest","wilcox","Spatial",0.25,0.05,0.05,29,2762,TRUE,FALSE,2,2160
"AZGP1",-0.7967,2.37794314731057e-07,1.02417913496924e-05,0.966,0.988,"HCC-1L_normalized","ROI 1","Rest","wilcox","Spatial",0.25,0.05,0.05,29,2762,TRUE,FALSE,2,2160
"SCD",-0.7961,1.19086087386915e-06,4.21065875199816e-05,0.897,0.978,"HCC-1L_normalized","ROI 1","Rest","wilcox","Spatial",0.25,0.05,0.05,29,2762,TRUE,FALSE,2,2160
"AKR1C2",-0.7954,0.00066923388346248,0.00754763127620508,0.379,0.86,"HCC-1L_normalized","ROI 1","Rest","wilcox","Spatial",0.25,0.05,0.05,29,2762,TRUE,FALSE,2,2160
"TMEM176A",-0.795,5.77583906502598e-07,2.23051973869788e-05,0.793,0.981,"HCC-1L_normalized","ROI 1","Rest","wilcox","Spatial",0.25,0.05,0.05,29,2762,TRUE,FALSE,2,2160
"CTR9",-0.795,9.30723321624518e-06,0.000243239932544552,0.069,0.565,"HCC-1L_normalized","ROI 1","Rest","wilcox","Spatial",0.25,0.05,0.05,29,2762,TRUE,FALSE,2,2160
"NAA20",-0.7945,0.000864643556082912,0.0089686416828184,0.207,0.633,"HCC-1L_normalized","ROI 1","Rest","wilcox","Spatial",0.25,0.05,0.05,29,2762,TRUE,FALSE,2,2160
"ARHGAP21",-0.7943,0.00740035796105485,0.0396580370816181,0.069,0.327,"HCC-1L_normalized","ROI 1","Rest","wilcox","Spatial",0.25,0.05,0.05,29,2762,TRUE,FALSE,2,2160
"DPYD",-0.7939,0.000456264792072815,0.00563121145499302,0.103,0.502,"HCC-1L_normalized","ROI 1","Rest","wilcox","Spatial",0.25,0.05,0.05,29,2762,TRUE,FALSE,2,2160
"NEK6",-0.7936,0.00284473122625827,0.0202537122544347,0.207,0.592,"HCC-1L_normalized","ROI 1","Rest","wilcox","Spatial",0.25,0.05,0.05,29,2762,TRUE,FALSE,2,2160
"CIAO1",-0.7935,0.00117944499088427,0.0109920492204762,0.103,0.462,"HCC-1L_normalized","ROI 1","Rest","wilcox","Spatial",0.25,0.05,0.05,29,2762,TRUE,FALSE,2,2160
"WDR36",-0.7931,0.00582586196100918,0.0335941990545025,0.069,0.339,"HCC-1L_normalized","ROI 1","Rest","wilcox","Spatial",0.25,0.05,0.05,29,2762,TRUE,FALSE,2,2160
"POLDIP2",-0.793,0.00260738174814603,0.0191098441009078,0.345,0.755,"HCC-1L_normalized","ROI 1","Rest","wilcox","Spatial",0.25,0.05,0.05,29,2762,TRUE,FALSE,2,2160
"RPL3",0.7921,7.4527105022728e-12,1.30000113527978e-09,0.966,0.987,"HCC-1L_normalized","ROI 1","Rest","wilcox","Spatial",0.25,0.05,0.05,29,2762,TRUE,FALSE,2,2160
"C1QB",0.792,0.00013295281797192,0.00213745651750248,0.862,0.924,"HCC-1L_normalized","ROI 1","Rest","wilcox","Spatial",0.25,0.05,0.05,29,2762,TRUE,FALSE,2,2160
"VDAC1",-0.7919,0.00130621154601026,0.0118259602426846,0.379,0.811,"HCC-1L_normalized","ROI 1","Rest","wilcox","Spatial",0.25,0.05,0.05,29,2762,TRUE,FALSE,2,2160
"RRBP1",-0.7915,1.6065427314146e-05,0.00038747026204089,0.69,0.939,"HCC-1L_normalized","ROI 1","Rest","wilcox","Spatial",0.25,0.05,0.05,29,2762,TRUE,FALSE,2,2160
"SPRYD7",-0.7909,0.00657885782921032,0.0367419029031565,0.034,0.273,"HCC-1L_normalized","ROI 1","Rest","wilcox","Spatial",0.25,0.05,0.05,29,2762,TRUE,FALSE,2,2160
"ECHS1",-0.7906,9.81347298001298e-05,0.00170046040080821,0.655,0.944,"HCC-1L_normalized","ROI 1","Rest","wilcox","Spatial",0.25,0.05,0.05,29,2762,TRUE,FALSE,2,2160
"ZNF444",-0.7905,0.00399951820224849,0.0258295291624538,0.276,0.654,"HCC-1L_normalized","ROI 1","Rest","wilcox","Spatial",0.25,0.05,0.05,29,2762,TRUE,FALSE,2,2160
"FAM177A1",-0.7904,0.00073220091623279,0.00803357661515477,0.172,0.602,"HCC-1L_normalized","ROI 1","Rest","wilcox","Spatial",0.25,0.05,0.05,29,2762,TRUE,FALSE,2,2160
"RIDA",-0.7902,0.00442071583428723,0.0276717774651018,0.586,0.891,"HCC-1L_normalized","ROI 1","Rest","wilcox","Spatial",0.25,0.05,0.05,29,2762,TRUE,FALSE,2,2160
"LEAP2",-0.79,0.00023621429681602,0.00334989001419575,0.552,0.937,"HCC-1L_normalized","ROI 1","Rest","wilcox","Spatial",0.25,0.05,0.05,29,2762,TRUE,FALSE,2,2160
"EMC10",-0.7899,0.00031995839262692,0.00424959966653978,0.31,0.793,"HCC-1L_normalized","ROI 1","Rest","wilcox","Spatial",0.25,0.05,0.05,29,2762,TRUE,FALSE,2,2160
"CSRP2",-0.7891,0.00526994595826869,0.0313403987178465,0.207,0.541,"HCC-1L_normalized","ROI 1","Rest","wilcox","Spatial",0.25,0.05,0.05,29,2762,TRUE,FALSE,2,2160
"AK4",-0.7891,0.000103474767069918,0.00176092180838011,0.207,0.701,"HCC-1L_normalized","ROI 1","Rest","wilcox","Spatial",0.25,0.05,0.05,29,2762,TRUE,FALSE,2,2160
"SUB1",-0.7883,0.000765429816739359,0.00829413606306193,0.483,0.866,"HCC-1L_normalized","ROI 1","Rest","wilcox","Spatial",0.25,0.05,0.05,29,2762,TRUE,FALSE,2,2160
"PON2",-0.7859,0.00124789050226647,0.0114164527943365,0.414,0.825,"HCC-1L_normalized","ROI 1","Rest","wilcox","Spatial",0.25,0.05,0.05,29,2762,TRUE,FALSE,2,2160
"PPP1R3B",-0.7859,0.000600109892576828,0.00697086585539299,0.207,0.664,"HCC-1L_normalized","ROI 1","Rest","wilcox","Spatial",0.25,0.05,0.05,29,2762,TRUE,FALSE,2,2160
"BGN",0.7857,0.000127063926605418,0.00206498611157191,0.862,0.953,"HCC-1L_normalized","ROI 1","Rest","wilcox","Spatial",0.25,0.05,0.05,29,2762,TRUE,FALSE,2,2160
"MSRB2",-0.7857,0.00145626017678394,0.0128293089311622,0.345,0.769,"HCC-1L_normalized","ROI 1","Rest","wilcox","Spatial",0.25,0.05,0.05,29,2762,TRUE,FALSE,2,2160
"CYCS",-0.7848,0.00259558580828467,0.0190768265937552,0.414,0.759,"HCC-1L_normalized","ROI 1","Rest","wilcox","Spatial",0.25,0.05,0.05,29,2762,TRUE,FALSE,2,2160
"SNAPC4",-0.7846,0.0061787789716698,0.0350842059656766,0.034,0.275,"HCC-1L_normalized","ROI 1","Rest","wilcox","Spatial",0.25,0.05,0.05,29,2762,TRUE,FALSE,2,2160
"ELAVL1",-0.7844,0.00166069227343231,0.0140735265860263,0.103,0.45,"HCC-1L_normalized","ROI 1","Rest","wilcox","Spatial",0.25,0.05,0.05,29,2762,TRUE,FALSE,2,2160
"ACSS2",-0.7842,0.000232134601209397,0.00331245714157302,0.207,0.691,"HCC-1L_normalized","ROI 1","Rest","wilcox","Spatial",0.25,0.05,0.05,29,2762,TRUE,FALSE,2,2160
"RPL35A",0.7821,1.4255230745027e-07,6.72050653051587e-06,0.966,0.987,"HCC-1L_normalized","ROI 1","Rest","wilcox","Spatial",0.25,0.05,0.05,29,2762,TRUE,FALSE,2,2160
"CXCL10",-0.7808,0.00420071109427714,0.0267262263299116,0.103,0.41,"HCC-1L_normalized","ROI 1","Rest","wilcox","Spatial",0.25,0.05,0.05,29,2762,TRUE,FALSE,2,2160
"GPT2",-0.7808,0.00424362636338453,0.0269501174266884,0.103,0.41,"HCC-1L_normalized","ROI 1","Rest","wilcox","Spatial",0.25,0.05,0.05,29,2762,TRUE,FALSE,2,2160
"VARS2",-0.7803,0.00450254225491352,0.0279499449821618,0.103,0.391,"HCC-1L_normalized","ROI 1","Rest","wilcox","Spatial",0.25,0.05,0.05,29,2762,TRUE,FALSE,2,2160
"MMADHC",-0.7802,0.00284012943421376,0.0202347138587346,0.207,0.592,"HCC-1L_normalized","ROI 1","Rest","wilcox","Spatial",0.25,0.05,0.05,29,2762,TRUE,FALSE,2,2160
"PRAP1",-0.7789,7.80311426478151e-05,0.00140355820168438,0.655,0.953,"HCC-1L_normalized","ROI 1","Rest","wilcox","Spatial",0.25,0.05,0.05,29,2762,TRUE,FALSE,2,2160
"RPL6",0.7785,5.78001107346559e-08,3.11822659252015e-06,0.966,0.983,"HCC-1L_normalized","ROI 1","Rest","wilcox","Spatial",0.25,0.05,0.05,29,2762,TRUE,FALSE,2,2160
"ALDH9A1",-0.7782,0.00203669209983746,0.0160997126260565,0.172,0.563,"HCC-1L_normalized","ROI 1","Rest","wilcox","Spatial",0.25,0.05,0.05,29,2762,TRUE,FALSE,2,2160
"RIOK3",-0.7769,7.80499592375605e-05,0.00140355820168438,0.069,0.5,"HCC-1L_normalized","ROI 1","Rest","wilcox","Spatial",0.25,0.05,0.05,29,2762,TRUE,FALSE,2,2160
"AGFG1",-0.7768,0.00396785525115903,0.0256968961546699,0.103,0.416,"HCC-1L_normalized","ROI 1","Rest","wilcox","Spatial",0.25,0.05,0.05,29,2762,TRUE,FALSE,2,2160
"LRG1",-0.7764,0.000165272291457929,0.00254748129955624,0.828,0.942,"HCC-1L_normalized","ROI 1","Rest","wilcox","Spatial",0.25,0.05,0.05,29,2762,TRUE,FALSE,2,2160
"CPSF2",-0.7763,0.00226227698971546,0.0173584977817903,0.034,0.316,"HCC-1L_normalized","ROI 1","Rest","wilcox","Spatial",0.25,0.05,0.05,29,2762,TRUE,FALSE,2,2160
"ST20",-0.7757,0.00527640322091436,0.0313587939296364,0.034,0.282,"HCC-1L_normalized","ROI 1","Rest","wilcox","Spatial",0.25,0.05,0.05,29,2762,TRUE,FALSE,2,2160
"RHOC",0.7749,0.000590073868902013,0.00690023811388655,0.862,0.925,"HCC-1L_normalized","ROI 1","Rest","wilcox","Spatial",0.25,0.05,0.05,29,2762,TRUE,FALSE,2,2160
"PTMA",0.7743,4.17481891172906e-06,0.000125898976253875,0.966,0.971,"HCC-1L_normalized","ROI 1","Rest","wilcox","Spatial",0.25,0.05,0.05,29,2762,TRUE,FALSE,2,2160
"MZT2B",0.7743,0.00235032383610388,0.0179158698242267,0.828,0.957,"HCC-1L_normalized","ROI 1","Rest","wilcox","Spatial",0.25,0.05,0.05,29,2762,TRUE,FALSE,2,2160
"TOX4",-0.7725,0.0071903158190194,0.0388888494954478,0.103,0.395,"HCC-1L_normalized","ROI 1","Rest","wilcox","Spatial",0.25,0.05,0.05,29,2762,TRUE,FALSE,2,2160
"EPHX2",-0.7724,0.000205401741976116,0.0030024226697235,0.414,0.824,"HCC-1L_normalized","ROI 1","Rest","wilcox","Spatial",0.25,0.05,0.05,29,2762,TRUE,FALSE,2,2160
"PTGR2",-0.7717,0.00754588128445363,0.040027974416164,0.069,0.325,"HCC-1L_normalized","ROI 1","Rest","wilcox","Spatial",0.25,0.05,0.05,29,2762,TRUE,FALSE,2,2160
"MAP4",-0.7711,0.00646489426645654,0.0363771953724377,0.207,0.55,"HCC-1L_normalized","ROI 1","Rest","wilcox","Spatial",0.25,0.05,0.05,29,2762,TRUE,FALSE,2,2160
"OSBPL2",-0.7709,0.00872998337131387,0.0441246246448145,0.069,0.319,"HCC-1L_normalized","ROI 1","Rest","wilcox","Spatial",0.25,0.05,0.05,29,2762,TRUE,FALSE,2,2160
"KCNJ8",-0.7708,0.00764364727441364,0.040405459125499,0.103,0.372,"HCC-1L_normalized","ROI 1","Rest","wilcox","Spatial",0.25,0.05,0.05,29,2762,TRUE,FALSE,2,2160
"EPB41L2",-0.7707,0.00978231306250723,0.0480041780478364,0.069,0.315,"HCC-1L_normalized","ROI 1","Rest","wilcox","Spatial",0.25,0.05,0.05,29,2762,TRUE,FALSE,2,2160
"NDUFV3",-0.7704,0.00175940736895122,0.0145725564688629,0.379,0.772,"HCC-1L_normalized","ROI 1","Rest","wilcox","Spatial",0.25,0.05,0.05,29,2762,TRUE,FALSE,2,2160
"HPS1",-0.7685,0.00571632302779641,0.0331635459029475,0.138,0.462,"HCC-1L_normalized","ROI 1","Rest","wilcox","Spatial",0.25,0.05,0.05,29,2762,TRUE,FALSE,2,2160
"GLYATL1",-0.7676,0.00573919318693362,0.0332409495818745,0.31,0.688,"HCC-1L_normalized","ROI 1","Rest","wilcox","Spatial",0.25,0.05,0.05,29,2762,TRUE,FALSE,2,2160
"NANS",-0.7675,0.0029855114122602,0.0209707130474599,0.103,0.425,"HCC-1L_normalized","ROI 1","Rest","wilcox","Spatial",0.25,0.05,0.05,29,2762,TRUE,FALSE,2,2160
"ARFGAP3",-0.7671,0.00272746640560795,0.0196496422932058,0.138,0.491,"HCC-1L_normalized","ROI 1","Rest","wilcox","Spatial",0.25,0.05,0.05,29,2762,TRUE,FALSE,2,2160
"SRSF2",0.7668,0.00655495654468639,0.0366475294854101,0.724,0.734,"HCC-1L_normalized","ROI 1","Rest","wilcox","Spatial",0.25,0.05,0.05,29,2762,TRUE,FALSE,2,2160
"GATA6",-0.7666,0.00786688356644912,0.0413534924191143,0.103,0.38,"HCC-1L_normalized","ROI 1","Rest","wilcox","Spatial",0.25,0.05,0.05,29,2762,TRUE,FALSE,2,2160
"RNF103",-0.7659,0.0008294388282983,0.00878238740992984,0.138,0.546,"HCC-1L_normalized","ROI 1","Rest","wilcox","Spatial",0.25,0.05,0.05,29,2762,TRUE,FALSE,2,2160
"GCKR",-0.7652,0.00387857252521106,0.0252916760429028,0.207,0.58,"HCC-1L_normalized","ROI 1","Rest","wilcox","Spatial",0.25,0.05,0.05,29,2762,TRUE,FALSE,2,2160
"ATPAF2",-0.7647,0.0090396722003689,0.0453109239698567,0.034,0.259,"HCC-1L_normalized","ROI 1","Rest","wilcox","Spatial",0.25,0.05,0.05,29,2762,TRUE,FALSE,2,2160
"SART1",-0.7637,0.00311081861160294,0.0215757638098319,0.103,0.411,"HCC-1L_normalized","ROI 1","Rest","wilcox","Spatial",0.25,0.05,0.05,29,2762,TRUE,FALSE,2,2160
"CROT",-0.7617,0.00485245520121762,0.029475215401012,0.172,0.498,"HCC-1L_normalized","ROI 1","Rest","wilcox","Spatial",0.25,0.05,0.05,29,2762,TRUE,FALSE,2,2160
"ISOC2",-0.7612,0.000305499248346216,0.00411500017141763,0.552,0.861,"HCC-1L_normalized","ROI 1","Rest","wilcox","Spatial",0.25,0.05,0.05,29,2762,TRUE,FALSE,2,2160
"SH3BGRL3",0.7606,0.00733122281429207,0.0393687924736431,0.828,0.843,"HCC-1L_normalized","ROI 1","Rest","wilcox","Spatial",0.25,0.05,0.05,29,2762,TRUE,FALSE,2,2160
"PECR",-0.7606,0.000339782256087401,0.00447315860655439,0.241,0.717,"HCC-1L_normalized","ROI 1","Rest","wilcox","Spatial",0.25,0.05,0.05,29,2762,TRUE,FALSE,2,2160
"BCAT2",-0.7603,0.00300142536807239,0.021040132553413,0.034,0.304,"HCC-1L_normalized","ROI 1","Rest","wilcox","Spatial",0.25,0.05,0.05,29,2762,TRUE,FALSE,2,2160
"ARHGEF10L",-0.7588,0.00237414191456603,0.0179928382815251,0.31,0.722,"HCC-1L_normalized","ROI 1","Rest","wilcox","Spatial",0.25,0.05,0.05,29,2762,TRUE,FALSE,2,2160
"FABP1",-0.7578,1.25068685408857e-08,7.69981683228879e-07,0.966,0.989,"HCC-1L_normalized","ROI 1","Rest","wilcox","Spatial",0.25,0.05,0.05,29,2762,TRUE,FALSE,2,2160
"NFIL3",-0.7578,0.00186479833197114,0.0151569700357309,0.103,0.45,"HCC-1L_normalized","ROI 1","Rest","wilcox","Spatial",0.25,0.05,0.05,29,2762,TRUE,FALSE,2,2160
"IFITM3",-0.7572,4.96012058219341e-07,1.95396906888793e-05,0.966,0.988,"HCC-1L_normalized","ROI 1","Rest","wilcox","Spatial",0.25,0.05,0.05,29,2762,TRUE,FALSE,2,2160
"SPPL2A",-0.7571,0.00585594839670652,0.033711966952657,0.31,0.693,"HCC-1L_normalized","ROI 1","Rest","wilcox","Spatial",0.25,0.05,0.05,29,2762,TRUE,FALSE,2,2160
"PARK7",-0.7566,0.000154075308871728,0.0024140002734304,0.621,0.884,"HCC-1L_normalized","ROI 1","Rest","wilcox","Spatial",0.25,0.05,0.05,29,2762,TRUE,FALSE,2,2160
"ZNHIT3",-0.7563,0.0025691792989009,0.0189244958539946,0.069,0.377,"HCC-1L_normalized","ROI 1","Rest","wilcox","Spatial",0.25,0.05,0.05,29,2762,TRUE,FALSE,2,2160
"CSAD",-0.7553,0.00553749699233043,0.0324528290925215,0.103,0.387,"HCC-1L_normalized","ROI 1","Rest","wilcox","Spatial",0.25,0.05,0.05,29,2762,TRUE,FALSE,2,2160
"ACTB",0.7548,1.27608824005618e-10,1.36281015514571e-08,0.966,0.989,"HCC-1L_normalized","ROI 1","Rest","wilcox","Spatial",0.25,0.05,0.05,29,2762,TRUE,FALSE,2,2160
"ATP5ME",-0.7544,6.82229727820496e-07,2.56842314078033e-05,0.966,0.983,"HCC-1L_normalized","ROI 1","Rest","wilcox","Spatial",0.25,0.05,0.05,29,2762,TRUE,FALSE,2,2160
"ALDH2",-0.7538,0.000116739941412918,0.00193837217292913,0.69,0.959,"HCC-1L_normalized","ROI 1","Rest","wilcox","Spatial",0.25,0.05,0.05,29,2762,TRUE,FALSE,2,2160
"SRP19",-0.7538,0.000805789483280548,0.00866741287976794,0.172,0.573,"HCC-1L_normalized","ROI 1","Rest","wilcox","Spatial",0.25,0.05,0.05,29,2762,TRUE,FALSE,2,2160
"ADI1",-0.7538,0.00174198142813527,0.0144992093030884,0.586,0.943,"HCC-1L_normalized","ROI 1","Rest","wilcox","Spatial",0.25,0.05,0.05,29,2762,TRUE,FALSE,2,2160
"RPL11",0.7538,8.59734973369487e-11,9.8878969574561e-09,0.966,0.988,"HCC-1L_normalized","ROI 1","Rest","wilcox","Spatial",0.25,0.05,0.05,29,2762,TRUE,FALSE,2,2160
"ICMT",-0.7532,0.0017212210459356,0.0143769349295786,0.103,0.436,"HCC-1L_normalized","ROI 1","Rest","wilcox","Spatial",0.25,0.05,0.05,29,2762,TRUE,FALSE,2,2160
"SLC25A42",-0.7528,0.00577340608571782,0.0333652501894659,0.138,0.449,"HCC-1L_normalized","ROI 1","Rest","wilcox","Spatial",0.25,0.05,0.05,29,2762,TRUE,FALSE,2,2160
"SNRNP70",0.7511,0.00317839708582059,0.0218993442397619,0.862,0.894,"HCC-1L_normalized","ROI 1","Rest","wilcox","Spatial",0.25,0.05,0.05,29,2762,TRUE,FALSE,2,2160
"FBP1",-0.7498,0.001615627263007,0.0138259647871065,0.414,0.844,"HCC-1L_normalized","ROI 1","Rest","wilcox","Spatial",0.25,0.05,0.05,29,2762,TRUE,FALSE,2,2160
"GATA4",-0.7486,0.00661328214241924,0.0368751256806392,0.069,0.333,"HCC-1L_normalized","ROI 1","Rest","wilcox","Spatial",0.25,0.05,0.05,29,2762,TRUE,FALSE,2,2160
"LINC01146",-0.7483,0.00701500023562607,0.0381595594937954,0.103,0.388,"HCC-1L_normalized","ROI 1","Rest","wilcox","Spatial",0.25,0.05,0.05,29,2762,TRUE,FALSE,2,2160
"SCAND1",0.7479,0.00242962044982663,0.0182715767673448,0.828,0.899,"HCC-1L_normalized","ROI 1","Rest","wilcox","Spatial",0.25,0.05,0.05,29,2762,TRUE,FALSE,2,2160
"PID1",-0.7444,0.00243015811772825,0.0182715767673448,0.138,0.493,"HCC-1L_normalized","ROI 1","Rest","wilcox","Spatial",0.25,0.05,0.05,29,2762,TRUE,FALSE,2,2160
"VPS25",-0.7442,0.000568701046783951,0.00668016291317714,0.207,0.631,"HCC-1L_normalized","ROI 1","Rest","wilcox","Spatial",0.25,0.05,0.05,29,2762,TRUE,FALSE,2,2160
"UBE2F",-0.7434,0.0020177837963843,0.0159985797067864,0.103,0.445,"HCC-1L_normalized","ROI 1","Rest","wilcox","Spatial",0.25,0.05,0.05,29,2762,TRUE,FALSE,2,2160
"FAM110C",-0.7422,0.00896309548687825,0.0451215764144626,0.034,0.259,"HCC-1L_normalized","ROI 1","Rest","wilcox","Spatial",0.25,0.05,0.05,29,2762,TRUE,FALSE,2,2160
"PNPO",-0.742,0.000178622107925568,0.00270110102331632,0.172,0.657,"HCC-1L_normalized","ROI 1","Rest","wilcox","Spatial",0.25,0.05,0.05,29,2762,TRUE,FALSE,2,2160
"LIPA",-0.742,0.00170931651056508,0.0143692422486539,0.31,0.719,"HCC-1L_normalized","ROI 1","Rest","wilcox","Spatial",0.25,0.05,0.05,29,2762,TRUE,FALSE,2,2160
"ME1",-0.7413,0.000266153764741023,0.00367845934661554,0.034,0.394,"HCC-1L_normalized","ROI 1","Rest","wilcox","Spatial",0.25,0.05,0.05,29,2762,TRUE,FALSE,2,2160
"CDO1",-0.7409,0.000119979587724097,0.00197438107723334,0.345,0.81,"HCC-1L_normalized","ROI 1","Rest","wilcox","Spatial",0.25,0.05,0.05,29,2762,TRUE,FALSE,2,2160
"RPL23A",0.7408,1.62581521752947e-05,0.000391167403831342,0.931,0.985,"HCC-1L_normalized","ROI 1","Rest","wilcox","Spatial",0.25,0.05,0.05,29,2762,TRUE,FALSE,2,2160
"RNF5",-0.7402,0.00359929029187659,0.0240783085998934,0.276,0.709,"HCC-1L_normalized","ROI 1","Rest","wilcox","Spatial",0.25,0.05,0.05,29,2762,TRUE,FALSE,2,2160
"LAMB2",0.7397,0.00909039509024351,0.0454563186882411,0.759,0.861,"HCC-1L_normalized","ROI 1","Rest","wilcox","Spatial",0.25,0.05,0.05,29,2762,TRUE,FALSE,2,2160
"ACTG1",0.7396,2.12384556617933e-07,9.26173653984705e-06,0.966,0.982,"HCC-1L_normalized","ROI 1","Rest","wilcox","Spatial",0.25,0.05,0.05,29,2762,TRUE,FALSE,2,2160
"PTGFRN",-0.7386,0.00907482374962106,0.0454331807890478,0.069,0.323,"HCC-1L_normalized","ROI 1","Rest","wilcox","Spatial",0.25,0.05,0.05,29,2762,TRUE,FALSE,2,2160
"PSMF1",-0.7378,0.00286035616991224,0.0203511133067991,0.31,0.731,"HCC-1L_normalized","ROI 1","Rest","wilcox","Spatial",0.25,0.05,0.05,29,2762,TRUE,FALSE,2,2160
"RPL26",0.737,2.1489689883285e-06,7.11743969362217e-05,0.966,0.981,"HCC-1L_normalized","ROI 1","Rest","wilcox","Spatial",0.25,0.05,0.05,29,2762,TRUE,FALSE,2,2160
"SCP2",-0.7365,0.000140996233185343,0.00223800739977739,0.586,0.935,"HCC-1L_normalized","ROI 1","Rest","wilcox","Spatial",0.25,0.05,0.05,29,2762,TRUE,FALSE,2,2160
"COMMD1",-0.7361,0.00373177005763192,0.0247037984966323,0.103,0.419,"HCC-1L_normalized","ROI 1","Rest","wilcox","Spatial",0.25,0.05,0.05,29,2762,TRUE,FALSE,2,2160
"OSBPL9",-0.7347,0.00228396673305467,0.0174908693292637,0.207,0.605,"HCC-1L_normalized","ROI 1","Rest","wilcox","Spatial",0.25,0.05,0.05,29,2762,TRUE,FALSE,2,2160
"RPL29",0.7337,1.23588916591897e-10,1.3334861866503e-08,0.966,0.99,"HCC-1L_normalized","ROI 1","Rest","wilcox","Spatial",0.25,0.05,0.05,29,2762,TRUE,FALSE,2,2160
"PEX5",-0.7321,0.00866902843612135,0.0439370709987632,0.069,0.322,"HCC-1L_normalized","ROI 1","Rest","wilcox","Spatial",0.25,0.05,0.05,29,2762,TRUE,FALSE,2,2160
"PRDX3",-0.7319,0.00155864852986759,0.0134928168019803,0.414,0.836,"HCC-1L_normalized","ROI 1","Rest","wilcox","Spatial",0.25,0.05,0.05,29,2762,TRUE,FALSE,2,2160
"GNAI3",-0.7302,0.00225529433181132,0.0173295532081733,0.103,0.442,"HCC-1L_normalized","ROI 1","Rest","wilcox","Spatial",0.25,0.05,0.05,29,2762,TRUE,FALSE,2,2160
"PITPNB",-0.73,0.00169412510551328,0.0142644516124715,0.138,0.504,"HCC-1L_normalized","ROI 1","Rest","wilcox","Spatial",0.25,0.05,0.05,29,2762,TRUE,FALSE,2,2160
"MAPK6",-0.7294,0.000699312343086956,0.00780044319994781,0.103,0.491,"HCC-1L_normalized","ROI 1","Rest","wilcox","Spatial",0.25,0.05,0.05,29,2762,TRUE,FALSE,2,2160
"TFG",-0.729,0.000623782339739524,0.00717418238210314,0.241,0.71,"HCC-1L_normalized","ROI 1","Rest","wilcox","Spatial",0.25,0.05,0.05,29,2762,TRUE,FALSE,2,2160
"C2orf72",-0.7282,0.00244703489701071,0.0183224793252632,0.414,0.781,"HCC-1L_normalized","ROI 1","Rest","wilcox","Spatial",0.25,0.05,0.05,29,2762,TRUE,FALSE,2,2160
"ANKH",-0.7278,0.00673878777428278,0.0373874544020714,0.31,0.664,"HCC-1L_normalized","ROI 1","Rest","wilcox","Spatial",0.25,0.05,0.05,29,2762,TRUE,FALSE,2,2160
"HSD17B4",-0.7276,0.00194908487897104,0.0156434987295329,0.414,0.808,"HCC-1L_normalized","ROI 1","Rest","wilcox","Spatial",0.25,0.05,0.05,29,2762,TRUE,FALSE,2,2160
"MCTS1",-0.727,0.000344863259218339,0.00450604103742713,0.138,0.55,"HCC-1L_normalized","ROI 1","Rest","wilcox","Spatial",0.25,0.05,0.05,29,2762,TRUE,FALSE,2,2160
"C22orf39",-0.7246,0.00182457322314695,0.0148838529645019,0.172,0.557,"HCC-1L_normalized","ROI 1","Rest","wilcox","Spatial",0.25,0.05,0.05,29,2762,TRUE,FALSE,2,2160
"BTD",-0.7245,0.0085775398060355,0.0435614025040832,0.241,0.586,"HCC-1L_normalized","ROI 1","Rest","wilcox","Spatial",0.25,0.05,0.05,29,2762,TRUE,FALSE,2,2160
"TEX30",-0.7243,0.00376857982674415,0.0247750982831057,0.103,0.406,"HCC-1L_normalized","ROI 1","Rest","wilcox","Spatial",0.25,0.05,0.05,29,2762,TRUE,FALSE,2,2160
"FMO3",-0.7243,0.00257155645494477,0.0189268001810492,0.621,0.928,"HCC-1L_normalized","ROI 1","Rest","wilcox","Spatial",0.25,0.05,0.05,29,2762,TRUE,FALSE,2,2160
"RPL19",0.7236,1.31326802878834e-07,6.30489137123797e-06,0.966,0.987,"HCC-1L_normalized","ROI 1","Rest","wilcox","Spatial",0.25,0.05,0.05,29,2762,TRUE,FALSE,2,2160
"A1BG",-0.7232,4.67569735155772e-08,2.57557097270543e-06,1,0.993,"HCC-1L_normalized","ROI 1","Rest","wilcox","Spatial",0.25,0.05,0.05,29,2762,TRUE,FALSE,2,2160
"ISCA1",-0.7231,0.00588346219184545,0.0338517401318606,0.138,0.455,"HCC-1L_normalized","ROI 1","Rest","wilcox","Spatial",0.25,0.05,0.05,29,2762,TRUE,FALSE,2,2160
"SLIRP",-0.7227,0.00165535970786404,0.0140510905940836,0.517,0.815,"HCC-1L_normalized","ROI 1","Rest","wilcox","Spatial",0.25,0.05,0.05,29,2762,TRUE,FALSE,2,2160
"SMIM32",-0.7222,0.00142682715077537,0.0126018337215316,0.069,0.398,"HCC-1L_normalized","ROI 1","Rest","wilcox","Spatial",0.25,0.05,0.05,29,2762,TRUE,FALSE,2,2160
"FAM210B",-0.7222,0.00242502284221359,0.0182592007673435,0.138,0.494,"HCC-1L_normalized","ROI 1","Rest","wilcox","Spatial",0.25,0.05,0.05,29,2762,TRUE,FALSE,2,2160
"HACD3",-0.7218,0.0045362474059326,0.02809252387603,0.414,0.762,"HCC-1L_normalized","ROI 1","Rest","wilcox","Spatial",0.25,0.05,0.05,29,2762,TRUE,FALSE,2,2160
"BAAT",-0.7213,0.00655114828788512,0.0366475294854101,0.517,0.886,"HCC-1L_normalized","ROI 1","Rest","wilcox","Spatial",0.25,0.05,0.05,29,2762,TRUE,FALSE,2,2160
"WDR18",-0.7209,0.000892963429139418,0.0091535310963498,0.138,0.531,"HCC-1L_normalized","ROI 1","Rest","wilcox","Spatial",0.25,0.05,0.05,29,2762,TRUE,FALSE,2,2160
"NDUFB1",-0.7204,0.000208082605348478,0.00303313725289299,0.724,0.922,"HCC-1L_normalized","ROI 1","Rest","wilcox","Spatial",0.25,0.05,0.05,29,2762,TRUE,FALSE,2,2160
"RPL12",0.7204,2.87801414264018e-06,9.12701956551827e-05,0.966,0.989,"HCC-1L_normalized","ROI 1","Rest","wilcox","Spatial",0.25,0.05,0.05,29,2762,TRUE,FALSE,2,2160
"RNF130",-0.7195,0.00204643997119205,0.016119346018941,0.31,0.729,"HCC-1L_normalized","ROI 1","Rest","wilcox","Spatial",0.25,0.05,0.05,29,2762,TRUE,FALSE,2,2160
"GPAM",-0.7192,0.00396494660433096,0.0256948180563021,0.379,0.809,"HCC-1L_normalized","ROI 1","Rest","wilcox","Spatial",0.25,0.05,0.05,29,2762,TRUE,FALSE,2,2160
"HPGD",-0.7167,0.000537889815099323,0.00638996005088481,0.345,0.748,"HCC-1L_normalized","ROI 1","Rest","wilcox","Spatial",0.25,0.05,0.05,29,2762,TRUE,FALSE,2,2160
"HAAO",-0.7158,0.00171159510591484,0.0143718363561424,0.31,0.766,"HCC-1L_normalized","ROI 1","Rest","wilcox","Spatial",0.25,0.05,0.05,29,2762,TRUE,FALSE,2,2160
"COX7A2",-0.7156,0.000291053070825217,0.00396635604069886,0.69,0.94,"HCC-1L_normalized","ROI 1","Rest","wilcox","Spatial",0.25,0.05,0.05,29,2762,TRUE,FALSE,2,2160
"NUDT3",-0.7155,0.00168752165189877,0.0142432271038488,0.103,0.45,"HCC-1L_normalized","ROI 1","Rest","wilcox","Spatial",0.25,0.05,0.05,29,2762,TRUE,FALSE,2,2160
"FTL",-0.7147,2.01109275248797e-15,1.61908436519532e-12,1,0.997,"HCC-1L_normalized","ROI 1","Rest","wilcox","Spatial",0.25,0.05,0.05,29,2762,TRUE,FALSE,2,2160
"TIMM22",-0.7144,0.00330961643178193,0.0225657625895959,0.069,0.365,"HCC-1L_normalized","ROI 1","Rest","wilcox","Spatial",0.25,0.05,0.05,29,2762,TRUE,FALSE,2,2160
"FGG",-0.7143,2.36157466294062e-09,1.77814679297385e-07,1,0.992,"HCC-1L_normalized","ROI 1","Rest","wilcox","Spatial",0.25,0.05,0.05,29,2762,TRUE,FALSE,2,2160
"MCMBP",-0.7135,0.00362986818104382,0.0241667941366442,0.034,0.297,"HCC-1L_normalized","ROI 1","Rest","wilcox","Spatial",0.25,0.05,0.05,29,2762,TRUE,FALSE,2,2160
"OSTC",-0.7131,0.00174872355742664,0.0145024887100057,0.241,0.67,"HCC-1L_normalized","ROI 1","Rest","wilcox","Spatial",0.25,0.05,0.05,29,2762,TRUE,FALSE,2,2160
"DYM",-0.7128,0.00647356934547753,0.0364064356634969,0.069,0.335,"HCC-1L_normalized","ROI 1","Rest","wilcox","Spatial",0.25,0.05,0.05,29,2762,TRUE,FALSE,2,2160
"IVD",-0.7112,0.000811023885975547,0.00870223188450915,0.276,0.755,"HCC-1L_normalized","ROI 1","Rest","wilcox","Spatial",0.25,0.05,0.05,29,2762,TRUE,FALSE,2,2160
"MRPL30",-0.7097,0.00175995713516556,0.0145725564688629,0.034,0.325,"HCC-1L_normalized","ROI 1","Rest","wilcox","Spatial",0.25,0.05,0.05,29,2762,TRUE,FALSE,2,2160
"NOP16",-0.7093,0.00413627824911307,0.0264126224253919,0.034,0.292,"HCC-1L_normalized","ROI 1","Rest","wilcox","Spatial",0.25,0.05,0.05,29,2762,TRUE,FALSE,2,2160
"SDF2L1",-0.7086,0.00154184446054339,0.0134139186401056,0.552,0.835,"HCC-1L_normalized","ROI 1","Rest","wilcox","Spatial",0.25,0.05,0.05,29,2762,TRUE,FALSE,2,2160
"SERPINA11",-0.7085,0.000230925968827006,0.00330625333754233,0.586,0.911,"HCC-1L_normalized","ROI 1","Rest","wilcox","Spatial",0.25,0.05,0.05,29,2762,TRUE,FALSE,2,2160
"ZNF684",-0.7076,0.00829064804295089,0.0428070658201894,0.069,0.323,"HCC-1L_normalized","ROI 1","Rest","wilcox","Spatial",0.25,0.05,0.05,29,2762,TRUE,FALSE,2,2160
"AMBP",-0.7074,4.11989124205674e-12,7.98495958136405e-10,0.966,0.993,"HCC-1L_normalized","ROI 1","Rest","wilcox","Spatial",0.25,0.05,0.05,29,2762,TRUE,FALSE,2,2160
"GAS2L1",-0.7072,0.00807625133806251,0.0421156185870265,0.069,0.325,"HCC-1L_normalized","ROI 1","Rest","wilcox","Spatial",0.25,0.05,0.05,29,2762,TRUE,FALSE,2,2160
"EGR1",0.706,0.000169970545671118,0.00260591705977164,0.931,0.933,"HCC-1L_normalized","ROI 1","Rest","wilcox","Spatial",0.25,0.05,0.05,29,2762,TRUE,FALSE,2,2160
"SDHB",-0.706,0.00199959723219476,0.0159025719089288,0.379,0.776,"HCC-1L_normalized","ROI 1","Rest","wilcox","Spatial",0.25,0.05,0.05,29,2762,TRUE,FALSE,2,2160
"CMC2",-0.7057,0.00343203122111183,0.0231889210846716,0.069,0.362,"HCC-1L_normalized","ROI 1","Rest","wilcox","Spatial",0.25,0.05,0.05,29,2762,TRUE,FALSE,2,2160
"OCIAD1",-0.7053,0.00151457622877837,0.0132427358482827,0.517,0.805,"HCC-1L_normalized","ROI 1","Rest","wilcox","Spatial",0.25,0.05,0.05,29,2762,TRUE,FALSE,2,2160
"SMIM4",-0.7052,0.00255481104121169,0.0188965741041141,0.241,0.657,"HCC-1L_normalized","ROI 1","Rest","wilcox","Spatial",0.25,0.05,0.05,29,2762,TRUE,FALSE,2,2160
"PSMC4",-0.7043,0.00033163586841853,0.00437141183736567,0.345,0.766,"HCC-1L_normalized","ROI 1","Rest","wilcox","Spatial",0.25,0.05,0.05,29,2762,TRUE,FALSE,2,2160
"MEST",-0.7034,0.000642290111629869,0.00732266700252528,0.103,0.47,"HCC-1L_normalized","ROI 1","Rest","wilcox","Spatial",0.25,0.05,0.05,29,2762,TRUE,FALSE,2,2160
"PMM1",-0.7007,0.00162670139612266,0.0139079953374799,0.207,0.614,"HCC-1L_normalized","ROI 1","Rest","wilcox","Spatial",0.25,0.05,0.05,29,2762,TRUE,FALSE,2,2160
"ATIC",-0.7007,0.00171891346338062,0.0143723753312387,0.103,0.451,"HCC-1L_normalized","ROI 1","Rest","wilcox","Spatial",0.25,0.05,0.05,29,2762,TRUE,FALSE,2,2160
"PGRMC2",-0.7006,0.000990799082030422,0.0097643156238516,0.31,0.765,"HCC-1L_normalized","ROI 1","Rest","wilcox","Spatial",0.25,0.05,0.05,29,2762,TRUE,FALSE,2,2160
"KRTCAP2",-0.6988,0.00185620006674522,0.0151065240268705,0.207,0.6,"HCC-1L_normalized","ROI 1","Rest","wilcox","Spatial",0.25,0.05,0.05,29,2762,TRUE,FALSE,2,2160
"TMEM41B",-0.6988,0.00551731833588607,0.0324223771495697,0.241,0.618,"HCC-1L_normalized","ROI 1","Rest","wilcox","Spatial",0.25,0.05,0.05,29,2762,TRUE,FALSE,2,2160
"MT1M",-0.6987,0.000386826769550635,0.00492768259291852,0.241,0.715,"HCC-1L_normalized","ROI 1","Rest","wilcox","Spatial",0.25,0.05,0.05,29,2762,TRUE,FALSE,2,2160
"SLC27A5",-0.6984,0.000102986502622867,0.00175546699747708,0.828,0.974,"HCC-1L_normalized","ROI 1","Rest","wilcox","Spatial",0.25,0.05,0.05,29,2762,TRUE,FALSE,2,2160
"YTHDF3",-0.6964,0.00266758546133574,0.0193612686812343,0.207,0.571,"HCC-1L_normalized","ROI 1","Rest","wilcox","Spatial",0.25,0.05,0.05,29,2762,TRUE,FALSE,2,2160
"MRPL13",-0.6933,0.00147815359291619,0.0130112325512707,0.241,0.619,"HCC-1L_normalized","ROI 1","Rest","wilcox","Spatial",0.25,0.05,0.05,29,2762,TRUE,FALSE,2,2160
"ARG1",-0.693,0.00902912211253576,0.0452797278532819,0.517,0.897,"HCC-1L_normalized","ROI 1","Rest","wilcox","Spatial",0.25,0.05,0.05,29,2762,TRUE,FALSE,2,2160
"MICU2",-0.6923,0.00562184720920697,0.0327972424144705,0.069,0.331,"HCC-1L_normalized","ROI 1","Rest","wilcox","Spatial",0.25,0.05,0.05,29,2762,TRUE,FALSE,2,2160
"RXRA",-0.6919,0.000180527930709962,0.00271856880979922,0.276,0.766,"HCC-1L_normalized","ROI 1","Rest","wilcox","Spatial",0.25,0.05,0.05,29,2762,TRUE,FALSE,2,2160
"PLEKHA4",-0.6906,0.00837883212687502,0.0430117103810682,0.069,0.323,"HCC-1L_normalized","ROI 1","Rest","wilcox","Spatial",0.25,0.05,0.05,29,2762,TRUE,FALSE,2,2160
"PDE3B",-0.6898,0.00870887003947383,0.0440749680044164,0.034,0.261,"HCC-1L_normalized","ROI 1","Rest","wilcox","Spatial",0.25,0.05,0.05,29,2762,TRUE,FALSE,2,2160
"HSPE1",-0.688,0.000103944319544312,0.00176604098758241,0.724,0.941,"HCC-1L_normalized","ROI 1","Rest","wilcox","Spatial",0.25,0.05,0.05,29,2762,TRUE,FALSE,2,2160
"SYT7",-0.6876,0.0010017234957703,0.00980733218590455,0.172,0.592,"HCC-1L_normalized","ROI 1","Rest","wilcox","Spatial",0.25,0.05,0.05,29,2762,TRUE,FALSE,2,2160
"GBE1",-0.6875,0.000715513080808096,0.00790766621302802,0.103,0.485,"HCC-1L_normalized","ROI 1","Rest","wilcox","Spatial",0.25,0.05,0.05,29,2762,TRUE,FALSE,2,2160
"MINOS1",-0.6871,0.00179071710189645,0.0147527068171343,0.31,0.731,"HCC-1L_normalized","ROI 1","Rest","wilcox","Spatial",0.25,0.05,0.05,29,2762,TRUE,FALSE,2,2160
"OXA1L",-0.6869,0.000315335925772216,0.00420424054754778,0.31,0.793,"HCC-1L_normalized","ROI 1","Rest","wilcox","Spatial",0.25,0.05,0.05,29,2762,TRUE,FALSE,2,2160
"DPP3",-0.6868,0.00469775999714695,0.0288030205800469,0.069,0.349,"HCC-1L_normalized","ROI 1","Rest","wilcox","Spatial",0.25,0.05,0.05,29,2762,TRUE,FALSE,2,2160
"LEPR",-0.6856,0.00618482323778647,0.0350842059656766,0.172,0.512,"HCC-1L_normalized","ROI 1","Rest","wilcox","Spatial",0.25,0.05,0.05,29,2762,TRUE,FALSE,2,2160
"RBP5",-0.6851,0.00120387761224071,0.0111363437047735,0.207,0.612,"HCC-1L_normalized","ROI 1","Rest","wilcox","Spatial",0.25,0.05,0.05,29,2762,TRUE,FALSE,2,2160
"BSDC1",-0.685,0.000420786994373707,0.00529321716720579,0.103,0.509,"HCC-1L_normalized","ROI 1","Rest","wilcox","Spatial",0.25,0.05,0.05,29,2762,TRUE,FALSE,2,2160
"PHYH",-0.6845,0.00239380476876375,0.0181022837499143,0.552,0.884,"HCC-1L_normalized","ROI 1","Rest","wilcox","Spatial",0.25,0.05,0.05,29,2762,TRUE,FALSE,2,2160
"PSMG4",-0.684,0.00250790532243759,0.0186418587390851,0.069,0.375,"HCC-1L_normalized","ROI 1","Rest","wilcox","Spatial",0.25,0.05,0.05,29,2762,TRUE,FALSE,2,2160
"SNTB1",-0.6838,0.000531086870940253,0.00632349851110431,0.138,0.561,"HCC-1L_normalized","ROI 1","Rest","wilcox","Spatial",0.25,0.05,0.05,29,2762,TRUE,FALSE,2,2160
"GSTO1",-0.6838,0.000929800866133408,0.00935701525476177,0.69,0.971,"HCC-1L_normalized","ROI 1","Rest","wilcox","Spatial",0.25,0.05,0.05,29,2762,TRUE,FALSE,2,2160
"CALD1",0.6837,7.05723370181135e-05,0.0013110018652146,0.897,0.904,"HCC-1L_normalized","ROI 1","Rest","wilcox","Spatial",0.25,0.05,0.05,29,2762,TRUE,FALSE,2,2160
"ALAS1",-0.6836,0.000542074984484951,0.00642580446937062,0.241,0.728,"HCC-1L_normalized","ROI 1","Rest","wilcox","Spatial",0.25,0.05,0.05,29,2762,TRUE,FALSE,2,2160
"BCAS2",-0.6833,0.00228454217209091,0.0174908693292637,0.103,0.441,"HCC-1L_normalized","ROI 1","Rest","wilcox","Spatial",0.25,0.05,0.05,29,2762,TRUE,FALSE,2,2160
"C8A",-0.6824,6.13731824340233e-05,0.00117428103721113,0.552,0.908,"HCC-1L_normalized","ROI 1","Rest","wilcox","Spatial",0.25,0.05,0.05,29,2762,TRUE,FALSE,2,2160
"MRPS18C",-0.6817,0.0082812974114307,0.0427798907739554,0.207,0.549,"HCC-1L_normalized","ROI 1","Rest","wilcox","Spatial",0.25,0.05,0.05,29,2762,TRUE,FALSE,2,2160
"SRPRB",-0.6814,0.00184328358466051,0.0150130785969314,0.207,0.623,"HCC-1L_normalized","ROI 1","Rest","wilcox","Spatial",0.25,0.05,0.05,29,2762,TRUE,FALSE,2,2160
"HNRNPU",0.6804,0.00118789188567118,0.0110510902003863,0.793,0.809,"HCC-1L_normalized","ROI 1","Rest","wilcox","Spatial",0.25,0.05,0.05,29,2762,TRUE,FALSE,2,2160
"LSM4",-0.6801,0.00748229555484936,0.0398117464550348,0.414,0.768,"HCC-1L_normalized","ROI 1","Rest","wilcox","Spatial",0.25,0.05,0.05,29,2762,TRUE,FALSE,2,2160
"SLC2A10",-0.6795,0.00128139271996302,0.0116464836698356,0.138,0.522,"HCC-1L_normalized","ROI 1","Rest","wilcox","Spatial",0.25,0.05,0.05,29,2762,TRUE,FALSE,2,2160
"MGMT",-0.6789,0.00867345726461723,0.0439382399474753,0.517,0.877,"HCC-1L_normalized","ROI 1","Rest","wilcox","Spatial",0.25,0.05,0.05,29,2762,TRUE,FALSE,2,2160
"MST1",-0.6788,0.000371330464255475,0.00477550770773965,0.621,0.946,"HCC-1L_normalized","ROI 1","Rest","wilcox","Spatial",0.25,0.05,0.05,29,2762,TRUE,FALSE,2,2160
"PVR",-0.6783,0.00270389639396882,0.0195570004556169,0.138,0.492,"HCC-1L_normalized","ROI 1","Rest","wilcox","Spatial",0.25,0.05,0.05,29,2762,TRUE,FALSE,2,2160
"SARS",-0.6782,0.00138843946892633,0.0123356600015136,0.31,0.756,"HCC-1L_normalized","ROI 1","Rest","wilcox","Spatial",0.25,0.05,0.05,29,2762,TRUE,FALSE,2,2160
"ATP5PF",-0.678,0.000701771888246692,0.00780525460402751,0.586,0.924,"HCC-1L_normalized","ROI 1","Rest","wilcox","Spatial",0.25,0.05,0.05,29,2762,TRUE,FALSE,2,2160
"MRPS35",-0.6777,0.00171745604615661,0.0143723753312387,0.138,0.514,"HCC-1L_normalized","ROI 1","Rest","wilcox","Spatial",0.25,0.05,0.05,29,2762,TRUE,FALSE,2,2160
"XPOT",-0.6776,0.00360339303620111,0.0240783085998934,0.069,0.361,"HCC-1L_normalized","ROI 1","Rest","wilcox","Spatial",0.25,0.05,0.05,29,2762,TRUE,FALSE,2,2160
"SLC17A4",-0.6774,0.00481051886321237,0.02928847610377,0.172,0.527,"HCC-1L_normalized","ROI 1","Rest","wilcox","Spatial",0.25,0.05,0.05,29,2762,TRUE,FALSE,2,2160
"CES1",-0.6771,0.00421787458820104,0.0268028387614524,0.966,0.991,"HCC-1L_normalized","ROI 1","Rest","wilcox","Spatial",0.25,0.05,0.05,29,2762,TRUE,FALSE,2,2160
"TM4SF5",-0.6771,0.000844129522543726,0.00885526558148521,0.276,0.729,"HCC-1L_normalized","ROI 1","Rest","wilcox","Spatial",0.25,0.05,0.05,29,2762,TRUE,FALSE,2,2160
"SLC25A18",-0.6759,0.00312710838898076,0.0216600373256603,0.241,0.632,"HCC-1L_normalized","ROI 1","Rest","wilcox","Spatial",0.25,0.05,0.05,29,2762,TRUE,FALSE,2,2160
"FARP1",-0.6757,0.00121573806277833,0.0112203832143193,0.241,0.683,"HCC-1L_normalized","ROI 1","Rest","wilcox","Spatial",0.25,0.05,0.05,29,2762,TRUE,FALSE,2,2160
"RAI14",-0.6748,0.00111932896428576,0.0106365326844957,0.103,0.458,"HCC-1L_normalized","ROI 1","Rest","wilcox","Spatial",0.25,0.05,0.05,29,2762,TRUE,FALSE,2,2160
"ECI2",-0.6741,0.00276454545059618,0.0198720691524311,0.483,0.834,"HCC-1L_normalized","ROI 1","Rest","wilcox","Spatial",0.25,0.05,0.05,29,2762,TRUE,FALSE,2,2160
"SIRT7",-0.6734,0.0043189037355858,0.0273121731097528,0.069,0.352,"HCC-1L_normalized","ROI 1","Rest","wilcox","Spatial",0.25,0.05,0.05,29,2762,TRUE,FALSE,2,2160
"HAO2",-0.6729,0.00526824389675637,0.0313403987178465,0.448,0.78,"HCC-1L_normalized","ROI 1","Rest","wilcox","Spatial",0.25,0.05,0.05,29,2762,TRUE,FALSE,2,2160
"POP5",-0.6725,0.00199697944323469,0.0158938303063835,0.103,0.445,"HCC-1L_normalized","ROI 1","Rest","wilcox","Spatial",0.25,0.05,0.05,29,2762,TRUE,FALSE,2,2160
"LAMTOR4",0.6723,0.000634279445461673,0.00725504773355396,0.862,0.916,"HCC-1L_normalized","ROI 1","Rest","wilcox","Spatial",0.25,0.05,0.05,29,2762,TRUE,FALSE,2,2160
"TOMM7",0.672,8.35950950874714e-06,0.000224911636294467,0.862,0.949,"HCC-1L_normalized","ROI 1","Rest","wilcox","Spatial",0.25,0.05,0.05,29,2762,TRUE,FALSE,2,2160
"PPP2CB",-0.6702,0.00523284547967987,0.0312240369386143,0.241,0.625,"HCC-1L_normalized","ROI 1","Rest","wilcox","Spatial",0.25,0.05,0.05,29,2762,TRUE,FALSE,2,2160
"APOC3",-0.6699,1.48547887680597e-11,2.35560938252292e-09,1,0.994,"HCC-1L_normalized","ROI 1","Rest","wilcox","Spatial",0.25,0.05,0.05,29,2762,TRUE,FALSE,2,2160
"TTLL12",-0.6699,0.00572649115733073,0.0331865929739512,0.103,0.399,"HCC-1L_normalized","ROI 1","Rest","wilcox","Spatial",0.25,0.05,0.05,29,2762,TRUE,FALSE,2,2160
"RPL5",0.6692,4.77660738732991e-05,0.000963236472365989,0.966,0.984,"HCC-1L_normalized","ROI 1","Rest","wilcox","Spatial",0.25,0.05,0.05,29,2762,TRUE,FALSE,2,2160
"OCLN",-0.668,0.00271063552945837,0.0195651803112492,0.207,0.603,"HCC-1L_normalized","ROI 1","Rest","wilcox","Spatial",0.25,0.05,0.05,29,2762,TRUE,FALSE,2,2160
"VTN",-0.6678,1.01799553926078e-12,2.59861983265935e-10,1,0.992,"HCC-1L_normalized","ROI 1","Rest","wilcox","Spatial",0.25,0.05,0.05,29,2762,TRUE,FALSE,2,2160
"RPL13A",0.6672,1.09889757462692e-09,9.05595434334283e-08,0.966,0.99,"HCC-1L_normalized","ROI 1","Rest","wilcox","Spatial",0.25,0.05,0.05,29,2762,TRUE,FALSE,2,2160
"FN3KRP",-0.6667,0.00809058613227505,0.0421503421838835,0.069,0.316,"HCC-1L_normalized","ROI 1","Rest","wilcox","Spatial",0.25,0.05,0.05,29,2762,TRUE,FALSE,2,2160
"CBR1",-0.6644,0.00251545447832825,0.0186714514682152,0.483,0.883,"HCC-1L_normalized","ROI 1","Rest","wilcox","Spatial",0.25,0.05,0.05,29,2762,TRUE,FALSE,2,2160
"HNRNPH2",-0.6636,0.00329426799520394,0.0224757554353354,0.172,0.545,"HCC-1L_normalized","ROI 1","Rest","wilcox","Spatial",0.25,0.05,0.05,29,2762,TRUE,FALSE,2,2160
"LAPTM4A",-0.6633,0.00182292265661115,0.0148819879283091,0.552,0.87,"HCC-1L_normalized","ROI 1","Rest","wilcox","Spatial",0.25,0.05,0.05,29,2762,TRUE,FALSE,2,2160
"MPST",-0.6631,0.000270892203646258,0.00373319474373947,0.793,0.954,"HCC-1L_normalized","ROI 1","Rest","wilcox","Spatial",0.25,0.05,0.05,29,2762,TRUE,FALSE,2,2160
"DHTKD1",-0.6627,0.0028307386261659,0.0201815466358667,0.241,0.625,"HCC-1L_normalized","ROI 1","Rest","wilcox","Spatial",0.25,0.05,0.05,29,2762,TRUE,FALSE,2,2160
"IER5",-0.6622,0.0075021432535744,0.0398768061411425,0.103,0.386,"HCC-1L_normalized","ROI 1","Rest","wilcox","Spatial",0.25,0.05,0.05,29,2762,TRUE,FALSE,2,2160
"GSR",-0.6614,0.00889291682495,0.0447898303608887,0.207,0.529,"HCC-1L_normalized","ROI 1","Rest","wilcox","Spatial",0.25,0.05,0.05,29,2762,TRUE,FALSE,2,2160
"GNG12",-0.661,0.00439541965791877,0.0276378083196764,0.172,0.505,"HCC-1L_normalized","ROI 1","Rest","wilcox","Spatial",0.25,0.05,0.05,29,2762,TRUE,FALSE,2,2160
"AC022613.1",-0.6609,0.0029203863895348,0.0206518675357238,0.034,0.306,"HCC-1L_normalized","ROI 1","Rest","wilcox","Spatial",0.25,0.05,0.05,29,2762,TRUE,FALSE,2,2160
"FGF21",-0.66,0.000731961252904039,0.00803357661515477,0.172,0.595,"HCC-1L_normalized","ROI 1","Rest","wilcox","Spatial",0.25,0.05,0.05,29,2762,TRUE,FALSE,2,2160
"NDUFB9",-0.6596,0.000707034360310131,0.00785490649259714,0.724,0.886,"HCC-1L_normalized","ROI 1","Rest","wilcox","Spatial",0.25,0.05,0.05,29,2762,TRUE,FALSE,2,2160
"ZRANB1",-0.6589,0.00786395767498534,0.0413534924191143,0.138,0.45,"HCC-1L_normalized","ROI 1","Rest","wilcox","Spatial",0.25,0.05,0.05,29,2762,TRUE,FALSE,2,2160
"LDHA",-0.6586,0.000990625850792396,0.0097643156238516,0.759,0.936,"HCC-1L_normalized","ROI 1","Rest","wilcox","Spatial",0.25,0.05,0.05,29,2762,TRUE,FALSE,2,2160
"PC",-0.6585,0.00126701423476196,0.0115409669112434,0.414,0.857,"HCC-1L_normalized","ROI 1","Rest","wilcox","Spatial",0.25,0.05,0.05,29,2762,TRUE,FALSE,2,2160
"FOLH1",-0.6579,0.00280335177626538,0.0200683171616918,0.069,0.37,"HCC-1L_normalized","ROI 1","Rest","wilcox","Spatial",0.25,0.05,0.05,29,2762,TRUE,FALSE,2,2160
"CWC15",-0.6578,0.00441154138506866,0.0276639857016948,0.207,0.583,"HCC-1L_normalized","ROI 1","Rest","wilcox","Spatial",0.25,0.05,0.05,29,2762,TRUE,FALSE,2,2160
"NDUFB10",0.6578,0.00152917175827621,0.0133258215005152,0.793,0.85,"HCC-1L_normalized","ROI 1","Rest","wilcox","Spatial",0.25,0.05,0.05,29,2762,TRUE,FALSE,2,2160
"PERP",-0.6576,0.00187897319313054,0.0152208463152509,0.379,0.821,"HCC-1L_normalized","ROI 1","Rest","wilcox","Spatial",0.25,0.05,0.05,29,2762,TRUE,FALSE,2,2160
"ATP5MF",-0.656,0.000125033611542429,0.00204789010704704,0.793,0.945,"HCC-1L_normalized","ROI 1","Rest","wilcox","Spatial",0.25,0.05,0.05,29,2762,TRUE,FALSE,2,2160
"ARL6IP4",0.6554,0.006834874056279,0.0377665677520226,0.897,0.946,"HCC-1L_normalized","ROI 1","Rest","wilcox","Spatial",0.25,0.05,0.05,29,2762,TRUE,FALSE,2,2160
"MARC2",-0.655,0.00297918564821238,0.0209405763216406,0.31,0.689,"HCC-1L_normalized","ROI 1","Rest","wilcox","Spatial",0.25,0.05,0.05,29,2762,TRUE,FALSE,2,2160
"TPT1",0.6546,3.35054721734083e-10,3.10325904218487e-08,0.966,0.991,"HCC-1L_normalized","ROI 1","Rest","wilcox","Spatial",0.25,0.05,0.05,29,2762,TRUE,FALSE,2,2160
"RPL28",0.6542,1.17015564285276e-08,7.32105518246168e-07,0.966,0.99,"HCC-1L_normalized","ROI 1","Rest","wilcox","Spatial",0.25,0.05,0.05,29,2762,TRUE,FALSE,2,2160
"ATP5MC3",-0.6536,0.000278157274240016,0.00381545744717695,0.759,0.926,"HCC-1L_normalized","ROI 1","Rest","wilcox","Spatial",0.25,0.05,0.05,29,2762,TRUE,FALSE,2,2160
"SSR4",0.6535,0.000112724419640928,0.00189066310250313,0.931,0.975,"HCC-1L_normalized","ROI 1","Rest","wilcox","Spatial",0.25,0.05,0.05,29,2762,TRUE,FALSE,2,2160
"PDIA6",-0.6525,0.000483892143183268,0.00588943073991317,0.759,0.92,"HCC-1L_normalized","ROI 1","Rest","wilcox","Spatial",0.25,0.05,0.05,29,2762,TRUE,FALSE,2,2160
"RPL24",0.6523,1.23853556183695e-06,4.32083773006185e-05,0.966,0.985,"HCC-1L_normalized","ROI 1","Rest","wilcox","Spatial",0.25,0.05,0.05,29,2762,TRUE,FALSE,2,2160
"NDUFA4",-0.652,0.000121192033655197,0.00199120223584818,0.828,0.978,"HCC-1L_normalized","ROI 1","Rest","wilcox","Spatial",0.25,0.05,0.05,29,2762,TRUE,FALSE,2,2160
"SNU13",-0.6513,0.00352834213183973,0.0237171668284101,0.345,0.735,"HCC-1L_normalized","ROI 1","Rest","wilcox","Spatial",0.25,0.05,0.05,29,2762,TRUE,FALSE,2,2160
"TAGLN2",0.6511,0.00100911849071323,0.0098429022589046,0.897,0.911,"HCC-1L_normalized","ROI 1","Rest","wilcox","Spatial",0.25,0.05,0.05,29,2762,TRUE,FALSE,2,2160
"GMNN",-0.6508,0.00215518808026628,0.0167330849021268,0.103,0.445,"HCC-1L_normalized","ROI 1","Rest","wilcox","Spatial",0.25,0.05,0.05,29,2762,TRUE,FALSE,2,2160
"EEF2",0.6508,3.97376898531999e-06,0.0001202007693652,0.966,0.983,"HCC-1L_normalized","ROI 1","Rest","wilcox","Spatial",0.25,0.05,0.05,29,2762,TRUE,FALSE,2,2160
"SP100",-0.6504,0.00454190369041595,0.0281109189969801,0.138,0.47,"HCC-1L_normalized","ROI 1","Rest","wilcox","Spatial",0.25,0.05,0.05,29,2762,TRUE,FALSE,2,2160
"ZFAND2A",-0.65,0.000852268087514294,0.0089020337364517,0.138,0.517,"HCC-1L_normalized","ROI 1","Rest","wilcox","Spatial",0.25,0.05,0.05,29,2762,TRUE,FALSE,2,2160
"BCKDK",-0.6484,0.000732279007343555,0.00803357661515477,0.207,0.656,"HCC-1L_normalized","ROI 1","Rest","wilcox","Spatial",0.25,0.05,0.05,29,2762,TRUE,FALSE,2,2160
"GOT1",-0.6479,0.00790980860243555,0.0414542097311419,0.345,0.742,"HCC-1L_normalized","ROI 1","Rest","wilcox","Spatial",0.25,0.05,0.05,29,2762,TRUE,FALSE,2,2160
"DESI1",-0.6472,0.00261569830805878,0.0191306069127485,0.207,0.615,"HCC-1L_normalized","ROI 1","Rest","wilcox","Spatial",0.25,0.05,0.05,29,2762,TRUE,FALSE,2,2160
"MLLT1",-0.6467,0.00607435675722381,0.0346453503112285,0.138,0.459,"HCC-1L_normalized","ROI 1","Rest","wilcox","Spatial",0.25,0.05,0.05,29,2762,TRUE,FALSE,2,2160
"GDE1",-0.6461,0.00460807350212887,0.0284363781092457,0.069,0.346,"HCC-1L_normalized","ROI 1","Rest","wilcox","Spatial",0.25,0.05,0.05,29,2762,TRUE,FALSE,2,2160
"ASGR2",-0.646,0.000518403408276749,0.00622917344549306,0.69,0.964,"HCC-1L_normalized","ROI 1","Rest","wilcox","Spatial",0.25,0.05,0.05,29,2762,TRUE,FALSE,2,2160
"PPIF",-0.6449,0.00429034861258244,0.0271479979318548,0.276,0.686,"HCC-1L_normalized","ROI 1","Rest","wilcox","Spatial",0.25,0.05,0.05,29,2762,TRUE,FALSE,2,2160
"MIEN1",-0.6447,0.00181296207613337,0.0148562478421407,0.207,0.621,"HCC-1L_normalized","ROI 1","Rest","wilcox","Spatial",0.25,0.05,0.05,29,2762,TRUE,FALSE,2,2160
"MYOM1",-0.6445,0.000925286718453368,0.00934753937773451,0.069,0.413,"HCC-1L_normalized","ROI 1","Rest","wilcox","Spatial",0.25,0.05,0.05,29,2762,TRUE,FALSE,2,2160
"C11orf54",-0.6441,0.00169292796345248,0.0142644516124715,0.207,0.605,"HCC-1L_normalized","ROI 1","Rest","wilcox","Spatial",0.25,0.05,0.05,29,2762,TRUE,FALSE,2,2160
"NME1",-0.6436,0.000666829421926799,0.00752862646158132,0.207,0.65,"HCC-1L_normalized","ROI 1","Rest","wilcox","Spatial",0.25,0.05,0.05,29,2762,TRUE,FALSE,2,2160
"GADD45GIP1",0.6432,0.0060134313046851,0.034335282070286,0.759,0.891,"HCC-1L_normalized","ROI 1","Rest","wilcox","Spatial",0.25,0.05,0.05,29,2762,TRUE,FALSE,2,2160
"LAMP2",-0.6415,0.00575542333340218,0.0332980987326629,0.552,0.902,"HCC-1L_normalized","ROI 1","Rest","wilcox","Spatial",0.25,0.05,0.05,29,2762,TRUE,FALSE,2,2160
"SLC25A33",-0.6414,0.00223884608218993,0.0172546120001471,0.138,0.495,"HCC-1L_normalized","ROI 1","Rest","wilcox","Spatial",0.25,0.05,0.05,29,2762,TRUE,FALSE,2,2160
"LEO1",-0.6401,0.00629176062715613,0.0355559215571361,0.069,0.337,"HCC-1L_normalized","ROI 1","Rest","wilcox","Spatial",0.25,0.05,0.05,29,2762,TRUE,FALSE,2,2160
"FBXL5",-0.6398,0.00246010051281107,0.0183573073915852,0.207,0.621,"HCC-1L_normalized","ROI 1","Rest","wilcox","Spatial",0.25,0.05,0.05,29,2762,TRUE,FALSE,2,2160
"CHERP",-0.6395,0.00158350734688025,0.0136291018852374,0.069,0.394,"HCC-1L_normalized","ROI 1","Rest","wilcox","Spatial",0.25,0.05,0.05,29,2762,TRUE,FALSE,2,2160
"GCAT",-0.6387,0.00837959845853221,0.0430117103810682,0.103,0.38,"HCC-1L_normalized","ROI 1","Rest","wilcox","Spatial",0.25,0.05,0.05,29,2762,TRUE,FALSE,2,2160
"FRAT2",-0.6383,0.00901863563929604,0.0452705230699628,0.034,0.259,"HCC-1L_normalized","ROI 1","Rest","wilcox","Spatial",0.25,0.05,0.05,29,2762,TRUE,FALSE,2,2160
"GNB2",0.6378,0.000544765390246503,0.00644967712027138,0.897,0.89,"HCC-1L_normalized","ROI 1","Rest","wilcox","Spatial",0.25,0.05,0.05,29,2762,TRUE,FALSE,2,2160
"RPL38",0.6374,6.86057799633333e-06,0.000193018304595765,0.966,0.983,"HCC-1L_normalized","ROI 1","Rest","wilcox","Spatial",0.25,0.05,0.05,29,2762,TRUE,FALSE,2,2160
"CNDP2",-0.6352,0.00235656199857489,0.0179266994794724,0.345,0.757,"HCC-1L_normalized","ROI 1","Rest","wilcox","Spatial",0.25,0.05,0.05,29,2762,TRUE,FALSE,2,2160
"KIAA0319L",-0.6351,0.00653622290295392,0.0366145503952327,0.207,0.577,"HCC-1L_normalized","ROI 1","Rest","wilcox","Spatial",0.25,0.05,0.05,29,2762,TRUE,FALSE,2,2160
"C11orf24",-0.6348,0.00141896441998956,0.012550377174456,0.103,0.457,"HCC-1L_normalized","ROI 1","Rest","wilcox","Spatial",0.25,0.05,0.05,29,2762,TRUE,FALSE,2,2160
"REEP6",-0.6346,0.00307134746544603,0.0213728208599456,0.448,0.877,"HCC-1L_normalized","ROI 1","Rest","wilcox","Spatial",0.25,0.05,0.05,29,2762,TRUE,FALSE,2,2160
"NDUFA2",-0.6344,0.000241520522915448,0.00341243861723879,0.69,0.923,"HCC-1L_normalized","ROI 1","Rest","wilcox","Spatial",0.25,0.05,0.05,29,2762,TRUE,FALSE,2,2160
"CES3",-0.6341,0.00527031356233611,0.0313403987178465,0.103,0.406,"HCC-1L_normalized","ROI 1","Rest","wilcox","Spatial",0.25,0.05,0.05,29,2762,TRUE,FALSE,2,2160
"PSMB7",-0.6321,0.0018679208335672,0.0151665317642469,0.379,0.821,"HCC-1L_normalized","ROI 1","Rest","wilcox","Spatial",0.25,0.05,0.05,29,2762,TRUE,FALSE,2,2160
"NFKBIZ",-0.6321,0.00342463277732805,0.0231688472188205,0.138,0.464,"HCC-1L_normalized","ROI 1","Rest","wilcox","Spatial",0.25,0.05,0.05,29,2762,TRUE,FALSE,2,2160
"RABAC1",0.6321,0.00119580281010322,0.0110852721085388,0.828,0.879,"HCC-1L_normalized","ROI 1","Rest","wilcox","Spatial",0.25,0.05,0.05,29,2762,TRUE,FALSE,2,2160
"SPATS2L",-0.6316,0.00161415542377221,0.0138246732121113,0.31,0.719,"HCC-1L_normalized","ROI 1","Rest","wilcox","Spatial",0.25,0.05,0.05,29,2762,TRUE,FALSE,2,2160
"SDC2",-0.6314,0.000223224102813081,0.00321799374661392,0.621,0.902,"HCC-1L_normalized","ROI 1","Rest","wilcox","Spatial",0.25,0.05,0.05,29,2762,TRUE,FALSE,2,2160
"SLC7A2",-0.6314,0.00030482039238705,0.00411114719938514,0.172,0.651,"HCC-1L_normalized","ROI 1","Rest","wilcox","Spatial",0.25,0.05,0.05,29,2762,TRUE,FALSE,2,2160
"LGALS1",0.6313,2.34465847106426e-06,7.66849861192453e-05,0.966,0.959,"HCC-1L_normalized","ROI 1","Rest","wilcox","Spatial",0.25,0.05,0.05,29,2762,TRUE,FALSE,2,2160
"PTPMT1",-0.6297,0.00233557004403305,0.0178423912998905,0.069,0.378,"HCC-1L_normalized","ROI 1","Rest","wilcox","Spatial",0.25,0.05,0.05,29,2762,TRUE,FALSE,2,2160
"SDC1",-0.6296,4.13307200715336e-05,0.000853303509489098,0.862,0.959,"HCC-1L_normalized","ROI 1","Rest","wilcox","Spatial",0.25,0.05,0.05,29,2762,TRUE,FALSE,2,2160
"COX7C",-0.6291,3.93126315341316e-05,0.000819613549076139,0.966,0.978,"HCC-1L_normalized","ROI 1","Rest","wilcox","Spatial",0.25,0.05,0.05,29,2762,TRUE,FALSE,2,2160
"RNF10",-0.6291,0.00246085441146513,0.0183573073915852,0.138,0.498,"HCC-1L_normalized","ROI 1","Rest","wilcox","Spatial",0.25,0.05,0.05,29,2762,TRUE,FALSE,2,2160
"GSKIP",-0.6288,0.00292763832558419,0.0206891713136827,0.103,0.426,"HCC-1L_normalized","ROI 1","Rest","wilcox","Spatial",0.25,0.05,0.05,29,2762,TRUE,FALSE,2,2160
"DLG1",-0.6284,0.00694767738364598,0.0379850446616208,0.069,0.333,"HCC-1L_normalized","ROI 1","Rest","wilcox","Spatial",0.25,0.05,0.05,29,2762,TRUE,FALSE,2,2160
"ACP2",-0.6282,0.00248938639384079,0.0185173546538292,0.241,0.659,"HCC-1L_normalized","ROI 1","Rest","wilcox","Spatial",0.25,0.05,0.05,29,2762,TRUE,FALSE,2,2160
"PFDN5",0.6278,0.0051496624696631,0.0308155331089159,0.862,0.965,"HCC-1L_normalized","ROI 1","Rest","wilcox","Spatial",0.25,0.05,0.05,29,2762,TRUE,FALSE,2,2160
"MRPS5",-0.6276,0.00138462002183622,0.0123121776962938,0.241,0.652,"HCC-1L_normalized","ROI 1","Rest","wilcox","Spatial",0.25,0.05,0.05,29,2762,TRUE,FALSE,2,2160
"DDX5",0.6274,0.00425400777531514,0.0269833002281505,0.931,0.933,"HCC-1L_normalized","ROI 1","Rest","wilcox","Spatial",0.25,0.05,0.05,29,2762,TRUE,FALSE,2,2160
"BDH1",-0.6274,0.00219344824543204,0.0169797554265471,0.379,0.816,"HCC-1L_normalized","ROI 1","Rest","wilcox","Spatial",0.25,0.05,0.05,29,2762,TRUE,FALSE,2,2160
"RRP36",-0.6269,0.0044271273023796,0.0276953462921129,0.103,0.415,"HCC-1L_normalized","ROI 1","Rest","wilcox","Spatial",0.25,0.05,0.05,29,2762,TRUE,FALSE,2,2160
"ECH1",-0.6268,0.000417902541461374,0.0052632587231465,0.759,0.938,"HCC-1L_normalized","ROI 1","Rest","wilcox","Spatial",0.25,0.05,0.05,29,2762,TRUE,FALSE,2,2160
"TBCA",-0.6262,0.00549545155001383,0.0323171568857061,0.517,0.839,"HCC-1L_normalized","ROI 1","Rest","wilcox","Spatial",0.25,0.05,0.05,29,2762,TRUE,FALSE,2,2160
"CKS1B",-0.6259,0.00258718528759308,0.0190284478003859,0.103,0.434,"HCC-1L_normalized","ROI 1","Rest","wilcox","Spatial",0.25,0.05,0.05,29,2762,TRUE,FALSE,2,2160
"PCSK9",-0.6257,0.00486271439571142,0.0295037316958514,0.103,0.409,"HCC-1L_normalized","ROI 1","Rest","wilcox","Spatial",0.25,0.05,0.05,29,2762,TRUE,FALSE,2,2160
"OCIAD2",-0.6255,0.00183272405681331,0.0149386993602867,0.414,0.789,"HCC-1L_normalized","ROI 1","Rest","wilcox","Spatial",0.25,0.05,0.05,29,2762,TRUE,FALSE,2,2160
"ACAT2",-0.6253,0.0022843943981262,0.0174908693292637,0.241,0.657,"HCC-1L_normalized","ROI 1","Rest","wilcox","Spatial",0.25,0.05,0.05,29,2762,TRUE,FALSE,2,2160
"TM9SF2",-0.6253,0.00165219907570119,0.0140409810179217,0.448,0.808,"HCC-1L_normalized","ROI 1","Rest","wilcox","Spatial",0.25,0.05,0.05,29,2762,TRUE,FALSE,2,2160
"TXLNA",-0.6253,0.00382423351594305,0.0250309118060413,0.241,0.614,"HCC-1L_normalized","ROI 1","Rest","wilcox","Spatial",0.25,0.05,0.05,29,2762,TRUE,FALSE,2,2160
"SNAPC5",-0.6249,0.00436437558570875,0.0274834866907507,0.034,0.29,"HCC-1L_normalized","ROI 1","Rest","wilcox","Spatial",0.25,0.05,0.05,29,2762,TRUE,FALSE,2,2160
"RPL37A",0.6245,3.8092021854871e-08,2.13193101996299e-06,1,0.989,"HCC-1L_normalized","ROI 1","Rest","wilcox","Spatial",0.25,0.05,0.05,29,2762,TRUE,FALSE,2,2160
"YIF1A",-0.6243,0.00342967339480244,0.0231879597868232,0.345,0.768,"HCC-1L_normalized","ROI 1","Rest","wilcox","Spatial",0.25,0.05,0.05,29,2762,TRUE,FALSE,2,2160
"CYP2A6",-0.6239,0.00648806673473541,0.0364504762374666,0.379,0.828,"HCC-1L_normalized","ROI 1","Rest","wilcox","Spatial",0.25,0.05,0.05,29,2762,TRUE,FALSE,2,2160
"AP3M1",-0.6235,0.00441070749519557,0.0276639857016948,0.069,0.353,"HCC-1L_normalized","ROI 1","Rest","wilcox","Spatial",0.25,0.05,0.05,29,2762,TRUE,FALSE,2,2160
"CRAT",-0.6228,0.00208212874393117,0.0163452742735836,0.276,0.685,"HCC-1L_normalized","ROI 1","Rest","wilcox","Spatial",0.25,0.05,0.05,29,2762,TRUE,FALSE,2,2160
"PDXDC1",-0.6225,0.000378470408981534,0.00483899548644224,0.172,0.597,"HCC-1L_normalized","ROI 1","Rest","wilcox","Spatial",0.25,0.05,0.05,29,2762,TRUE,FALSE,2,2160
"F12",-0.6213,0.000125355143459106,0.0020499483303797,0.759,0.969,"HCC-1L_normalized","ROI 1","Rest","wilcox","Spatial",0.25,0.05,0.05,29,2762,TRUE,FALSE,2,2160
"TRIR",0.6206,0.00362718654180015,0.024164312123794,0.862,0.914,"HCC-1L_normalized","ROI 1","Rest","wilcox","Spatial",0.25,0.05,0.05,29,2762,TRUE,FALSE,2,2160
"APOL1",-0.6204,0.00517474456024356,0.0308949666671472,0.517,0.854,"HCC-1L_normalized","ROI 1","Rest","wilcox","Spatial",0.25,0.05,0.05,29,2762,TRUE,FALSE,2,2160
"LAMTOR2",-0.62,0.000871816522670181,0.00900733635366843,0.276,0.755,"HCC-1L_normalized","ROI 1","Rest","wilcox","Spatial",0.25,0.05,0.05,29,2762,TRUE,FALSE,2,2160
"RPL30",0.6195,2.48532115737546e-09,1.8447781016377e-07,0.966,0.99,"HCC-1L_normalized","ROI 1","Rest","wilcox","Spatial",0.25,0.05,0.05,29,2762,TRUE,FALSE,2,2160
"PPIP5K2",-0.6193,0.00945433103935784,0.0469638617824079,0.069,0.319,"HCC-1L_normalized","ROI 1","Rest","wilcox","Spatial",0.25,0.05,0.05,29,2762,TRUE,FALSE,2,2160
"UQCRH",-0.6188,0.00141441855614071,0.0125239463693474,0.724,0.878,"HCC-1L_normalized","ROI 1","Rest","wilcox","Spatial",0.25,0.05,0.05,29,2762,TRUE,FALSE,2,2160
"RAB1A",-0.6186,0.00942730234652541,0.0468945562541516,0.483,0.782,"HCC-1L_normalized","ROI 1","Rest","wilcox","Spatial",0.25,0.05,0.05,29,2762,TRUE,FALSE,2,2160
"CADM1",-0.6178,0.00975390847075436,0.047949462684319,0.345,0.705,"HCC-1L_normalized","ROI 1","Rest","wilcox","Spatial",0.25,0.05,0.05,29,2762,TRUE,FALSE,2,2160
"DUSP1",0.6175,2.0058537278962e-05,0.000471758766655317,0.931,0.984,"HCC-1L_normalized","ROI 1","Rest","wilcox","Spatial",0.25,0.05,0.05,29,2762,TRUE,FALSE,2,2160
"HSPA9",-0.617,0.00148887857975915,0.01308362990408,0.552,0.879,"HCC-1L_normalized","ROI 1","Rest","wilcox","Spatial",0.25,0.05,0.05,29,2762,TRUE,FALSE,2,2160
"PDHA1",-0.6168,0.00533180209663822,0.0315860770374023,0.172,0.521,"HCC-1L_normalized","ROI 1","Rest","wilcox","Spatial",0.25,0.05,0.05,29,2762,TRUE,FALSE,2,2160
"MDH2",-0.6164,0.00317012686788556,0.0218711587338762,0.448,0.872,"HCC-1L_normalized","ROI 1","Rest","wilcox","Spatial",0.25,0.05,0.05,29,2762,TRUE,FALSE,2,2160
"CYP2C18",-0.6156,0.00110627011187239,0.0105757834926673,0.207,0.651,"HCC-1L_normalized","ROI 1","Rest","wilcox","Spatial",0.25,0.05,0.05,29,2762,TRUE,FALSE,2,2160
"ARF4",-0.6148,0.000662647538373706,0.00749633354900238,0.276,0.751,"HCC-1L_normalized","ROI 1","Rest","wilcox","Spatial",0.25,0.05,0.05,29,2762,TRUE,FALSE,2,2160
"SERPINF2",-0.6148,0.000100283731887715,0.00173196293388915,0.828,0.983,"HCC-1L_normalized","ROI 1","Rest","wilcox","Spatial",0.25,0.05,0.05,29,2762,TRUE,FALSE,2,2160
"TOP1",-0.6139,0.00498689274605225,0.0301170337450565,0.172,0.517,"HCC-1L_normalized","ROI 1","Rest","wilcox","Spatial",0.25,0.05,0.05,29,2762,TRUE,FALSE,2,2160
"ATP5MPL",-0.6132,0.000994730580719026,0.0097754462514604,0.724,0.91,"HCC-1L_normalized","ROI 1","Rest","wilcox","Spatial",0.25,0.05,0.05,29,2762,TRUE,FALSE,2,2160
"KLF10",-0.613,0.00291823595804596,0.0206506136152191,0.172,0.526,"HCC-1L_normalized","ROI 1","Rest","wilcox","Spatial",0.25,0.05,0.05,29,2762,TRUE,FALSE,2,2160
"ACSM2B",-0.6128,0.00947524141006106,0.0470212786143666,0.483,0.892,"HCC-1L_normalized","ROI 1","Rest","wilcox","Spatial",0.25,0.05,0.05,29,2762,TRUE,FALSE,2,2160
"PSME4",-0.6118,0.00299435381461945,0.0210046293725249,0.138,0.472,"HCC-1L_normalized","ROI 1","Rest","wilcox","Spatial",0.25,0.05,0.05,29,2762,TRUE,FALSE,2,2160
"DNAJC7",-0.6115,0.0026400891438456,0.0192337457976345,0.069,0.374,"HCC-1L_normalized","ROI 1","Rest","wilcox","Spatial",0.25,0.05,0.05,29,2762,TRUE,FALSE,2,2160
"SEC11C",-0.6111,0.00819254693494052,0.0424681506790924,0.586,0.832,"HCC-1L_normalized","ROI 1","Rest","wilcox","Spatial",0.25,0.05,0.05,29,2762,TRUE,FALSE,2,2160
"DELE1",-0.611,0.00484930173489758,0.029475215401012,0.172,0.525,"HCC-1L_normalized","ROI 1","Rest","wilcox","Spatial",0.25,0.05,0.05,29,2762,TRUE,FALSE,2,2160
"MRPL18",-0.6095,0.00374973746154589,0.0247515300002547,0.138,0.478,"HCC-1L_normalized","ROI 1","Rest","wilcox","Spatial",0.25,0.05,0.05,29,2762,TRUE,FALSE,2,2160
"RNF139",-0.6089,0.00251840660938802,0.0186801159276081,0.069,0.376,"HCC-1L_normalized","ROI 1","Rest","wilcox","Spatial",0.25,0.05,0.05,29,2762,TRUE,FALSE,2,2160
"IGFBP7",0.6087,5.50294220667803e-06,0.000158660587149015,0.966,0.987,"HCC-1L_normalized","ROI 1","Rest","wilcox","Spatial",0.25,0.05,0.05,29,2762,TRUE,FALSE,2,2160
"NACA",0.6082,0.000353643890159285,0.00459210540249017,0.931,0.973,"HCC-1L_normalized","ROI 1","Rest","wilcox","Spatial",0.25,0.05,0.05,29,2762,TRUE,FALSE,2,2160
"CFAP20",-0.6082,0.00273074821144042,0.0196561284600656,0.034,0.308,"HCC-1L_normalized","ROI 1","Rest","wilcox","Spatial",0.25,0.05,0.05,29,2762,TRUE,FALSE,2,2160
"PGAP2",-0.6081,0.00855382028326075,0.0435378320154671,0.103,0.39,"HCC-1L_normalized","ROI 1","Rest","wilcox","Spatial",0.25,0.05,0.05,29,2762,TRUE,FALSE,2,2160
"RACK1",0.6073,4.67465241790982e-07,1.86026282151499e-05,0.966,0.984,"HCC-1L_normalized","ROI 1","Rest","wilcox","Spatial",0.25,0.05,0.05,29,2762,TRUE,FALSE,2,2160
"ACSM1",-0.607,0.00241960273386462,0.0182315062725897,0.103,0.443,"HCC-1L_normalized","ROI 1","Rest","wilcox","Spatial",0.25,0.05,0.05,29,2762,TRUE,FALSE,2,2160
"IRS2",-0.6066,0.00260063520972244,0.0190871305083836,0.138,0.499,"HCC-1L_normalized","ROI 1","Rest","wilcox","Spatial",0.25,0.05,0.05,29,2762,TRUE,FALSE,2,2160
"PSMD10",-0.6055,0.00865302397546937,0.0438884365341314,0.069,0.314,"HCC-1L_normalized","ROI 1","Rest","wilcox","Spatial",0.25,0.05,0.05,29,2762,TRUE,FALSE,2,2160
"PSAT1",-0.6052,0.00685404187779801,0.0377978216194518,0.207,0.553,"HCC-1L_normalized","ROI 1","Rest","wilcox","Spatial",0.25,0.05,0.05,29,2762,TRUE,FALSE,2,2160
"ARSA",-0.6051,0.00447398657707323,0.0278718711402669,0.276,0.661,"HCC-1L_normalized","ROI 1","Rest","wilcox","Spatial",0.25,0.05,0.05,29,2762,TRUE,FALSE,2,2160
"TNFAIP8L1",-0.6051,0.00826428362630349,0.0427553101497243,0.172,0.483,"HCC-1L_normalized","ROI 1","Rest","wilcox","Spatial",0.25,0.05,0.05,29,2762,TRUE,FALSE,2,2160
"SHMT2",-0.6048,0.00180733401835884,0.0148357316361911,0.31,0.766,"HCC-1L_normalized","ROI 1","Rest","wilcox","Spatial",0.25,0.05,0.05,29,2762,TRUE,FALSE,2,2160
"NIPSNAP1",-0.6046,0.00952080945447618,0.0470911114133023,0.31,0.725,"HCC-1L_normalized","ROI 1","Rest","wilcox","Spatial",0.25,0.05,0.05,29,2762,TRUE,FALSE,2,2160
"LMNA",0.6041,0.000837450289497054,0.00881205356714746,0.828,0.912,"HCC-1L_normalized","ROI 1","Rest","wilcox","Spatial",0.25,0.05,0.05,29,2762,TRUE,FALSE,2,2160
"BCAP29",-0.6035,0.00737045410144697,0.0395180856318864,0.103,0.379,"HCC-1L_normalized","ROI 1","Rest","wilcox","Spatial",0.25,0.05,0.05,29,2762,TRUE,FALSE,2,2160
"NDUFB3",-0.6035,0.00265257102198158,0.0192924310743983,0.379,0.741,"HCC-1L_normalized","ROI 1","Rest","wilcox","Spatial",0.25,0.05,0.05,29,2762,TRUE,FALSE,2,2160
"ARPC1A",-0.602,0.000831576013791263,0.00878238740992984,0.172,0.593,"HCC-1L_normalized","ROI 1","Rest","wilcox","Spatial",0.25,0.05,0.05,29,2762,TRUE,FALSE,2,2160
"PCYOX1",-0.6005,0.00104331690602356,0.0101105136467061,0.207,0.651,"HCC-1L_normalized","ROI 1","Rest","wilcox","Spatial",0.25,0.05,0.05,29,2762,TRUE,FALSE,2,2160
"ABHD6",-0.6002,0.00301843740647331,0.0211452248300868,0.103,0.43,"HCC-1L_normalized","ROI 1","Rest","wilcox","Spatial",0.25,0.05,0.05,29,2762,TRUE,FALSE,2,2160
"MET",-0.6002,0.00279702286539392,0.0200367154751627,0.172,0.538,"HCC-1L_normalized","ROI 1","Rest","wilcox","Spatial",0.25,0.05,0.05,29,2762,TRUE,FALSE,2,2160
"LAPTM4B",-0.6001,0.00119556738089027,0.0110852721085388,0.207,0.626,"HCC-1L_normalized","ROI 1","Rest","wilcox","Spatial",0.25,0.05,0.05,29,2762,TRUE,FALSE,2,2160
"TKFC",-0.5998,0.00457262163980391,0.0282509197651639,0.448,0.828,"HCC-1L_normalized","ROI 1","Rest","wilcox","Spatial",0.25,0.05,0.05,29,2762,TRUE,FALSE,2,2160
"SGK3",-0.599,0.00574711540803938,0.0332684235954315,0.034,0.278,"HCC-1L_normalized","ROI 1","Rest","wilcox","Spatial",0.25,0.05,0.05,29,2762,TRUE,FALSE,2,2160
"DGAT1",-0.5982,0.0030689061300293,0.0213700409560124,0.241,0.665,"HCC-1L_normalized","ROI 1","Rest","wilcox","Spatial",0.25,0.05,0.05,29,2762,TRUE,FALSE,2,2160
"TM7SF2",-0.5967,0.000955288978689894,0.00951289671833342,0.379,0.871,"HCC-1L_normalized","ROI 1","Rest","wilcox","Spatial",0.25,0.05,0.05,29,2762,TRUE,FALSE,2,2160
"PEX16",-0.5963,0.00632885120506849,0.0357462259645153,0.172,0.514,"HCC-1L_normalized","ROI 1","Rest","wilcox","Spatial",0.25,0.05,0.05,29,2762,TRUE,FALSE,2,2160
"SOD2",-0.5961,0.00834806985402515,0.0429130152712314,0.552,0.828,"HCC-1L_normalized","ROI 1","Rest","wilcox","Spatial",0.25,0.05,0.05,29,2762,TRUE,FALSE,2,2160
"MTMR10",-0.5959,0.00584600801732869,0.0336732635714706,0.103,0.39,"HCC-1L_normalized","ROI 1","Rest","wilcox","Spatial",0.25,0.05,0.05,29,2762,TRUE,FALSE,2,2160
"ATP5F1C",-0.5958,0.00101271356213061,0.00985959082907808,0.379,0.809,"HCC-1L_normalized","ROI 1","Rest","wilcox","Spatial",0.25,0.05,0.05,29,2762,TRUE,FALSE,2,2160
"UQCR10",-0.5955,0.000198634438913475,0.00291981465964668,0.828,0.955,"HCC-1L_normalized","ROI 1","Rest","wilcox","Spatial",0.25,0.05,0.05,29,2762,TRUE,FALSE,2,2160
"TNFSF14",-0.5943,0.00449489678046778,0.0279327646992681,0.138,0.459,"HCC-1L_normalized","ROI 1","Rest","wilcox","Spatial",0.25,0.05,0.05,29,2762,TRUE,FALSE,2,2160
"ACADM",-0.5937,0.000163807713298339,0.00253236562390017,0.207,0.703,"HCC-1L_normalized","ROI 1","Rest","wilcox","Spatial",0.25,0.05,0.05,29,2762,TRUE,FALSE,2,2160
"MYL6",0.5925,1.92087848328163e-06,6.40252044777885e-05,0.966,0.987,"HCC-1L_normalized","ROI 1","Rest","wilcox","Spatial",0.25,0.05,0.05,29,2762,TRUE,FALSE,2,2160
"FAH",-0.5923,0.0039565887256214,0.0256724473666172,0.517,0.907,"HCC-1L_normalized","ROI 1","Rest","wilcox","Spatial",0.25,0.05,0.05,29,2762,TRUE,FALSE,2,2160
"CYP21A2",-0.5921,0.00762579331558087,0.0403553002496551,0.069,0.33,"HCC-1L_normalized","ROI 1","Rest","wilcox","Spatial",0.25,0.05,0.05,29,2762,TRUE,FALSE,2,2160
"PLIN2",-0.592,0.0063912056593948,0.0360789419801651,0.483,0.84,"HCC-1L_normalized","ROI 1","Rest","wilcox","Spatial",0.25,0.05,0.05,29,2762,TRUE,FALSE,2,2160
"MPC2",0.5915,0.00083439816851316,0.00879437183450023,0.552,0.887,"HCC-1L_normalized","ROI 1","Rest","wilcox","Spatial",0.25,0.05,0.05,29,2762,TRUE,FALSE,2,2160
"MOCS2",-0.591,0.0022012263350728,0.0170273723746282,0.138,0.494,"HCC-1L_normalized","ROI 1","Rest","wilcox","Spatial",0.25,0.05,0.05,29,2762,TRUE,FALSE,2,2160
"TAF10",0.5909,0.00793637948862764,0.041572646510499,0.862,0.859,"HCC-1L_normalized","ROI 1","Rest","wilcox","Spatial",0.25,0.05,0.05,29,2762,TRUE,FALSE,2,2160
"ACOT13",-0.5908,0.00435151449799598,0.0274397527162304,0.31,0.715,"HCC-1L_normalized","ROI 1","Rest","wilcox","Spatial",0.25,0.05,0.05,29,2762,TRUE,FALSE,2,2160
"TNPO1",-0.5907,0.00588917196291208,0.0338659745955153,0.138,0.459,"HCC-1L_normalized","ROI 1","Rest","wilcox","Spatial",0.25,0.05,0.05,29,2762,TRUE,FALSE,2,2160
"CALR",-0.5907,3.14437374599358e-06,9.67912224281436e-05,0.966,0.987,"HCC-1L_normalized","ROI 1","Rest","wilcox","Spatial",0.25,0.05,0.05,29,2762,TRUE,FALSE,2,2160
"ITIH4",-0.5901,0.00302331922297264,0.0211652568479141,0.31,0.746,"HCC-1L_normalized","ROI 1","Rest","wilcox","Spatial",0.25,0.05,0.05,29,2762,TRUE,FALSE,2,2160
"FBXO17",-0.5898,0.00699339563281006,0.0381065784739533,0.241,0.622,"HCC-1L_normalized","ROI 1","Rest","wilcox","Spatial",0.25,0.05,0.05,29,2762,TRUE,FALSE,2,2160
"A1CF",-0.5889,0.00723496484587417,0.039015329318971,0.345,0.772,"HCC-1L_normalized","ROI 1","Rest","wilcox","Spatial",0.25,0.05,0.05,29,2762,TRUE,FALSE,2,2160
"DEXI",-0.5886,0.00118455295049853,0.0110298320106029,0.138,0.528,"HCC-1L_normalized","ROI 1","Rest","wilcox","Spatial",0.25,0.05,0.05,29,2762,TRUE,FALSE,2,2160
"KLHL5",-0.5884,0.000993551563427361,0.0097754462514604,0.103,0.475,"HCC-1L_normalized","ROI 1","Rest","wilcox","Spatial",0.25,0.05,0.05,29,2762,TRUE,FALSE,2,2160
"ATP5PD",-0.5881,0.00409543072501266,0.0262664843405955,0.414,0.82,"HCC-1L_normalized","ROI 1","Rest","wilcox","Spatial",0.25,0.05,0.05,29,2762,TRUE,FALSE,2,2160
"ECHDC2",-0.5873,0.00367059834430813,0.0244069137684428,0.517,0.87,"HCC-1L_normalized","ROI 1","Rest","wilcox","Spatial",0.25,0.05,0.05,29,2762,TRUE,FALSE,2,2160
"GMPPA",-0.5872,0.00108333680709296,0.0104020211220504,0.172,0.587,"HCC-1L_normalized","ROI 1","Rest","wilcox","Spatial",0.25,0.05,0.05,29,2762,TRUE,FALSE,2,2160
"GLRX3",-0.5863,0.00173480788291642,0.0144558115466586,0.103,0.451,"HCC-1L_normalized","ROI 1","Rest","wilcox","Spatial",0.25,0.05,0.05,29,2762,TRUE,FALSE,2,2160
"SLC25A25",-0.5862,0.00499821904432691,0.0301405811315044,0.241,0.626,"HCC-1L_normalized","ROI 1","Rest","wilcox","Spatial",0.25,0.05,0.05,29,2762,TRUE,FALSE,2,2160
"SCARB1",-0.5858,0.00165282711772211,0.0140409810179217,0.621,0.9,"HCC-1L_normalized","ROI 1","Rest","wilcox","Spatial",0.25,0.05,0.05,29,2762,TRUE,FALSE,2,2160
"HNMT",-0.5854,0.00290721938487289,0.0205910485820729,0.276,0.676,"HCC-1L_normalized","ROI 1","Rest","wilcox","Spatial",0.25,0.05,0.05,29,2762,TRUE,FALSE,2,2160
"CHCHD2",-0.5853,0.000473382131609966,0.00580142551455492,0.759,0.938,"HCC-1L_normalized","ROI 1","Rest","wilcox","Spatial",0.25,0.05,0.05,29,2762,TRUE,FALSE,2,2160
"AK2",-0.5852,0.00166460968069568,0.0140953114224603,0.31,0.758,"HCC-1L_normalized","ROI 1","Rest","wilcox","Spatial",0.25,0.05,0.05,29,2762,TRUE,FALSE,2,2160
"IL13RA1",-0.585,0.00737046657304053,0.0395180856318864,0.345,0.736,"HCC-1L_normalized","ROI 1","Rest","wilcox","Spatial",0.25,0.05,0.05,29,2762,TRUE,FALSE,2,2160
"POMGNT1",-0.5845,0.00537480927260725,0.0317812168627726,0.207,0.556,"HCC-1L_normalized","ROI 1","Rest","wilcox","Spatial",0.25,0.05,0.05,29,2762,TRUE,FALSE,2,2160
"PALMD",-0.5836,0.00662193323187468,0.0368939483782579,0.103,0.396,"HCC-1L_normalized","ROI 1","Rest","wilcox","Spatial",0.25,0.05,0.05,29,2762,TRUE,FALSE,2,2160
"ELOA",-0.5834,0.00512834496714788,0.0307406978385852,0.103,0.408,"HCC-1L_normalized","ROI 1","Rest","wilcox","Spatial",0.25,0.05,0.05,29,2762,TRUE,FALSE,2,2160
"RTCB",-0.5834,0.0101821373570627,0.0495799372112231,0.345,0.694,"HCC-1L_normalized","ROI 1","Rest","wilcox","Spatial",0.25,0.05,0.05,29,2762,TRUE,FALSE,2,2160
"AZI2",-0.5834,0.00282906029395724,0.0201815466358667,0.069,0.371,"HCC-1L_normalized","ROI 1","Rest","wilcox","Spatial",0.25,0.05,0.05,29,2762,TRUE,FALSE,2,2160
"ZFR",-0.5828,0.00119137686674884,0.01106384231357,0.103,0.443,"HCC-1L_normalized","ROI 1","Rest","wilcox","Spatial",0.25,0.05,0.05,29,2762,TRUE,FALSE,2,2160
"COX5A",-0.5794,0.00540976715073083,0.031915796504819,0.621,0.853,"HCC-1L_normalized","ROI 1","Rest","wilcox","Spatial",0.25,0.05,0.05,29,2762,TRUE,FALSE,2,2160
"NIPAL2",-0.5794,0.00128193666994559,0.0116464836698356,0.069,0.399,"HCC-1L_normalized","ROI 1","Rest","wilcox","Spatial",0.25,0.05,0.05,29,2762,TRUE,FALSE,2,2160
"PTPN3",-0.5784,0.00318634652465789,0.0219252483412685,0.103,0.423,"HCC-1L_normalized","ROI 1","Rest","wilcox","Spatial",0.25,0.05,0.05,29,2762,TRUE,FALSE,2,2160
"SCCPDH",-0.5775,0.00708823064047168,0.038497883696511,0.517,0.819,"HCC-1L_normalized","ROI 1","Rest","wilcox","Spatial",0.25,0.05,0.05,29,2762,TRUE,FALSE,2,2160
"GBP7",-0.5769,0.0024884296589017,0.0185173546538292,0.103,0.437,"HCC-1L_normalized","ROI 1","Rest","wilcox","Spatial",0.25,0.05,0.05,29,2762,TRUE,FALSE,2,2160
"CSTB",-0.5752,0.00723569216588216,0.039015329318971,0.414,0.764,"HCC-1L_normalized","ROI 1","Rest","wilcox","Spatial",0.25,0.05,0.05,29,2762,TRUE,FALSE,2,2160
"PRDX1",-0.5748,8.59618285200595e-05,0.00153266864955867,0.862,0.968,"HCC-1L_normalized","ROI 1","Rest","wilcox","Spatial",0.25,0.05,0.05,29,2762,TRUE,FALSE,2,2160
"EGLN1",-0.5744,0.00148674323879291,0.0130758443169804,0.172,0.57,"HCC-1L_normalized","ROI 1","Rest","wilcox","Spatial",0.25,0.05,0.05,29,2762,TRUE,FALSE,2,2160
"POLR2K",-0.5738,0.00621886959696492,0.0352321951715488,0.276,0.627,"HCC-1L_normalized","ROI 1","Rest","wilcox","Spatial",0.25,0.05,0.05,29,2762,TRUE,FALSE,2,2160
"KLB",-0.5734,0.00132225470414189,0.0119505334486606,0.138,0.532,"HCC-1L_normalized","ROI 1","Rest","wilcox","Spatial",0.25,0.05,0.05,29,2762,TRUE,FALSE,2,2160
"RPL31",0.5731,0.000194536808457646,0.00287862893808401,0.966,0.987,"HCC-1L_normalized","ROI 1","Rest","wilcox","Spatial",0.25,0.05,0.05,29,2762,TRUE,FALSE,2,2160
"ATP5F1B",-0.5723,0.00105163725521316,0.0101441801963695,0.724,0.939,"HCC-1L_normalized","ROI 1","Rest","wilcox","Spatial",0.25,0.05,0.05,29,2762,TRUE,FALSE,2,2160
"MRPL19",-0.5714,0.000906258438226861,0.00923554120202758,0.103,0.476,"HCC-1L_normalized","ROI 1","Rest","wilcox","Spatial",0.25,0.05,0.05,29,2762,TRUE,FALSE,2,2160
"DAB2",-0.5712,0.00373544162560646,0.0247124728530956,0.138,0.465,"HCC-1L_normalized","ROI 1","Rest","wilcox","Spatial",0.25,0.05,0.05,29,2762,TRUE,FALSE,2,2160
"ALDH3A2",-0.5676,0.00468066199189883,0.0287487138539983,0.483,0.879,"HCC-1L_normalized","ROI 1","Rest","wilcox","Spatial",0.25,0.05,0.05,29,2762,TRUE,FALSE,2,2160
"DRG1",-0.5673,0.00477458446530091,0.0291035532986833,0.138,0.473,"HCC-1L_normalized","ROI 1","Rest","wilcox","Spatial",0.25,0.05,0.05,29,2762,TRUE,FALSE,2,2160
"SLC25A46",-0.5669,0.00907708590004768,0.0454331807890478,0.138,0.441,"HCC-1L_normalized","ROI 1","Rest","wilcox","Spatial",0.25,0.05,0.05,29,2762,TRUE,FALSE,2,2160
"SLC25A3",-0.5667,0.000527886228688649,0.00629254814288769,0.655,0.94,"HCC-1L_normalized","ROI 1","Rest","wilcox","Spatial",0.25,0.05,0.05,29,2762,TRUE,FALSE,2,2160
"F7",-0.5664,0.00383156264922184,0.0250632091792224,0.241,0.619,"HCC-1L_normalized","ROI 1","Rest","wilcox","Spatial",0.25,0.05,0.05,29,2762,TRUE,FALSE,2,2160
"GRPEL1",-0.5662,0.00139820875778799,0.0124014007279738,0.172,0.593,"HCC-1L_normalized","ROI 1","Rest","wilcox","Spatial",0.25,0.05,0.05,29,2762,TRUE,FALSE,2,2160
"NDUFC2",-0.5659,0.00350722142352844,0.0235903466700827,0.586,0.898,"HCC-1L_normalized","ROI 1","Rest","wilcox","Spatial",0.25,0.05,0.05,29,2762,TRUE,FALSE,2,2160
"NDUFS2",-0.5655,0.00626423618683105,0.0354386464493912,0.379,0.772,"HCC-1L_normalized","ROI 1","Rest","wilcox","Spatial",0.25,0.05,0.05,29,2762,TRUE,FALSE,2,2160
"OLFM2",-0.5644,0.0065521521324092,0.0366475294854101,0.172,0.495,"HCC-1L_normalized","ROI 1","Rest","wilcox","Spatial",0.25,0.05,0.05,29,2762,TRUE,FALSE,2,2160
"AMFR",-0.5628,0.00204366121508791,0.016119346018941,0.172,0.546,"HCC-1L_normalized","ROI 1","Rest","wilcox","Spatial",0.25,0.05,0.05,29,2762,TRUE,FALSE,2,2160
"COX7B",-0.5624,0.000938809410338755,0.009411474414373,0.793,0.935,"HCC-1L_normalized","ROI 1","Rest","wilcox","Spatial",0.25,0.05,0.05,29,2762,TRUE,FALSE,2,2160
"CST3",0.5617,0.000266262633726705,0.00367845934661554,1,0.988,"HCC-1L_normalized","ROI 1","Rest","wilcox","Spatial",0.25,0.05,0.05,29,2762,TRUE,FALSE,2,2160
"SDHC",-0.5605,0.00591363059440331,0.0339879504673394,0.379,0.788,"HCC-1L_normalized","ROI 1","Rest","wilcox","Spatial",0.25,0.05,0.05,29,2762,TRUE,FALSE,2,2160
"RAB7A",-0.5593,0.00375814316695273,0.0247742868354202,0.345,0.76,"HCC-1L_normalized","ROI 1","Rest","wilcox","Spatial",0.25,0.05,0.05,29,2762,TRUE,FALSE,2,2160
"TOMM22",-0.558,0.00259787414762322,0.0190802461958067,0.172,0.53,"HCC-1L_normalized","ROI 1","Rest","wilcox","Spatial",0.25,0.05,0.05,29,2762,TRUE,FALSE,2,2160
"SNX22",-0.5576,0.0059664362191682,0.0341975473547724,0.069,0.34,"HCC-1L_normalized","ROI 1","Rest","wilcox","Spatial",0.25,0.05,0.05,29,2762,TRUE,FALSE,2,2160
"SRP14",-0.557,0.00441763681449576,0.0276717774651018,0.69,0.928,"HCC-1L_normalized","ROI 1","Rest","wilcox","Spatial",0.25,0.05,0.05,29,2762,TRUE,FALSE,2,2160
"ARRDC4",-0.5559,0.00733133733337765,0.0393687924736431,0.069,0.331,"HCC-1L_normalized","ROI 1","Rest","wilcox","Spatial",0.25,0.05,0.05,29,2762,TRUE,FALSE,2,2160
"COQ5",-0.5556,0.00685460208615704,0.0377978216194518,0.103,0.382,"HCC-1L_normalized","ROI 1","Rest","wilcox","Spatial",0.25,0.05,0.05,29,2762,TRUE,FALSE,2,2160
"NECAB3",-0.5554,0.00697379389168413,0.0380342505838281,0.172,0.492,"HCC-1L_normalized","ROI 1","Rest","wilcox","Spatial",0.25,0.05,0.05,29,2762,TRUE,FALSE,2,2160
"DCAF8",-0.5553,0.00484978325150587,0.029475215401012,0.276,0.66,"HCC-1L_normalized","ROI 1","Rest","wilcox","Spatial",0.25,0.05,0.05,29,2762,TRUE,FALSE,2,2160
"CPEB2",-0.552,0.00686554822693549,0.0378012488623372,0.103,0.391,"HCC-1L_normalized","ROI 1","Rest","wilcox","Spatial",0.25,0.05,0.05,29,2762,TRUE,FALSE,2,2160
"ACOX1",-0.5514,0.00924812235536986,0.0461348181941377,0.414,0.833,"HCC-1L_normalized","ROI 1","Rest","wilcox","Spatial",0.25,0.05,0.05,29,2762,TRUE,FALSE,2,2160
"RPL41",0.5507,3.16953084555957e-11,4.30809218566577e-09,1,0.992,"HCC-1L_normalized","ROI 1","Rest","wilcox","Spatial",0.25,0.05,0.05,29,2762,TRUE,FALSE,2,2160
"RPL4",0.5502,3.89276431093848e-06,0.000118435090925239,0.966,0.988,"HCC-1L_normalized","ROI 1","Rest","wilcox","Spatial",0.25,0.05,0.05,29,2762,TRUE,FALSE,2,2160
"MAIP1",-0.5499,0.00116142346301192,0.0108949872847185,0.103,0.459,"HCC-1L_normalized","ROI 1","Rest","wilcox","Spatial",0.25,0.05,0.05,29,2762,TRUE,FALSE,2,2160
"CHP1",-0.5493,0.00159247484554502,0.0136837781063006,0.276,0.736,"HCC-1L_normalized","ROI 1","Rest","wilcox","Spatial",0.25,0.05,0.05,29,2762,TRUE,FALSE,2,2160
"SLC10A1",-0.5491,0.001865294993887,0.0151569700357309,0.31,0.766,"HCC-1L_normalized","ROI 1","Rest","wilcox","Spatial",0.25,0.05,0.05,29,2762,TRUE,FALSE,2,2160
"CAT",-0.5487,0.00198099355532763,0.0158026513338864,0.724,0.947,"HCC-1L_normalized","ROI 1","Rest","wilcox","Spatial",0.25,0.05,0.05,29,2762,TRUE,FALSE,2,2160
"ATG12",-0.5463,0.00276724655412264,0.0198778328314671,0.103,0.43,"HCC-1L_normalized","ROI 1","Rest","wilcox","Spatial",0.25,0.05,0.05,29,2762,TRUE,FALSE,2,2160
"ANAPC15",-0.5442,0.0020466407259844,0.016119346018941,0.069,0.386,"HCC-1L_normalized","ROI 1","Rest","wilcox","Spatial",0.25,0.05,0.05,29,2762,TRUE,FALSE,2,2160
"TSEN34",-0.544,0.00543008765877711,0.0319996044125908,0.172,0.524,"HCC-1L_normalized","ROI 1","Rest","wilcox","Spatial",0.25,0.05,0.05,29,2762,TRUE,FALSE,2,2160
"NFU1",-0.5436,0.00496389991307534,0.0299954829620361,0.069,0.348,"HCC-1L_normalized","ROI 1","Rest","wilcox","Spatial",0.25,0.05,0.05,29,2762,TRUE,FALSE,2,2160
"IDH2",-0.5431,0.00178492841964873,0.0147210881324221,0.69,0.903,"HCC-1L_normalized","ROI 1","Rest","wilcox","Spatial",0.25,0.05,0.05,29,2762,TRUE,FALSE,2,2160
"LPCAT3",-0.5428,0.00236971457987207,0.0179850854191016,0.241,0.64,"HCC-1L_normalized","ROI 1","Rest","wilcox","Spatial",0.25,0.05,0.05,29,2762,TRUE,FALSE,2,2160
"NARS",-0.5425,0.00101087767165904,0.00985088055082264,0.172,0.609,"HCC-1L_normalized","ROI 1","Rest","wilcox","Spatial",0.25,0.05,0.05,29,2762,TRUE,FALSE,2,2160
"PABPC1",0.5423,0.00784092489408329,0.0412584816196459,0.966,0.972,"HCC-1L_normalized","ROI 1","Rest","wilcox","Spatial",0.25,0.05,0.05,29,2762,TRUE,FALSE,2,2160
"G3BP1",-0.5419,0.00128936985208182,0.0116877476066275,0.207,0.6,"HCC-1L_normalized","ROI 1","Rest","wilcox","Spatial",0.25,0.05,0.05,29,2762,TRUE,FALSE,2,2160
"PTS",-0.5414,0.00706528924358342,0.0383932072810717,0.172,0.495,"HCC-1L_normalized","ROI 1","Rest","wilcox","Spatial",0.25,0.05,0.05,29,2762,TRUE,FALSE,2,2160
"RPL37",0.5406,5.86182437244346e-09,3.88290214442996e-07,0.966,0.989,"HCC-1L_normalized","ROI 1","Rest","wilcox","Spatial",0.25,0.05,0.05,29,2762,TRUE,FALSE,2,2160
"RPL36A",0.5393,0.00696816401602927,0.0380342505838281,0.828,0.919,"HCC-1L_normalized","ROI 1","Rest","wilcox","Spatial",0.25,0.05,0.05,29,2762,TRUE,FALSE,2,2160
"ASL",-0.539,0.00446024007255942,0.0278264480806005,0.586,0.922,"HCC-1L_normalized","ROI 1","Rest","wilcox","Spatial",0.25,0.05,0.05,29,2762,TRUE,FALSE,2,2160
"CPQ",-0.5382,0.00765236279991305,0.0404288889772287,0.241,0.609,"HCC-1L_normalized","ROI 1","Rest","wilcox","Spatial",0.25,0.05,0.05,29,2762,TRUE,FALSE,2,2160
"RMND5A",-0.5379,0.00314755560790835,0.021744103625326,0.172,0.534,"HCC-1L_normalized","ROI 1","Rest","wilcox","Spatial",0.25,0.05,0.05,29,2762,TRUE,FALSE,2,2160
"HIBCH",-0.5376,0.00833484169525258,0.0428963132648027,0.103,0.386,"HCC-1L_normalized","ROI 1","Rest","wilcox","Spatial",0.25,0.05,0.05,29,2762,TRUE,FALSE,2,2160
"PEX2",-0.5369,0.00547249008469992,0.0322132065390716,0.103,0.407,"HCC-1L_normalized","ROI 1","Rest","wilcox","Spatial",0.25,0.05,0.05,29,2762,TRUE,FALSE,2,2160
"FUOM",-0.5362,0.0102576235468614,0.0497480482119795,0.517,0.913,"HCC-1L_normalized","ROI 1","Rest","wilcox","Spatial",0.25,0.05,0.05,29,2762,TRUE,FALSE,2,2160
"EIF1",0.5353,0.000812352431794902,0.00870223188450915,0.966,0.98,"HCC-1L_normalized","ROI 1","Rest","wilcox","Spatial",0.25,0.05,0.05,29,2762,TRUE,FALSE,2,2160
"TMCO3",-0.535,0.00353322691220685,0.023734757935274,0.103,0.415,"HCC-1L_normalized","ROI 1","Rest","wilcox","Spatial",0.25,0.05,0.05,29,2762,TRUE,FALSE,2,2160
"PXMP4",-0.5349,0.0074686327032353,0.0398092748132322,0.103,0.393,"HCC-1L_normalized","ROI 1","Rest","wilcox","Spatial",0.25,0.05,0.05,29,2762,TRUE,FALSE,2,2160
"CHD4",-0.5349,0.00287987864519769,0.0204344473902638,0.172,0.56,"HCC-1L_normalized","ROI 1","Rest","wilcox","Spatial",0.25,0.05,0.05,29,2762,TRUE,FALSE,2,2160
"RPRD1B",-0.5324,0.00695025420666958,0.0379850446616208,0.172,0.495,"HCC-1L_normalized","ROI 1","Rest","wilcox","Spatial",0.25,0.05,0.05,29,2762,TRUE,FALSE,2,2160
"GUK1",0.5324,0.00180561815723567,0.0148332807171338,0.862,0.961,"HCC-1L_normalized","ROI 1","Rest","wilcox","Spatial",0.25,0.05,0.05,29,2762,TRUE,FALSE,2,2160
"VPS13D",-0.5306,0.00558353316151257,0.032646512887369,0.069,0.331,"HCC-1L_normalized","ROI 1","Rest","wilcox","Spatial",0.25,0.05,0.05,29,2762,TRUE,FALSE,2,2160
"FAM20A",-0.5305,0.00307456119150203,0.0213809683921995,0.31,0.7,"HCC-1L_normalized","ROI 1","Rest","wilcox","Spatial",0.25,0.05,0.05,29,2762,TRUE,FALSE,2,2160
"SLC2A8",-0.5304,0.00390783590927507,0.025419148928821,0.138,0.482,"HCC-1L_normalized","ROI 1","Rest","wilcox","Spatial",0.25,0.05,0.05,29,2762,TRUE,FALSE,2,2160
"LIX1L",-0.5299,0.00852771468833647,0.043469373371895,0.138,0.454,"HCC-1L_normalized","ROI 1","Rest","wilcox","Spatial",0.25,0.05,0.05,29,2762,TRUE,FALSE,2,2160
"NEU1",-0.5295,0.0032403726835429,0.0222239452856881,0.172,0.547,"HCC-1L_normalized","ROI 1","Rest","wilcox","Spatial",0.25,0.05,0.05,29,2762,TRUE,FALSE,2,2160
"MAP3K20",-0.5283,0.00449247987362545,0.0279327646992681,0.103,0.412,"HCC-1L_normalized","ROI 1","Rest","wilcox","Spatial",0.25,0.05,0.05,29,2762,TRUE,FALSE,2,2160
"F11R",-0.5261,0.00917465861600955,0.0458338792721508,0.276,0.619,"HCC-1L_normalized","ROI 1","Rest","wilcox","Spatial",0.25,0.05,0.05,29,2762,TRUE,FALSE,2,2160
"ATP1A1",-0.526,0.00715144199074583,0.0387607415200134,0.586,0.874,"HCC-1L_normalized","ROI 1","Rest","wilcox","Spatial",0.25,0.05,0.05,29,2762,TRUE,FALSE,2,2160
"MAP4K4",-0.5234,0.00115740229139631,0.0108835331372451,0.138,0.533,"HCC-1L_normalized","ROI 1","Rest","wilcox","Spatial",0.25,0.05,0.05,29,2762,TRUE,FALSE,2,2160
"FABP5",-0.5228,0.00533275349943531,0.0315860770374023,0.034,0.281,"HCC-1L_normalized","ROI 1","Rest","wilcox","Spatial",0.25,0.05,0.05,29,2762,TRUE,FALSE,2,2160
"SYS1",-0.5216,0.00730273487778443,0.0392958474194817,0.103,0.39,"HCC-1L_normalized","ROI 1","Rest","wilcox","Spatial",0.25,0.05,0.05,29,2762,TRUE,FALSE,2,2160
"H1F0",-0.5212,0.00742378790970987,0.0397632365726835,0.345,0.711,"HCC-1L_normalized","ROI 1","Rest","wilcox","Spatial",0.25,0.05,0.05,29,2762,TRUE,FALSE,2,2160
"RPL14",0.5205,2.8173345319663e-05,0.00062338738290823,0.931,0.967,"HCC-1L_normalized","ROI 1","Rest","wilcox","Spatial",0.25,0.05,0.05,29,2762,TRUE,FALSE,2,2160
"OLA1",-0.5201,0.00855966017758333,0.0435378320154671,0.138,0.449,"HCC-1L_normalized","ROI 1","Rest","wilcox","Spatial",0.25,0.05,0.05,29,2762,TRUE,FALSE,2,2160
"NDST1",-0.5196,0.00865523915597622,0.0438884365341314,0.172,0.509,"HCC-1L_normalized","ROI 1","Rest","wilcox","Spatial",0.25,0.05,0.05,29,2762,TRUE,FALSE,2,2160
"RPLP1",0.5191,1.11194800644865e-08,7.01063122619975e-07,0.966,0.991,"HCC-1L_normalized","ROI 1","Rest","wilcox","Spatial",0.25,0.05,0.05,29,2762,TRUE,FALSE,2,2160
"NUCB1",-0.5183,0.002387880194234,0.0180705380425546,0.517,0.882,"HCC-1L_normalized","ROI 1","Rest","wilcox","Spatial",0.25,0.05,0.05,29,2762,TRUE,FALSE,2,2160
"TMEM254",-0.5182,0.00308470945706778,0.0214088655024346,0.103,0.422,"HCC-1L_normalized","ROI 1","Rest","wilcox","Spatial",0.25,0.05,0.05,29,2762,TRUE,FALSE,2,2160
"SEC61B",-0.5175,0.00286572798186941,0.0203616490551563,0.69,0.919,"HCC-1L_normalized","ROI 1","Rest","wilcox","Spatial",0.25,0.05,0.05,29,2762,TRUE,FALSE,2,2160
"CRLS1",-0.5174,0.00490306123866645,0.0296964345624324,0.483,0.808,"HCC-1L_normalized","ROI 1","Rest","wilcox","Spatial",0.25,0.05,0.05,29,2762,TRUE,FALSE,2,2160
"HUWE1",0.5172,0.003766352684306,0.0247750982831057,0.172,0.539,"HCC-1L_normalized","ROI 1","Rest","wilcox","Spatial",0.25,0.05,0.05,29,2762,TRUE,FALSE,2,2160
"ATP5MD",-0.5172,0.00486696627560531,0.0295037316958514,0.759,0.942,"HCC-1L_normalized","ROI 1","Rest","wilcox","Spatial",0.25,0.05,0.05,29,2762,TRUE,FALSE,2,2160
"SPON2",-0.516,0.00690596265044788,0.0378910544943318,0.759,0.921,"HCC-1L_normalized","ROI 1","Rest","wilcox","Spatial",0.25,0.05,0.05,29,2762,TRUE,FALSE,2,2160
"IGFBP3",0.5151,0.000710160458279728,0.00787345270800385,0.966,0.929,"HCC-1L_normalized","ROI 1","Rest","wilcox","Spatial",0.25,0.05,0.05,29,2762,TRUE,FALSE,2,2160
"ALDH7A1",-0.5147,0.00245519306131193,0.0183573073915852,0.241,0.663,"HCC-1L_normalized","ROI 1","Rest","wilcox","Spatial",0.25,0.05,0.05,29,2762,TRUE,FALSE,2,2160
"UGP2",-0.5135,0.00457108263375846,0.0282509197651639,0.828,0.922,"HCC-1L_normalized","ROI 1","Rest","wilcox","Spatial",0.25,0.05,0.05,29,2762,TRUE,FALSE,2,2160
"TIMM17A",-0.5119,0.00569959842675212,0.033107419602003,0.241,0.642,"HCC-1L_normalized","ROI 1","Rest","wilcox","Spatial",0.25,0.05,0.05,29,2762,TRUE,FALSE,2,2160
"MOAP1",-0.5113,0.00361641387279296,0.0241232553171772,0.103,0.422,"HCC-1L_normalized","ROI 1","Rest","wilcox","Spatial",0.25,0.05,0.05,29,2762,TRUE,FALSE,2,2160
"MICAL3",-0.5111,0.00379624632228373,0.024878844088304,0.138,0.481,"HCC-1L_normalized","ROI 1","Rest","wilcox","Spatial",0.25,0.05,0.05,29,2762,TRUE,FALSE,2,2160
"DERL2",-0.5107,0.000890858078997589,0.00914090260273408,0.138,0.542,"HCC-1L_normalized","ROI 1","Rest","wilcox","Spatial",0.25,0.05,0.05,29,2762,TRUE,FALSE,2,2160
"PDE8A",-0.5105,0.00700470676833219,0.0381432159403562,0.103,0.39,"HCC-1L_normalized","ROI 1","Rest","wilcox","Spatial",0.25,0.05,0.05,29,2762,TRUE,FALSE,2,2160
"PTP4A1",0.5102,0.00321868243308823,0.0221041537694891,0.69,0.907,"HCC-1L_normalized","ROI 1","Rest","wilcox","Spatial",0.25,0.05,0.05,29,2762,TRUE,FALSE,2,2160
"COMT",-0.5099,0.00362680258596038,0.024164312123794,0.414,0.834,"HCC-1L_normalized","ROI 1","Rest","wilcox","Spatial",0.25,0.05,0.05,29,2762,TRUE,FALSE,2,2160
"VPS39",-0.5097,0.00386698225910464,0.0252318181569758,0.103,0.42,"HCC-1L_normalized","ROI 1","Rest","wilcox","Spatial",0.25,0.05,0.05,29,2762,TRUE,FALSE,2,2160
"AKR1C3",-0.5081,0.00235859594718455,0.0179266994794724,0.828,0.94,"HCC-1L_normalized","ROI 1","Rest","wilcox","Spatial",0.25,0.05,0.05,29,2762,TRUE,FALSE,2,2160
"ACOT8",-0.5078,0.00853106181023049,0.043469373371895,0.172,0.507,"HCC-1L_normalized","ROI 1","Rest","wilcox","Spatial",0.25,0.05,0.05,29,2762,TRUE,FALSE,2,2160
"C19orf53",0.5069,0.00879562168336789,0.0443424742476533,0.759,0.846,"HCC-1L_normalized","ROI 1","Rest","wilcox","Spatial",0.25,0.05,0.05,29,2762,TRUE,FALSE,2,2160
"PCTP",-0.5064,0.00995907229948284,0.0487063788254147,0.138,0.438,"HCC-1L_normalized","ROI 1","Rest","wilcox","Spatial",0.25,0.05,0.05,29,2762,TRUE,FALSE,2,2160
"ORC3",-0.5061,0.00868849094027636,0.0439931041030152,0.034,0.261,"HCC-1L_normalized","ROI 1","Rest","wilcox","Spatial",0.25,0.05,0.05,29,2762,TRUE,FALSE,2,2160
"GALE",-0.5031,0.00397600652773329,0.0257028315745872,0.31,0.705,"HCC-1L_normalized","ROI 1","Rest","wilcox","Spatial",0.25,0.05,0.05,29,2762,TRUE,FALSE,2,2160
"AHSG",-0.5029,7.31302128571264e-08,3.80786471523724e-06,0.966,0.991,"HCC-1L_normalized","ROI 1","Rest","wilcox","Spatial",0.25,0.05,0.05,29,2762,TRUE,FALSE,2,2160
"TTC1",-0.5029,0.00613981780260241,0.0349425411212816,0.138,0.443,"HCC-1L_normalized","ROI 1","Rest","wilcox","Spatial",0.25,0.05,0.05,29,2762,TRUE,FALSE,2,2160
"ZFYVE16",-0.5014,0.00390262172412501,0.0254168257403188,0.069,0.358,"HCC-1L_normalized","ROI 1","Rest","wilcox","Spatial",0.25,0.05,0.05,29,2762,TRUE,FALSE,2,2160
"TMBIM6",-0.5012,0.000362994350399013,0.00469404750627124,0.931,0.974,"HCC-1L_normalized","ROI 1","Rest","wilcox","Spatial",0.25,0.05,0.05,29,2762,TRUE,FALSE,2,2160
"PFN1",0.5007,0.00606608544639213,0.034617039412181,0.966,0.98,"HCC-1L_normalized","ROI 1","Rest","wilcox","Spatial",0.25,0.05,0.05,29,2762,TRUE,FALSE,2,2160
"FAM69B",-0.5003,0.00337030934243774,0.0229049724532165,0.034,0.3,"HCC-1L_normalized","ROI 1","Rest","wilcox","Spatial",0.25,0.05,0.05,29,2762,TRUE,FALSE,2,2160
"PPFIBP2",-0.4997,0.00563347731490473,0.0328229259815092,0.138,0.463,"HCC-1L_normalized","ROI 1","Rest","wilcox","Spatial",0.25,0.05,0.05,29,2762,TRUE,FALSE,2,2160
"SEMA4B",-0.4997,0.00266524486094892,0.019357704867933,0.103,0.439,"HCC-1L_normalized","ROI 1","Rest","wilcox","Spatial",0.25,0.05,0.05,29,2762,TRUE,FALSE,2,2160
"PSMA5",-0.4992,0.00595123474972016,0.0341291084331897,0.276,0.707,"HCC-1L_normalized","ROI 1","Rest","wilcox","Spatial",0.25,0.05,0.05,29,2762,TRUE,FALSE,2,2160
"RORA",-0.4991,0.00389339969393727,0.0253725536716983,0.069,0.355,"HCC-1L_normalized","ROI 1","Rest","wilcox","Spatial",0.25,0.05,0.05,29,2762,TRUE,FALSE,2,2160
"TMED9",-0.4985,0.00901666090203618,0.0452705230699628,0.586,0.868,"HCC-1L_normalized","ROI 1","Rest","wilcox","Spatial",0.25,0.05,0.05,29,2762,TRUE,FALSE,2,2160
"CDA",-0.4978,0.00730164072357902,0.0392958474194817,0.103,0.394,"HCC-1L_normalized","ROI 1","Rest","wilcox","Spatial",0.25,0.05,0.05,29,2762,TRUE,FALSE,2,2160
"APLP2",-0.4977,0.00135789887719045,0.0121846872625167,0.655,0.915,"HCC-1L_normalized","ROI 1","Rest","wilcox","Spatial",0.25,0.05,0.05,29,2762,TRUE,FALSE,2,2160
"SNX14",-0.4969,0.00376372215443514,0.0247742868354202,0.138,0.484,"HCC-1L_normalized","ROI 1","Rest","wilcox","Spatial",0.25,0.05,0.05,29,2762,TRUE,FALSE,2,2160
"VNN3",-0.4964,0.00840617701159435,0.0430847446637348,0.069,0.327,"HCC-1L_normalized","ROI 1","Rest","wilcox","Spatial",0.25,0.05,0.05,29,2762,TRUE,FALSE,2,2160
"TMEM45B",-0.4948,0.00951047292551205,0.0470811939586462,0.241,0.59,"HCC-1L_normalized","ROI 1","Rest","wilcox","Spatial",0.25,0.05,0.05,29,2762,TRUE,FALSE,2,2160
"SALL1",-0.4947,0.00560910177996246,0.032759408051946,0.069,0.343,"HCC-1L_normalized","ROI 1","Rest","wilcox","Spatial",0.25,0.05,0.05,29,2762,TRUE,FALSE,2,2160
"GOLM1",-0.4946,0.0069482754314963,0.0379850446616208,0.138,0.443,"HCC-1L_normalized","ROI 1","Rest","wilcox","Spatial",0.25,0.05,0.05,29,2762,TRUE,FALSE,2,2160
"MFSD12",-0.4931,0.00433204397586162,0.0273622041348025,0.172,0.532,"HCC-1L_normalized","ROI 1","Rest","wilcox","Spatial",0.25,0.05,0.05,29,2762,TRUE,FALSE,2,2160
"TTL",-0.4921,0.00675992719766418,0.0374731981201024,0.069,0.335,"HCC-1L_normalized","ROI 1","Rest","wilcox","Spatial",0.25,0.05,0.05,29,2762,TRUE,FALSE,2,2160
"UTP11",-0.4921,0.00722558101579653,0.039015329318971,0.034,0.269,"HCC-1L_normalized","ROI 1","Rest","wilcox","Spatial",0.25,0.05,0.05,29,2762,TRUE,FALSE,2,2160
"PTPRF",-0.4915,0.0090144438588134,0.0452705230699628,0.517,0.819,"HCC-1L_normalized","ROI 1","Rest","wilcox","Spatial",0.25,0.05,0.05,29,2762,TRUE,FALSE,2,2160
"ASCC3",-0.4907,0.00234472056748173,0.0178992308236789,0.069,0.365,"HCC-1L_normalized","ROI 1","Rest","wilcox","Spatial",0.25,0.05,0.05,29,2762,TRUE,FALSE,2,2160
"SEM1",-0.4895,0.00526409917664016,0.0313403987178465,0.759,0.91,"HCC-1L_normalized","ROI 1","Rest","wilcox","Spatial",0.25,0.05,0.05,29,2762,TRUE,FALSE,2,2160
"KDSR",-0.4893,0.00126591023018814,0.0115409551124992,0.103,0.467,"HCC-1L_normalized","ROI 1","Rest","wilcox","Spatial",0.25,0.05,0.05,29,2762,TRUE,FALSE,2,2160
"RPL39",0.4892,1.36750888142071e-05,0.000339155164761827,0.966,0.988,"HCC-1L_normalized","ROI 1","Rest","wilcox","Spatial",0.25,0.05,0.05,29,2762,TRUE,FALSE,2,2160
"EIF3K",-0.4891,0.008149898799855,0.0423519567225831,0.483,0.848,"HCC-1L_normalized","ROI 1","Rest","wilcox","Spatial",0.25,0.05,0.05,29,2762,TRUE,FALSE,2,2160
"NDUFB7",0.4891,0.0032862154315369,0.022444669086258,0.931,0.969,"HCC-1L_normalized","ROI 1","Rest","wilcox","Spatial",0.25,0.05,0.05,29,2762,TRUE,FALSE,2,2160
"CD164",-0.4887,0.00670015668157182,0.0372207217777764,0.379,0.795,"HCC-1L_normalized","ROI 1","Rest","wilcox","Spatial",0.25,0.05,0.05,29,2762,TRUE,FALSE,2,2160
"KCMF1",-0.4879,0.0056494597125631,0.0328667289336773,0.138,0.464,"HCC-1L_normalized","ROI 1","Rest","wilcox","Spatial",0.25,0.05,0.05,29,2762,TRUE,FALSE,2,2160
"WIPI2",-0.4875,0.00467884186890473,0.0287487138539983,0.172,0.537,"HCC-1L_normalized","ROI 1","Rest","wilcox","Spatial",0.25,0.05,0.05,29,2762,TRUE,FALSE,2,2160
"TXNDC15",-0.4866,0.00610681850186668,0.0347925761788441,0.103,0.4,"HCC-1L_normalized","ROI 1","Rest","wilcox","Spatial",0.25,0.05,0.05,29,2762,TRUE,FALSE,2,2160
"BID",-0.486,0.00553976485232445,0.0324528290925215,0.31,0.696,"HCC-1L_normalized","ROI 1","Rest","wilcox","Spatial",0.25,0.05,0.05,29,2762,TRUE,FALSE,2,2160
"PDSS2",-0.4838,0.0102260447453529,0.0496178879484765,0.034,0.254,"HCC-1L_normalized","ROI 1","Rest","wilcox","Spatial",0.25,0.05,0.05,29,2762,TRUE,FALSE,2,2160
"UBE2L3",-0.4838,0.00334577980104685,0.0227645783634212,0.276,0.711,"HCC-1L_normalized","ROI 1","Rest","wilcox","Spatial",0.25,0.05,0.05,29,2762,TRUE,FALSE,2,2160
"CDK5RAP2",-0.4805,0.00406663944311593,0.0261594642972657,0.138,0.484,"HCC-1L_normalized","ROI 1","Rest","wilcox","Spatial",0.25,0.05,0.05,29,2762,TRUE,FALSE,2,2160
"UPF3A",-0.4795,0.00592184215427002,0.0340164654152525,0.103,0.403,"HCC-1L_normalized","ROI 1","Rest","wilcox","Spatial",0.25,0.05,0.05,29,2762,TRUE,FALSE,2,2160
"METTL7B",-0.4778,0.00434405986658449,0.0274215504002854,0.379,0.818,"HCC-1L_normalized","ROI 1","Rest","wilcox","Spatial",0.25,0.05,0.05,29,2762,TRUE,FALSE,2,2160
"TIMM10",-0.476,0.00831956887412881,0.0428929102643508,0.241,0.604,"HCC-1L_normalized","ROI 1","Rest","wilcox","Spatial",0.25,0.05,0.05,29,2762,TRUE,FALSE,2,2160
"CAV2",-0.4752,0.000960719307111327,0.00954513534492301,0.138,0.541,"HCC-1L_normalized","ROI 1","Rest","wilcox","Spatial",0.25,0.05,0.05,29,2762,TRUE,FALSE,2,2160
"AMOTL1",-0.4745,0.00623721972347616,0.0353048900086001,0.138,0.465,"HCC-1L_normalized","ROI 1","Rest","wilcox","Spatial",0.25,0.05,0.05,29,2762,TRUE,FALSE,2,2160
"BOLA3",-0.4742,0.00617188562777966,0.0350790460932683,0.172,0.507,"HCC-1L_normalized","ROI 1","Rest","wilcox","Spatial",0.25,0.05,0.05,29,2762,TRUE,FALSE,2,2160
"COX6B1",-0.4741,0.00163052840426981,0.0139079953374799,0.931,0.976,"HCC-1L_normalized","ROI 1","Rest","wilcox","Spatial",0.25,0.05,0.05,29,2762,TRUE,FALSE,2,2160
"CDHR5",-0.4732,0.0019076915450014,0.0153962129928757,0.69,0.923,"HCC-1L_normalized","ROI 1","Rest","wilcox","Spatial",0.25,0.05,0.05,29,2762,TRUE,FALSE,2,2160
"PSMC1",-0.4726,0.000612395860138186,0.00710569298470759,0.241,0.731,"HCC-1L_normalized","ROI 1","Rest","wilcox","Spatial",0.25,0.05,0.05,29,2762,TRUE,FALSE,2,2160
"B3GNT5",-0.4718,0.00260688348089562,0.0191098441009078,0.103,0.441,"HCC-1L_normalized","ROI 1","Rest","wilcox","Spatial",0.25,0.05,0.05,29,2762,TRUE,FALSE,2,2160
"TMEM167A",-0.4709,0.00171782495634561,0.0143723753312387,0.172,0.59,"HCC-1L_normalized","ROI 1","Rest","wilcox","Spatial",0.25,0.05,0.05,29,2762,TRUE,FALSE,2,2160
"TMEM220",-0.4703,0.00788546228672002,0.0413957981214812,0.172,0.507,"HCC-1L_normalized","ROI 1","Rest","wilcox","Spatial",0.25,0.05,0.05,29,2762,TRUE,FALSE,2,2160
"TARDBP",-0.4694,0.00222475278209835,0.0171839576512482,0.172,0.56,"HCC-1L_normalized","ROI 1","Rest","wilcox","Spatial",0.25,0.05,0.05,29,2762,TRUE,FALSE,2,2160
"SEC61G",-0.4684,0.00449710572503982,0.0279327646992681,0.552,0.851,"HCC-1L_normalized","ROI 1","Rest","wilcox","Spatial",0.25,0.05,0.05,29,2762,TRUE,FALSE,2,2160
"SMARCA1",-0.4679,0.0029330260932088,0.0207132598458322,0.138,0.5,"HCC-1L_normalized","ROI 1","Rest","wilcox","Spatial",0.25,0.05,0.05,29,2762,TRUE,FALSE,2,2160
"SELENOP",-0.4677,0.000860878707092494,0.00895907645286771,0.966,0.99,"HCC-1L_normalized","ROI 1","Rest","wilcox","Spatial",0.25,0.05,0.05,29,2762,TRUE,FALSE,2,2160
"CCNG1",-0.4676,0.00425682072173588,0.0269847884153166,0.207,0.576,"HCC-1L_normalized","ROI 1","Rest","wilcox","Spatial",0.25,0.05,0.05,29,2762,TRUE,FALSE,2,2160
"COPZ2",-0.4671,0.00852100802594249,0.043469373371895,0.069,0.325,"HCC-1L_normalized","ROI 1","Rest","wilcox","Spatial",0.25,0.05,0.05,29,2762,TRUE,FALSE,2,2160
"DCTD",-0.4661,0.00754585221715546,0.040027974416164,0.172,0.495,"HCC-1L_normalized","ROI 1","Rest","wilcox","Spatial",0.25,0.05,0.05,29,2762,TRUE,FALSE,2,2160
"CYP4A22",-0.4659,0.00128980038815712,0.0116877476066275,0.138,0.527,"HCC-1L_normalized","ROI 1","Rest","wilcox","Spatial",0.25,0.05,0.05,29,2762,TRUE,FALSE,2,2160
"GRINA",-0.4657,0.00344372929629075,0.0232529489128897,0.793,0.934,"HCC-1L_normalized","ROI 1","Rest","wilcox","Spatial",0.25,0.05,0.05,29,2762,TRUE,FALSE,2,2160
"DYNLRB1",-0.4636,0.00831349779289516,0.0428827343028293,0.31,0.68,"HCC-1L_normalized","ROI 1","Rest","wilcox","Spatial",0.25,0.05,0.05,29,2762,TRUE,FALSE,2,2160
"PDS5A",-0.4621,0.000616442104444235,0.00712806267851535,0.172,0.597,"HCC-1L_normalized","ROI 1","Rest","wilcox","Spatial",0.25,0.05,0.05,29,2762,TRUE,FALSE,2,2160
"SMIM15",-0.4618,0.00514463444739446,0.0308030572805666,0.069,0.348,"HCC-1L_normalized","ROI 1","Rest","wilcox","Spatial",0.25,0.05,0.05,29,2762,TRUE,FALSE,2,2160
"PSMB3",-0.4603,0.00963546187796351,0.0474563501245958,0.621,0.909,"HCC-1L_normalized","ROI 1","Rest","wilcox","Spatial",0.25,0.05,0.05,29,2762,TRUE,FALSE,2,2160
"COQ10A",-0.4603,0.00978797209574651,0.0480041780478364,0.069,0.316,"HCC-1L_normalized","ROI 1","Rest","wilcox","Spatial",0.25,0.05,0.05,29,2762,TRUE,FALSE,2,2160
"USP7",-0.4601,0.0047545791809109,0.0290390819224258,0.103,0.397,"HCC-1L_normalized","ROI 1","Rest","wilcox","Spatial",0.25,0.05,0.05,29,2762,TRUE,FALSE,2,2160
"SLC43A3",-0.4592,0.00673648467967377,0.0373874544020714,0.276,0.664,"HCC-1L_normalized","ROI 1","Rest","wilcox","Spatial",0.25,0.05,0.05,29,2762,TRUE,FALSE,2,2160
"TMEM64",-0.4591,0.0065228804961149,0.036585459417116,0.069,0.337,"HCC-1L_normalized","ROI 1","Rest","wilcox","Spatial",0.25,0.05,0.05,29,2762,TRUE,FALSE,2,2160
"UBXN8",-0.4576,0.00667794377980418,0.0371367479274339,0.034,0.272,"HCC-1L_normalized","ROI 1","Rest","wilcox","Spatial",0.25,0.05,0.05,29,2762,TRUE,FALSE,2,2160
"UBA52",0.4574,7.36727697181331e-06,0.000203983917425921,0.966,0.986,"HCC-1L_normalized","ROI 1","Rest","wilcox","Spatial",0.25,0.05,0.05,29,2762,TRUE,FALSE,2,2160
"SRPRA",-0.4562,0.00174764170031046,0.0145024887100057,0.241,0.675,"HCC-1L_normalized","ROI 1","Rest","wilcox","Spatial",0.25,0.05,0.05,29,2762,TRUE,FALSE,2,2160
"APOOL",-0.4524,0.00392647748818743,0.0255086985669582,0.069,0.345,"HCC-1L_normalized","ROI 1","Rest","wilcox","Spatial",0.25,0.05,0.05,29,2762,TRUE,FALSE,2,2160
"ZNF513",-0.4506,0.010084631100703,0.0492743926703816,0.138,0.436,"HCC-1L_normalized","ROI 1","Rest","wilcox","Spatial",0.25,0.05,0.05,29,2762,TRUE,FALSE,2,2160
"ENTPD5",-0.4496,0.00405467689391976,0.0261146143826241,0.414,0.822,"HCC-1L_normalized","ROI 1","Rest","wilcox","Spatial",0.25,0.05,0.05,29,2762,TRUE,FALSE,2,2160
"SEC23A",-0.4492,0.00418207578950728,0.0266530979324659,0.207,0.603,"HCC-1L_normalized","ROI 1","Rest","wilcox","Spatial",0.25,0.05,0.05,29,2762,TRUE,FALSE,2,2160
"CHMP1B",-0.4491,0.00372293360667292,0.0246609007135688,0.103,0.42,"HCC-1L_normalized","ROI 1","Rest","wilcox","Spatial",0.25,0.05,0.05,29,2762,TRUE,FALSE,2,2160
"FTH1",-0.4489,6.47793005795171e-08,3.40693547670968e-06,0.966,0.991,"HCC-1L_normalized","ROI 1","Rest","wilcox","Spatial",0.25,0.05,0.05,29,2762,TRUE,FALSE,2,2160
"KRT18",-0.4478,0.00994075315567196,0.0486622649800106,0.724,0.975,"HCC-1L_normalized","ROI 1","Rest","wilcox","Spatial",0.25,0.05,0.05,29,2762,TRUE,FALSE,2,2160
"GCGR",-0.4476,0.00594882929384708,0.0341291084331897,0.241,0.639,"HCC-1L_normalized","ROI 1","Rest","wilcox","Spatial",0.25,0.05,0.05,29,2762,TRUE,FALSE,2,2160
"ELMO2",-0.4475,0.010140103200865,0.0494501646930866,0.034,0.255,"HCC-1L_normalized","ROI 1","Rest","wilcox","Spatial",0.25,0.05,0.05,29,2762,TRUE,FALSE,2,2160
"F5",-0.4463,0.00689520891078157,0.037862149244617,0.483,0.832,"HCC-1L_normalized","ROI 1","Rest","wilcox","Spatial",0.25,0.05,0.05,29,2762,TRUE,FALSE,2,2160
"TMEM9B",-0.4458,0.00390776783755664,0.025419148928821,0.103,0.424,"HCC-1L_normalized","ROI 1","Rest","wilcox","Spatial",0.25,0.05,0.05,29,2762,TRUE,FALSE,2,2160
"ITM2B",0.4457,5.83787334381525e-05,0.00112758154452422,0.966,0.986,"HCC-1L_normalized","ROI 1","Rest","wilcox","Spatial",0.25,0.05,0.05,29,2762,TRUE,FALSE,2,2160
"RPL27A",0.4449,4.56535354672732e-05,0.000927137674270289,0.966,0.988,"HCC-1L_normalized","ROI 1","Rest","wilcox","Spatial",0.25,0.05,0.05,29,2762,TRUE,FALSE,2,2160
"UBXN4",-0.4443,0.00984328877974233,0.0482077025590937,0.172,0.478,"HCC-1L_normalized","ROI 1","Rest","wilcox","Spatial",0.25,0.05,0.05,29,2762,TRUE,FALSE,2,2160
"ABCG5",-0.443,0.00135411512363641,0.0121649518317414,0.207,0.629,"HCC-1L_normalized","ROI 1","Rest","wilcox","Spatial",0.25,0.05,0.05,29,2762,TRUE,FALSE,2,2160
"AARS",-0.4421,0.00316109078531393,0.0218232032711712,0.207,0.604,"HCC-1L_normalized","ROI 1","Rest","wilcox","Spatial",0.25,0.05,0.05,29,2762,TRUE,FALSE,2,2160
"GPX2",-0.4401,0.00418667045681004,0.0266530979324659,0.862,0.971,"HCC-1L_normalized","ROI 1","Rest","wilcox","Spatial",0.25,0.05,0.05,29,2762,TRUE,FALSE,2,2160
"MBTPS1",-0.4398,0.00499706529962743,0.0301405811315044,0.138,0.453,"HCC-1L_normalized","ROI 1","Rest","wilcox","Spatial",0.25,0.05,0.05,29,2762,TRUE,FALSE,2,2160
"TMED4",-0.4375,0.00396108936091037,0.0256857256823345,0.172,0.547,"HCC-1L_normalized","ROI 1","Rest","wilcox","Spatial",0.25,0.05,0.05,29,2762,TRUE,FALSE,2,2160
"VSNL1",-0.437,0.00960684535840596,0.0473947894532306,0.069,0.32,"HCC-1L_normalized","ROI 1","Rest","wilcox","Spatial",0.25,0.05,0.05,29,2762,TRUE,FALSE,2,2160
"ARPC5L",-0.4365,0.00448388805504033,0.0279003402996743,0.138,0.474,"HCC-1L_normalized","ROI 1","Rest","wilcox","Spatial",0.25,0.05,0.05,29,2762,TRUE,FALSE,2,2160
"RHPN2",-0.4359,0.00852166817603995,0.043469373371895,0.103,0.389,"HCC-1L_normalized","ROI 1","Rest","wilcox","Spatial",0.25,0.05,0.05,29,2762,TRUE,FALSE,2,2160
"COX17",-0.4358,0.00348032807801112,0.0234245103951539,0.414,0.787,"HCC-1L_normalized","ROI 1","Rest","wilcox","Spatial",0.25,0.05,0.05,29,2762,TRUE,FALSE,2,2160
"TFR2",-0.4342,0.00194171218387185,0.0155962852773621,0.828,0.967,"HCC-1L_normalized","ROI 1","Rest","wilcox","Spatial",0.25,0.05,0.05,29,2762,TRUE,FALSE,2,2160
"BCHE",-0.4326,0.0102254747729022,0.0496178879484765,0.172,0.489,"HCC-1L_normalized","ROI 1","Rest","wilcox","Spatial",0.25,0.05,0.05,29,2762,TRUE,FALSE,2,2160
"AIG1",-0.4321,0.00960968837114864,0.0473947894532306,0.379,0.783,"HCC-1L_normalized","ROI 1","Rest","wilcox","Spatial",0.25,0.05,0.05,29,2762,TRUE,FALSE,2,2160
"HNRNPLL",-0.4289,0.00833999710495113,0.0428963132648027,0.034,0.263,"HCC-1L_normalized","ROI 1","Rest","wilcox","Spatial",0.25,0.05,0.05,29,2762,TRUE,FALSE,2,2160
"FAM162A",-0.4284,0.00364371678080262,0.0242435726814242,0.31,0.764,"HCC-1L_normalized","ROI 1","Rest","wilcox","Spatial",0.25,0.05,0.05,29,2762,TRUE,FALSE,2,2160
"RPLP0",0.4276,6.21541341616672e-06,0.000175812207604327,0.966,0.988,"HCC-1L_normalized","ROI 1","Rest","wilcox","Spatial",0.25,0.05,0.05,29,2762,TRUE,FALSE,2,2160
"FERMT2",-0.4275,0.0102140169979368,0.0496178879484765,0.172,0.491,"HCC-1L_normalized","ROI 1","Rest","wilcox","Spatial",0.25,0.05,0.05,29,2762,TRUE,FALSE,2,2160
"NTPCR",-0.4264,0.00871924484810134,0.0441061462446731,0.138,0.451,"HCC-1L_normalized","ROI 1","Rest","wilcox","Spatial",0.25,0.05,0.05,29,2762,TRUE,FALSE,2,2160
"MLXIP",-0.4229,0.00753022109598575,0.0399854358146052,0.069,0.329,"HCC-1L_normalized","ROI 1","Rest","wilcox","Spatial",0.25,0.05,0.05,29,2762,TRUE,FALSE,2,2160
"SPR",-0.4228,0.00193427914087704,0.0155604654023206,0.241,0.676,"HCC-1L_normalized","ROI 1","Rest","wilcox","Spatial",0.25,0.05,0.05,29,2762,TRUE,FALSE,2,2160
"TRAPPC4",-0.4203,0.0050120428142762,0.030199217095115,0.103,0.411,"HCC-1L_normalized","ROI 1","Rest","wilcox","Spatial",0.25,0.05,0.05,29,2762,TRUE,FALSE,2,2160
"KIF13A",-0.4202,0.00931698565654725,0.0464562038501303,0.034,0.258,"HCC-1L_normalized","ROI 1","Rest","wilcox","Spatial",0.25,0.05,0.05,29,2762,TRUE,FALSE,2,2160
"POLR2L",-0.419,0.00452302353198108,0.0280438177048068,0.862,0.975,"HCC-1L_normalized","ROI 1","Rest","wilcox","Spatial",0.25,0.05,0.05,29,2762,TRUE,FALSE,2,2160
"GALT",-0.4188,0.00234682720824982,0.0179022547824654,0.276,0.668,"HCC-1L_normalized","ROI 1","Rest","wilcox","Spatial",0.25,0.05,0.05,29,2762,TRUE,FALSE,2,2160
"P4HB",-0.4183,4.13362200755755e-05,0.000853303509489098,0.931,0.988,"HCC-1L_normalized","ROI 1","Rest","wilcox","Spatial",0.25,0.05,0.05,29,2762,TRUE,FALSE,2,2160
"ADAR",-0.4176,0.000459613110786012,0.00564664420036526,0.207,0.672,"HCC-1L_normalized","ROI 1","Rest","wilcox","Spatial",0.25,0.05,0.05,29,2762,TRUE,FALSE,2,2160
"HSD17B6",-0.4175,1.65403094167587e-08,9.94890105493082e-07,0.828,0.975,"HCC-1L_normalized","ROI 1","Rest","wilcox","Spatial",0.25,0.05,0.05,29,2762,TRUE,FALSE,2,2160
"FBXO3",-0.4171,0.00815714351711308,0.0423685677668017,0.138,0.436,"HCC-1L_normalized","ROI 1","Rest","wilcox","Spatial",0.25,0.05,0.05,29,2762,TRUE,FALSE,2,2160
"ADRM1",-0.4158,0.00262045207097583,0.0191519911835426,0.414,0.815,"HCC-1L_normalized","ROI 1","Rest","wilcox","Spatial",0.25,0.05,0.05,29,2762,TRUE,FALSE,2,2160
"HINT1",-0.4133,0.00345614276137312,0.0232916871477985,0.931,0.976,"HCC-1L_normalized","ROI 1","Rest","wilcox","Spatial",0.25,0.05,0.05,29,2762,TRUE,FALSE,2,2160
"EDF1",0.4124,0.000277123606407352,0.00380626727645583,0.966,0.978,"HCC-1L_normalized","ROI 1","Rest","wilcox","Spatial",0.25,0.05,0.05,29,2762,TRUE,FALSE,2,2160
"LPIN2",-0.4114,0.000877652951035148,0.00905869406857382,0.241,0.677,"HCC-1L_normalized","ROI 1","Rest","wilcox","Spatial",0.25,0.05,0.05,29,2762,TRUE,FALSE,2,2160
"PRODH2",-0.4092,0.000777446825939704,0.00839586170135472,0.379,0.859,"HCC-1L_normalized","ROI 1","Rest","wilcox","Spatial",0.25,0.05,0.05,29,2762,TRUE,FALSE,2,2160
"CMC1",-0.4086,0.00111507931251075,0.0106190244999939,0.069,0.408,"HCC-1L_normalized","ROI 1","Rest","wilcox","Spatial",0.25,0.05,0.05,29,2762,TRUE,FALSE,2,2160
"ACOT2",-0.4075,0.00836963937382475,0.0430027715691948,0.138,0.436,"HCC-1L_normalized","ROI 1","Rest","wilcox","Spatial",0.25,0.05,0.05,29,2762,TRUE,FALSE,2,2160
"HYAL1",-0.4072,0.00441881683772266,0.0276717774651018,0.207,0.594,"HCC-1L_normalized","ROI 1","Rest","wilcox","Spatial",0.25,0.05,0.05,29,2762,TRUE,FALSE,2,2160
"OPTN",-0.4072,0.00684803539272733,0.0377978216194518,0.276,0.694,"HCC-1L_normalized","ROI 1","Rest","wilcox","Spatial",0.25,0.05,0.05,29,2762,TRUE,FALSE,2,2160
"GNL3",-0.4068,0.00305359145029353,0.021320138838407,0.138,0.477,"HCC-1L_normalized","ROI 1","Rest","wilcox","Spatial",0.25,0.05,0.05,29,2762,TRUE,FALSE,2,2160
"MALSU1",-0.4039,0.00151276486488738,0.0132379574213306,0.138,0.529,"HCC-1L_normalized","ROI 1","Rest","wilcox","Spatial",0.25,0.05,0.05,29,2762,TRUE,FALSE,2,2160
"CHCHD10",-0.4024,0.0073211155837872,0.0393687924736431,0.862,0.983,"HCC-1L_normalized","ROI 1","Rest","wilcox","Spatial",0.25,0.05,0.05,29,2762,TRUE,FALSE,2,2160
"ABAT",-0.4001,0.00303602096886617,0.0212257818705099,0.276,0.737,"HCC-1L_normalized","ROI 1","Rest","wilcox","Spatial",0.25,0.05,0.05,29,2762,TRUE,FALSE,2,2160
"CRY2",-0.3979,0.00854557404065549,0.0435221303695866,0.241,0.637,"HCC-1L_normalized","ROI 1","Rest","wilcox","Spatial",0.25,0.05,0.05,29,2762,TRUE,FALSE,2,2160
"PCK2",0.3969,0.000635896726852746,0.00726560605157297,0.552,0.926,"HCC-1L_normalized","ROI 1","Rest","wilcox","Spatial",0.25,0.05,0.05,29,2762,TRUE,FALSE,2,2160
"RARRES2",-0.3965,0.00115040013331479,0.0108567067585867,0.966,0.991,"HCC-1L_normalized","ROI 1","Rest","wilcox","Spatial",0.25,0.05,0.05,29,2762,TRUE,FALSE,2,2160
"SUMO1",-0.3961,0.0078806860111448,0.0413957981214812,0.276,0.653,"HCC-1L_normalized","ROI 1","Rest","wilcox","Spatial",0.25,0.05,0.05,29,2762,TRUE,FALSE,2,2160
"NOP56",-0.3956,0.00622101057491135,0.0352321951715488,0.172,0.504,"HCC-1L_normalized","ROI 1","Rest","wilcox","Spatial",0.25,0.05,0.05,29,2762,TRUE,FALSE,2,2160
"SOD1",-0.3924,0.0084113697168649,0.0430902571985845,0.897,0.975,"HCC-1L_normalized","ROI 1","Rest","wilcox","Spatial",0.25,0.05,0.05,29,2762,TRUE,FALSE,2,2160
"RRAS2",-0.3851,0.00856113685150308,0.0435378320154671,0.172,0.504,"HCC-1L_normalized","ROI 1","Rest","wilcox","Spatial",0.25,0.05,0.05,29,2762,TRUE,FALSE,2,2160
"NAT8",-0.3842,0.00556763464347381,0.032571751916488,0.241,0.628,"HCC-1L_normalized","ROI 1","Rest","wilcox","Spatial",0.25,0.05,0.05,29,2762,TRUE,FALSE,2,2160
"PDIA5",-0.3839,0.000871224490285807,0.00900733635366843,0.172,0.592,"HCC-1L_normalized","ROI 1","Rest","wilcox","Spatial",0.25,0.05,0.05,29,2762,TRUE,FALSE,2,2160
"ANXA7",-0.3838,0.00125483444337091,0.0114599452742757,0.31,0.738,"HCC-1L_normalized","ROI 1","Rest","wilcox","Spatial",0.25,0.05,0.05,29,2762,TRUE,FALSE,2,2160
"GTF3C6",-0.3827,0.00264906614815388,0.0192803381825998,0.138,0.482,"HCC-1L_normalized","ROI 1","Rest","wilcox","Spatial",0.25,0.05,0.05,29,2762,TRUE,FALSE,2,2160
"IPO7",-0.3802,0.00981207169502879,0.0480773138390315,0.207,0.559,"HCC-1L_normalized","ROI 1","Rest","wilcox","Spatial",0.25,0.05,0.05,29,2762,TRUE,FALSE,2,2160
"B2M",0.3774,0.000112952916821875,0.0018914643639324,0.966,0.991,"HCC-1L_normalized","ROI 1","Rest","wilcox","Spatial",0.25,0.05,0.05,29,2762,TRUE,FALSE,2,2160
"PPIC",-0.3742,0.00235525852658797,0.0179266994794724,0.172,0.545,"HCC-1L_normalized","ROI 1","Rest","wilcox","Spatial",0.25,0.05,0.05,29,2762,TRUE,FALSE,2,2160
"PGM3",-0.3736,0.00659636608576893,0.0368145939397076,0.103,0.398,"HCC-1L_normalized","ROI 1","Rest","wilcox","Spatial",0.25,0.05,0.05,29,2762,TRUE,FALSE,2,2160
"THOC7",-0.372,0.00136163001638306,0.0121906071441105,0.103,0.462,"HCC-1L_normalized","ROI 1","Rest","wilcox","Spatial",0.25,0.05,0.05,29,2762,TRUE,FALSE,2,2160
"NCOA5",-0.3717,0.00491281471652337,0.0297199834784161,0.034,0.285,"HCC-1L_normalized","ROI 1","Rest","wilcox","Spatial",0.25,0.05,0.05,29,2762,TRUE,FALSE,2,2160
"NPEPPS",-0.371,0.00747537528748562,0.0398092748132322,0.103,0.387,"HCC-1L_normalized","ROI 1","Rest","wilcox","Spatial",0.25,0.05,0.05,29,2762,TRUE,FALSE,2,2160
"DNAJC5",-0.3708,0.00360507448653095,0.0240783085998934,0.138,0.47,"HCC-1L_normalized","ROI 1","Rest","wilcox","Spatial",0.25,0.05,0.05,29,2762,TRUE,FALSE,2,2160
"NSFL1C",-0.3702,0.00209671565113165,0.016400766819689,0.172,0.567,"HCC-1L_normalized","ROI 1","Rest","wilcox","Spatial",0.25,0.05,0.05,29,2762,TRUE,FALSE,2,2160
"SNAP29",-0.3654,0.00244633734279892,0.0183224793252632,0.103,0.443,"HCC-1L_normalized","ROI 1","Rest","wilcox","Spatial",0.25,0.05,0.05,29,2762,TRUE,FALSE,2,2160
"MTCH2",-0.365,0.00318064021488851,0.0219003819006731,0.345,0.758,"HCC-1L_normalized","ROI 1","Rest","wilcox","Spatial",0.25,0.05,0.05,29,2762,TRUE,FALSE,2,2160
"PTRH2",-0.3646,0.00243900907570939,0.0183224793252632,0.069,0.378,"HCC-1L_normalized","ROI 1","Rest","wilcox","Spatial",0.25,0.05,0.05,29,2762,TRUE,FALSE,2,2160
"SEC16B",-0.3645,0.00446137778322641,0.0278264480806005,0.241,0.625,"HCC-1L_normalized","ROI 1","Rest","wilcox","Spatial",0.25,0.05,0.05,29,2762,TRUE,FALSE,2,2160
"TOB1",-0.3635,0.0095987506275798,0.0473947894532306,0.276,0.645,"HCC-1L_normalized","ROI 1","Rest","wilcox","Spatial",0.25,0.05,0.05,29,2762,TRUE,FALSE,2,2160
"GTF3A",-0.3635,0.00308174802494773,0.0214088655024346,0.276,0.679,"HCC-1L_normalized","ROI 1","Rest","wilcox","Spatial",0.25,0.05,0.05,29,2762,TRUE,FALSE,2,2160
"MTFR1L",-0.3618,0.00955998075785993,0.0472625217816542,0.207,0.566,"HCC-1L_normalized","ROI 1","Rest","wilcox","Spatial",0.25,0.05,0.05,29,2762,TRUE,FALSE,2,2160
"CCDC117",-0.3597,0.00338087051437446,0.0229618369912025,0.069,0.364,"HCC-1L_normalized","ROI 1","Rest","wilcox","Spatial",0.25,0.05,0.05,29,2762,TRUE,FALSE,2,2160
"APOA1",-0.3592,7.78859737709449e-05,0.00140355820168438,1,0.998,"HCC-1L_normalized","ROI 1","Rest","wilcox","Spatial",0.25,0.05,0.05,29,2762,TRUE,FALSE,2,2160
"NBPF11",-0.3579,0.00166878893774263,0.0141192764934635,0.034,0.328,"HCC-1L_normalized","ROI 1","Rest","wilcox","Spatial",0.25,0.05,0.05,29,2762,TRUE,FALSE,2,2160
"MASP2",-0.3575,0.00277728471500396,0.0199362563972781,0.828,0.955,"HCC-1L_normalized","ROI 1","Rest","wilcox","Spatial",0.25,0.05,0.05,29,2762,TRUE,FALSE,2,2160
"PSENEN",-0.3561,0.0101850625839986,0.0495799372112231,0.241,0.62,"HCC-1L_normalized","ROI 1","Rest","wilcox","Spatial",0.25,0.05,0.05,29,2762,TRUE,FALSE,2,2160
"BPHL",-0.3543,0.00435218703506044,0.0274397527162304,0.241,0.645,"HCC-1L_normalized","ROI 1","Rest","wilcox","Spatial",0.25,0.05,0.05,29,2762,TRUE,FALSE,2,2160
"SPG21",-0.3528,0.0024024060295877,0.0181542104734043,0.207,0.624,"HCC-1L_normalized","ROI 1","Rest","wilcox","Spatial",0.25,0.05,0.05,29,2762,TRUE,FALSE,2,2160
"EIF3J",-0.3518,0.00392122118836573,0.025490373265488,0.172,0.526,"HCC-1L_normalized","ROI 1","Rest","wilcox","Spatial",0.25,0.05,0.05,29,2762,TRUE,FALSE,2,2160
"DNAJC21",-0.3513,0.00806733561872964,0.0421083254011219,0.069,0.327,"HCC-1L_normalized","ROI 1","Rest","wilcox","Spatial",0.25,0.05,0.05,29,2762,TRUE,FALSE,2,2160
"ARHGEF12",-0.3501,0.0071882837295166,0.0388888494954478,0.241,0.638,"HCC-1L_normalized","ROI 1","Rest","wilcox","Spatial",0.25,0.05,0.05,29,2762,TRUE,FALSE,2,2160
"WDR45B",-0.3486,0.00936291871124761,0.0466186047725583,0.138,0.445,"HCC-1L_normalized","ROI 1","Rest","wilcox","Spatial",0.25,0.05,0.05,29,2762,TRUE,FALSE,2,2160
"EIF4EBP2",-0.3479,0.000924841045628339,0.00934753937773451,0.276,0.751,"HCC-1L_normalized","ROI 1","Rest","wilcox","Spatial",0.25,0.05,0.05,29,2762,TRUE,FALSE,2,2160
"MORF4L2",-0.3477,0.00972494503678657,0.0478295464074287,0.483,0.811,"HCC-1L_normalized","ROI 1","Rest","wilcox","Spatial",0.25,0.05,0.05,29,2762,TRUE,FALSE,2,2160
"STK19",-0.3452,0.00827627557624909,0.0427798907739554,0.034,0.263,"HCC-1L_normalized","ROI 1","Rest","wilcox","Spatial",0.25,0.05,0.05,29,2762,TRUE,FALSE,2,2160
"GCLM",-0.342,0.00181725600575382,0.0148589073095465,0.172,0.578,"HCC-1L_normalized","ROI 1","Rest","wilcox","Spatial",0.25,0.05,0.05,29,2762,TRUE,FALSE,2,2160
"CYP4V2",-0.3409,0.00771384288427559,0.0407125968869533,0.345,0.706,"HCC-1L_normalized","ROI 1","Rest","wilcox","Spatial",0.25,0.05,0.05,29,2762,TRUE,FALSE,2,2160
"DST",-0.3398,0.0044833377413127,0.0279003402996743,0.207,0.617,"HCC-1L_normalized","ROI 1","Rest","wilcox","Spatial",0.25,0.05,0.05,29,2762,TRUE,FALSE,2,2160
"RMDN3",-0.3362,0.00538117977349523,0.0317829726351022,0.172,0.526,"HCC-1L_normalized","ROI 1","Rest","wilcox","Spatial",0.25,0.05,0.05,29,2762,TRUE,FALSE,2,2160
"ALDH18A1",-0.336,0.00138248485630595,0.0123036449881786,0.069,0.4,"HCC-1L_normalized","ROI 1","Rest","wilcox","Spatial",0.25,0.05,0.05,29,2762,TRUE,FALSE,2,2160
"NCKAP1",-0.3345,0.00600584916844217,0.0343347022988478,0.207,0.598,"HCC-1L_normalized","ROI 1","Rest","wilcox","Spatial",0.25,0.05,0.05,29,2762,TRUE,FALSE,2,2160
"FECH",-0.3333,0.00840617692034779,0.0430847446637348,0.069,0.327,"HCC-1L_normalized","ROI 1","Rest","wilcox","Spatial",0.25,0.05,0.05,29,2762,TRUE,FALSE,2,2160
"ETFB",-0.3328,0.00536660855890075,0.0317506643173857,0.862,0.974,"HCC-1L_normalized","ROI 1","Rest","wilcox","Spatial",0.25,0.05,0.05,29,2762,TRUE,FALSE,2,2160
"GFOD2",-0.3325,0.00556584868790983,0.032571751916488,0.069,0.344,"HCC-1L_normalized","ROI 1","Rest","wilcox","Spatial",0.25,0.05,0.05,29,2762,TRUE,FALSE,2,2160
"CPEB4",-0.3315,0.00701243280613483,0.0381595594937954,0.103,0.396,"HCC-1L_normalized","ROI 1","Rest","wilcox","Spatial",0.25,0.05,0.05,29,2762,TRUE,FALSE,2,2160
"VTI1B",-0.331,0.00105270369570579,0.0101451168317281,0.138,0.516,"HCC-1L_normalized","ROI 1","Rest","wilcox","Spatial",0.25,0.05,0.05,29,2762,TRUE,FALSE,2,2160
"TRPM8",-0.3298,0.00978261852815973,0.0480041780478364,0.138,0.421,"HCC-1L_normalized","ROI 1","Rest","wilcox","Spatial",0.25,0.05,0.05,29,2762,TRUE,FALSE,2,2160
"NOP14",-0.3222,0.00197868672526662,0.015796289295683,0.034,0.321,"HCC-1L_normalized","ROI 1","Rest","wilcox","Spatial",0.25,0.05,0.05,29,2762,TRUE,FALSE,2,2160
"SECTM1",-0.3222,0.00100825778724085,0.0098429022589046,0.034,0.346,"HCC-1L_normalized","ROI 1","Rest","wilcox","Spatial",0.25,0.05,0.05,29,2762,TRUE,FALSE,2,2160
"TMEM53",-0.3219,0.00597490025643179,0.0342273158641571,0.138,0.457,"HCC-1L_normalized","ROI 1","Rest","wilcox","Spatial",0.25,0.05,0.05,29,2762,TRUE,FALSE,2,2160
"USP8",-0.3163,0.00621121711556172,0.0352148419997123,0.069,0.34,"HCC-1L_normalized","ROI 1","Rest","wilcox","Spatial",0.25,0.05,0.05,29,2762,TRUE,FALSE,2,2160
"DHCR24",-0.315,2.54841258854326e-07,1.08421488421519e-05,0.931,0.982,"HCC-1L_normalized","ROI 1","Rest","wilcox","Spatial",0.25,0.05,0.05,29,2762,TRUE,FALSE,2,2160
"WSB2",-0.3128,0.00151987482803105,0.0132779715777738,0.138,0.503,"HCC-1L_normalized","ROI 1","Rest","wilcox","Spatial",0.25,0.05,0.05,29,2762,TRUE,FALSE,2,2160
"POFUT2",-0.3102,0.00852415924717082,0.043469373371895,0.103,0.389,"HCC-1L_normalized","ROI 1","Rest","wilcox","Spatial",0.25,0.05,0.05,29,2762,TRUE,FALSE,2,2160
"C8G",0.3094,1.19393331062637e-05,0.000300377548774414,0.862,0.977,"HCC-1L_normalized","ROI 1","Rest","wilcox","Spatial",0.25,0.05,0.05,29,2762,TRUE,FALSE,2,2160
"CTSZ",-0.3082,0.00752801916074419,0.0399854358146052,0.276,0.677,"HCC-1L_normalized","ROI 1","Rest","wilcox","Spatial",0.25,0.05,0.05,29,2762,TRUE,FALSE,2,2160
"PLEKHA1",-0.3082,0.00475283229683292,0.0290390819224258,0.069,0.352,"HCC-1L_normalized","ROI 1","Rest","wilcox","Spatial",0.25,0.05,0.05,29,2762,TRUE,FALSE,2,2160
"TNFAIP1",-0.3077,0.010224273825371,0.0496178879484765,0.138,0.44,"HCC-1L_normalized","ROI 1","Rest","wilcox","Spatial",0.25,0.05,0.05,29,2762,TRUE,FALSE,2,2160
"MICU1",-0.3068,0.00552275557562594,0.0324361166411342,0.138,0.467,"HCC-1L_normalized","ROI 1","Rest","wilcox","Spatial",0.25,0.05,0.05,29,2762,TRUE,FALSE,2,2160
"PHRF1",-0.3057,0.0079001093499318,0.0414241204691314,0.138,0.439,"HCC-1L_normalized","ROI 1","Rest","wilcox","Spatial",0.25,0.05,0.05,29,2762,TRUE,FALSE,2,2160
"CACFD1",-0.3041,0.00948586456334542,0.047051686502357,0.207,0.556,"HCC-1L_normalized","ROI 1","Rest","wilcox","Spatial",0.25,0.05,0.05,29,2762,TRUE,FALSE,2,2160
"PSMG3",0.3021,0.00732789557869284,0.0393687924736431,0.103,0.399,"HCC-1L_normalized","ROI 1","Rest","wilcox","Spatial",0.25,0.05,0.05,29,2762,TRUE,FALSE,2,2160
"SIK2",-0.3017,0.00210694686192886,0.016456198400707,0.138,0.517,"HCC-1L_normalized","ROI 1","Rest","wilcox","Spatial",0.25,0.05,0.05,29,2762,TRUE,FALSE,2,2160
"PROX1",-0.3013,0.00432329876306636,0.0273234570375921,0.207,0.56,"HCC-1L_normalized","ROI 1","Rest","wilcox","Spatial",0.25,0.05,0.05,29,2762,TRUE,FALSE,2,2160
"TBC1D1",-0.2945,0.00679893253126319,0.0376167770246678,0.138,0.456,"HCC-1L_normalized","ROI 1","Rest","wilcox","Spatial",0.25,0.05,0.05,29,2762,TRUE,FALSE,2,2160
"HOOK1",-0.2942,0.0101546843886919,0.0494780851080306,0.138,0.441,"HCC-1L_normalized","ROI 1","Rest","wilcox","Spatial",0.25,0.05,0.05,29,2762,TRUE,FALSE,2,2160
"IFNAR1",-0.2925,0.000861153345268958,0.00895907645286771,0.172,0.591,"HCC-1L_normalized","ROI 1","Rest","wilcox","Spatial",0.25,0.05,0.05,29,2762,TRUE,FALSE,2,2160
"VPS53",-0.2919,0.00563565813001835,0.0328229259815092,0.069,0.344,"HCC-1L_normalized","ROI 1","Rest","wilcox","Spatial",0.25,0.05,0.05,29,2762,TRUE,FALSE,2,2160
"COBLL1",-0.2919,0.00747724584382691,0.0398092748132322,0.172,0.52,"HCC-1L_normalized","ROI 1","Rest","wilcox","Spatial",0.25,0.05,0.05,29,2762,TRUE,FALSE,2,2160
"COX5B",-0.2912,0.00278171098405696,0.0199543434949555,0.966,0.985,"HCC-1L_normalized","ROI 1","Rest","wilcox","Spatial",0.25,0.05,0.05,29,2762,TRUE,FALSE,2,2160
"GPC6",-0.2911,0.00476077487121463,0.0290532185435174,0.172,0.543,"HCC-1L_normalized","ROI 1","Rest","wilcox","Spatial",0.25,0.05,0.05,29,2762,TRUE,FALSE,2,2160
"TMEM222",-0.2909,0.000844668229142792,0.00885526558148521,0.207,0.622,"HCC-1L_normalized","ROI 1","Rest","wilcox","Spatial",0.25,0.05,0.05,29,2762,TRUE,FALSE,2,2160
"PPIA",-0.2904,0.00697150078587508,0.0380342505838281,0.931,0.983,"HCC-1L_normalized","ROI 1","Rest","wilcox","Spatial",0.25,0.05,0.05,29,2762,TRUE,FALSE,2,2160
"CPSF7",-0.2859,0.0101442292753733,0.0494501646930866,0.138,0.445,"HCC-1L_normalized","ROI 1","Rest","wilcox","Spatial",0.25,0.05,0.05,29,2762,TRUE,FALSE,2,2160
"CSE1L",-0.2852,0.00196187156172245,0.0157340595900285,0.172,0.554,"HCC-1L_normalized","ROI 1","Rest","wilcox","Spatial",0.25,0.05,0.05,29,2762,TRUE,FALSE,2,2160
"ZMPSTE24",-0.2838,0.00941718633137927,0.0468665107675775,0.172,0.51,"HCC-1L_normalized","ROI 1","Rest","wilcox","Spatial",0.25,0.05,0.05,29,2762,TRUE,FALSE,2,2160
"SRM",-0.2833,0.00204687663473845,0.016119346018941,0.172,0.581,"HCC-1L_normalized","ROI 1","Rest","wilcox","Spatial",0.25,0.05,0.05,29,2762,TRUE,FALSE,2,2160
"LMAN2L",-0.2822,0.0040310873185612,0.0259786698744221,0.069,0.356,"HCC-1L_normalized","ROI 1","Rest","wilcox","Spatial",0.25,0.05,0.05,29,2762,TRUE,FALSE,2,2160
"HCCS",-0.2803,0.00735793422715228,0.0394913536519876,0.034,0.268,"HCC-1L_normalized","ROI 1","Rest","wilcox","Spatial",0.25,0.05,0.05,29,2762,TRUE,FALSE,2,2160
"UQCC2",-0.2782,0.00688824676225838,0.037862149244617,0.31,0.753,"HCC-1L_normalized","ROI 1","Rest","wilcox","Spatial",0.25,0.05,0.05,29,2762,TRUE,FALSE,2,2160
"USP3",-0.2759,0.00833355730473885,0.0428963132648027,0.103,0.392,"HCC-1L_normalized","ROI 1","Rest","wilcox","Spatial",0.25,0.05,0.05,29,2762,TRUE,FALSE,2,2160
"AK6",-0.2758,0.00286340788498599,0.0203589856822441,0.103,0.432,"HCC-1L_normalized","ROI 1","Rest","wilcox","Spatial",0.25,0.05,0.05,29,2762,TRUE,FALSE,2,2160
"NAA30",-0.2733,0.0090729930044778,0.0454331807890478,0.069,0.323,"HCC-1L_normalized","ROI 1","Rest","wilcox","Spatial",0.25,0.05,0.05,29,2762,TRUE,FALSE,2,2160
"IL17RC",-0.2716,0.00411714974466674,0.0263560813931044,0.172,0.537,"HCC-1L_normalized","ROI 1","Rest","wilcox","Spatial",0.25,0.05,0.05,29,2762,TRUE,FALSE,2,2160
"DUSP6",-0.2689,0.00719365685297028,0.0388888494954478,0.172,0.51,"HCC-1L_normalized","ROI 1","Rest","wilcox","Spatial",0.25,0.05,0.05,29,2762,TRUE,FALSE,2,2160
"BCL2L13",-0.2597,0.00641478664052128,0.0361730371657843,0.103,0.399,"HCC-1L_normalized","ROI 1","Rest","wilcox","Spatial",0.25,0.05,0.05,29,2762,TRUE,FALSE,2,2160
"HRG",-0.2593,0.00068631325463973,0.00767409671267032,0.966,0.984,"HCC-1L_normalized","ROI 1","Rest","wilcox","Spatial",0.25,0.05,0.05,29,2762,TRUE,FALSE,2,2160
"ENAH",0.2591,0.00824968496664065,0.0427008916225821,0.103,0.392,"HCC-1L_normalized","ROI 1","Rest","wilcox","Spatial",0.25,0.05,0.05,29,2762,TRUE,FALSE,2,2160
"DSP",-0.2584,0.00600662665538605,0.0343347022988478,0.241,0.621,"HCC-1L_normalized","ROI 1","Rest","wilcox","Spatial",0.25,0.05,0.05,29,2762,TRUE,FALSE,2,2160
"GLYCTK",-0.2576,0.00504590567938033,0.0303333996785724,0.379,0.833,"HCC-1L_normalized","ROI 1","Rest","wilcox","Spatial",0.25,0.05,0.05,29,2762,TRUE,FALSE,2,2160
"EIF4EBP1",-0.2562,0.00119088905834358,0.01106384231357,0.138,0.541,"HCC-1L_normalized","ROI 1","Rest","wilcox","Spatial",0.25,0.05,0.05,29,2762,TRUE,FALSE,2,2160
"ATP2A2",-0.2554,0.00645343296180582,0.036332237427789,0.31,0.71,"HCC-1L_normalized","ROI 1","Rest","wilcox","Spatial",0.25,0.05,0.05,29,2762,TRUE,FALSE,2,2160
"MON2",-0.2548,0.00961488017480927,0.0473947894532306,0.103,0.382,"HCC-1L_normalized","ROI 1","Rest","wilcox","Spatial",0.25,0.05,0.05,29,2762,TRUE,FALSE,2,2160
"SF3A3",-0.2543,0.0096812178016077,0.0476592782274817,0.138,0.439,"HCC-1L_normalized","ROI 1","Rest","wilcox","Spatial",0.25,0.05,0.05,29,2762,TRUE,FALSE,2,2160
"GOT2",-0.2529,0.00699433759301207,0.0381065784739533,0.345,0.779,"HCC-1L_normalized","ROI 1","Rest","wilcox","Spatial",0.25,0.05,0.05,29,2762,TRUE,FALSE,2,2160
"C1S",-0.2529,1.54774991410744e-08,9.4178782564235e-07,0.966,0.989,"HCC-1L_normalized","ROI 1","Rest","wilcox","Spatial",0.25,0.05,0.05,29,2762,TRUE,FALSE,2,2160
"SARDH",-0.2524,0.00486385544812273,0.0295037316958514,0.276,0.652,"HCC-1L_normalized","ROI 1","Rest","wilcox","Spatial",0.25,0.05,0.05,29,2762,TRUE,FALSE,2,2160
"VBP1",-0.2518,0.00320412022798678,0.0220277399727125,0.069,0.368,"HCC-1L_normalized","ROI 1","Rest","wilcox","Spatial",0.25,0.05,0.05,29,2762,TRUE,FALSE,2,2160
"ZHX1",0.2505,0.00209594842095834,0.016400766819689,0.069,0.385,"HCC-1L_normalized","ROI 1","Rest","wilcox","Spatial",0.25,0.05,0.05,29,2762,TRUE,FALSE,2,2160
